dataset,seed,query_index,region,class,ref_count,ref_success,precision,coverage,evaluable
iris,0,4,class_region,0,10,10,1.0,0.4,1.0
iris,0,38,class_region,0,10,10,1.0,0.4,1.0
iris,0,66,class_region,1,15,15,1.0,0.6,1.0
iris,0,76,class_region,1,15,15,1.0,0.6,1.0
iris,0,80,class_region,1,15,15,1.0,0.6,1.0
iris,1,31,class_region,0,13,13,1.0,0.52,1.0
iris,1,34,class_region,0,13,13,1.0,0.52,1.0
iris,1,37,class_region,0,13,13,1.0,0.52,1.0
iris,1,79,class_region,1,12,12,1.0,0.48,1.0
iris,1,92,class_region,1,12,12,1.0,0.48,1.0
iris,2,4,class_region,0,13,13,1.0,0.52,1.0
iris,2,25,class_region,0,13,13,1.0,0.52,1.0
iris,2,26,class_region,0,13,13,1.0,0.52,1.0
iris,2,54,class_region,1,12,12,1.0,0.48,1.0
iris,2,67,class_region,1,12,12,1.0,0.48,1.0
iris,3,26,class_region,1,13,13,1.0,0.52,1.0
iris,3,36,class_region,0,12,12,1.0,0.48,1.0
iris,3,54,class_region,1,13,13,1.0,0.52,1.0
iris,3,64,class_region,1,13,13,1.0,0.52,1.0
iris,3,71,class_region,1,13,13,1.0,0.52,1.0
iris,4,0,class_region,0,11,11,1.0,0.44,1.0
iris,4,33,class_region,1,14,14,1.0,0.56,1.0
iris,4,40,class_region,0,11,11,1.0,0.44,1.0
iris,4,55,class_region,1,14,14,1.0,0.56,1.0
iris,4,56,class_region,1,14,14,1.0,0.56,1.0
wine,0,2,class_region,0,17,17,1.0,0.5151515151515151,1.0
wine,0,46,class_region,0,17,17,1.0,0.5151515151515151,1.0
wine,0,49,class_region,0,17,17,1.0,0.5151515151515151,1.0
wine,0,64,class_region,1,16,16,1.0,0.48484848484848486,1.0
wine,0,84,class_region,1,16,16,1.0,0.48484848484848486,1.0
wine,0,121,class_region,1,16,16,1.0,0.48484848484848486,1.0
wine,0,126,class_region,1,16,16,1.0,0.48484848484848486,1.0
wine,1,9,class_region,0,18,18,1.0,0.5454545454545454,1.0
wine,1,24,class_region,0,18,18,1.0,0.5454545454545454,1.0
wine,1,54,class_region,0,18,18,1.0,0.5454545454545454,1.0
wine,1,73,class_region,1,15,15,1.0,0.45454545454545453,1.0
wine,1,89,class_region,1,15,15,1.0,0.45454545454545453,1.0
wine,1,92,class_region,1,15,15,1.0,0.45454545454545453,1.0
wine,1,102,class_region,1,15,15,1.0,0.45454545454545453,1.0
wine,2,8,class_region,0,16,16,1.0,0.48484848484848486,1.0
wine,2,44,class_region,0,16,16,1.0,0.48484848484848486,1.0
wine,2,47,class_region,0,16,16,1.0,0.48484848484848486,1.0
wine,2,77,class_region,1,17,17,1.0,0.5151515151515151,1.0
wine,2,100,class_region,1,17,17,1.0,0.5151515151515151,1.0
wine,2,120,class_region,1,17,17,1.0,0.5151515151515151,1.0
wine,2,127,class_region,1,17,17,1.0,0.5151515151515151,1.0
wine,3,17,class_region,0,16,16,1.0,0.48484848484848486,1.0
wine,3,25,class_region,1,17,17,1.0,0.5151515151515151,1.0
wine,3,42,class_region,0,16,16,1.0,0.48484848484848486,1.0
wine,3,77,class_region,1,17,17,1.0,0.5151515151515151,1.0
wine,3,81,class_region,0,16,16,1.0,0.48484848484848486,1.0
wine,3,97,class_region,1,17,17,1.0,0.5151515151515151,1.0
wine,3,118,class_region,1,17,17,1.0,0.5151515151515151,1.0
wine,4,6,class_region,0,17,17,1.0,0.5151515151515151,1.0
wine,4,20,class_region,0,17,17,1.0,0.5151515151515151,1.0
wine,4,57,class_region,0,17,17,1.0,0.5151515151515151,1.0
wine,4,61,class_region,1,16,16,1.0,0.48484848484848486,1.0
wine,4,62,class_region,1,16,16,1.0,0.48484848484848486,1.0
wine,4,72,class_region,1,16,16,1.0,0.48484848484848486,1.0
wine,4,78,class_region,1,16,16,1.0,0.48484848484848486,1.0
breast_cancer,0,8,class_region,0,52,52,1.0,0.36619718309859156,1.0
breast_cancer,0,39,class_region,0,52,52,1.0,0.36619718309859156,1.0
breast_cancer,0,46,class_region,1,90,90,1.0,0.6338028169014085,1.0
breast_cancer,0,68,class_region,1,90,90,1.0,0.6338028169014085,1.0
breast_cancer,0,100,class_region,0,52,52,1.0,0.36619718309859156,1.0
breast_cancer,0,105,class_region,0,52,52,1.0,0.36619718309859156,1.0
breast_cancer,0,116,class_region,1,90,90,1.0,0.6338028169014085,1.0
breast_cancer,0,151,class_region,1,90,90,1.0,0.6338028169014085,1.0
breast_cancer,0,161,class_region,0,52,52,1.0,0.36619718309859156,1.0
breast_cancer,0,170,class_region,1,90,90,1.0,0.6338028169014085,1.0
breast_cancer,0,217,class_region,1,90,90,1.0,0.6338028169014085,1.0
breast_cancer,0,251,class_region,1,90,90,1.0,0.6338028169014085,1.0
breast_cancer,0,254,class_region,0,52,52,1.0,0.36619718309859156,1.0
breast_cancer,0,267,class_region,1,90,90,1.0,0.6338028169014085,1.0
breast_cancer,0,280,class_region,0,52,52,1.0,0.36619718309859156,1.0
breast_cancer,0,318,class_region,1,90,90,1.0,0.6338028169014085,1.0
breast_cancer,0,347,class_region,1,90,90,1.0,0.6338028169014085,1.0
breast_cancer,0,483,class_region,1,90,90,1.0,0.6338028169014085,1.0
breast_cancer,0,492,class_region,0,52,52,1.0,0.36619718309859156,1.0
breast_cancer,0,558,class_region,1,90,90,1.0,0.6338028169014085,1.0
breast_cancer,1,24,class_region,0,52,52,1.0,0.36619718309859156,1.0
breast_cancer,1,35,class_region,0,52,52,1.0,0.36619718309859156,1.0
breast_cancer,1,141,class_region,0,52,52,1.0,0.36619718309859156,1.0
breast_cancer,1,145,class_region,1,90,90,1.0,0.6338028169014085,1.0
breast_cancer,1,164,class_region,0,52,52,1.0,0.36619718309859156,1.0
breast_cancer,1,179,class_region,1,90,90,1.0,0.6338028169014085,1.0
breast_cancer,1,186,class_region,0,52,52,1.0,0.36619718309859156,1.0
breast_cancer,1,216,class_region,1,90,90,1.0,0.6338028169014085,1.0
breast_cancer,1,220,class_region,1,90,90,1.0,0.6338028169014085,1.0
breast_cancer,1,264,class_region,0,52,52,1.0,0.36619718309859156,1.0
breast_cancer,1,274,class_region,0,52,52,1.0,0.36619718309859156,1.0
breast_cancer,1,301,class_region,1,90,90,1.0,0.6338028169014085,1.0
breast_cancer,1,312,class_region,1,90,90,1.0,0.6338028169014085,1.0
breast_cancer,1,334,class_region,1,90,90,1.0,0.6338028169014085,1.0
breast_cancer,1,378,class_region,1,90,90,1.0,0.6338028169014085,1.0
breast_cancer,1,395,class_region,1,90,90,1.0,0.6338028169014085,1.0
breast_cancer,1,458,class_region,1,90,90,1.0,0.6338028169014085,1.0
breast_cancer,1,535,class_region,0,52,52,1.0,0.36619718309859156,1.0
breast_cancer,1,540,class_region,1,90,90,1.0,0.6338028169014085,1.0
breast_cancer,1,550,class_region,1,90,90,1.0,0.6338028169014085,1.0
breast_cancer,2,25,class_region,0,49,49,1.0,0.34507042253521125,1.0
breast_cancer,2,74,class_region,1,93,93,1.0,0.6549295774647887,1.0
breast_cancer,2,124,class_region,1,93,93,1.0,0.6549295774647887,1.0
breast_cancer,2,141,class_region,0,49,49,1.0,0.34507042253521125,1.0
breast_cancer,2,153,class_region,1,93,93,1.0,0.6549295774647887,1.0
breast_cancer,2,175,class_region,1,93,93,1.0,0.6549295774647887,1.0
breast_cancer,2,237,class_region,0,49,49,1.0,0.34507042253521125,1.0
breast_cancer,2,283,class_region,0,49,49,1.0,0.34507042253521125,1.0
breast_cancer,2,288,class_region,1,93,93,1.0,0.6549295774647887,1.0
breast_cancer,2,317,class_region,0,49,49,1.0,0.34507042253521125,1.0
breast_cancer,2,398,class_region,1,93,93,1.0,0.6549295774647887,1.0
breast_cancer,2,415,class_region,1,93,93,1.0,0.6549295774647887,1.0
breast_cancer,2,435,class_region,0,49,49,1.0,0.34507042253521125,1.0
breast_cancer,2,459,class_region,1,93,93,1.0,0.6549295774647887,1.0
breast_cancer,2,468,class_region,0,49,49,1.0,0.34507042253521125,1.0
breast_cancer,2,500,class_region,1,93,93,1.0,0.6549295774647887,1.0
breast_cancer,2,502,class_region,1,93,93,1.0,0.6549295774647887,1.0
breast_cancer,2,504,class_region,1,93,93,1.0,0.6549295774647887,1.0
breast_cancer,2,546,class_region,1,93,93,1.0,0.6549295774647887,1.0
breast_cancer,2,564,class_region,0,49,49,1.0,0.34507042253521125,1.0
breast_cancer,3,125,class_region,1,92,92,1.0,0.647887323943662,1.0
breast_cancer,3,133,class_region,1,92,92,1.0,0.647887323943662,1.0
breast_cancer,3,171,class_region,0,50,50,1.0,0.352112676056338,1.0
breast_cancer,3,181,class_region,0,50,50,1.0,0.352112676056338,1.0
breast_cancer,3,185,class_region,1,92,92,1.0,0.647887323943662,1.0
breast_cancer,3,186,class_region,0,50,50,1.0,0.352112676056338,1.0
breast_cancer,3,210,class_region,0,50,50,1.0,0.352112676056338,1.0
breast_cancer,3,331,class_region,1,92,92,1.0,0.647887323943662,1.0
breast_cancer,3,342,class_region,1,92,92,1.0,0.647887323943662,1.0
breast_cancer,3,392,class_region,0,50,50,1.0,0.352112676056338,1.0
breast_cancer,3,444,class_region,0,50,50,1.0,0.352112676056338,1.0
breast_cancer,3,466,class_region,1,92,92,1.0,0.647887323943662,1.0
breast_cancer,3,467,class_region,1,92,92,1.0,0.647887323943662,1.0
breast_cancer,3,504,class_region,1,92,92,1.0,0.647887323943662,1.0
breast_cancer,3,508,class_region,1,92,92,1.0,0.647887323943662,1.0
breast_cancer,3,513,class_region,1,92,92,1.0,0.647887323943662,1.0
breast_cancer,3,529,class_region,1,92,92,1.0,0.647887323943662,1.0
breast_cancer,3,553,class_region,1,92,92,1.0,0.647887323943662,1.0
breast_cancer,3,563,class_region,0,50,50,1.0,0.352112676056338,1.0
breast_cancer,3,566,class_region,0,50,50,1.0,0.352112676056338,1.0
breast_cancer,4,26,class_region,0,51,51,1.0,0.3591549295774648,1.0
breast_cancer,4,88,class_region,1,91,91,1.0,0.6408450704225352,1.0
breast_cancer,4,98,class_region,1,91,91,1.0,0.6408450704225352,1.0
breast_cancer,4,100,class_region,0,51,51,1.0,0.3591549295774648,1.0
breast_cancer,4,117,class_region,0,51,51,1.0,0.3591549295774648,1.0
breast_cancer,4,142,class_region,1,91,91,1.0,0.6408450704225352,1.0
breast_cancer,4,200,class_region,1,91,91,1.0,0.6408450704225352,1.0
breast_cancer,4,204,class_region,1,91,91,1.0,0.6408450704225352,1.0
breast_cancer,4,215,class_region,1,91,91,1.0,0.6408450704225352,1.0
breast_cancer,4,265,class_region,0,51,51,1.0,0.3591549295774648,1.0
breast_cancer,4,266,class_region,1,91,91,1.0,0.6408450704225352,1.0
breast_cancer,4,287,class_region,1,91,91,1.0,0.6408450704225352,1.0
breast_cancer,4,327,class_region,1,91,91,1.0,0.6408450704225352,1.0
breast_cancer,4,366,class_region,0,51,51,1.0,0.3591549295774648,1.0
breast_cancer,4,382,class_region,1,91,91,1.0,0.6408450704225352,1.0
breast_cancer,4,409,class_region,1,91,91,1.0,0.6408450704225352,1.0
breast_cancer,4,469,class_region,1,91,91,1.0,0.6408450704225352,1.0
breast_cancer,4,476,class_region,1,91,91,1.0,0.6408450704225352,1.0
breast_cancer,4,503,class_region,0,51,51,1.0,0.3591549295774648,1.0
breast_cancer,4,562,class_region,0,51,51,1.0,0.3591549295774648,1.0
digits-35,0,1,class_region,1,50,50,1.0,0.5494505494505495,1.0
digits-35,0,14,class_region,1,50,50,1.0,0.5494505494505495,1.0
digits-35,0,105,class_region,1,50,50,1.0,0.5494505494505495,1.0
digits-35,0,134,class_region,0,41,41,1.0,0.45054945054945056,1.0
digits-35,0,136,class_region,0,41,41,1.0,0.45054945054945056,1.0
digits-35,0,145,class_region,1,50,50,1.0,0.5494505494505495,1.0
digits-35,0,166,class_region,1,50,50,1.0,0.5494505494505495,1.0
digits-35,0,189,class_region,0,41,41,1.0,0.45054945054945056,1.0
digits-35,0,206,class_region,0,41,41,1.0,0.45054945054945056,1.0
digits-35,0,216,class_region,0,41,41,1.0,0.45054945054945056,1.0
digits-35,0,217,class_region,0,41,41,1.0,0.45054945054945056,1.0
digits-35,0,221,class_region,1,50,50,1.0,0.5494505494505495,1.0
digits-35,0,223,class_region,1,50,50,1.0,0.5494505494505495,1.0
digits-35,0,237,class_region,1,50,50,1.0,0.5494505494505495,1.0
digits-35,0,241,class_region,0,41,41,1.0,0.45054945054945056,1.0
digits-35,0,321,class_region,0,41,41,1.0,0.45054945054945056,1.0
digits-35,0,341,class_region,1,50,50,1.0,0.5494505494505495,1.0
digits-35,0,343,class_region,1,50,50,1.0,0.5494505494505495,1.0
digits-35,0,356,class_region,1,50,50,1.0,0.5494505494505495,1.0
digits-35,1,45,class_region,1,43,43,1.0,0.4725274725274725,1.0
digits-35,1,50,class_region,0,48,48,1.0,0.5274725274725275,1.0
digits-35,1,66,class_region,1,43,43,1.0,0.4725274725274725,1.0
digits-35,1,94,class_region,0,48,48,1.0,0.5274725274725275,1.0
digits-35,1,107,class_region,1,43,43,1.0,0.4725274725274725,1.0
digits-35,1,159,class_region,1,43,43,1.0,0.4725274725274725,1.0
digits-35,1,160,class_region,0,48,48,1.0,0.5274725274725275,1.0
digits-35,1,163,class_region,0,48,48,1.0,0.5274725274725275,1.0
digits-35,1,228,class_region,1,43,43,1.0,0.4725274725274725,1.0
digits-35,1,242,class_region,0,48,48,1.0,0.5274725274725275,1.0
digits-35,1,244,class_region,1,43,43,1.0,0.4725274725274725,1.0
digits-35,1,256,class_region,0,48,48,1.0,0.5274725274725275,1.0
digits-35,1,266,class_region,0,48,48,1.0,0.5274725274725275,1.0
digits-35,1,272,class_region,1,43,43,1.0,0.4725274725274725,1.0
digits-35,1,277,class_region,0,48,48,1.0,0.5274725274725275,1.0
digits-35,1,283,class_region,1,43,43,1.0,0.4725274725274725,1.0
digits-35,1,296,class_region,1,43,43,1.0,0.4725274725274725,1.0
digits-35,1,340,class_region,0,48,48,1.0,0.5274725274725275,1.0
digits-35,1,349,class_region,0,48,48,1.0,0.5274725274725275,1.0
digits-35,2,3,class_region,0,43,43,1.0,0.4725274725274725,1.0
digits-35,2,27,class_region,0,43,43,1.0,0.4725274725274725,1.0
digits-35,2,28,class_region,1,48,48,1.0,0.5274725274725275,1.0
digits-35,2,37,class_region,1,48,48,1.0,0.5274725274725275,1.0
digits-35,2,69,class_region,1,48,48,1.0,0.5274725274725275,1.0
digits-35,2,92,class_region,1,48,48,1.0,0.5274725274725275,1.0
digits-35,2,99,class_region,1,48,48,1.0,0.5274725274725275,1.0
digits-35,2,128,class_region,0,43,43,1.0,0.4725274725274725,1.0
digits-35,2,141,class_region,0,43,43,1.0,0.4725274725274725,1.0
digits-35,2,146,class_region,0,43,43,1.0,0.4725274725274725,1.0
digits-35,2,151,class_region,1,48,48,1.0,0.5274725274725275,1.0
digits-35,2,192,class_region,1,48,48,1.0,0.5274725274725275,1.0
digits-35,2,195,class_region,1,48,48,1.0,0.5274725274725275,1.0
digits-35,2,224,class_region,0,43,43,1.0,0.4725274725274725,1.0
digits-35,2,248,class_region,1,48,48,1.0,0.5274725274725275,1.0
digits-35,2,251,class_region,0,43,43,1.0,0.4725274725274725,1.0
digits-35,2,271,class_region,0,43,43,1.0,0.4725274725274725,1.0
digits-35,2,315,class_region,1,48,48,1.0,0.5274725274725275,1.0
digits-35,2,316,class_region,0,43,43,1.0,0.4725274725274725,1.0
digits-35,3,30,class_region,1,44,44,1.0,0.4835164835164835,1.0
digits-35,3,65,class_region,1,44,44,1.0,0.4835164835164835,1.0
digits-35,3,86,class_region,0,47,47,1.0,0.5164835164835165,1.0
digits-35,3,103,class_region,0,47,47,1.0,0.5164835164835165,1.0
digits-35,3,104,class_region,0,47,47,1.0,0.5164835164835165,1.0
digits-35,3,106,class_region,0,47,47,1.0,0.5164835164835165,1.0
digits-35,3,174,class_region,1,44,44,1.0,0.4835164835164835,1.0
digits-35,3,190,class_region,0,47,47,1.0,0.5164835164835165,1.0
digits-35,3,194,class_region,1,44,44,1.0,0.4835164835164835,1.0
digits-35,3,205,class_region,1,44,44,1.0,0.4835164835164835,1.0
digits-35,3,211,class_region,1,44,44,1.0,0.4835164835164835,1.0
digits-35,3,216,class_region,0,47,47,1.0,0.5164835164835165,1.0
digits-35,3,232,class_region,0,47,47,1.0,0.5164835164835165,1.0
digits-35,3,282,class_region,0,47,47,1.0,0.5164835164835165,1.0
digits-35,3,297,class_region,0,47,47,1.0,0.5164835164835165,1.0
digits-35,3,305,class_region,1,44,44,1.0,0.4835164835164835,1.0
digits-35,3,309,class_region,1,44,44,1.0,0.4835164835164835,1.0
digits-35,3,321,class_region,0,47,47,1.0,0.5164835164835165,1.0
digits-35,3,358,class_region,1,44,44,1.0,0.4835164835164835,1.0
digits-35,4,75,class_region,0,47,47,1.0,0.5164835164835165,1.0
digits-35,4,78,class_region,1,44,44,1.0,0.4835164835164835,1.0
digits-35,4,84,class_region,0,47,47,1.0,0.5164835164835165,1.0
digits-35,4,106,class_region,0,47,47,1.0,0.5164835164835165,1.0
digits-35,4,125,class_region,1,44,44,1.0,0.4835164835164835,1.0
digits-35,4,131,class_region,1,44,44,1.0,0.4835164835164835,1.0
digits-35,4,133,class_region,1,44,44,1.0,0.4835164835164835,1.0
digits-35,4,154,class_region,0,47,47,1.0,0.5164835164835165,1.0
digits-35,4,156,class_region,0,47,47,1.0,0.5164835164835165,1.0
digits-35,4,177,class_region,1,44,44,1.0,0.4835164835164835,1.0
digits-35,4,184,class_region,0,47,47,1.0,0.5164835164835165,1.0
digits-35,4,190,class_region,0,47,47,1.0,0.5164835164835165,1.0
digits-35,4,208,class_region,0,47,47,1.0,0.5164835164835165,1.0
digits-35,4,236,class_region,0,47,47,1.0,0.5164835164835165,1.0
digits-35,4,243,class_region,0,47,47,1.0,0.5164835164835165,1.0
digits-35,4,257,class_region,1,44,44,1.0,0.4835164835164835,1.0
digits-35,4,339,class_region,1,44,44,1.0,0.4835164835164835,1.0
digits-35,4,351,class_region,1,44,44,1.0,0.4835164835164835,1.0
digits-35,4,357,class_region,1,44,44,1.0,0.4835164835164835,1.0
synthetic_d8,0,23,class_region,1,60,60,1.0,0.48,1.0
synthetic_d8,0,28,class_region,1,60,60,1.0,0.48,1.0
synthetic_d8,0,39,class_region,1,60,60,1.0,0.48,1.0
synthetic_d8,0,41,class_region,0,65,65,1.0,0.52,1.0
synthetic_d8,0,54,class_region,0,65,65,1.0,0.52,1.0
synthetic_d8,0,72,class_region,0,65,65,1.0,0.52,1.0
synthetic_d8,0,94,class_region,0,65,65,1.0,0.52,1.0
synthetic_d8,0,102,class_region,0,65,65,1.0,0.52,1.0
synthetic_d8,0,103,class_region,0,65,65,1.0,0.52,1.0
synthetic_d8,0,106,class_region,1,60,60,1.0,0.48,1.0
synthetic_d8,0,114,class_region,1,60,60,1.0,0.48,1.0
synthetic_d8,0,199,class_region,1,60,60,1.0,0.48,1.0
synthetic_d8,0,200,class_region,1,60,60,1.0,0.48,1.0
synthetic_d8,0,312,class_region,1,60,60,1.0,0.48,1.0
synthetic_d8,0,339,class_region,0,65,65,1.0,0.52,1.0
synthetic_d8,0,348,class_region,1,60,60,1.0,0.48,1.0
synthetic_d8,0,378,class_region,0,65,65,1.0,0.52,1.0
synthetic_d8,0,421,class_region,0,65,65,1.0,0.52,1.0
synthetic_d8,0,425,class_region,1,60,60,1.0,0.48,1.0
synthetic_d8,0,471,class_region,0,65,65,1.0,0.52,1.0
synthetic_d8,1,16,class_region,1,60,60,1.0,0.48,1.0
synthetic_d8,1,24,class_region,0,65,65,1.0,0.52,1.0
synthetic_d8,1,60,class_region,1,60,60,1.0,0.48,1.0
synthetic_d8,1,87,class_region,1,60,60,1.0,0.48,1.0
synthetic_d8,1,90,class_region,0,65,65,1.0,0.52,1.0
synthetic_d8,1,95,class_region,0,65,65,1.0,0.52,1.0
synthetic_d8,1,96,class_region,0,65,65,1.0,0.52,1.0
synthetic_d8,1,124,class_region,1,60,60,1.0,0.48,1.0
synthetic_d8,1,200,class_region,1,60,60,1.0,0.48,1.0
synthetic_d8,1,251,class_region,0,65,65,1.0,0.52,1.0
synthetic_d8,1,268,class_region,1,60,60,1.0,0.48,1.0
synthetic_d8,1,303,class_region,0,65,65,1.0,0.52,1.0
synthetic_d8,1,324,class_region,0,65,65,1.0,0.52,1.0
synthetic_d8,1,382,class_region,1,60,60,1.0,0.48,1.0
synthetic_d8,1,389,class_region,0,65,65,1.0,0.52,1.0
synthetic_d8,1,401,class_region,0,65,65,1.0,0.52,1.0
synthetic_d8,1,454,class_region,0,65,65,1.0,0.52,1.0
synthetic_d8,1,458,class_region,1,60,60,1.0,0.48,1.0
synthetic_d8,1,479,class_region,0,65,65,1.0,0.52,1.0
synthetic_d8,1,498,class_region,1,60,60,1.0,0.48,1.0
synthetic_d8,2,0,class_region,0,62,62,1.0,0.496,1.0
synthetic_d8,2,16,class_region,1,63,63,1.0,0.504,1.0
synthetic_d8,2,39,class_region,1,63,63,1.0,0.504,1.0
synthetic_d8,2,40,class_region,1,63,63,1.0,0.504,1.0
synthetic_d8,2,83,class_region,1,63,63,1.0,0.504,1.0
synthetic_d8,2,95,class_region,0,62,62,1.0,0.496,1.0
synthetic_d8,2,128,class_region,1,63,63,1.0,0.504,1.0
synthetic_d8,2,151,class_region,1,63,63,1.0,0.504,1.0
synthetic_d8,2,163,class_region,1,63,63,1.0,0.504,1.0
synthetic_d8,2,173,class_region,0,62,62,1.0,0.496,1.0
synthetic_d8,2,224,class_region,0,62,62,1.0,0.496,1.0
synthetic_d8,2,312,class_region,1,63,63,1.0,0.504,1.0
synthetic_d8,2,363,class_region,1,63,63,1.0,0.504,1.0
synthetic_d8,2,381,class_region,1,63,63,1.0,0.504,1.0
synthetic_d8,2,407,class_region,0,62,62,1.0,0.496,1.0
synthetic_d8,2,433,class_region,0,62,62,1.0,0.496,1.0
synthetic_d8,2,440,class_region,0,62,62,1.0,0.496,1.0
synthetic_d8,2,445,class_region,0,62,62,1.0,0.496,1.0
synthetic_d8,2,454,class_region,0,62,62,1.0,0.496,1.0
synthetic_d8,2,489,class_region,0,62,62,1.0,0.496,1.0
synthetic_d8,3,0,class_region,0,60,60,1.0,0.48,1.0
synthetic_d8,3,45,class_region,1,65,65,1.0,0.52,1.0
synthetic_d8,3,67,class_region,0,60,60,1.0,0.48,1.0
synthetic_d8,3,97,class_region,1,65,65,1.0,0.52,1.0
synthetic_d8,3,128,class_region,1,65,65,1.0,0.52,1.0
synthetic_d8,3,131,class_region,1,65,65,1.0,0.52,1.0
synthetic_d8,3,140,class_region,0,60,60,1.0,0.48,1.0
synthetic_d8,3,191,class_region,1,65,65,1.0,0.52,1.0
synthetic_d8,3,218,class_region,1,65,65,1.0,0.52,1.0
synthetic_d8,3,232,class_region,1,65,65,1.0,0.52,1.0
synthetic_d8,3,276,class_region,1,65,65,1.0,0.52,1.0
synthetic_d8,3,278,class_region,0,60,60,1.0,0.48,1.0
synthetic_d8,3,294,class_region,0,60,60,1.0,0.48,1.0
synthetic_d8,3,314,class_region,0,60,60,1.0,0.48,1.0
synthetic_d8,3,354,class_region,1,65,65,1.0,0.52,1.0
synthetic_d8,3,359,class_region,0,60,60,1.0,0.48,1.0
synthetic_d8,3,381,class_region,0,60,60,1.0,0.48,1.0
synthetic_d8,3,394,class_region,1,65,65,1.0,0.52,1.0
synthetic_d8,3,399,class_region,1,65,65,1.0,0.52,1.0
synthetic_d8,3,400,class_region,1,65,65,1.0,0.52,1.0
synthetic_d8,4,24,class_region,0,69,69,1.0,0.552,1.0
synthetic_d8,4,35,class_region,0,69,69,1.0,0.552,1.0
synthetic_d8,4,43,class_region,0,69,69,1.0,0.552,1.0
synthetic_d8,4,44,class_region,1,56,56,1.0,0.448,1.0
synthetic_d8,4,110,class_region,1,56,56,1.0,0.448,1.0
synthetic_d8,4,117,class_region,0,69,69,1.0,0.552,1.0
synthetic_d8,4,119,class_region,0,69,69,1.0,0.552,1.0
synthetic_d8,4,129,class_region,0,69,69,1.0,0.552,1.0
synthetic_d8,4,134,class_region,1,56,56,1.0,0.448,1.0
synthetic_d8,4,182,class_region,1,56,56,1.0,0.448,1.0
synthetic_d8,4,191,class_region,1,56,56,1.0,0.448,1.0
synthetic_d8,4,247,class_region,1,56,56,1.0,0.448,1.0
synthetic_d8,4,257,class_region,1,56,56,1.0,0.448,1.0
synthetic_d8,4,292,class_region,1,56,56,1.0,0.448,1.0
synthetic_d8,4,297,class_region,1,56,56,1.0,0.448,1.0
synthetic_d8,4,324,class_region,0,69,69,1.0,0.552,1.0
synthetic_d8,4,326,class_region,0,69,69,1.0,0.552,1.0
synthetic_d8,4,350,class_region,1,56,56,1.0,0.448,1.0
synthetic_d8,4,361,class_region,1,56,56,1.0,0.448,1.0
synthetic_d8,4,459,class_region,0,69,69,1.0,0.552,1.0
synthetic_d20,0,1,class_region,0,93,93,1.0,0.465,1.0
synthetic_d20,0,7,class_region,1,107,107,1.0,0.535,1.0
synthetic_d20,0,20,class_region,0,93,93,1.0,0.465,1.0
synthetic_d20,0,24,class_region,0,93,93,1.0,0.465,1.0
synthetic_d20,0,32,class_region,1,107,107,1.0,0.535,1.0
synthetic_d20,0,61,class_region,1,107,107,1.0,0.535,1.0
synthetic_d20,0,107,class_region,1,107,107,1.0,0.535,1.0
synthetic_d20,0,173,class_region,0,93,93,1.0,0.465,1.0
synthetic_d20,0,192,class_region,1,107,107,1.0,0.535,1.0
synthetic_d20,0,410,class_region,0,93,93,1.0,0.465,1.0
synthetic_d20,0,420,class_region,0,93,93,1.0,0.465,1.0
synthetic_d20,0,459,class_region,1,107,107,1.0,0.535,1.0
synthetic_d20,0,510,class_region,1,107,107,1.0,0.535,1.0
synthetic_d20,0,524,class_region,0,93,93,1.0,0.465,1.0
synthetic_d20,0,607,class_region,0,93,93,1.0,0.465,1.0
synthetic_d20,0,608,class_region,0,93,93,1.0,0.465,1.0
synthetic_d20,0,623,class_region,0,93,93,1.0,0.465,1.0
synthetic_d20,0,666,class_region,1,107,107,1.0,0.535,1.0
synthetic_d20,0,727,class_region,1,107,107,1.0,0.535,1.0
synthetic_d20,0,729,class_region,1,107,107,1.0,0.535,1.0
synthetic_d20,1,56,class_region,1,111,111,1.0,0.555,1.0
synthetic_d20,1,226,class_region,1,111,111,1.0,0.555,1.0
synthetic_d20,1,241,class_region,1,111,111,1.0,0.555,1.0
synthetic_d20,1,242,class_region,1,111,111,1.0,0.555,1.0
synthetic_d20,1,254,class_region,1,111,111,1.0,0.555,1.0
synthetic_d20,1,256,class_region,0,89,89,1.0,0.445,1.0
synthetic_d20,1,263,class_region,0,89,89,1.0,0.445,1.0
synthetic_d20,1,374,class_region,0,89,89,1.0,0.445,1.0
synthetic_d20,1,381,class_region,1,111,111,1.0,0.555,1.0
synthetic_d20,1,393,class_region,1,111,111,1.0,0.555,1.0
synthetic_d20,1,408,class_region,1,111,111,1.0,0.555,1.0
synthetic_d20,1,417,class_region,0,89,89,1.0,0.445,1.0
synthetic_d20,1,440,class_region,1,111,111,1.0,0.555,1.0
synthetic_d20,1,454,class_region,0,89,89,1.0,0.445,1.0
synthetic_d20,1,462,class_region,0,89,89,1.0,0.445,1.0
synthetic_d20,1,466,class_region,1,111,111,1.0,0.555,1.0
synthetic_d20,1,562,class_region,1,111,111,1.0,0.555,1.0
synthetic_d20,1,676,class_region,0,89,89,1.0,0.445,1.0
synthetic_d20,1,724,class_region,1,111,111,1.0,0.555,1.0
synthetic_d20,1,742,class_region,1,111,111,1.0,0.555,1.0
synthetic_d20,2,30,class_region,0,109,109,1.0,0.545,1.0
synthetic_d20,2,180,class_region,1,91,91,1.0,0.455,1.0
synthetic_d20,2,239,class_region,1,91,91,1.0,0.455,1.0
synthetic_d20,2,296,class_region,1,91,91,1.0,0.455,1.0
synthetic_d20,2,316,class_region,0,109,109,1.0,0.545,1.0
synthetic_d20,2,319,class_region,0,109,109,1.0,0.545,1.0
synthetic_d20,2,380,class_region,0,109,109,1.0,0.545,1.0
synthetic_d20,2,383,class_region,1,91,91,1.0,0.455,1.0
synthetic_d20,2,420,class_region,0,109,109,1.0,0.545,1.0
synthetic_d20,2,460,class_region,0,109,109,1.0,0.545,1.0
synthetic_d20,2,475,class_region,0,109,109,1.0,0.545,1.0
synthetic_d20,2,490,class_region,1,91,91,1.0,0.455,1.0
synthetic_d20,2,513,class_region,0,109,109,1.0,0.545,1.0
synthetic_d20,2,534,class_region,1,91,91,1.0,0.455,1.0
synthetic_d20,2,649,class_region,1,91,91,1.0,0.455,1.0
synthetic_d20,2,691,class_region,1,91,91,1.0,0.455,1.0
synthetic_d20,2,717,class_region,0,109,109,1.0,0.545,1.0
synthetic_d20,2,755,class_region,0,109,109,1.0,0.545,1.0
synthetic_d20,2,769,class_region,0,109,109,1.0,0.545,1.0
synthetic_d20,2,785,class_region,0,109,109,1.0,0.545,1.0
synthetic_d20,3,88,class_region,0,105,105,1.0,0.525,1.0
synthetic_d20,3,91,class_region,0,105,105,1.0,0.525,1.0
synthetic_d20,3,118,class_region,1,95,95,1.0,0.475,1.0
synthetic_d20,3,132,class_region,0,105,105,1.0,0.525,1.0
synthetic_d20,3,157,class_region,1,95,95,1.0,0.475,1.0
synthetic_d20,3,164,class_region,1,95,95,1.0,0.475,1.0
synthetic_d20,3,172,class_region,0,105,105,1.0,0.525,1.0
synthetic_d20,3,271,class_region,0,105,105,1.0,0.525,1.0
synthetic_d20,3,341,class_region,0,105,105,1.0,0.525,1.0
synthetic_d20,3,349,class_region,0,105,105,1.0,0.525,1.0
synthetic_d20,3,376,class_region,1,95,95,1.0,0.475,1.0
synthetic_d20,3,474,class_region,0,105,105,1.0,0.525,1.0
synthetic_d20,3,514,class_region,1,95,95,1.0,0.475,1.0
synthetic_d20,3,521,class_region,0,105,105,1.0,0.525,1.0
synthetic_d20,3,534,class_region,1,95,95,1.0,0.475,1.0
synthetic_d20,3,573,class_region,0,105,105,1.0,0.525,1.0
synthetic_d20,3,612,class_region,0,105,105,1.0,0.525,1.0
synthetic_d20,3,648,class_region,0,105,105,1.0,0.525,1.0
synthetic_d20,3,671,class_region,1,95,95,1.0,0.475,1.0
synthetic_d20,3,793,class_region,1,95,95,1.0,0.475,1.0
synthetic_d20,4,33,class_region,1,96,96,1.0,0.48,1.0
synthetic_d20,4,45,class_region,1,96,96,1.0,0.48,1.0
synthetic_d20,4,47,class_region,0,104,104,1.0,0.52,1.0
synthetic_d20,4,54,class_region,0,104,104,1.0,0.52,1.0
synthetic_d20,4,90,class_region,0,104,104,1.0,0.52,1.0
synthetic_d20,4,111,class_region,1,96,96,1.0,0.48,1.0
synthetic_d20,4,221,class_region,1,96,96,1.0,0.48,1.0
synthetic_d20,4,288,class_region,0,104,104,1.0,0.52,1.0
synthetic_d20,4,316,class_region,0,104,104,1.0,0.52,1.0
synthetic_d20,4,381,class_region,1,96,96,1.0,0.48,1.0
synthetic_d20,4,448,class_region,0,104,104,1.0,0.52,1.0
synthetic_d20,4,452,class_region,1,96,96,1.0,0.48,1.0
synthetic_d20,4,485,class_region,0,104,104,1.0,0.52,1.0
synthetic_d20,4,489,class_region,0,104,104,1.0,0.52,1.0
synthetic_d20,4,520,class_region,1,96,96,1.0,0.48,1.0
synthetic_d20,4,540,class_region,1,96,96,1.0,0.48,1.0
synthetic_d20,4,583,class_region,1,96,96,1.0,0.48,1.0
synthetic_d20,4,598,class_region,1,96,96,1.0,0.48,1.0
synthetic_d20,4,629,class_region,1,96,96,1.0,0.48,1.0
synthetic_d20,4,657,class_region,1,96,96,1.0,0.48,1.0
synthetic_d50,0,29,class_region,0,129,129,1.0,0.516,1.0
synthetic_d50,0,37,class_region,0,129,129,1.0,0.516,1.0
synthetic_d50,0,82,class_region,0,129,129,1.0,0.516,1.0
synthetic_d50,0,135,class_region,1,121,121,1.0,0.484,1.0
synthetic_d50,0,181,class_region,0,129,129,1.0,0.516,1.0
synthetic_d50,0,270,class_region,1,121,121,1.0,0.484,1.0
synthetic_d50,0,278,class_region,0,129,129,1.0,0.516,1.0
synthetic_d50,0,313,class_region,0,129,129,1.0,0.516,1.0
synthetic_d50,0,357,class_region,0,129,129,1.0,0.516,1.0
synthetic_d50,0,400,class_region,0,129,129,1.0,0.516,1.0
synthetic_d50,0,407,class_region,1,121,121,1.0,0.484,1.0
synthetic_d50,0,408,class_region,1,121,121,1.0,0.484,1.0
synthetic_d50,0,410,class_region,0,129,129,1.0,0.516,1.0
synthetic_d50,0,464,class_region,1,121,121,1.0,0.484,1.0
synthetic_d50,0,495,class_region,1,121,121,1.0,0.484,1.0
synthetic_d50,0,548,class_region,1,121,121,1.0,0.484,1.0
synthetic_d50,0,551,class_region,0,129,129,1.0,0.516,1.0
synthetic_d50,0,557,class_region,1,121,121,1.0,0.484,1.0
synthetic_d50,0,662,class_region,1,121,121,1.0,0.484,1.0
synthetic_d50,0,844,class_region,1,121,121,1.0,0.484,1.0
synthetic_d50,1,195,class_region,1,125,125,1.0,0.5,1.0
synthetic_d50,1,327,class_region,0,125,125,1.0,0.5,1.0
synthetic_d50,1,333,class_region,0,125,125,1.0,0.5,1.0
synthetic_d50,1,338,class_region,0,125,125,1.0,0.5,1.0
synthetic_d50,1,357,class_region,0,125,125,1.0,0.5,1.0
synthetic_d50,1,396,class_region,0,125,125,1.0,0.5,1.0
synthetic_d50,1,408,class_region,1,125,125,1.0,0.5,1.0
synthetic_d50,1,417,class_region,1,125,125,1.0,0.5,1.0
synthetic_d50,1,422,class_region,0,125,125,1.0,0.5,1.0
synthetic_d50,1,434,class_region,1,125,125,1.0,0.5,1.0
synthetic_d50,1,446,class_region,1,125,125,1.0,0.5,1.0
synthetic_d50,1,555,class_region,1,125,125,1.0,0.5,1.0
synthetic_d50,1,577,class_region,1,125,125,1.0,0.5,1.0
synthetic_d50,1,632,class_region,1,125,125,1.0,0.5,1.0
synthetic_d50,1,639,class_region,0,125,125,1.0,0.5,1.0
synthetic_d50,1,678,class_region,1,125,125,1.0,0.5,1.0
synthetic_d50,1,697,class_region,0,125,125,1.0,0.5,1.0
synthetic_d50,1,863,class_region,0,125,125,1.0,0.5,1.0
synthetic_d50,1,924,class_region,1,125,125,1.0,0.5,1.0
synthetic_d50,1,942,class_region,0,125,125,1.0,0.5,1.0
synthetic_d50,2,56,class_region,0,127,127,1.0,0.508,1.0
synthetic_d50,2,98,class_region,1,123,123,1.0,0.492,1.0
synthetic_d50,2,186,class_region,0,127,127,1.0,0.508,1.0
synthetic_d50,2,306,class_region,1,123,123,1.0,0.492,1.0
synthetic_d50,2,325,class_region,1,123,123,1.0,0.492,1.0
synthetic_d50,2,368,class_region,0,127,127,1.0,0.508,1.0
synthetic_d50,2,389,class_region,0,127,127,1.0,0.508,1.0
synthetic_d50,2,464,class_region,1,123,123,1.0,0.492,1.0
synthetic_d50,2,516,class_region,0,127,127,1.0,0.508,1.0
synthetic_d50,2,517,class_region,0,127,127,1.0,0.508,1.0
synthetic_d50,2,518,class_region,1,123,123,1.0,0.492,1.0
synthetic_d50,2,532,class_region,0,127,127,1.0,0.508,1.0
synthetic_d50,2,735,class_region,0,127,127,1.0,0.508,1.0
synthetic_d50,2,751,class_region,1,123,123,1.0,0.492,1.0
synthetic_d50,2,790,class_region,1,123,123,1.0,0.492,1.0
synthetic_d50,2,797,class_region,1,123,123,1.0,0.492,1.0
synthetic_d50,2,853,class_region,0,127,127,1.0,0.508,1.0
synthetic_d50,2,867,class_region,1,123,123,1.0,0.492,1.0
synthetic_d50,2,890,class_region,0,127,127,1.0,0.508,1.0
synthetic_d50,2,908,class_region,1,123,123,1.0,0.492,1.0
synthetic_d50,3,6,class_region,1,119,119,1.0,0.476,1.0
synthetic_d50,3,60,class_region,1,119,119,1.0,0.476,1.0
synthetic_d50,3,129,class_region,1,119,119,1.0,0.476,1.0
synthetic_d50,3,267,class_region,1,119,119,1.0,0.476,1.0
synthetic_d50,3,296,class_region,0,131,131,1.0,0.524,1.0
synthetic_d50,3,375,class_region,1,119,119,1.0,0.476,1.0
synthetic_d50,3,399,class_region,0,131,131,1.0,0.524,1.0
synthetic_d50,3,427,class_region,1,119,119,1.0,0.476,1.0
synthetic_d50,3,481,class_region,1,119,119,1.0,0.476,1.0
synthetic_d50,3,523,class_region,0,131,131,1.0,0.524,1.0
synthetic_d50,3,531,class_region,1,119,119,1.0,0.476,1.0
synthetic_d50,3,646,class_region,1,119,119,1.0,0.476,1.0
synthetic_d50,3,649,class_region,0,131,131,1.0,0.524,1.0
synthetic_d50,3,656,class_region,1,119,119,1.0,0.476,1.0
synthetic_d50,3,679,class_region,0,131,131,1.0,0.524,1.0
synthetic_d50,3,713,class_region,1,119,119,1.0,0.476,1.0
synthetic_d50,3,731,class_region,0,131,131,1.0,0.524,1.0
synthetic_d50,3,762,class_region,0,131,131,1.0,0.524,1.0
synthetic_d50,3,763,class_region,1,119,119,1.0,0.476,1.0
synthetic_d50,3,893,class_region,0,131,131,1.0,0.524,1.0
synthetic_d50,4,17,class_region,1,118,118,1.0,0.472,1.0
synthetic_d50,4,99,class_region,0,132,132,1.0,0.528,1.0
synthetic_d50,4,129,class_region,0,132,132,1.0,0.528,1.0
synthetic_d50,4,290,class_region,0,132,132,1.0,0.528,1.0
synthetic_d50,4,337,class_region,0,132,132,1.0,0.528,1.0
synthetic_d50,4,354,class_region,1,118,118,1.0,0.472,1.0
synthetic_d50,4,358,class_region,0,132,132,1.0,0.528,1.0
synthetic_d50,4,364,class_region,1,118,118,1.0,0.472,1.0
synthetic_d50,4,374,class_region,0,132,132,1.0,0.528,1.0
synthetic_d50,4,388,class_region,0,132,132,1.0,0.528,1.0
synthetic_d50,4,450,class_region,1,118,118,1.0,0.472,1.0
synthetic_d50,4,543,class_region,1,118,118,1.0,0.472,1.0
synthetic_d50,4,621,class_region,0,132,132,1.0,0.528,1.0
synthetic_d50,4,723,class_region,0,132,132,1.0,0.528,1.0
synthetic_d50,4,765,class_region,0,132,132,1.0,0.528,1.0
synthetic_d50,4,810,class_region,0,132,132,1.0,0.528,1.0
synthetic_d50,4,846,class_region,1,118,118,1.0,0.472,1.0
synthetic_d50,4,861,class_region,0,132,132,1.0,0.528,1.0
synthetic_d50,4,874,class_region,1,118,118,1.0,0.472,1.0
synthetic_d50,4,947,class_region,0,132,132,1.0,0.528,1.0
synthetic_lowsep,0,63,class_region,0,101,101,1.0,0.505,1.0
synthetic_lowsep,0,82,class_region,1,99,99,1.0,0.495,1.0
synthetic_lowsep,0,217,class_region,0,101,101,1.0,0.505,1.0
synthetic_lowsep,0,229,class_region,1,99,99,1.0,0.495,1.0
synthetic_lowsep,0,231,class_region,1,99,99,1.0,0.495,1.0
synthetic_lowsep,0,262,class_region,1,99,99,1.0,0.495,1.0
synthetic_lowsep,0,273,class_region,1,99,99,1.0,0.495,1.0
synthetic_lowsep,0,293,class_region,0,101,101,1.0,0.505,1.0
synthetic_lowsep,0,339,class_region,1,99,99,1.0,0.495,1.0
synthetic_lowsep,0,343,class_region,0,101,101,1.0,0.505,1.0
synthetic_lowsep,0,380,class_region,1,99,99,1.0,0.495,1.0
synthetic_lowsep,0,419,class_region,1,99,99,1.0,0.495,1.0
synthetic_lowsep,0,503,class_region,1,99,99,1.0,0.495,1.0
synthetic_lowsep,0,547,class_region,0,101,101,1.0,0.505,1.0
synthetic_lowsep,0,563,class_region,1,99,99,1.0,0.495,1.0
synthetic_lowsep,0,619,class_region,1,99,99,1.0,0.495,1.0
synthetic_lowsep,0,639,class_region,0,101,101,1.0,0.505,1.0
synthetic_lowsep,0,641,class_region,0,101,101,1.0,0.505,1.0
synthetic_lowsep,0,667,class_region,0,101,101,1.0,0.505,1.0
synthetic_lowsep,0,726,class_region,0,101,101,1.0,0.505,1.0
synthetic_lowsep,1,86,class_region,0,96,96,1.0,0.48,1.0
synthetic_lowsep,1,106,class_region,1,104,104,1.0,0.52,1.0
synthetic_lowsep,1,123,class_region,0,96,96,1.0,0.48,1.0
synthetic_lowsep,1,133,class_region,1,104,104,1.0,0.52,1.0
synthetic_lowsep,1,197,class_region,0,96,96,1.0,0.48,1.0
synthetic_lowsep,1,204,class_region,1,104,104,1.0,0.52,1.0
synthetic_lowsep,1,255,class_region,0,96,96,1.0,0.48,1.0
synthetic_lowsep,1,309,class_region,1,104,104,1.0,0.52,1.0
synthetic_lowsep,1,332,class_region,1,104,104,1.0,0.52,1.0
synthetic_lowsep,1,479,class_region,1,104,104,1.0,0.52,1.0
synthetic_lowsep,1,500,class_region,0,96,96,1.0,0.48,1.0
synthetic_lowsep,1,506,class_region,1,104,104,1.0,0.52,1.0
synthetic_lowsep,1,527,class_region,1,104,104,1.0,0.52,1.0
synthetic_lowsep,1,529,class_region,1,104,104,1.0,0.52,1.0
synthetic_lowsep,1,541,class_region,1,104,104,1.0,0.52,1.0
synthetic_lowsep,1,616,class_region,0,96,96,1.0,0.48,1.0
synthetic_lowsep,1,619,class_region,1,104,104,1.0,0.52,1.0
synthetic_lowsep,1,662,class_region,1,104,104,1.0,0.52,1.0
synthetic_lowsep,1,721,class_region,0,96,96,1.0,0.48,1.0
synthetic_lowsep,1,754,class_region,0,96,96,1.0,0.48,1.0
synthetic_lowsep,2,3,class_region,0,98,98,1.0,0.49,1.0
synthetic_lowsep,2,6,class_region,0,98,98,1.0,0.49,1.0
synthetic_lowsep,2,51,class_region,1,102,102,1.0,0.51,1.0
synthetic_lowsep,2,114,class_region,0,98,98,1.0,0.49,1.0
synthetic_lowsep,2,132,class_region,0,98,98,1.0,0.49,1.0
synthetic_lowsep,2,198,class_region,0,98,98,1.0,0.49,1.0
synthetic_lowsep,2,221,class_region,0,98,98,1.0,0.49,1.0
synthetic_lowsep,2,334,class_region,1,102,102,1.0,0.51,1.0
synthetic_lowsep,2,368,class_region,1,102,102,1.0,0.51,1.0
synthetic_lowsep,2,369,class_region,0,98,98,1.0,0.49,1.0
synthetic_lowsep,2,392,class_region,1,102,102,1.0,0.51,1.0
synthetic_lowsep,2,401,class_region,1,102,102,1.0,0.51,1.0
synthetic_lowsep,2,412,class_region,1,102,102,1.0,0.51,1.0
synthetic_lowsep,2,470,class_region,1,102,102,1.0,0.51,1.0
synthetic_lowsep,2,487,class_region,1,102,102,1.0,0.51,1.0
synthetic_lowsep,2,493,class_region,1,102,102,1.0,0.51,1.0
synthetic_lowsep,2,561,class_region,1,102,102,1.0,0.51,1.0
synthetic_lowsep,2,612,class_region,1,102,102,1.0,0.51,1.0
synthetic_lowsep,2,675,class_region,0,98,98,1.0,0.49,1.0
synthetic_lowsep,2,785,class_region,0,98,98,1.0,0.49,1.0
synthetic_lowsep,3,35,class_region,0,105,105,1.0,0.525,1.0
synthetic_lowsep,3,67,class_region,0,105,105,1.0,0.525,1.0
synthetic_lowsep,3,107,class_region,0,105,105,1.0,0.525,1.0
synthetic_lowsep,3,180,class_region,1,95,95,1.0,0.475,1.0
synthetic_lowsep,3,202,class_region,0,105,105,1.0,0.525,1.0
synthetic_lowsep,3,279,class_region,0,105,105,1.0,0.525,1.0
synthetic_lowsep,3,293,class_region,0,105,105,1.0,0.525,1.0
synthetic_lowsep,3,419,class_region,1,95,95,1.0,0.475,1.0
synthetic_lowsep,3,435,class_region,1,95,95,1.0,0.475,1.0
synthetic_lowsep,3,463,class_region,0,105,105,1.0,0.525,1.0
synthetic_lowsep,3,503,class_region,1,95,95,1.0,0.475,1.0
synthetic_lowsep,3,513,class_region,0,105,105,1.0,0.525,1.0
synthetic_lowsep,3,561,class_region,1,95,95,1.0,0.475,1.0
synthetic_lowsep,3,566,class_region,0,105,105,1.0,0.525,1.0
synthetic_lowsep,3,614,class_region,1,95,95,1.0,0.475,1.0
synthetic_lowsep,3,645,class_region,0,105,105,1.0,0.525,1.0
synthetic_lowsep,3,686,class_region,0,105,105,1.0,0.525,1.0
synthetic_lowsep,3,693,class_region,1,95,95,1.0,0.475,1.0
synthetic_lowsep,3,777,class_region,1,95,95,1.0,0.475,1.0
synthetic_lowsep,3,793,class_region,1,95,95,1.0,0.475,1.0
synthetic_lowsep,4,37,class_region,0,89,89,1.0,0.445,1.0
synthetic_lowsep,4,41,class_region,0,89,89,1.0,0.445,1.0
synthetic_lowsep,4,67,class_region,0,89,89,1.0,0.445,1.0
synthetic_lowsep,4,70,class_region,1,111,111,1.0,0.555,1.0
synthetic_lowsep,4,141,class_region,1,111,111,1.0,0.555,1.0
synthetic_lowsep,4,175,class_region,1,111,111,1.0,0.555,1.0
synthetic_lowsep,4,197,class_region,0,89,89,1.0,0.445,1.0
synthetic_lowsep,4,248,class_region,0,89,89,1.0,0.445,1.0
synthetic_lowsep,4,330,class_region,0,89,89,1.0,0.445,1.0
synthetic_lowsep,4,345,class_region,0,89,89,1.0,0.445,1.0
synthetic_lowsep,4,361,class_region,1,111,111,1.0,0.555,1.0
synthetic_lowsep,4,382,class_region,0,89,89,1.0,0.445,1.0
synthetic_lowsep,4,405,class_region,1,111,111,1.0,0.555,1.0
synthetic_lowsep,4,436,class_region,1,111,111,1.0,0.555,1.0
synthetic_lowsep,4,495,class_region,0,89,89,1.0,0.445,1.0
synthetic_lowsep,4,584,class_region,0,89,89,1.0,0.445,1.0
synthetic_lowsep,4,598,class_region,0,89,89,1.0,0.445,1.0
synthetic_lowsep,4,604,class_region,1,111,111,1.0,0.555,1.0
synthetic_lowsep,4,715,class_region,1,111,111,1.0,0.555,1.0
synthetic_lowsep,4,748,class_region,0,89,89,1.0,0.445,1.0
banknote,0,47,class_region,1,192,192,1.0,0.5597667638483965,1.0
banknote,0,164,class_region,1,192,192,1.0,0.5597667638483965,1.0
banknote,0,283,class_region,1,192,192,1.0,0.5597667638483965,1.0
banknote,0,392,class_region,1,192,192,1.0,0.5597667638483965,1.0
banknote,0,415,class_region,1,192,192,1.0,0.5597667638483965,1.0
banknote,0,488,class_region,1,192,192,1.0,0.5597667638483965,1.0
banknote,0,540,class_region,1,192,192,1.0,0.5597667638483965,1.0
banknote,0,553,class_region,1,192,192,1.0,0.5597667638483965,1.0
banknote,0,566,class_region,1,192,192,1.0,0.5597667638483965,1.0
banknote,0,651,class_region,1,192,192,1.0,0.5597667638483965,1.0
banknote,0,737,class_region,1,192,192,1.0,0.5597667638483965,1.0
banknote,0,959,class_region,0,151,151,1.0,0.4402332361516035,1.0
banknote,0,1122,class_region,0,151,151,1.0,0.4402332361516035,1.0
banknote,0,1153,class_region,0,151,151,1.0,0.4402332361516035,1.0
banknote,0,1192,class_region,0,151,151,1.0,0.4402332361516035,1.0
banknote,0,1198,class_region,0,151,151,1.0,0.4402332361516035,1.0
banknote,0,1261,class_region,0,151,151,1.0,0.4402332361516035,1.0
banknote,0,1279,class_region,0,151,151,1.0,0.4402332361516035,1.0
banknote,0,1291,class_region,0,151,151,1.0,0.4402332361516035,1.0
banknote,0,1309,class_region,0,151,151,1.0,0.4402332361516035,1.0
banknote,1,80,class_region,1,193,193,1.0,0.5626822157434402,1.0
banknote,1,89,class_region,1,193,193,1.0,0.5626822157434402,1.0
banknote,1,136,class_region,1,193,193,1.0,0.5626822157434402,1.0
banknote,1,137,class_region,1,193,193,1.0,0.5626822157434402,1.0
banknote,1,151,class_region,1,193,193,1.0,0.5626822157434402,1.0
banknote,1,361,class_region,1,193,193,1.0,0.5626822157434402,1.0
banknote,1,369,class_region,1,193,193,1.0,0.5626822157434402,1.0
banknote,1,422,class_region,1,193,193,1.0,0.5626822157434402,1.0
banknote,1,428,class_region,1,193,193,1.0,0.5626822157434402,1.0
banknote,1,616,class_region,1,193,193,1.0,0.5626822157434402,1.0
banknote,1,716,class_region,1,193,193,1.0,0.5626822157434402,1.0
banknote,1,933,class_region,0,150,150,1.0,0.43731778425655976,1.0
banknote,1,940,class_region,0,150,150,1.0,0.43731778425655976,1.0
banknote,1,955,class_region,0,150,150,1.0,0.43731778425655976,1.0
banknote,1,974,class_region,0,150,150,1.0,0.43731778425655976,1.0
banknote,1,1042,class_region,0,150,150,1.0,0.43731778425655976,1.0
banknote,1,1048,class_region,0,150,150,1.0,0.43731778425655976,1.0
banknote,1,1136,class_region,0,150,150,1.0,0.43731778425655976,1.0
banknote,1,1154,class_region,0,150,150,1.0,0.43731778425655976,1.0
banknote,1,1259,class_region,0,150,150,1.0,0.43731778425655976,1.0
banknote,2,7,class_region,1,192,192,1.0,0.5597667638483965,1.0
banknote,2,68,class_region,1,192,192,1.0,0.5597667638483965,1.0
banknote,2,105,class_region,1,192,192,1.0,0.5597667638483965,1.0
banknote,2,160,class_region,1,192,192,1.0,0.5597667638483965,1.0
banknote,2,183,class_region,1,192,192,1.0,0.5597667638483965,1.0
banknote,2,278,class_region,1,192,192,1.0,0.5597667638483965,1.0
banknote,2,301,class_region,1,192,192,1.0,0.5597667638483965,1.0
banknote,2,308,class_region,1,192,192,1.0,0.5597667638483965,1.0
banknote,2,322,class_region,1,192,192,1.0,0.5597667638483965,1.0
banknote,2,417,class_region,1,192,192,1.0,0.5597667638483965,1.0
banknote,2,756,class_region,1,192,192,1.0,0.5597667638483965,1.0
banknote,2,795,class_region,0,151,151,1.0,0.4402332361516035,1.0
banknote,2,848,class_region,0,151,151,1.0,0.4402332361516035,1.0
banknote,2,1011,class_region,0,151,151,1.0,0.4402332361516035,1.0
banknote,2,1024,class_region,0,151,151,1.0,0.4402332361516035,1.0
banknote,2,1048,class_region,0,151,151,1.0,0.4402332361516035,1.0
banknote,2,1080,class_region,0,151,151,1.0,0.4402332361516035,1.0
banknote,2,1198,class_region,0,151,151,1.0,0.4402332361516035,1.0
banknote,2,1209,class_region,0,151,151,1.0,0.4402332361516035,1.0
banknote,2,1349,class_region,0,151,151,1.0,0.4402332361516035,1.0
banknote,3,68,class_region,1,191,191,1.0,0.5568513119533528,1.0
banknote,3,69,class_region,1,191,191,1.0,0.5568513119533528,1.0
banknote,3,104,class_region,1,191,191,1.0,0.5568513119533528,1.0
banknote,3,153,class_region,1,191,191,1.0,0.5568513119533528,1.0
banknote,3,252,class_region,1,191,191,1.0,0.5568513119533528,1.0
banknote,3,275,class_region,1,191,191,1.0,0.5568513119533528,1.0
banknote,3,281,class_region,1,191,191,1.0,0.5568513119533528,1.0
banknote,3,358,class_region,1,191,191,1.0,0.5568513119533528,1.0
banknote,3,421,class_region,1,191,191,1.0,0.5568513119533528,1.0
banknote,3,494,class_region,1,191,191,1.0,0.5568513119533528,1.0
banknote,3,597,class_region,1,191,191,1.0,0.5568513119533528,1.0
banknote,3,873,class_region,0,152,152,1.0,0.44314868804664725,1.0
banknote,3,886,class_region,0,152,152,1.0,0.44314868804664725,1.0
banknote,3,1024,class_region,0,152,152,1.0,0.44314868804664725,1.0
banknote,3,1101,class_region,0,152,152,1.0,0.44314868804664725,1.0
banknote,3,1205,class_region,0,152,152,1.0,0.44314868804664725,1.0
banknote,3,1253,class_region,0,152,152,1.0,0.44314868804664725,1.0
banknote,3,1266,class_region,0,152,152,1.0,0.44314868804664725,1.0
banknote,3,1287,class_region,0,152,152,1.0,0.44314868804664725,1.0
banknote,3,1322,class_region,0,152,152,1.0,0.44314868804664725,1.0
banknote,4,139,class_region,1,192,192,1.0,0.5597667638483965,1.0
banknote,4,154,class_region,1,192,192,1.0,0.5597667638483965,1.0
banknote,4,173,class_region,1,192,192,1.0,0.5597667638483965,1.0
banknote,4,203,class_region,1,192,192,1.0,0.5597667638483965,1.0
banknote,4,240,class_region,1,192,192,1.0,0.5597667638483965,1.0
banknote,4,322,class_region,1,192,192,1.0,0.5597667638483965,1.0
banknote,4,456,class_region,1,192,192,1.0,0.5597667638483965,1.0
banknote,4,466,class_region,1,192,192,1.0,0.5597667638483965,1.0
banknote,4,524,class_region,1,192,192,1.0,0.5597667638483965,1.0
banknote,4,684,class_region,1,192,192,1.0,0.5597667638483965,1.0
banknote,4,697,class_region,1,192,192,1.0,0.5597667638483965,1.0
banknote,4,904,class_region,0,151,151,1.0,0.4402332361516035,1.0
banknote,4,958,class_region,0,151,151,1.0,0.4402332361516035,1.0
banknote,4,966,class_region,0,151,151,1.0,0.4402332361516035,1.0
banknote,4,975,class_region,0,151,151,1.0,0.4402332361516035,1.0
banknote,4,1084,class_region,0,151,151,1.0,0.4402332361516035,1.0
banknote,4,1184,class_region,0,151,151,1.0,0.4402332361516035,1.0
banknote,4,1226,class_region,0,151,151,1.0,0.4402332361516035,1.0
banknote,4,1241,class_region,0,151,151,1.0,0.4402332361516035,1.0
banknote,4,1278,class_region,0,151,151,1.0,0.4402332361516035,1.0
blood,0,82,class_region,1,153,153,1.0,0.8181818181818182,1.0
blood,0,114,class_region,1,153,153,1.0,0.8181818181818182,1.0
blood,0,155,class_region,1,153,153,1.0,0.8181818181818182,1.0
blood,0,162,class_region,1,153,153,1.0,0.8181818181818182,1.0
blood,0,178,class_region,1,153,153,1.0,0.8181818181818182,1.0
blood,0,186,class_region,1,153,153,1.0,0.8181818181818182,1.0
blood,0,223,class_region,1,153,153,1.0,0.8181818181818182,1.0
blood,0,291,class_region,1,153,153,1.0,0.8181818181818182,1.0
blood,0,297,class_region,1,153,153,1.0,0.8181818181818182,1.0
blood,0,328,class_region,1,153,153,1.0,0.8181818181818182,1.0
blood,0,361,class_region,1,153,153,1.0,0.8181818181818182,1.0
blood,0,447,class_region,1,153,153,1.0,0.8181818181818182,1.0
blood,0,500,class_region,0,34,34,1.0,0.18181818181818182,1.0
blood,0,506,class_region,0,34,34,1.0,0.18181818181818182,1.0
blood,0,552,class_region,0,34,34,1.0,0.18181818181818182,1.0
blood,0,635,class_region,1,153,153,1.0,0.8181818181818182,1.0
blood,0,637,class_region,1,153,153,1.0,0.8181818181818182,1.0
blood,0,649,class_region,1,153,153,1.0,0.8181818181818182,1.0
blood,0,692,class_region,1,153,153,1.0,0.8181818181818182,1.0
blood,0,694,class_region,1,153,153,1.0,0.8181818181818182,1.0
blood,1,10,class_region,0,43,43,1.0,0.22994652406417113,1.0
blood,1,118,class_region,1,144,144,1.0,0.7700534759358288,1.0
blood,1,121,class_region,0,43,43,1.0,0.22994652406417113,1.0
blood,1,127,class_region,1,144,144,1.0,0.7700534759358288,1.0
blood,1,161,class_region,1,144,144,1.0,0.7700534759358288,1.0
blood,1,253,class_region,1,144,144,1.0,0.7700534759358288,1.0
blood,1,282,class_region,1,144,144,1.0,0.7700534759358288,1.0
blood,1,287,class_region,1,144,144,1.0,0.7700534759358288,1.0
blood,1,312,class_region,1,144,144,1.0,0.7700534759358288,1.0
blood,1,379,class_region,1,144,144,1.0,0.7700534759358288,1.0
blood,1,387,class_region,1,144,144,1.0,0.7700534759358288,1.0
blood,1,457,class_region,1,144,144,1.0,0.7700534759358288,1.0
blood,1,466,class_region,1,144,144,1.0,0.7700534759358288,1.0
blood,1,503,class_region,0,43,43,1.0,0.22994652406417113,1.0
blood,1,509,class_region,0,43,43,1.0,0.22994652406417113,1.0
blood,1,517,class_region,0,43,43,1.0,0.22994652406417113,1.0
blood,1,648,class_region,1,144,144,1.0,0.7700534759358288,1.0
blood,1,657,class_region,1,144,144,1.0,0.7700534759358288,1.0
blood,1,720,class_region,1,144,144,1.0,0.7700534759358288,1.0
blood,1,735,class_region,1,144,144,1.0,0.7700534759358288,1.0
blood,2,8,class_region,0,24,24,1.0,0.12834224598930483,1.0
blood,2,24,class_region,1,163,163,1.0,0.8716577540106952,1.0
blood,2,139,class_region,1,163,163,1.0,0.8716577540106952,1.0
blood,2,148,class_region,1,163,163,1.0,0.8716577540106952,1.0
blood,2,160,class_region,1,163,163,1.0,0.8716577540106952,1.0
blood,2,170,class_region,1,163,163,1.0,0.8716577540106952,1.0
blood,2,197,class_region,0,24,24,1.0,0.12834224598930483,1.0
blood,2,262,class_region,1,163,163,1.0,0.8716577540106952,1.0
blood,2,306,class_region,1,163,163,1.0,0.8716577540106952,1.0
blood,2,326,class_region,1,163,163,1.0,0.8716577540106952,1.0
blood,2,333,class_region,1,163,163,1.0,0.8716577540106952,1.0
blood,2,334,class_region,1,163,163,1.0,0.8716577540106952,1.0
blood,2,536,class_region,0,24,24,1.0,0.12834224598930483,1.0
blood,2,573,class_region,1,163,163,1.0,0.8716577540106952,1.0
blood,2,585,class_region,1,163,163,1.0,0.8716577540106952,1.0
blood,2,617,class_region,1,163,163,1.0,0.8716577540106952,1.0
blood,2,668,class_region,1,163,163,1.0,0.8716577540106952,1.0
blood,2,702,class_region,1,163,163,1.0,0.8716577540106952,1.0
blood,2,719,class_region,1,163,163,1.0,0.8716577540106952,1.0
blood,2,729,class_region,1,163,163,1.0,0.8716577540106952,1.0
blood,3,77,class_region,1,157,157,1.0,0.839572192513369,1.0
blood,3,89,class_region,1,157,157,1.0,0.839572192513369,1.0
blood,3,174,class_region,1,157,157,1.0,0.839572192513369,1.0
blood,3,207,class_region,1,157,157,1.0,0.839572192513369,1.0
blood,3,250,class_region,1,157,157,1.0,0.839572192513369,1.0
blood,3,256,class_region,1,157,157,1.0,0.839572192513369,1.0
blood,3,268,class_region,1,157,157,1.0,0.839572192513369,1.0
blood,3,289,class_region,1,157,157,1.0,0.839572192513369,1.0
blood,3,305,class_region,1,157,157,1.0,0.839572192513369,1.0
blood,3,399,class_region,1,157,157,1.0,0.839572192513369,1.0
blood,3,482,class_region,1,157,157,1.0,0.839572192513369,1.0
blood,3,501,class_region,1,157,157,1.0,0.839572192513369,1.0
blood,3,563,class_region,1,157,157,1.0,0.839572192513369,1.0
blood,3,615,class_region,1,157,157,1.0,0.839572192513369,1.0
blood,3,635,class_region,1,157,157,1.0,0.839572192513369,1.0
blood,3,649,class_region,1,157,157,1.0,0.839572192513369,1.0
blood,3,657,class_region,1,157,157,1.0,0.839572192513369,1.0
blood,3,689,class_region,1,157,157,1.0,0.839572192513369,1.0
blood,3,709,class_region,1,157,157,1.0,0.839572192513369,1.0
blood,3,730,class_region,1,157,157,1.0,0.839572192513369,1.0
blood,4,23,class_region,0,25,25,1.0,0.13368983957219252,1.0
blood,4,25,class_region,0,25,25,1.0,0.13368983957219252,1.0
blood,4,108,class_region,1,162,162,1.0,0.8663101604278075,1.0
blood,4,123,class_region,1,162,162,1.0,0.8663101604278075,1.0
blood,4,141,class_region,0,25,25,1.0,0.13368983957219252,1.0
blood,4,155,class_region,1,162,162,1.0,0.8663101604278075,1.0
blood,4,198,class_region,1,162,162,1.0,0.8663101604278075,1.0
blood,4,228,class_region,1,162,162,1.0,0.8663101604278075,1.0
blood,4,240,class_region,1,162,162,1.0,0.8663101604278075,1.0
blood,4,269,class_region,1,162,162,1.0,0.8663101604278075,1.0
blood,4,310,class_region,1,162,162,1.0,0.8663101604278075,1.0
blood,4,449,class_region,1,162,162,1.0,0.8663101604278075,1.0
blood,4,529,class_region,0,25,25,1.0,0.13368983957219252,1.0
blood,4,581,class_region,1,162,162,1.0,0.8663101604278075,1.0
blood,4,604,class_region,1,162,162,1.0,0.8663101604278075,1.0
blood,4,605,class_region,1,162,162,1.0,0.8663101604278075,1.0
blood,4,679,class_region,1,162,162,1.0,0.8663101604278075,1.0
blood,4,705,class_region,1,162,162,1.0,0.8663101604278075,1.0
blood,4,720,class_region,1,162,162,1.0,0.8663101604278075,1.0
blood,4,727,class_region,1,162,162,1.0,0.8663101604278075,1.0
diabetes,0,17,class_region,1,112,112,1.0,0.5833333333333334,1.0
diabetes,0,47,class_region,1,112,112,1.0,0.5833333333333334,1.0
diabetes,0,87,class_region,1,112,112,1.0,0.5833333333333334,1.0
diabetes,0,96,class_region,1,112,112,1.0,0.5833333333333334,1.0
diabetes,0,142,class_region,1,112,112,1.0,0.5833333333333334,1.0
diabetes,0,171,class_region,1,112,112,1.0,0.5833333333333334,1.0
diabetes,0,381,class_region,1,112,112,1.0,0.5833333333333334,1.0
diabetes,0,444,class_region,1,112,112,1.0,0.5833333333333334,1.0
diabetes,0,452,class_region,1,112,112,1.0,0.5833333333333334,1.0
diabetes,0,481,class_region,1,112,112,1.0,0.5833333333333334,1.0
diabetes,0,482,class_region,1,112,112,1.0,0.5833333333333334,1.0
diabetes,0,496,class_region,1,112,112,1.0,0.5833333333333334,1.0
diabetes,0,508,class_region,1,112,112,1.0,0.5833333333333334,1.0
diabetes,0,546,class_region,0,80,80,1.0,0.4166666666666667,1.0
diabetes,0,588,class_region,0,80,80,1.0,0.4166666666666667,1.0
diabetes,0,623,class_region,1,112,112,1.0,0.5833333333333334,1.0
diabetes,0,662,class_region,0,80,80,1.0,0.4166666666666667,1.0
diabetes,0,670,class_region,0,80,80,1.0,0.4166666666666667,1.0
diabetes,0,703,class_region,0,80,80,1.0,0.4166666666666667,1.0
diabetes,0,761,class_region,0,80,80,1.0,0.4166666666666667,1.0
diabetes,1,139,class_region,1,126,126,1.0,0.65625,1.0
diabetes,1,151,class_region,1,126,126,1.0,0.65625,1.0
diabetes,1,166,class_region,1,126,126,1.0,0.65625,1.0
diabetes,1,174,class_region,1,126,126,1.0,0.65625,1.0
diabetes,1,203,class_region,1,126,126,1.0,0.65625,1.0
diabetes,1,242,class_region,1,126,126,1.0,0.65625,1.0
diabetes,1,257,class_region,1,126,126,1.0,0.65625,1.0
diabetes,1,281,class_region,0,66,66,1.0,0.34375,1.0
diabetes,1,328,class_region,1,126,126,1.0,0.65625,1.0
diabetes,1,331,class_region,1,126,126,1.0,0.65625,1.0
diabetes,1,419,class_region,1,126,126,1.0,0.65625,1.0
diabetes,1,424,class_region,0,66,66,1.0,0.34375,1.0
diabetes,1,475,class_region,1,126,126,1.0,0.65625,1.0
diabetes,1,496,class_region,0,66,66,1.0,0.34375,1.0
diabetes,1,497,class_region,1,126,126,1.0,0.65625,1.0
diabetes,1,509,class_region,1,126,126,1.0,0.65625,1.0
diabetes,1,626,class_region,1,126,126,1.0,0.65625,1.0
diabetes,1,683,class_region,0,66,66,1.0,0.34375,1.0
diabetes,1,715,class_region,0,66,66,1.0,0.34375,1.0
diabetes,1,749,class_region,1,126,126,1.0,0.65625,1.0
diabetes,2,29,class_region,1,145,145,1.0,0.7552083333333334,1.0
diabetes,2,84,class_region,0,47,47,1.0,0.24479166666666666,1.0
diabetes,2,134,class_region,1,145,145,1.0,0.7552083333333334,1.0
diabetes,2,146,class_region,1,145,145,1.0,0.7552083333333334,1.0
diabetes,2,155,class_region,1,145,145,1.0,0.7552083333333334,1.0
diabetes,2,166,class_region,0,47,47,1.0,0.24479166666666666,1.0
diabetes,2,253,class_region,1,145,145,1.0,0.7552083333333334,1.0
diabetes,2,262,class_region,1,145,145,1.0,0.7552083333333334,1.0
diabetes,2,293,class_region,0,47,47,1.0,0.24479166666666666,1.0
diabetes,2,302,class_region,1,145,145,1.0,0.7552083333333334,1.0
diabetes,2,353,class_region,1,145,145,1.0,0.7552083333333334,1.0
diabetes,2,383,class_region,1,145,145,1.0,0.7552083333333334,1.0
diabetes,2,385,class_region,1,145,145,1.0,0.7552083333333334,1.0
diabetes,2,466,class_region,1,145,145,1.0,0.7552083333333334,1.0
diabetes,2,472,class_region,0,47,47,1.0,0.24479166666666666,1.0
diabetes,2,560,class_region,1,145,145,1.0,0.7552083333333334,1.0
diabetes,2,595,class_region,0,47,47,1.0,0.24479166666666666,1.0
diabetes,2,630,class_region,0,47,47,1.0,0.24479166666666666,1.0
diabetes,2,642,class_region,1,145,145,1.0,0.7552083333333334,1.0
diabetes,2,654,class_region,1,145,145,1.0,0.7552083333333334,1.0
diabetes,3,33,class_region,1,135,135,1.0,0.703125,1.0
diabetes,3,47,class_region,1,135,135,1.0,0.703125,1.0
diabetes,3,94,class_region,1,135,135,1.0,0.703125,1.0
diabetes,3,165,class_region,1,135,135,1.0,0.703125,1.0
diabetes,3,175,class_region,0,57,57,1.0,0.296875,1.0
diabetes,3,186,class_region,0,57,57,1.0,0.296875,1.0
diabetes,3,200,class_region,1,135,135,1.0,0.703125,1.0
diabetes,3,342,class_region,1,135,135,1.0,0.703125,1.0
diabetes,3,370,class_region,1,135,135,1.0,0.703125,1.0
diabetes,3,403,class_region,1,135,135,1.0,0.703125,1.0
diabetes,3,409,class_region,1,135,135,1.0,0.703125,1.0
diabetes,3,413,class_region,1,135,135,1.0,0.703125,1.0
diabetes,3,436,class_region,1,135,135,1.0,0.703125,1.0
diabetes,3,501,class_region,1,135,135,1.0,0.703125,1.0
diabetes,3,533,class_region,1,135,135,1.0,0.703125,1.0
diabetes,3,541,class_region,1,135,135,1.0,0.703125,1.0
diabetes,3,566,class_region,1,135,135,1.0,0.703125,1.0
diabetes,3,581,class_region,1,135,135,1.0,0.703125,1.0
diabetes,3,612,class_region,0,57,57,1.0,0.296875,1.0
diabetes,3,645,class_region,0,57,57,1.0,0.296875,1.0
diabetes,4,11,class_region,0,67,67,1.0,0.3489583333333333,1.0
diabetes,4,19,class_region,0,67,67,1.0,0.3489583333333333,1.0
diabetes,4,46,class_region,0,67,67,1.0,0.3489583333333333,1.0
diabetes,4,48,class_region,1,125,125,1.0,0.6510416666666666,1.0
diabetes,4,83,class_region,1,125,125,1.0,0.6510416666666666,1.0
diabetes,4,119,class_region,1,125,125,1.0,0.6510416666666666,1.0
diabetes,4,160,class_region,0,67,67,1.0,0.3489583333333333,1.0
diabetes,4,175,class_region,0,67,67,1.0,0.3489583333333333,1.0
diabetes,4,277,class_region,1,125,125,1.0,0.6510416666666666,1.0
diabetes,4,287,class_region,0,67,67,1.0,0.3489583333333333,1.0
diabetes,4,331,class_region,1,125,125,1.0,0.6510416666666666,1.0
diabetes,4,351,class_region,1,125,125,1.0,0.6510416666666666,1.0
diabetes,4,475,class_region,0,67,67,1.0,0.3489583333333333,1.0
diabetes,4,539,class_region,0,67,67,1.0,0.3489583333333333,1.0
diabetes,4,562,class_region,1,125,125,1.0,0.6510416666666666,1.0
diabetes,4,621,class_region,1,125,125,1.0,0.6510416666666666,1.0
diabetes,4,704,class_region,1,125,125,1.0,0.6510416666666666,1.0
diabetes,4,708,class_region,0,67,67,1.0,0.3489583333333333,1.0
diabetes,4,751,class_region,1,125,125,1.0,0.6510416666666666,1.0
diabetes,4,756,class_region,0,67,67,1.0,0.3489583333333333,1.0
ionosphere,0,3,class_region,1,61,61,1.0,0.6931818181818182,1.0
ionosphere,0,16,class_region,1,61,61,1.0,0.6931818181818182,1.0
ionosphere,0,24,class_region,1,61,61,1.0,0.6931818181818182,1.0
ionosphere,0,36,class_region,1,61,61,1.0,0.6931818181818182,1.0
ionosphere,0,88,class_region,1,61,61,1.0,0.6931818181818182,1.0
ionosphere,0,104,class_region,0,27,27,1.0,0.3068181818181818,1.0
ionosphere,0,128,class_region,0,27,27,1.0,0.3068181818181818,1.0
ionosphere,0,131,class_region,1,61,61,1.0,0.6931818181818182,1.0
ionosphere,0,148,class_region,1,61,61,1.0,0.6931818181818182,1.0
ionosphere,0,163,class_region,1,61,61,1.0,0.6931818181818182,1.0
ionosphere,0,169,class_region,1,61,61,1.0,0.6931818181818182,1.0
ionosphere,0,180,class_region,0,27,27,1.0,0.3068181818181818,1.0
ionosphere,0,214,class_region,0,27,27,1.0,0.3068181818181818,1.0
ionosphere,0,217,class_region,1,61,61,1.0,0.6931818181818182,1.0
ionosphere,0,239,class_region,1,61,61,1.0,0.6931818181818182,1.0
ionosphere,0,273,class_region,1,61,61,1.0,0.6931818181818182,1.0
ionosphere,0,306,class_region,1,61,61,1.0,0.6931818181818182,1.0
ionosphere,0,319,class_region,1,61,61,1.0,0.6931818181818182,1.0
ionosphere,1,20,class_region,1,65,65,1.0,0.7386363636363636,1.0
ionosphere,1,57,class_region,0,23,23,1.0,0.26136363636363635,1.0
ionosphere,1,67,class_region,0,23,23,1.0,0.26136363636363635,1.0
ionosphere,1,94,class_region,1,65,65,1.0,0.7386363636363636,1.0
ionosphere,1,135,class_region,1,65,65,1.0,0.7386363636363636,1.0
ionosphere,1,184,class_region,0,23,23,1.0,0.26136363636363635,1.0
ionosphere,1,187,class_region,1,65,65,1.0,0.7386363636363636,1.0
ionosphere,1,191,class_region,0,23,23,1.0,0.26136363636363635,1.0
ionosphere,1,204,class_region,0,23,23,1.0,0.26136363636363635,1.0
ionosphere,1,222,class_region,0,23,23,1.0,0.26136363636363635,1.0
ionosphere,1,226,class_region,0,23,23,1.0,0.26136363636363635,1.0
ionosphere,1,239,class_region,1,65,65,1.0,0.7386363636363636,1.0
ionosphere,1,246,class_region,1,65,65,1.0,0.7386363636363636,1.0
ionosphere,1,262,class_region,1,65,65,1.0,0.7386363636363636,1.0
ionosphere,1,296,class_region,1,65,65,1.0,0.7386363636363636,1.0
ionosphere,1,312,class_region,1,65,65,1.0,0.7386363636363636,1.0
ionosphere,1,341,class_region,1,65,65,1.0,0.7386363636363636,1.0
ionosphere,1,342,class_region,1,65,65,1.0,0.7386363636363636,1.0
ionosphere,2,6,class_region,1,66,66,1.0,0.75,1.0
ionosphere,2,14,class_region,1,66,66,1.0,0.75,1.0
ionosphere,2,39,class_region,1,66,66,1.0,0.75,1.0
ionosphere,2,42,class_region,1,66,66,1.0,0.75,1.0
ionosphere,2,52,class_region,1,66,66,1.0,0.75,1.0
ionosphere,2,65,class_region,1,66,66,1.0,0.75,1.0
ionosphere,2,91,class_region,0,22,22,1.0,0.25,1.0
ionosphere,2,92,class_region,1,66,66,1.0,0.75,1.0
ionosphere,2,128,class_region,0,22,22,1.0,0.25,1.0
ionosphere,2,154,class_region,0,22,22,1.0,0.25,1.0
ionosphere,2,171,class_region,1,66,66,1.0,0.75,1.0
ionosphere,2,204,class_region,0,22,22,1.0,0.25,1.0
ionosphere,2,209,class_region,1,66,66,1.0,0.75,1.0
ionosphere,2,251,class_region,1,66,66,1.0,0.75,1.0
ionosphere,2,255,class_region,1,66,66,1.0,0.75,1.0
ionosphere,2,260,class_region,1,66,66,1.0,0.75,1.0
ionosphere,2,293,class_region,1,66,66,1.0,0.75,1.0
ionosphere,2,340,class_region,1,66,66,1.0,0.75,1.0
ionosphere,3,4,class_region,1,64,64,1.0,0.7272727272727273,1.0
ionosphere,3,5,class_region,0,24,24,1.0,0.2727272727272727,1.0
ionosphere,3,7,class_region,0,24,24,1.0,0.2727272727272727,1.0
ionosphere,3,25,class_region,1,64,64,1.0,0.7272727272727273,1.0
ionosphere,3,63,class_region,0,24,24,1.0,0.2727272727272727,1.0
ionosphere,3,95,class_region,1,64,64,1.0,0.7272727272727273,1.0
ionosphere,3,107,class_region,1,64,64,1.0,0.7272727272727273,1.0
ionosphere,3,141,class_region,1,64,64,1.0,0.7272727272727273,1.0
ionosphere,3,157,class_region,1,64,64,1.0,0.7272727272727273,1.0
ionosphere,3,188,class_region,0,24,24,1.0,0.2727272727272727,1.0
ionosphere,3,193,class_region,1,64,64,1.0,0.7272727272727273,1.0
ionosphere,3,199,class_region,1,64,64,1.0,0.7272727272727273,1.0
ionosphere,3,246,class_region,0,24,24,1.0,0.2727272727272727,1.0
ionosphere,3,294,class_region,0,24,24,1.0,0.2727272727272727,1.0
ionosphere,3,297,class_region,1,64,64,1.0,0.7272727272727273,1.0
ionosphere,3,299,class_region,1,64,64,1.0,0.7272727272727273,1.0
ionosphere,3,303,class_region,1,64,64,1.0,0.7272727272727273,1.0
ionosphere,3,306,class_region,1,64,64,1.0,0.7272727272727273,1.0
ionosphere,4,18,class_region,1,60,60,1.0,0.6818181818181818,1.0
ionosphere,4,45,class_region,0,28,28,1.0,0.3181818181818182,1.0
ionosphere,4,46,class_region,1,60,60,1.0,0.6818181818181818,1.0
ionosphere,4,75,class_region,1,60,60,1.0,0.6818181818181818,1.0
ionosphere,4,106,class_region,0,28,28,1.0,0.3181818181818182,1.0
ionosphere,4,149,class_region,1,60,60,1.0,0.6818181818181818,1.0
ionosphere,4,150,class_region,0,28,28,1.0,0.3181818181818182,1.0
ionosphere,4,154,class_region,0,28,28,1.0,0.3181818181818182,1.0
ionosphere,4,184,class_region,0,28,28,1.0,0.3181818181818182,1.0
ionosphere,4,191,class_region,0,28,28,1.0,0.3181818181818182,1.0
ionosphere,4,205,class_region,1,60,60,1.0,0.6818181818181818,1.0
ionosphere,4,235,class_region,1,60,60,1.0,0.6818181818181818,1.0
ionosphere,4,248,class_region,0,28,28,1.0,0.3181818181818182,1.0
ionosphere,4,265,class_region,1,60,60,1.0,0.6818181818181818,1.0
ionosphere,4,279,class_region,1,60,60,1.0,0.6818181818181818,1.0
ionosphere,4,285,class_region,1,60,60,1.0,0.6818181818181818,1.0
ionosphere,4,317,class_region,1,60,60,1.0,0.6818181818181818,1.0
ionosphere,4,346,class_region,1,60,60,1.0,0.6818181818181818,1.0
sonar,0,6,class_region,1,33,33,1.0,0.6346153846153846,1.0
sonar,0,18,class_region,0,19,19,1.0,0.36538461538461536,1.0
sonar,0,63,class_region,0,19,19,1.0,0.36538461538461536,1.0
sonar,0,66,class_region,0,19,19,1.0,0.36538461538461536,1.0
sonar,0,84,class_region,1,33,33,1.0,0.6346153846153846,1.0
sonar,0,108,class_region,1,33,33,1.0,0.6346153846153846,1.0
sonar,0,113,class_region,1,33,33,1.0,0.6346153846153846,1.0
sonar,0,117,class_region,1,33,33,1.0,0.6346153846153846,1.0
sonar,0,176,class_region,1,33,33,1.0,0.6346153846153846,1.0
sonar,0,181,class_region,1,33,33,1.0,0.6346153846153846,1.0
sonar,0,206,class_region,1,33,33,1.0,0.6346153846153846,1.0
sonar,1,3,class_region,0,22,22,1.0,0.4230769230769231,1.0
sonar,1,10,class_region,0,22,22,1.0,0.4230769230769231,1.0
sonar,1,34,class_region,0,22,22,1.0,0.4230769230769231,1.0
sonar,1,58,class_region,0,22,22,1.0,0.4230769230769231,1.0
sonar,1,87,class_region,0,22,22,1.0,0.4230769230769231,1.0
sonar,1,107,class_region,1,30,30,1.0,0.5769230769230769,1.0
sonar,1,112,class_region,1,30,30,1.0,0.5769230769230769,1.0
sonar,1,154,class_region,0,22,22,1.0,0.4230769230769231,1.0
sonar,1,170,class_region,1,30,30,1.0,0.5769230769230769,1.0
sonar,1,175,class_region,1,30,30,1.0,0.5769230769230769,1.0
sonar,1,179,class_region,1,30,30,1.0,0.5769230769230769,1.0
sonar,2,14,class_region,0,21,21,1.0,0.40384615384615385,1.0
sonar,2,26,class_region,0,21,21,1.0,0.40384615384615385,1.0
sonar,2,35,class_region,1,31,31,1.0,0.5961538461538461,1.0
sonar,2,47,class_region,1,31,31,1.0,0.5961538461538461,1.0
sonar,2,49,class_region,1,31,31,1.0,0.5961538461538461,1.0
sonar,2,98,class_region,1,31,31,1.0,0.5961538461538461,1.0
sonar,2,129,class_region,1,31,31,1.0,0.5961538461538461,1.0
sonar,2,148,class_region,1,31,31,1.0,0.5961538461538461,1.0
sonar,2,165,class_region,0,21,21,1.0,0.40384615384615385,1.0
sonar,2,187,class_region,1,31,31,1.0,0.5961538461538461,1.0
sonar,2,193,class_region,1,31,31,1.0,0.5961538461538461,1.0
sonar,3,15,class_region,0,27,27,1.0,0.5192307692307693,1.0
sonar,3,17,class_region,1,25,25,1.0,0.4807692307692308,1.0
sonar,3,25,class_region,0,27,27,1.0,0.5192307692307693,1.0
sonar,3,36,class_region,0,27,27,1.0,0.5192307692307693,1.0
sonar,3,75,class_region,0,27,27,1.0,0.5192307692307693,1.0
sonar,3,106,class_region,0,27,27,1.0,0.5192307692307693,1.0
sonar,3,113,class_region,1,25,25,1.0,0.4807692307692308,1.0
sonar,3,121,class_region,1,25,25,1.0,0.4807692307692308,1.0
sonar,3,142,class_region,1,25,25,1.0,0.4807692307692308,1.0
sonar,3,165,class_region,0,27,27,1.0,0.5192307692307693,1.0
sonar,3,202,class_region,1,25,25,1.0,0.4807692307692308,1.0
sonar,4,1,class_region,0,14,14,1.0,0.2692307692307692,1.0
sonar,4,34,class_region,0,14,14,1.0,0.2692307692307692,1.0
sonar,4,55,class_region,1,38,38,1.0,0.7307692307692307,1.0
sonar,4,71,class_region,0,14,14,1.0,0.2692307692307692,1.0
sonar,4,91,class_region,0,14,14,1.0,0.2692307692307692,1.0
sonar,4,114,class_region,1,38,38,1.0,0.7307692307692307,1.0
sonar,4,135,class_region,1,38,38,1.0,0.7307692307692307,1.0
sonar,4,138,class_region,1,38,38,1.0,0.7307692307692307,1.0
sonar,4,154,class_region,0,14,14,1.0,0.2692307692307692,1.0
sonar,4,177,class_region,1,38,38,1.0,0.7307692307692307,1.0
sonar,4,204,class_region,1,38,38,1.0,0.7307692307692307,1.0
iris,0,4,complete_cell,0,0,0,,0.0,0.0
iris,0,38,complete_cell,0,1,1,1.0,0.04,1.0
iris,0,66,complete_cell,1,0,0,,0.0,0.0
iris,0,76,complete_cell,1,0,0,,0.0,0.0
iris,0,80,complete_cell,1,0,0,,0.0,0.0
iris,1,31,complete_cell,0,1,1,1.0,0.04,1.0
iris,1,34,complete_cell,0,0,0,,0.0,0.0
iris,1,37,complete_cell,0,0,0,,0.0,0.0
iris,1,79,complete_cell,1,0,0,,0.0,0.0
iris,1,92,complete_cell,1,0,0,,0.0,0.0
iris,2,4,complete_cell,0,0,0,,0.0,0.0
iris,2,25,complete_cell,0,0,0,,0.0,0.0
iris,2,26,complete_cell,0,0,0,,0.0,0.0
iris,2,54,complete_cell,1,2,2,1.0,0.08,1.0
iris,2,67,complete_cell,1,0,0,,0.0,0.0
iris,3,26,complete_cell,1,0,0,,0.0,0.0
iris,3,36,complete_cell,0,0,0,,0.0,0.0
iris,3,54,complete_cell,1,1,1,1.0,0.04,1.0
iris,3,64,complete_cell,1,0,0,,0.0,0.0
iris,3,71,complete_cell,1,0,0,,0.0,0.0
iris,4,0,complete_cell,0,0,0,,0.0,0.0
iris,4,33,complete_cell,1,0,0,,0.0,0.0
iris,4,40,complete_cell,0,0,0,,0.0,0.0
iris,4,55,complete_cell,1,0,0,,0.0,0.0
iris,4,56,complete_cell,1,0,0,,0.0,0.0
wine,0,2,complete_cell,0,0,0,,0.0,0.0
wine,0,46,complete_cell,0,0,0,,0.0,0.0
wine,0,49,complete_cell,0,1,1,1.0,0.030303030303030304,1.0
wine,0,64,complete_cell,1,0,0,,0.0,0.0
wine,0,84,complete_cell,1,0,0,,0.0,0.0
wine,0,121,complete_cell,1,0,0,,0.0,0.0
wine,0,126,complete_cell,1,0,0,,0.0,0.0
wine,1,9,complete_cell,0,0,0,,0.0,0.0
wine,1,24,complete_cell,0,0,0,,0.0,0.0
wine,1,54,complete_cell,0,0,0,,0.0,0.0
wine,1,73,complete_cell,1,0,0,,0.0,0.0
wine,1,89,complete_cell,1,0,0,,0.0,0.0
wine,1,92,complete_cell,1,1,1,1.0,0.030303030303030304,1.0
wine,1,102,complete_cell,1,0,0,,0.0,0.0
wine,2,8,complete_cell,0,0,0,,0.0,0.0
wine,2,44,complete_cell,0,0,0,,0.0,0.0
wine,2,47,complete_cell,0,0,0,,0.0,0.0
wine,2,77,complete_cell,1,0,0,,0.0,0.0
wine,2,100,complete_cell,1,0,0,,0.0,0.0
wine,2,120,complete_cell,1,0,0,,0.0,0.0
wine,2,127,complete_cell,1,0,0,,0.0,0.0
wine,3,17,complete_cell,0,0,0,,0.0,0.0
wine,3,25,complete_cell,1,0,0,,0.0,0.0
wine,3,42,complete_cell,0,0,0,,0.0,0.0
wine,3,77,complete_cell,1,0,0,,0.0,0.0
wine,3,81,complete_cell,0,0,0,,0.0,0.0
wine,3,97,complete_cell,1,0,0,,0.0,0.0
wine,3,118,complete_cell,1,0,0,,0.0,0.0
wine,4,6,complete_cell,0,0,0,,0.0,0.0
wine,4,20,complete_cell,0,0,0,,0.0,0.0
wine,4,57,complete_cell,0,0,0,,0.0,0.0
wine,4,61,complete_cell,1,0,0,,0.0,0.0
wine,4,62,complete_cell,1,0,0,,0.0,0.0
wine,4,72,complete_cell,1,0,0,,0.0,0.0
wine,4,78,complete_cell,1,0,0,,0.0,0.0
breast_cancer,0,8,complete_cell,0,0,0,,0.0,0.0
breast_cancer,0,39,complete_cell,0,0,0,,0.0,0.0
breast_cancer,0,46,complete_cell,1,5,5,1.0,0.035211267605633804,1.0
breast_cancer,0,68,complete_cell,1,0,0,,0.0,0.0
breast_cancer,0,100,complete_cell,0,0,0,,0.0,0.0
breast_cancer,0,105,complete_cell,0,0,0,,0.0,0.0
breast_cancer,0,116,complete_cell,1,0,0,,0.0,0.0
breast_cancer,0,151,complete_cell,1,0,0,,0.0,0.0
breast_cancer,0,161,complete_cell,0,0,0,,0.0,0.0
breast_cancer,0,170,complete_cell,1,5,5,1.0,0.035211267605633804,1.0
breast_cancer,0,217,complete_cell,1,3,3,1.0,0.02112676056338028,1.0
breast_cancer,0,251,complete_cell,1,8,8,1.0,0.056338028169014086,1.0
breast_cancer,0,254,complete_cell,0,10,10,1.0,0.07042253521126761,1.0
breast_cancer,0,267,complete_cell,1,0,0,,0.0,0.0
breast_cancer,0,280,complete_cell,0,1,1,1.0,0.007042253521126761,1.0
breast_cancer,0,318,complete_cell,1,0,0,,0.0,0.0
breast_cancer,0,347,complete_cell,1,0,0,,0.0,0.0
breast_cancer,0,483,complete_cell,1,2,2,1.0,0.014084507042253521,1.0
breast_cancer,0,492,complete_cell,0,0,0,,0.0,0.0
breast_cancer,0,558,complete_cell,1,0,0,,0.0,0.0
breast_cancer,1,24,complete_cell,0,5,5,1.0,0.035211267605633804,1.0
breast_cancer,1,35,complete_cell,0,0,0,,0.0,0.0
breast_cancer,1,141,complete_cell,0,5,5,1.0,0.035211267605633804,1.0
breast_cancer,1,145,complete_cell,1,1,1,1.0,0.007042253521126761,1.0
breast_cancer,1,164,complete_cell,0,5,5,1.0,0.035211267605633804,1.0
breast_cancer,1,179,complete_cell,1,0,0,,0.0,0.0
breast_cancer,1,186,complete_cell,0,0,0,,0.0,0.0
breast_cancer,1,216,complete_cell,1,0,0,,0.0,0.0
breast_cancer,1,220,complete_cell,1,0,0,,0.0,0.0
breast_cancer,1,264,complete_cell,0,5,5,1.0,0.035211267605633804,1.0
breast_cancer,1,274,complete_cell,0,0,0,,0.0,0.0
breast_cancer,1,301,complete_cell,1,0,0,,0.0,0.0
breast_cancer,1,312,complete_cell,1,0,0,,0.0,0.0
breast_cancer,1,334,complete_cell,1,0,0,,0.0,0.0
breast_cancer,1,378,complete_cell,1,1,1,1.0,0.007042253521126761,1.0
breast_cancer,1,395,complete_cell,1,0,0,,0.0,0.0
breast_cancer,1,458,complete_cell,1,1,1,1.0,0.007042253521126761,1.0
breast_cancer,1,535,complete_cell,0,5,5,1.0,0.035211267605633804,1.0
breast_cancer,1,540,complete_cell,1,0,0,,0.0,0.0
breast_cancer,1,550,complete_cell,1,0,0,,0.0,0.0
breast_cancer,2,25,complete_cell,0,0,0,,0.0,0.0
breast_cancer,2,74,complete_cell,1,3,3,1.0,0.02112676056338028,1.0
breast_cancer,2,124,complete_cell,1,0,0,,0.0,0.0
breast_cancer,2,141,complete_cell,0,2,2,1.0,0.014084507042253521,1.0
breast_cancer,2,153,complete_cell,1,4,4,1.0,0.028169014084507043,1.0
breast_cancer,2,175,complete_cell,1,2,2,1.0,0.014084507042253521,1.0
breast_cancer,2,237,complete_cell,0,4,4,1.0,0.028169014084507043,1.0
breast_cancer,2,283,complete_cell,0,0,0,,0.0,0.0
breast_cancer,2,288,complete_cell,1,0,0,,0.0,0.0
breast_cancer,2,317,complete_cell,0,4,4,1.0,0.028169014084507043,1.0
breast_cancer,2,398,complete_cell,1,0,0,,0.0,0.0
breast_cancer,2,415,complete_cell,1,1,1,1.0,0.007042253521126761,1.0
breast_cancer,2,435,complete_cell,0,0,0,,0.0,0.0
breast_cancer,2,459,complete_cell,1,0,0,,0.0,0.0
breast_cancer,2,468,complete_cell,0,0,0,,0.0,0.0
breast_cancer,2,500,complete_cell,1,0,0,,0.0,0.0
breast_cancer,2,502,complete_cell,1,3,3,1.0,0.02112676056338028,1.0
breast_cancer,2,504,complete_cell,1,0,0,,0.0,0.0
breast_cancer,2,546,complete_cell,1,3,3,1.0,0.02112676056338028,1.0
breast_cancer,2,564,complete_cell,0,4,4,1.0,0.028169014084507043,1.0
breast_cancer,3,125,complete_cell,1,0,0,,0.0,0.0
breast_cancer,3,133,complete_cell,1,0,0,,0.0,0.0
breast_cancer,3,171,complete_cell,0,0,0,,0.0,0.0
breast_cancer,3,181,complete_cell,0,0,0,,0.0,0.0
breast_cancer,3,185,complete_cell,1,0,0,,0.0,0.0
breast_cancer,3,186,complete_cell,0,1,1,1.0,0.007042253521126761,1.0
breast_cancer,3,210,complete_cell,0,4,4,1.0,0.028169014084507043,1.0
breast_cancer,3,331,complete_cell,1,0,0,,0.0,0.0
breast_cancer,3,342,complete_cell,1,1,1,1.0,0.007042253521126761,1.0
breast_cancer,3,392,complete_cell,0,0,0,,0.0,0.0
breast_cancer,3,444,complete_cell,0,0,0,,0.0,0.0
breast_cancer,3,466,complete_cell,1,0,0,,0.0,0.0
breast_cancer,3,467,complete_cell,1,0,0,,0.0,0.0
breast_cancer,3,504,complete_cell,1,0,0,,0.0,0.0
breast_cancer,3,508,complete_cell,1,0,0,,0.0,0.0
breast_cancer,3,513,complete_cell,1,0,0,,0.0,0.0
breast_cancer,3,529,complete_cell,1,0,0,,0.0,0.0
breast_cancer,3,553,complete_cell,1,2,2,1.0,0.014084507042253521,1.0
breast_cancer,3,563,complete_cell,0,3,3,1.0,0.02112676056338028,1.0
breast_cancer,3,566,complete_cell,0,0,0,,0.0,0.0
breast_cancer,4,26,complete_cell,0,0,0,,0.0,0.0
breast_cancer,4,88,complete_cell,1,0,0,,0.0,0.0
breast_cancer,4,98,complete_cell,1,4,4,1.0,0.028169014084507043,1.0
breast_cancer,4,100,complete_cell,0,0,0,,0.0,0.0
breast_cancer,4,117,complete_cell,0,0,0,,0.0,0.0
breast_cancer,4,142,complete_cell,1,0,0,,0.0,0.0
breast_cancer,4,200,complete_cell,1,0,0,,0.0,0.0
breast_cancer,4,204,complete_cell,1,0,0,,0.0,0.0
breast_cancer,4,215,complete_cell,1,0,0,,0.0,0.0
breast_cancer,4,265,complete_cell,0,6,6,1.0,0.04225352112676056,1.0
breast_cancer,4,266,complete_cell,1,2,2,1.0,0.014084507042253521,1.0
breast_cancer,4,287,complete_cell,1,2,2,1.0,0.014084507042253521,1.0
breast_cancer,4,327,complete_cell,1,2,2,1.0,0.014084507042253521,1.0
breast_cancer,4,366,complete_cell,0,1,1,1.0,0.007042253521126761,1.0
breast_cancer,4,382,complete_cell,1,0,0,,0.0,0.0
breast_cancer,4,409,complete_cell,1,0,0,,0.0,0.0
breast_cancer,4,469,complete_cell,1,0,0,,0.0,0.0
breast_cancer,4,476,complete_cell,1,0,0,,0.0,0.0
breast_cancer,4,503,complete_cell,0,1,1,1.0,0.007042253521126761,1.0
breast_cancer,4,562,complete_cell,0,0,0,,0.0,0.0
digits-35,0,1,complete_cell,1,0,0,,0.0,0.0
digits-35,0,14,complete_cell,1,0,0,,0.0,0.0
digits-35,0,105,complete_cell,1,0,0,,0.0,0.0
digits-35,0,134,complete_cell,0,0,0,,0.0,0.0
digits-35,0,136,complete_cell,0,0,0,,0.0,0.0
digits-35,0,145,complete_cell,1,1,1,1.0,0.01098901098901099,1.0
digits-35,0,166,complete_cell,1,0,0,,0.0,0.0
digits-35,0,189,complete_cell,0,0,0,,0.0,0.0
digits-35,0,206,complete_cell,0,0,0,,0.0,0.0
digits-35,0,216,complete_cell,0,0,0,,0.0,0.0
digits-35,0,217,complete_cell,0,0,0,,0.0,0.0
digits-35,0,221,complete_cell,1,1,1,1.0,0.01098901098901099,1.0
digits-35,0,223,complete_cell,1,0,0,,0.0,0.0
digits-35,0,237,complete_cell,1,0,0,,0.0,0.0
digits-35,0,241,complete_cell,0,0,0,,0.0,0.0
digits-35,0,321,complete_cell,0,0,0,,0.0,0.0
digits-35,0,341,complete_cell,1,0,0,,0.0,0.0
digits-35,0,343,complete_cell,1,0,0,,0.0,0.0
digits-35,0,356,complete_cell,1,0,0,,0.0,0.0
digits-35,1,45,complete_cell,1,0,0,,0.0,0.0
digits-35,1,50,complete_cell,0,0,0,,0.0,0.0
digits-35,1,66,complete_cell,1,0,0,,0.0,0.0
digits-35,1,94,complete_cell,0,0,0,,0.0,0.0
digits-35,1,107,complete_cell,1,0,0,,0.0,0.0
digits-35,1,159,complete_cell,1,0,0,,0.0,0.0
digits-35,1,160,complete_cell,0,0,0,,0.0,0.0
digits-35,1,163,complete_cell,0,0,0,,0.0,0.0
digits-35,1,228,complete_cell,1,0,0,,0.0,0.0
digits-35,1,242,complete_cell,0,0,0,,0.0,0.0
digits-35,1,244,complete_cell,1,0,0,,0.0,0.0
digits-35,1,256,complete_cell,0,0,0,,0.0,0.0
digits-35,1,266,complete_cell,0,0,0,,0.0,0.0
digits-35,1,272,complete_cell,1,0,0,,0.0,0.0
digits-35,1,277,complete_cell,0,0,0,,0.0,0.0
digits-35,1,283,complete_cell,1,0,0,,0.0,0.0
digits-35,1,296,complete_cell,1,0,0,,0.0,0.0
digits-35,1,340,complete_cell,0,0,0,,0.0,0.0
digits-35,1,349,complete_cell,0,1,1,1.0,0.01098901098901099,1.0
digits-35,2,3,complete_cell,0,1,1,1.0,0.01098901098901099,1.0
digits-35,2,27,complete_cell,0,0,0,,0.0,0.0
digits-35,2,28,complete_cell,1,0,0,,0.0,0.0
digits-35,2,37,complete_cell,1,4,4,1.0,0.04395604395604396,1.0
digits-35,2,69,complete_cell,1,4,4,1.0,0.04395604395604396,1.0
digits-35,2,92,complete_cell,1,0,0,,0.0,0.0
digits-35,2,99,complete_cell,1,0,0,,0.0,0.0
digits-35,2,128,complete_cell,0,2,2,1.0,0.02197802197802198,1.0
digits-35,2,141,complete_cell,0,0,0,,0.0,0.0
digits-35,2,146,complete_cell,0,0,0,,0.0,0.0
digits-35,2,151,complete_cell,1,0,0,,0.0,0.0
digits-35,2,192,complete_cell,1,0,0,,0.0,0.0
digits-35,2,195,complete_cell,1,0,0,,0.0,0.0
digits-35,2,224,complete_cell,0,0,0,,0.0,0.0
digits-35,2,248,complete_cell,1,0,0,,0.0,0.0
digits-35,2,251,complete_cell,0,0,0,,0.0,0.0
digits-35,2,271,complete_cell,0,0,0,,0.0,0.0
digits-35,2,315,complete_cell,1,0,0,,0.0,0.0
digits-35,2,316,complete_cell,0,0,0,,0.0,0.0
digits-35,3,30,complete_cell,1,0,0,,0.0,0.0
digits-35,3,65,complete_cell,1,0,0,,0.0,0.0
digits-35,3,86,complete_cell,0,0,0,,0.0,0.0
digits-35,3,103,complete_cell,0,3,3,1.0,0.03296703296703297,1.0
digits-35,3,104,complete_cell,0,0,0,,0.0,0.0
digits-35,3,106,complete_cell,0,0,0,,0.0,0.0
digits-35,3,174,complete_cell,1,0,0,,0.0,0.0
digits-35,3,190,complete_cell,0,0,0,,0.0,0.0
digits-35,3,194,complete_cell,1,0,0,,0.0,0.0
digits-35,3,205,complete_cell,1,0,0,,0.0,0.0
digits-35,3,211,complete_cell,1,0,0,,0.0,0.0
digits-35,3,216,complete_cell,0,3,3,1.0,0.03296703296703297,1.0
digits-35,3,232,complete_cell,0,0,0,,0.0,0.0
digits-35,3,282,complete_cell,0,0,0,,0.0,0.0
digits-35,3,297,complete_cell,0,0,0,,0.0,0.0
digits-35,3,305,complete_cell,1,0,0,,0.0,0.0
digits-35,3,309,complete_cell,1,0,0,,0.0,0.0
digits-35,3,321,complete_cell,0,3,3,1.0,0.03296703296703297,1.0
digits-35,3,358,complete_cell,1,1,1,1.0,0.01098901098901099,1.0
digits-35,4,75,complete_cell,0,0,0,,0.0,0.0
digits-35,4,78,complete_cell,1,2,2,1.0,0.02197802197802198,1.0
digits-35,4,84,complete_cell,0,0,0,,0.0,0.0
digits-35,4,106,complete_cell,0,0,0,,0.0,0.0
digits-35,4,125,complete_cell,1,0,0,,0.0,0.0
digits-35,4,131,complete_cell,1,1,1,1.0,0.01098901098901099,1.0
digits-35,4,133,complete_cell,1,0,0,,0.0,0.0
digits-35,4,154,complete_cell,0,0,0,,0.0,0.0
digits-35,4,156,complete_cell,0,0,0,,0.0,0.0
digits-35,4,177,complete_cell,1,2,2,1.0,0.02197802197802198,1.0
digits-35,4,184,complete_cell,0,0,0,,0.0,0.0
digits-35,4,190,complete_cell,0,0,0,,0.0,0.0
digits-35,4,208,complete_cell,0,0,0,,0.0,0.0
digits-35,4,236,complete_cell,0,0,0,,0.0,0.0
digits-35,4,243,complete_cell,0,0,0,,0.0,0.0
digits-35,4,257,complete_cell,1,0,0,,0.0,0.0
digits-35,4,339,complete_cell,1,0,0,,0.0,0.0
digits-35,4,351,complete_cell,1,0,0,,0.0,0.0
digits-35,4,357,complete_cell,1,2,2,1.0,0.02197802197802198,1.0
synthetic_d8,0,23,complete_cell,1,0,0,,0.0,0.0
synthetic_d8,0,28,complete_cell,1,0,0,,0.0,0.0
synthetic_d8,0,39,complete_cell,1,0,0,,0.0,0.0
synthetic_d8,0,41,complete_cell,0,0,0,,0.0,0.0
synthetic_d8,0,54,complete_cell,0,0,0,,0.0,0.0
synthetic_d8,0,72,complete_cell,0,0,0,,0.0,0.0
synthetic_d8,0,94,complete_cell,0,0,0,,0.0,0.0
synthetic_d8,0,102,complete_cell,0,1,1,1.0,0.008,1.0
synthetic_d8,0,103,complete_cell,0,0,0,,0.0,0.0
synthetic_d8,0,106,complete_cell,1,0,0,,0.0,0.0
synthetic_d8,0,114,complete_cell,1,0,0,,0.0,0.0
synthetic_d8,0,199,complete_cell,1,0,0,,0.0,0.0
synthetic_d8,0,200,complete_cell,1,0,0,,0.0,0.0
synthetic_d8,0,312,complete_cell,1,0,0,,0.0,0.0
synthetic_d8,0,339,complete_cell,0,0,0,,0.0,0.0
synthetic_d8,0,348,complete_cell,1,0,0,,0.0,0.0
synthetic_d8,0,378,complete_cell,0,0,0,,0.0,0.0
synthetic_d8,0,421,complete_cell,0,0,0,,0.0,0.0
synthetic_d8,0,425,complete_cell,1,0,0,,0.0,0.0
synthetic_d8,0,471,complete_cell,0,0,0,,0.0,0.0
synthetic_d8,1,16,complete_cell,1,0,0,,0.0,0.0
synthetic_d8,1,24,complete_cell,0,0,0,,0.0,0.0
synthetic_d8,1,60,complete_cell,1,0,0,,0.0,0.0
synthetic_d8,1,87,complete_cell,1,0,0,,0.0,0.0
synthetic_d8,1,90,complete_cell,0,0,0,,0.0,0.0
synthetic_d8,1,95,complete_cell,0,0,0,,0.0,0.0
synthetic_d8,1,96,complete_cell,0,0,0,,0.0,0.0
synthetic_d8,1,124,complete_cell,1,0,0,,0.0,0.0
synthetic_d8,1,200,complete_cell,1,0,0,,0.0,0.0
synthetic_d8,1,251,complete_cell,0,1,1,1.0,0.008,1.0
synthetic_d8,1,268,complete_cell,1,0,0,,0.0,0.0
synthetic_d8,1,303,complete_cell,0,0,0,,0.0,0.0
synthetic_d8,1,324,complete_cell,0,0,0,,0.0,0.0
synthetic_d8,1,382,complete_cell,1,0,0,,0.0,0.0
synthetic_d8,1,389,complete_cell,0,0,0,,0.0,0.0
synthetic_d8,1,401,complete_cell,0,0,0,,0.0,0.0
synthetic_d8,1,454,complete_cell,0,0,0,,0.0,0.0
synthetic_d8,1,458,complete_cell,1,0,0,,0.0,0.0
synthetic_d8,1,479,complete_cell,0,0,0,,0.0,0.0
synthetic_d8,1,498,complete_cell,1,0,0,,0.0,0.0
synthetic_d8,2,0,complete_cell,0,0,0,,0.0,0.0
synthetic_d8,2,16,complete_cell,1,0,0,,0.0,0.0
synthetic_d8,2,39,complete_cell,1,0,0,,0.0,0.0
synthetic_d8,2,40,complete_cell,1,0,0,,0.0,0.0
synthetic_d8,2,83,complete_cell,1,0,0,,0.0,0.0
synthetic_d8,2,95,complete_cell,0,0,0,,0.0,0.0
synthetic_d8,2,128,complete_cell,1,0,0,,0.0,0.0
synthetic_d8,2,151,complete_cell,1,0,0,,0.0,0.0
synthetic_d8,2,163,complete_cell,1,0,0,,0.0,0.0
synthetic_d8,2,173,complete_cell,0,0,0,,0.0,0.0
synthetic_d8,2,224,complete_cell,0,1,1,1.0,0.008,1.0
synthetic_d8,2,312,complete_cell,1,0,0,,0.0,0.0
synthetic_d8,2,363,complete_cell,1,0,0,,0.0,0.0
synthetic_d8,2,381,complete_cell,1,0,0,,0.0,0.0
synthetic_d8,2,407,complete_cell,0,0,0,,0.0,0.0
synthetic_d8,2,433,complete_cell,0,0,0,,0.0,0.0
synthetic_d8,2,440,complete_cell,0,0,0,,0.0,0.0
synthetic_d8,2,445,complete_cell,0,0,0,,0.0,0.0
synthetic_d8,2,454,complete_cell,0,0,0,,0.0,0.0
synthetic_d8,2,489,complete_cell,0,0,0,,0.0,0.0
synthetic_d8,3,0,complete_cell,0,0,0,,0.0,0.0
synthetic_d8,3,45,complete_cell,1,0,0,,0.0,0.0
synthetic_d8,3,67,complete_cell,0,0,0,,0.0,0.0
synthetic_d8,3,97,complete_cell,1,0,0,,0.0,0.0
synthetic_d8,3,128,complete_cell,1,0,0,,0.0,0.0
synthetic_d8,3,131,complete_cell,1,0,0,,0.0,0.0
synthetic_d8,3,140,complete_cell,0,0,0,,0.0,0.0
synthetic_d8,3,191,complete_cell,1,0,0,,0.0,0.0
synthetic_d8,3,218,complete_cell,1,0,0,,0.0,0.0
synthetic_d8,3,232,complete_cell,1,0,0,,0.0,0.0
synthetic_d8,3,276,complete_cell,1,0,0,,0.0,0.0
synthetic_d8,3,278,complete_cell,0,0,0,,0.0,0.0
synthetic_d8,3,294,complete_cell,0,0,0,,0.0,0.0
synthetic_d8,3,314,complete_cell,0,0,0,,0.0,0.0
synthetic_d8,3,354,complete_cell,1,0,0,,0.0,0.0
synthetic_d8,3,359,complete_cell,0,0,0,,0.0,0.0
synthetic_d8,3,381,complete_cell,0,0,0,,0.0,0.0
synthetic_d8,3,394,complete_cell,1,0,0,,0.0,0.0
synthetic_d8,3,399,complete_cell,1,0,0,,0.0,0.0
synthetic_d8,3,400,complete_cell,1,0,0,,0.0,0.0
synthetic_d8,4,24,complete_cell,0,0,0,,0.0,0.0
synthetic_d8,4,35,complete_cell,0,0,0,,0.0,0.0
synthetic_d8,4,43,complete_cell,0,0,0,,0.0,0.0
synthetic_d8,4,44,complete_cell,1,1,1,1.0,0.008,1.0
synthetic_d8,4,110,complete_cell,1,0,0,,0.0,0.0
synthetic_d8,4,117,complete_cell,0,0,0,,0.0,0.0
synthetic_d8,4,119,complete_cell,0,1,1,1.0,0.008,1.0
synthetic_d8,4,129,complete_cell,0,0,0,,0.0,0.0
synthetic_d8,4,134,complete_cell,1,0,0,,0.0,0.0
synthetic_d8,4,182,complete_cell,1,0,0,,0.0,0.0
synthetic_d8,4,191,complete_cell,1,0,0,,0.0,0.0
synthetic_d8,4,247,complete_cell,1,0,0,,0.0,0.0
synthetic_d8,4,257,complete_cell,1,0,0,,0.0,0.0
synthetic_d8,4,292,complete_cell,1,0,0,,0.0,0.0
synthetic_d8,4,297,complete_cell,1,0,0,,0.0,0.0
synthetic_d8,4,324,complete_cell,0,0,0,,0.0,0.0
synthetic_d8,4,326,complete_cell,0,0,0,,0.0,0.0
synthetic_d8,4,350,complete_cell,1,0,0,,0.0,0.0
synthetic_d8,4,361,complete_cell,1,0,0,,0.0,0.0
synthetic_d8,4,459,complete_cell,0,0,0,,0.0,0.0
synthetic_d20,0,1,complete_cell,0,1,1,1.0,0.005,1.0
synthetic_d20,0,7,complete_cell,1,0,0,,0.0,0.0
synthetic_d20,0,20,complete_cell,0,0,0,,0.0,0.0
synthetic_d20,0,24,complete_cell,0,0,0,,0.0,0.0
synthetic_d20,0,32,complete_cell,1,0,0,,0.0,0.0
synthetic_d20,0,61,complete_cell,1,0,0,,0.0,0.0
synthetic_d20,0,107,complete_cell,1,0,0,,0.0,0.0
synthetic_d20,0,173,complete_cell,0,0,0,,0.0,0.0
synthetic_d20,0,192,complete_cell,1,0,0,,0.0,0.0
synthetic_d20,0,410,complete_cell,0,0,0,,0.0,0.0
synthetic_d20,0,420,complete_cell,0,0,0,,0.0,0.0
synthetic_d20,0,459,complete_cell,1,0,0,,0.0,0.0
synthetic_d20,0,510,complete_cell,1,0,0,,0.0,0.0
synthetic_d20,0,524,complete_cell,0,0,0,,0.0,0.0
synthetic_d20,0,607,complete_cell,0,0,0,,0.0,0.0
synthetic_d20,0,608,complete_cell,0,0,0,,0.0,0.0
synthetic_d20,0,623,complete_cell,0,0,0,,0.0,0.0
synthetic_d20,0,666,complete_cell,1,0,0,,0.0,0.0
synthetic_d20,0,727,complete_cell,1,0,0,,0.0,0.0
synthetic_d20,0,729,complete_cell,1,0,0,,0.0,0.0
synthetic_d20,1,56,complete_cell,1,0,0,,0.0,0.0
synthetic_d20,1,226,complete_cell,1,0,0,,0.0,0.0
synthetic_d20,1,241,complete_cell,1,1,1,1.0,0.005,1.0
synthetic_d20,1,242,complete_cell,1,0,0,,0.0,0.0
synthetic_d20,1,254,complete_cell,1,0,0,,0.0,0.0
synthetic_d20,1,256,complete_cell,0,0,0,,0.0,0.0
synthetic_d20,1,263,complete_cell,0,0,0,,0.0,0.0
synthetic_d20,1,374,complete_cell,0,0,0,,0.0,0.0
synthetic_d20,1,381,complete_cell,1,0,0,,0.0,0.0
synthetic_d20,1,393,complete_cell,1,0,0,,0.0,0.0
synthetic_d20,1,408,complete_cell,1,1,1,1.0,0.005,1.0
synthetic_d20,1,417,complete_cell,0,0,0,,0.0,0.0
synthetic_d20,1,440,complete_cell,1,0,0,,0.0,0.0
synthetic_d20,1,454,complete_cell,0,0,0,,0.0,0.0
synthetic_d20,1,462,complete_cell,0,0,0,,0.0,0.0
synthetic_d20,1,466,complete_cell,1,0,0,,0.0,0.0
synthetic_d20,1,562,complete_cell,1,0,0,,0.0,0.0
synthetic_d20,1,676,complete_cell,0,0,0,,0.0,0.0
synthetic_d20,1,724,complete_cell,1,0,0,,0.0,0.0
synthetic_d20,1,742,complete_cell,1,0,0,,0.0,0.0
synthetic_d20,2,30,complete_cell,0,0,0,,0.0,0.0
synthetic_d20,2,180,complete_cell,1,0,0,,0.0,0.0
synthetic_d20,2,239,complete_cell,1,0,0,,0.0,0.0
synthetic_d20,2,296,complete_cell,1,0,0,,0.0,0.0
synthetic_d20,2,316,complete_cell,0,0,0,,0.0,0.0
synthetic_d20,2,319,complete_cell,0,0,0,,0.0,0.0
synthetic_d20,2,380,complete_cell,0,0,0,,0.0,0.0
synthetic_d20,2,383,complete_cell,1,0,0,,0.0,0.0
synthetic_d20,2,420,complete_cell,0,0,0,,0.0,0.0
synthetic_d20,2,460,complete_cell,0,0,0,,0.0,0.0
synthetic_d20,2,475,complete_cell,0,0,0,,0.0,0.0
synthetic_d20,2,490,complete_cell,1,0,0,,0.0,0.0
synthetic_d20,2,513,complete_cell,0,0,0,,0.0,0.0
synthetic_d20,2,534,complete_cell,1,0,0,,0.0,0.0
synthetic_d20,2,649,complete_cell,1,0,0,,0.0,0.0
synthetic_d20,2,691,complete_cell,1,0,0,,0.0,0.0
synthetic_d20,2,717,complete_cell,0,0,0,,0.0,0.0
synthetic_d20,2,755,complete_cell,0,0,0,,0.0,0.0
synthetic_d20,2,769,complete_cell,0,0,0,,0.0,0.0
synthetic_d20,2,785,complete_cell,0,0,0,,0.0,0.0
synthetic_d20,3,88,complete_cell,0,0,0,,0.0,0.0
synthetic_d20,3,91,complete_cell,0,0,0,,0.0,0.0
synthetic_d20,3,118,complete_cell,1,0,0,,0.0,0.0
synthetic_d20,3,132,complete_cell,0,0,0,,0.0,0.0
synthetic_d20,3,157,complete_cell,1,0,0,,0.0,0.0
synthetic_d20,3,164,complete_cell,1,0,0,,0.0,0.0
synthetic_d20,3,172,complete_cell,0,0,0,,0.0,0.0
synthetic_d20,3,271,complete_cell,0,0,0,,0.0,0.0
synthetic_d20,3,341,complete_cell,0,0,0,,0.0,0.0
synthetic_d20,3,349,complete_cell,0,0,0,,0.0,0.0
synthetic_d20,3,376,complete_cell,1,0,0,,0.0,0.0
synthetic_d20,3,474,complete_cell,0,0,0,,0.0,0.0
synthetic_d20,3,514,complete_cell,1,0,0,,0.0,0.0
synthetic_d20,3,521,complete_cell,0,0,0,,0.0,0.0
synthetic_d20,3,534,complete_cell,1,0,0,,0.0,0.0
synthetic_d20,3,573,complete_cell,0,0,0,,0.0,0.0
synthetic_d20,3,612,complete_cell,0,0,0,,0.0,0.0
synthetic_d20,3,648,complete_cell,0,0,0,,0.0,0.0
synthetic_d20,3,671,complete_cell,1,0,0,,0.0,0.0
synthetic_d20,3,793,complete_cell,1,0,0,,0.0,0.0
synthetic_d20,4,33,complete_cell,1,0,0,,0.0,0.0
synthetic_d20,4,45,complete_cell,1,0,0,,0.0,0.0
synthetic_d20,4,47,complete_cell,0,0,0,,0.0,0.0
synthetic_d20,4,54,complete_cell,0,0,0,,0.0,0.0
synthetic_d20,4,90,complete_cell,0,0,0,,0.0,0.0
synthetic_d20,4,111,complete_cell,1,0,0,,0.0,0.0
synthetic_d20,4,221,complete_cell,1,0,0,,0.0,0.0
synthetic_d20,4,288,complete_cell,0,0,0,,0.0,0.0
synthetic_d20,4,316,complete_cell,0,0,0,,0.0,0.0
synthetic_d20,4,381,complete_cell,1,0,0,,0.0,0.0
synthetic_d20,4,448,complete_cell,0,0,0,,0.0,0.0
synthetic_d20,4,452,complete_cell,1,0,0,,0.0,0.0
synthetic_d20,4,485,complete_cell,0,0,0,,0.0,0.0
synthetic_d20,4,489,complete_cell,0,0,0,,0.0,0.0
synthetic_d20,4,520,complete_cell,1,0,0,,0.0,0.0
synthetic_d20,4,540,complete_cell,1,0,0,,0.0,0.0
synthetic_d20,4,583,complete_cell,1,0,0,,0.0,0.0
synthetic_d20,4,598,complete_cell,1,0,0,,0.0,0.0
synthetic_d20,4,629,complete_cell,1,0,0,,0.0,0.0
synthetic_d20,4,657,complete_cell,1,0,0,,0.0,0.0
synthetic_d50,0,29,complete_cell,0,0,0,,0.0,0.0
synthetic_d50,0,37,complete_cell,0,0,0,,0.0,0.0
synthetic_d50,0,82,complete_cell,0,0,0,,0.0,0.0
synthetic_d50,0,135,complete_cell,1,0,0,,0.0,0.0
synthetic_d50,0,181,complete_cell,0,0,0,,0.0,0.0
synthetic_d50,0,270,complete_cell,1,0,0,,0.0,0.0
synthetic_d50,0,278,complete_cell,0,0,0,,0.0,0.0
synthetic_d50,0,313,complete_cell,0,0,0,,0.0,0.0
synthetic_d50,0,357,complete_cell,0,0,0,,0.0,0.0
synthetic_d50,0,400,complete_cell,0,0,0,,0.0,0.0
synthetic_d50,0,407,complete_cell,1,0,0,,0.0,0.0
synthetic_d50,0,408,complete_cell,1,0,0,,0.0,0.0
synthetic_d50,0,410,complete_cell,0,0,0,,0.0,0.0
synthetic_d50,0,464,complete_cell,1,0,0,,0.0,0.0
synthetic_d50,0,495,complete_cell,1,0,0,,0.0,0.0
synthetic_d50,0,548,complete_cell,1,0,0,,0.0,0.0
synthetic_d50,0,551,complete_cell,0,0,0,,0.0,0.0
synthetic_d50,0,557,complete_cell,1,0,0,,0.0,0.0
synthetic_d50,0,662,complete_cell,1,0,0,,0.0,0.0
synthetic_d50,0,844,complete_cell,1,0,0,,0.0,0.0
synthetic_d50,1,195,complete_cell,1,0,0,,0.0,0.0
synthetic_d50,1,327,complete_cell,0,0,0,,0.0,0.0
synthetic_d50,1,333,complete_cell,0,0,0,,0.0,0.0
synthetic_d50,1,338,complete_cell,0,0,0,,0.0,0.0
synthetic_d50,1,357,complete_cell,0,0,0,,0.0,0.0
synthetic_d50,1,396,complete_cell,0,0,0,,0.0,0.0
synthetic_d50,1,408,complete_cell,1,0,0,,0.0,0.0
synthetic_d50,1,417,complete_cell,1,0,0,,0.0,0.0
synthetic_d50,1,422,complete_cell,0,0,0,,0.0,0.0
synthetic_d50,1,434,complete_cell,1,0,0,,0.0,0.0
synthetic_d50,1,446,complete_cell,1,0,0,,0.0,0.0
synthetic_d50,1,555,complete_cell,1,0,0,,0.0,0.0
synthetic_d50,1,577,complete_cell,1,0,0,,0.0,0.0
synthetic_d50,1,632,complete_cell,1,0,0,,0.0,0.0
synthetic_d50,1,639,complete_cell,0,0,0,,0.0,0.0
synthetic_d50,1,678,complete_cell,1,0,0,,0.0,0.0
synthetic_d50,1,697,complete_cell,0,0,0,,0.0,0.0
synthetic_d50,1,863,complete_cell,0,0,0,,0.0,0.0
synthetic_d50,1,924,complete_cell,1,0,0,,0.0,0.0
synthetic_d50,1,942,complete_cell,0,0,0,,0.0,0.0
synthetic_d50,2,56,complete_cell,0,0,0,,0.0,0.0
synthetic_d50,2,98,complete_cell,1,0,0,,0.0,0.0
synthetic_d50,2,186,complete_cell,0,0,0,,0.0,0.0
synthetic_d50,2,306,complete_cell,1,0,0,,0.0,0.0
synthetic_d50,2,325,complete_cell,1,0,0,,0.0,0.0
synthetic_d50,2,368,complete_cell,0,1,1,1.0,0.004,1.0
synthetic_d50,2,389,complete_cell,0,0,0,,0.0,0.0
synthetic_d50,2,464,complete_cell,1,0,0,,0.0,0.0
synthetic_d50,2,516,complete_cell,0,0,0,,0.0,0.0
synthetic_d50,2,517,complete_cell,0,0,0,,0.0,0.0
synthetic_d50,2,518,complete_cell,1,0,0,,0.0,0.0
synthetic_d50,2,532,complete_cell,0,0,0,,0.0,0.0
synthetic_d50,2,735,complete_cell,0,0,0,,0.0,0.0
synthetic_d50,2,751,complete_cell,1,0,0,,0.0,0.0
synthetic_d50,2,790,complete_cell,1,0,0,,0.0,0.0
synthetic_d50,2,797,complete_cell,1,0,0,,0.0,0.0
synthetic_d50,2,853,complete_cell,0,0,0,,0.0,0.0
synthetic_d50,2,867,complete_cell,1,0,0,,0.0,0.0
synthetic_d50,2,890,complete_cell,0,0,0,,0.0,0.0
synthetic_d50,2,908,complete_cell,1,0,0,,0.0,0.0
synthetic_d50,3,6,complete_cell,1,0,0,,0.0,0.0
synthetic_d50,3,60,complete_cell,1,0,0,,0.0,0.0
synthetic_d50,3,129,complete_cell,1,0,0,,0.0,0.0
synthetic_d50,3,267,complete_cell,1,0,0,,0.0,0.0
synthetic_d50,3,296,complete_cell,0,0,0,,0.0,0.0
synthetic_d50,3,375,complete_cell,1,0,0,,0.0,0.0
synthetic_d50,3,399,complete_cell,0,0,0,,0.0,0.0
synthetic_d50,3,427,complete_cell,1,0,0,,0.0,0.0
synthetic_d50,3,481,complete_cell,1,0,0,,0.0,0.0
synthetic_d50,3,523,complete_cell,0,0,0,,0.0,0.0
synthetic_d50,3,531,complete_cell,1,0,0,,0.0,0.0
synthetic_d50,3,646,complete_cell,1,0,0,,0.0,0.0
synthetic_d50,3,649,complete_cell,0,0,0,,0.0,0.0
synthetic_d50,3,656,complete_cell,1,0,0,,0.0,0.0
synthetic_d50,3,679,complete_cell,0,0,0,,0.0,0.0
synthetic_d50,3,713,complete_cell,1,0,0,,0.0,0.0
synthetic_d50,3,731,complete_cell,0,0,0,,0.0,0.0
synthetic_d50,3,762,complete_cell,0,0,0,,0.0,0.0
synthetic_d50,3,763,complete_cell,1,0,0,,0.0,0.0
synthetic_d50,3,893,complete_cell,0,0,0,,0.0,0.0
synthetic_d50,4,17,complete_cell,1,0,0,,0.0,0.0
synthetic_d50,4,99,complete_cell,0,0,0,,0.0,0.0
synthetic_d50,4,129,complete_cell,0,0,0,,0.0,0.0
synthetic_d50,4,290,complete_cell,0,0,0,,0.0,0.0
synthetic_d50,4,337,complete_cell,0,0,0,,0.0,0.0
synthetic_d50,4,354,complete_cell,1,0,0,,0.0,0.0
synthetic_d50,4,358,complete_cell,0,0,0,,0.0,0.0
synthetic_d50,4,364,complete_cell,1,0,0,,0.0,0.0
synthetic_d50,4,374,complete_cell,0,0,0,,0.0,0.0
synthetic_d50,4,388,complete_cell,0,0,0,,0.0,0.0
synthetic_d50,4,450,complete_cell,1,0,0,,0.0,0.0
synthetic_d50,4,543,complete_cell,1,0,0,,0.0,0.0
synthetic_d50,4,621,complete_cell,0,0,0,,0.0,0.0
synthetic_d50,4,723,complete_cell,0,0,0,,0.0,0.0
synthetic_d50,4,765,complete_cell,0,0,0,,0.0,0.0
synthetic_d50,4,810,complete_cell,0,0,0,,0.0,0.0
synthetic_d50,4,846,complete_cell,1,0,0,,0.0,0.0
synthetic_d50,4,861,complete_cell,0,0,0,,0.0,0.0
synthetic_d50,4,874,complete_cell,1,0,0,,0.0,0.0
synthetic_d50,4,947,complete_cell,0,0,0,,0.0,0.0
synthetic_lowsep,0,63,complete_cell,0,0,0,,0.0,0.0
synthetic_lowsep,0,82,complete_cell,1,0,0,,0.0,0.0
synthetic_lowsep,0,217,complete_cell,0,0,0,,0.0,0.0
synthetic_lowsep,0,229,complete_cell,1,0,0,,0.0,0.0
synthetic_lowsep,0,231,complete_cell,1,0,0,,0.0,0.0
synthetic_lowsep,0,262,complete_cell,1,0,0,,0.0,0.0
synthetic_lowsep,0,273,complete_cell,1,0,0,,0.0,0.0
synthetic_lowsep,0,293,complete_cell,0,0,0,,0.0,0.0
synthetic_lowsep,0,339,complete_cell,1,0,0,,0.0,0.0
synthetic_lowsep,0,343,complete_cell,0,0,0,,0.0,0.0
synthetic_lowsep,0,380,complete_cell,1,0,0,,0.0,0.0
synthetic_lowsep,0,419,complete_cell,1,0,0,,0.0,0.0
synthetic_lowsep,0,503,complete_cell,1,0,0,,0.0,0.0
synthetic_lowsep,0,547,complete_cell,0,0,0,,0.0,0.0
synthetic_lowsep,0,563,complete_cell,1,0,0,,0.0,0.0
synthetic_lowsep,0,619,complete_cell,1,0,0,,0.0,0.0
synthetic_lowsep,0,639,complete_cell,0,0,0,,0.0,0.0
synthetic_lowsep,0,641,complete_cell,0,0,0,,0.0,0.0
synthetic_lowsep,0,667,complete_cell,0,0,0,,0.0,0.0
synthetic_lowsep,0,726,complete_cell,0,0,0,,0.0,0.0
synthetic_lowsep,1,86,complete_cell,0,0,0,,0.0,0.0
synthetic_lowsep,1,106,complete_cell,1,0,0,,0.0,0.0
synthetic_lowsep,1,123,complete_cell,0,0,0,,0.0,0.0
synthetic_lowsep,1,133,complete_cell,1,0,0,,0.0,0.0
synthetic_lowsep,1,197,complete_cell,0,0,0,,0.0,0.0
synthetic_lowsep,1,204,complete_cell,1,0,0,,0.0,0.0
synthetic_lowsep,1,255,complete_cell,0,0,0,,0.0,0.0
synthetic_lowsep,1,309,complete_cell,1,0,0,,0.0,0.0
synthetic_lowsep,1,332,complete_cell,1,0,0,,0.0,0.0
synthetic_lowsep,1,479,complete_cell,1,0,0,,0.0,0.0
synthetic_lowsep,1,500,complete_cell,0,0,0,,0.0,0.0
synthetic_lowsep,1,506,complete_cell,1,0,0,,0.0,0.0
synthetic_lowsep,1,527,complete_cell,1,0,0,,0.0,0.0
synthetic_lowsep,1,529,complete_cell,1,0,0,,0.0,0.0
synthetic_lowsep,1,541,complete_cell,1,0,0,,0.0,0.0
synthetic_lowsep,1,616,complete_cell,0,0,0,,0.0,0.0
synthetic_lowsep,1,619,complete_cell,1,0,0,,0.0,0.0
synthetic_lowsep,1,662,complete_cell,1,0,0,,0.0,0.0
synthetic_lowsep,1,721,complete_cell,0,0,0,,0.0,0.0
synthetic_lowsep,1,754,complete_cell,0,0,0,,0.0,0.0
synthetic_lowsep,2,3,complete_cell,0,0,0,,0.0,0.0
synthetic_lowsep,2,6,complete_cell,0,0,0,,0.0,0.0
synthetic_lowsep,2,51,complete_cell,1,0,0,,0.0,0.0
synthetic_lowsep,2,114,complete_cell,0,0,0,,0.0,0.0
synthetic_lowsep,2,132,complete_cell,0,0,0,,0.0,0.0
synthetic_lowsep,2,198,complete_cell,0,0,0,,0.0,0.0
synthetic_lowsep,2,221,complete_cell,0,0,0,,0.0,0.0
synthetic_lowsep,2,334,complete_cell,1,0,0,,0.0,0.0
synthetic_lowsep,2,368,complete_cell,1,0,0,,0.0,0.0
synthetic_lowsep,2,369,complete_cell,0,0,0,,0.0,0.0
synthetic_lowsep,2,392,complete_cell,1,0,0,,0.0,0.0
synthetic_lowsep,2,401,complete_cell,1,0,0,,0.0,0.0
synthetic_lowsep,2,412,complete_cell,1,0,0,,0.0,0.0
synthetic_lowsep,2,470,complete_cell,1,0,0,,0.0,0.0
synthetic_lowsep,2,487,complete_cell,1,0,0,,0.0,0.0
synthetic_lowsep,2,493,complete_cell,1,0,0,,0.0,0.0
synthetic_lowsep,2,561,complete_cell,1,0,0,,0.0,0.0
synthetic_lowsep,2,612,complete_cell,1,0,0,,0.0,0.0
synthetic_lowsep,2,675,complete_cell,0,0,0,,0.0,0.0
synthetic_lowsep,2,785,complete_cell,0,0,0,,0.0,0.0
synthetic_lowsep,3,35,complete_cell,0,0,0,,0.0,0.0
synthetic_lowsep,3,67,complete_cell,0,0,0,,0.0,0.0
synthetic_lowsep,3,107,complete_cell,0,0,0,,0.0,0.0
synthetic_lowsep,3,180,complete_cell,1,0,0,,0.0,0.0
synthetic_lowsep,3,202,complete_cell,0,0,0,,0.0,0.0
synthetic_lowsep,3,279,complete_cell,0,0,0,,0.0,0.0
synthetic_lowsep,3,293,complete_cell,0,1,1,1.0,0.005,1.0
synthetic_lowsep,3,419,complete_cell,1,0,0,,0.0,0.0
synthetic_lowsep,3,435,complete_cell,1,0,0,,0.0,0.0
synthetic_lowsep,3,463,complete_cell,0,0,0,,0.0,0.0
synthetic_lowsep,3,503,complete_cell,1,0,0,,0.0,0.0
synthetic_lowsep,3,513,complete_cell,0,0,0,,0.0,0.0
synthetic_lowsep,3,561,complete_cell,1,0,0,,0.0,0.0
synthetic_lowsep,3,566,complete_cell,0,0,0,,0.0,0.0
synthetic_lowsep,3,614,complete_cell,1,0,0,,0.0,0.0
synthetic_lowsep,3,645,complete_cell,0,0,0,,0.0,0.0
synthetic_lowsep,3,686,complete_cell,0,0,0,,0.0,0.0
synthetic_lowsep,3,693,complete_cell,1,0,0,,0.0,0.0
synthetic_lowsep,3,777,complete_cell,1,0,0,,0.0,0.0
synthetic_lowsep,3,793,complete_cell,1,0,0,,0.0,0.0
synthetic_lowsep,4,37,complete_cell,0,0,0,,0.0,0.0
synthetic_lowsep,4,41,complete_cell,0,0,0,,0.0,0.0
synthetic_lowsep,4,67,complete_cell,0,0,0,,0.0,0.0
synthetic_lowsep,4,70,complete_cell,1,0,0,,0.0,0.0
synthetic_lowsep,4,141,complete_cell,1,0,0,,0.0,0.0
synthetic_lowsep,4,175,complete_cell,1,0,0,,0.0,0.0
synthetic_lowsep,4,197,complete_cell,0,0,0,,0.0,0.0
synthetic_lowsep,4,248,complete_cell,0,0,0,,0.0,0.0
synthetic_lowsep,4,330,complete_cell,0,0,0,,0.0,0.0
synthetic_lowsep,4,345,complete_cell,0,0,0,,0.0,0.0
synthetic_lowsep,4,361,complete_cell,1,0,0,,0.0,0.0
synthetic_lowsep,4,382,complete_cell,0,0,0,,0.0,0.0
synthetic_lowsep,4,405,complete_cell,1,0,0,,0.0,0.0
synthetic_lowsep,4,436,complete_cell,1,0,0,,0.0,0.0
synthetic_lowsep,4,495,complete_cell,0,0,0,,0.0,0.0
synthetic_lowsep,4,584,complete_cell,0,0,0,,0.0,0.0
synthetic_lowsep,4,598,complete_cell,0,0,0,,0.0,0.0
synthetic_lowsep,4,604,complete_cell,1,0,0,,0.0,0.0
synthetic_lowsep,4,715,complete_cell,1,0,0,,0.0,0.0
synthetic_lowsep,4,748,complete_cell,0,0,0,,0.0,0.0
banknote,0,47,complete_cell,1,3,3,1.0,0.008746355685131196,1.0
banknote,0,164,complete_cell,1,3,3,1.0,0.008746355685131196,1.0
banknote,0,283,complete_cell,1,1,1,1.0,0.0029154518950437317,1.0
banknote,0,392,complete_cell,1,3,3,1.0,0.008746355685131196,1.0
banknote,0,415,complete_cell,1,7,7,1.0,0.02040816326530612,1.0
banknote,0,488,complete_cell,1,5,5,1.0,0.014577259475218658,1.0
banknote,0,540,complete_cell,1,5,5,1.0,0.014577259475218658,1.0
banknote,0,553,complete_cell,1,2,2,1.0,0.0058309037900874635,1.0
banknote,0,566,complete_cell,1,5,5,1.0,0.014577259475218658,1.0
banknote,0,651,complete_cell,1,1,1,1.0,0.0029154518950437317,1.0
banknote,0,737,complete_cell,1,19,19,1.0,0.05539358600583091,1.0
banknote,0,959,complete_cell,0,1,1,1.0,0.0029154518950437317,1.0
banknote,0,1122,complete_cell,0,0,0,,0.0,0.0
banknote,0,1153,complete_cell,0,2,2,1.0,0.0058309037900874635,1.0
banknote,0,1192,complete_cell,0,0,0,,0.0,0.0
banknote,0,1198,complete_cell,0,7,7,1.0,0.02040816326530612,1.0
banknote,0,1261,complete_cell,0,7,7,1.0,0.02040816326530612,1.0
banknote,0,1279,complete_cell,0,1,1,1.0,0.0029154518950437317,1.0
banknote,0,1291,complete_cell,0,0,0,,0.0,0.0
banknote,0,1309,complete_cell,0,0,0,,0.0,0.0
banknote,1,80,complete_cell,1,4,4,1.0,0.011661807580174927,1.0
banknote,1,89,complete_cell,1,0,0,,0.0,0.0
banknote,1,136,complete_cell,1,0,0,,0.0,0.0
banknote,1,137,complete_cell,1,4,4,1.0,0.011661807580174927,1.0
banknote,1,151,complete_cell,1,0,0,,0.0,0.0
banknote,1,361,complete_cell,1,7,7,1.0,0.02040816326530612,1.0
banknote,1,369,complete_cell,1,0,0,,0.0,0.0
banknote,1,422,complete_cell,1,8,8,1.0,0.023323615160349854,1.0
banknote,1,428,complete_cell,1,0,0,,0.0,0.0
banknote,1,616,complete_cell,1,5,5,1.0,0.014577259475218658,1.0
banknote,1,716,complete_cell,1,1,1,1.0,0.0029154518950437317,1.0
banknote,1,933,complete_cell,0,1,1,1.0,0.0029154518950437317,1.0
banknote,1,940,complete_cell,0,0,0,,0.0,0.0
banknote,1,955,complete_cell,0,5,5,1.0,0.014577259475218658,1.0
banknote,1,974,complete_cell,0,1,1,1.0,0.0029154518950437317,1.0
banknote,1,1042,complete_cell,0,4,4,1.0,0.011661807580174927,1.0
banknote,1,1048,complete_cell,0,5,5,1.0,0.014577259475218658,1.0
banknote,1,1136,complete_cell,0,0,0,,0.0,0.0
banknote,1,1154,complete_cell,0,0,0,,0.0,0.0
banknote,1,1259,complete_cell,0,0,0,,0.0,0.0
banknote,2,7,complete_cell,1,1,1,1.0,0.0029154518950437317,1.0
banknote,2,68,complete_cell,1,6,6,1.0,0.01749271137026239,1.0
banknote,2,105,complete_cell,1,8,8,1.0,0.023323615160349854,1.0
banknote,2,160,complete_cell,1,38,38,1.0,0.11078717201166181,1.0
banknote,2,183,complete_cell,1,38,38,1.0,0.11078717201166181,1.0
banknote,2,278,complete_cell,1,0,0,,0.0,0.0
banknote,2,301,complete_cell,1,38,38,1.0,0.11078717201166181,1.0
banknote,2,308,complete_cell,1,11,11,1.0,0.03206997084548105,1.0
banknote,2,322,complete_cell,1,0,0,,0.0,0.0
banknote,2,417,complete_cell,1,2,2,1.0,0.0058309037900874635,1.0
banknote,2,756,complete_cell,1,11,11,1.0,0.03206997084548105,1.0
banknote,2,795,complete_cell,0,1,1,1.0,0.0029154518950437317,1.0
banknote,2,848,complete_cell,0,1,1,1.0,0.0029154518950437317,1.0
banknote,2,1011,complete_cell,0,7,7,1.0,0.02040816326530612,1.0
banknote,2,1024,complete_cell,0,7,7,1.0,0.02040816326530612,1.0
banknote,2,1048,complete_cell,0,0,0,,0.0,0.0
banknote,2,1080,complete_cell,0,5,5,1.0,0.014577259475218658,1.0
banknote,2,1198,complete_cell,0,13,13,1.0,0.037900874635568516,1.0
banknote,2,1209,complete_cell,0,0,0,,0.0,0.0
banknote,2,1349,complete_cell,0,0,0,,0.0,0.0
banknote,3,68,complete_cell,1,3,3,1.0,0.008746355685131196,1.0
banknote,3,69,complete_cell,1,1,1,1.0,0.0029154518950437317,1.0
banknote,3,104,complete_cell,1,4,4,1.0,0.011661807580174927,1.0
banknote,3,153,complete_cell,1,12,12,1.0,0.03498542274052478,1.0
banknote,3,252,complete_cell,1,1,1,1.0,0.0029154518950437317,1.0
banknote,3,275,complete_cell,1,3,3,1.0,0.008746355685131196,1.0
banknote,3,281,complete_cell,1,7,7,1.0,0.02040816326530612,1.0
banknote,3,358,complete_cell,1,12,12,1.0,0.03498542274052478,1.0
banknote,3,421,complete_cell,1,3,3,1.0,0.008746355685131196,1.0
banknote,3,494,complete_cell,1,28,28,1.0,0.08163265306122448,1.0
banknote,3,597,complete_cell,1,12,12,1.0,0.03498542274052478,1.0
banknote,3,873,complete_cell,0,7,7,1.0,0.02040816326530612,1.0
banknote,3,886,complete_cell,0,0,0,,0.0,0.0
banknote,3,1024,complete_cell,0,5,5,1.0,0.014577259475218658,1.0
banknote,3,1101,complete_cell,0,1,1,1.0,0.0029154518950437317,1.0
banknote,3,1205,complete_cell,0,5,5,1.0,0.014577259475218658,1.0
banknote,3,1253,complete_cell,0,5,5,1.0,0.014577259475218658,1.0
banknote,3,1266,complete_cell,0,5,5,1.0,0.014577259475218658,1.0
banknote,3,1287,complete_cell,0,5,5,1.0,0.014577259475218658,1.0
banknote,3,1322,complete_cell,0,0,0,,0.0,0.0
banknote,4,139,complete_cell,1,0,0,,0.0,0.0
banknote,4,154,complete_cell,1,5,5,1.0,0.014577259475218658,1.0
banknote,4,173,complete_cell,1,2,2,1.0,0.0058309037900874635,1.0
banknote,4,203,complete_cell,1,0,0,,0.0,0.0
banknote,4,240,complete_cell,1,1,1,1.0,0.0029154518950437317,1.0
banknote,4,322,complete_cell,1,2,2,1.0,0.0058309037900874635,1.0
banknote,4,456,complete_cell,1,1,1,1.0,0.0029154518950437317,1.0
banknote,4,466,complete_cell,1,0,0,,0.0,0.0
banknote,4,524,complete_cell,1,1,1,1.0,0.0029154518950437317,1.0
banknote,4,684,complete_cell,1,0,0,,0.0,0.0
banknote,4,697,complete_cell,1,1,1,1.0,0.0029154518950437317,1.0
banknote,4,904,complete_cell,0,1,1,1.0,0.0029154518950437317,1.0
banknote,4,958,complete_cell,0,2,2,1.0,0.0058309037900874635,1.0
banknote,4,966,complete_cell,0,1,1,1.0,0.0029154518950437317,1.0
banknote,4,975,complete_cell,0,7,7,1.0,0.02040816326530612,1.0
banknote,4,1084,complete_cell,0,0,0,,0.0,0.0
banknote,4,1184,complete_cell,0,1,1,1.0,0.0029154518950437317,1.0
banknote,4,1226,complete_cell,0,7,7,1.0,0.02040816326530612,1.0
banknote,4,1241,complete_cell,0,1,1,1.0,0.0029154518950437317,1.0
banknote,4,1278,complete_cell,0,1,1,1.0,0.0029154518950437317,1.0
blood,0,82,complete_cell,1,2,2,1.0,0.0106951871657754,1.0
blood,0,114,complete_cell,1,4,4,1.0,0.0213903743315508,1.0
blood,0,155,complete_cell,1,13,13,1.0,0.06951871657754011,1.0
blood,0,162,complete_cell,1,13,13,1.0,0.06951871657754011,1.0
blood,0,178,complete_cell,1,1,1,1.0,0.0053475935828877,1.0
blood,0,186,complete_cell,1,0,0,,0.0,0.0
blood,0,223,complete_cell,1,8,8,1.0,0.0427807486631016,1.0
blood,0,291,complete_cell,1,1,1,1.0,0.0053475935828877,1.0
blood,0,297,complete_cell,1,4,4,1.0,0.0213903743315508,1.0
blood,0,328,complete_cell,1,0,0,,0.0,0.0
blood,0,361,complete_cell,1,1,1,1.0,0.0053475935828877,1.0
blood,0,447,complete_cell,1,3,3,1.0,0.016042780748663103,1.0
blood,0,500,complete_cell,0,3,3,1.0,0.016042780748663103,1.0
blood,0,506,complete_cell,0,4,4,1.0,0.0213903743315508,1.0
blood,0,552,complete_cell,0,0,0,,0.0,0.0
blood,0,635,complete_cell,1,1,1,1.0,0.0053475935828877,1.0
blood,0,637,complete_cell,1,0,0,,0.0,0.0
blood,0,649,complete_cell,1,0,0,,0.0,0.0
blood,0,692,complete_cell,1,5,5,1.0,0.026737967914438502,1.0
blood,0,694,complete_cell,1,5,5,1.0,0.026737967914438502,1.0
blood,1,10,complete_cell,0,0,0,,0.0,0.0
blood,1,118,complete_cell,1,0,0,,0.0,0.0
blood,1,121,complete_cell,0,2,2,1.0,0.0106951871657754,1.0
blood,1,127,complete_cell,1,1,1,1.0,0.0053475935828877,1.0
blood,1,161,complete_cell,1,18,18,1.0,0.0962566844919786,1.0
blood,1,253,complete_cell,1,0,0,,0.0,0.0
blood,1,282,complete_cell,1,0,0,,0.0,0.0
blood,1,287,complete_cell,1,0,0,,0.0,0.0
blood,1,312,complete_cell,1,1,1,1.0,0.0053475935828877,1.0
blood,1,379,complete_cell,1,6,6,1.0,0.03208556149732621,1.0
blood,1,387,complete_cell,1,6,6,1.0,0.03208556149732621,1.0
blood,1,457,complete_cell,1,3,3,1.0,0.016042780748663103,1.0
blood,1,466,complete_cell,1,0,0,,0.0,0.0
blood,1,503,complete_cell,0,0,0,,0.0,0.0
blood,1,509,complete_cell,0,1,1,1.0,0.0053475935828877,1.0
blood,1,517,complete_cell,0,1,1,1.0,0.0053475935828877,1.0
blood,1,648,complete_cell,1,0,0,,0.0,0.0
blood,1,657,complete_cell,1,1,1,1.0,0.0053475935828877,1.0
blood,1,720,complete_cell,1,0,0,,0.0,0.0
blood,1,735,complete_cell,1,3,3,1.0,0.016042780748663103,1.0
blood,2,8,complete_cell,0,0,0,,0.0,0.0
blood,2,24,complete_cell,1,0,0,,0.0,0.0
blood,2,139,complete_cell,1,14,14,1.0,0.0748663101604278,1.0
blood,2,148,complete_cell,1,14,14,1.0,0.0748663101604278,1.0
blood,2,160,complete_cell,1,14,14,1.0,0.0748663101604278,1.0
blood,2,170,complete_cell,1,14,14,1.0,0.0748663101604278,1.0
blood,2,197,complete_cell,0,0,0,,0.0,0.0
blood,2,262,complete_cell,1,1,1,1.0,0.0053475935828877,1.0
blood,2,306,complete_cell,1,2,2,1.0,0.0106951871657754,1.0
blood,2,326,complete_cell,1,1,1,1.0,0.0053475935828877,1.0
blood,2,333,complete_cell,1,0,0,,0.0,0.0
blood,2,334,complete_cell,1,9,9,1.0,0.0481283422459893,1.0
blood,2,536,complete_cell,0,0,0,,0.0,0.0
blood,2,573,complete_cell,1,14,14,1.0,0.0748663101604278,1.0
blood,2,585,complete_cell,1,14,14,1.0,0.0748663101604278,1.0
blood,2,617,complete_cell,1,10,10,1.0,0.053475935828877004,1.0
blood,2,668,complete_cell,1,9,9,1.0,0.0481283422459893,1.0
blood,2,702,complete_cell,1,9,9,1.0,0.0481283422459893,1.0
blood,2,719,complete_cell,1,1,1,1.0,0.0053475935828877,1.0
blood,2,729,complete_cell,1,1,1,1.0,0.0053475935828877,1.0
blood,3,77,complete_cell,1,7,7,1.0,0.0374331550802139,1.0
blood,3,89,complete_cell,1,1,1,1.0,0.0053475935828877,1.0
blood,3,174,complete_cell,1,7,7,1.0,0.0374331550802139,1.0
blood,3,207,complete_cell,1,0,0,,0.0,0.0
blood,3,250,complete_cell,1,9,9,1.0,0.0481283422459893,1.0
blood,3,256,complete_cell,1,0,0,,0.0,0.0
blood,3,268,complete_cell,1,1,1,1.0,0.0053475935828877,1.0
blood,3,289,complete_cell,1,4,4,1.0,0.0213903743315508,1.0
blood,3,305,complete_cell,1,4,4,1.0,0.0213903743315508,1.0
blood,3,399,complete_cell,1,10,10,1.0,0.053475935828877004,1.0
blood,3,482,complete_cell,1,10,10,1.0,0.053475935828877004,1.0
blood,3,501,complete_cell,1,1,1,1.0,0.0053475935828877,1.0
blood,3,563,complete_cell,1,3,3,1.0,0.016042780748663103,1.0
blood,3,615,complete_cell,1,11,11,1.0,0.058823529411764705,1.0
blood,3,635,complete_cell,1,0,0,,0.0,0.0
blood,3,649,complete_cell,1,0,0,,0.0,0.0
blood,3,657,complete_cell,1,0,0,,0.0,0.0
blood,3,689,complete_cell,1,9,9,1.0,0.0481283422459893,1.0
blood,3,709,complete_cell,1,0,0,,0.0,0.0
blood,3,730,complete_cell,1,2,2,1.0,0.0106951871657754,1.0
blood,4,23,complete_cell,0,1,1,1.0,0.0053475935828877,1.0
blood,4,25,complete_cell,0,2,2,1.0,0.0106951871657754,1.0
blood,4,108,complete_cell,1,8,8,1.0,0.0427807486631016,1.0
blood,4,123,complete_cell,1,1,1,1.0,0.0053475935828877,1.0
blood,4,141,complete_cell,0,1,1,1.0,0.0053475935828877,1.0
blood,4,155,complete_cell,1,14,14,1.0,0.0748663101604278,1.0
blood,4,198,complete_cell,1,0,0,,0.0,0.0
blood,4,228,complete_cell,1,14,14,1.0,0.0748663101604278,1.0
blood,4,240,complete_cell,1,0,0,,0.0,0.0
blood,4,269,complete_cell,1,0,0,,0.0,0.0
blood,4,310,complete_cell,1,1,1,1.0,0.0053475935828877,1.0
blood,4,449,complete_cell,1,0,0,,0.0,0.0
blood,4,529,complete_cell,0,1,1,1.0,0.0053475935828877,1.0
blood,4,581,complete_cell,1,14,14,1.0,0.0748663101604278,1.0
blood,4,604,complete_cell,1,0,0,,0.0,0.0
blood,4,605,complete_cell,1,0,0,,0.0,0.0
blood,4,679,complete_cell,1,1,1,1.0,0.0053475935828877,1.0
blood,4,705,complete_cell,1,5,5,1.0,0.026737967914438502,1.0
blood,4,720,complete_cell,1,1,1,1.0,0.0053475935828877,1.0
blood,4,727,complete_cell,1,7,7,1.0,0.0374331550802139,1.0
diabetes,0,17,complete_cell,1,0,0,,0.0,0.0
diabetes,0,47,complete_cell,1,0,0,,0.0,0.0
diabetes,0,87,complete_cell,1,0,0,,0.0,0.0
diabetes,0,96,complete_cell,1,0,0,,0.0,0.0
diabetes,0,142,complete_cell,1,0,0,,0.0,0.0
diabetes,0,171,complete_cell,1,0,0,,0.0,0.0
diabetes,0,381,complete_cell,1,0,0,,0.0,0.0
diabetes,0,444,complete_cell,1,0,0,,0.0,0.0
diabetes,0,452,complete_cell,1,0,0,,0.0,0.0
diabetes,0,481,complete_cell,1,0,0,,0.0,0.0
diabetes,0,482,complete_cell,1,0,0,,0.0,0.0
diabetes,0,496,complete_cell,1,0,0,,0.0,0.0
diabetes,0,508,complete_cell,1,0,0,,0.0,0.0
diabetes,0,546,complete_cell,0,1,1,1.0,0.005208333333333333,1.0
diabetes,0,588,complete_cell,0,0,0,,0.0,0.0
diabetes,0,623,complete_cell,1,0,0,,0.0,0.0
diabetes,0,662,complete_cell,0,0,0,,0.0,0.0
diabetes,0,670,complete_cell,0,0,0,,0.0,0.0
diabetes,0,703,complete_cell,0,0,0,,0.0,0.0
diabetes,0,761,complete_cell,0,0,0,,0.0,0.0
diabetes,1,139,complete_cell,1,0,0,,0.0,0.0
diabetes,1,151,complete_cell,1,0,0,,0.0,0.0
diabetes,1,166,complete_cell,1,0,0,,0.0,0.0
diabetes,1,174,complete_cell,1,1,1,1.0,0.005208333333333333,1.0
diabetes,1,203,complete_cell,1,0,0,,0.0,0.0
diabetes,1,242,complete_cell,1,0,0,,0.0,0.0
diabetes,1,257,complete_cell,1,0,0,,0.0,0.0
diabetes,1,281,complete_cell,0,0,0,,0.0,0.0
diabetes,1,328,complete_cell,1,0,0,,0.0,0.0
diabetes,1,331,complete_cell,1,0,0,,0.0,0.0
diabetes,1,419,complete_cell,1,0,0,,0.0,0.0
diabetes,1,424,complete_cell,0,0,0,,0.0,0.0
diabetes,1,475,complete_cell,1,0,0,,0.0,0.0
diabetes,1,496,complete_cell,0,0,0,,0.0,0.0
diabetes,1,497,complete_cell,1,0,0,,0.0,0.0
diabetes,1,509,complete_cell,1,0,0,,0.0,0.0
diabetes,1,626,complete_cell,1,0,0,,0.0,0.0
diabetes,1,683,complete_cell,0,0,0,,0.0,0.0
diabetes,1,715,complete_cell,0,0,0,,0.0,0.0
diabetes,1,749,complete_cell,1,0,0,,0.0,0.0
diabetes,2,29,complete_cell,1,0,0,,0.0,0.0
diabetes,2,84,complete_cell,0,0,0,,0.0,0.0
diabetes,2,134,complete_cell,1,3,3,1.0,0.015625,1.0
diabetes,2,146,complete_cell,1,0,0,,0.0,0.0
diabetes,2,155,complete_cell,1,0,0,,0.0,0.0
diabetes,2,166,complete_cell,0,0,0,,0.0,0.0
diabetes,2,253,complete_cell,1,0,0,,0.0,0.0
diabetes,2,262,complete_cell,1,0,0,,0.0,0.0
diabetes,2,293,complete_cell,0,0,0,,0.0,0.0
diabetes,2,302,complete_cell,1,0,0,,0.0,0.0
diabetes,2,353,complete_cell,1,0,0,,0.0,0.0
diabetes,2,383,complete_cell,1,0,0,,0.0,0.0
diabetes,2,385,complete_cell,1,0,0,,0.0,0.0
diabetes,2,466,complete_cell,1,0,0,,0.0,0.0
diabetes,2,472,complete_cell,0,0,0,,0.0,0.0
diabetes,2,560,complete_cell,1,0,0,,0.0,0.0
diabetes,2,595,complete_cell,0,0,0,,0.0,0.0
diabetes,2,630,complete_cell,0,0,0,,0.0,0.0
diabetes,2,642,complete_cell,1,0,0,,0.0,0.0
diabetes,2,654,complete_cell,1,0,0,,0.0,0.0
diabetes,3,33,complete_cell,1,0,0,,0.0,0.0
diabetes,3,47,complete_cell,1,0,0,,0.0,0.0
diabetes,3,94,complete_cell,1,0,0,,0.0,0.0
diabetes,3,165,complete_cell,1,0,0,,0.0,0.0
diabetes,3,175,complete_cell,0,0,0,,0.0,0.0
diabetes,3,186,complete_cell,0,0,0,,0.0,0.0
diabetes,3,200,complete_cell,1,0,0,,0.0,0.0
diabetes,3,342,complete_cell,1,0,0,,0.0,0.0
diabetes,3,370,complete_cell,1,0,0,,0.0,0.0
diabetes,3,403,complete_cell,1,0,0,,0.0,0.0
diabetes,3,409,complete_cell,1,0,0,,0.0,0.0
diabetes,3,413,complete_cell,1,0,0,,0.0,0.0
diabetes,3,436,complete_cell,1,0,0,,0.0,0.0
diabetes,3,501,complete_cell,1,0,0,,0.0,0.0
diabetes,3,533,complete_cell,1,0,0,,0.0,0.0
diabetes,3,541,complete_cell,1,0,0,,0.0,0.0
diabetes,3,566,complete_cell,1,0,0,,0.0,0.0
diabetes,3,581,complete_cell,1,0,0,,0.0,0.0
diabetes,3,612,complete_cell,0,0,0,,0.0,0.0
diabetes,3,645,complete_cell,0,0,0,,0.0,0.0
diabetes,4,11,complete_cell,0,1,1,1.0,0.005208333333333333,1.0
diabetes,4,19,complete_cell,0,0,0,,0.0,0.0
diabetes,4,46,complete_cell,0,0,0,,0.0,0.0
diabetes,4,48,complete_cell,1,0,0,,0.0,0.0
diabetes,4,83,complete_cell,1,0,0,,0.0,0.0
diabetes,4,119,complete_cell,1,0,0,,0.0,0.0
diabetes,4,160,complete_cell,0,0,0,,0.0,0.0
diabetes,4,175,complete_cell,0,0,0,,0.0,0.0
diabetes,4,277,complete_cell,1,0,0,,0.0,0.0
diabetes,4,287,complete_cell,0,0,0,,0.0,0.0
diabetes,4,331,complete_cell,1,0,0,,0.0,0.0
diabetes,4,351,complete_cell,1,0,0,,0.0,0.0
diabetes,4,475,complete_cell,0,0,0,,0.0,0.0
diabetes,4,539,complete_cell,0,0,0,,0.0,0.0
diabetes,4,562,complete_cell,1,0,0,,0.0,0.0
diabetes,4,621,complete_cell,1,0,0,,0.0,0.0
diabetes,4,704,complete_cell,1,0,0,,0.0,0.0
diabetes,4,708,complete_cell,0,1,1,1.0,0.005208333333333333,1.0
diabetes,4,751,complete_cell,1,0,0,,0.0,0.0
diabetes,4,756,complete_cell,0,0,0,,0.0,0.0
ionosphere,0,3,complete_cell,1,0,0,,0.0,0.0
ionosphere,0,16,complete_cell,1,0,0,,0.0,0.0
ionosphere,0,24,complete_cell,1,0,0,,0.0,0.0
ionosphere,0,36,complete_cell,1,0,0,,0.0,0.0
ionosphere,0,88,complete_cell,1,0,0,,0.0,0.0
ionosphere,0,104,complete_cell,0,0,0,,0.0,0.0
ionosphere,0,128,complete_cell,0,0,0,,0.0,0.0
ionosphere,0,131,complete_cell,1,0,0,,0.0,0.0
ionosphere,0,148,complete_cell,1,0,0,,0.0,0.0
ionosphere,0,163,complete_cell,1,0,0,,0.0,0.0
ionosphere,0,169,complete_cell,1,0,0,,0.0,0.0
ionosphere,0,180,complete_cell,0,0,0,,0.0,0.0
ionosphere,0,214,complete_cell,0,0,0,,0.0,0.0
ionosphere,0,217,complete_cell,1,1,1,1.0,0.011363636363636364,1.0
ionosphere,0,239,complete_cell,1,0,0,,0.0,0.0
ionosphere,0,273,complete_cell,1,0,0,,0.0,0.0
ionosphere,0,306,complete_cell,1,0,0,,0.0,0.0
ionosphere,0,319,complete_cell,1,2,2,1.0,0.022727272727272728,1.0
ionosphere,1,20,complete_cell,1,0,0,,0.0,0.0
ionosphere,1,57,complete_cell,0,0,0,,0.0,0.0
ionosphere,1,67,complete_cell,0,0,0,,0.0,0.0
ionosphere,1,94,complete_cell,1,0,0,,0.0,0.0
ionosphere,1,135,complete_cell,1,0,0,,0.0,0.0
ionosphere,1,184,complete_cell,0,0,0,,0.0,0.0
ionosphere,1,187,complete_cell,1,0,0,,0.0,0.0
ionosphere,1,191,complete_cell,0,0,0,,0.0,0.0
ionosphere,1,204,complete_cell,0,0,0,,0.0,0.0
ionosphere,1,222,complete_cell,0,0,0,,0.0,0.0
ionosphere,1,226,complete_cell,0,0,0,,0.0,0.0
ionosphere,1,239,complete_cell,1,0,0,,0.0,0.0
ionosphere,1,246,complete_cell,1,0,0,,0.0,0.0
ionosphere,1,262,complete_cell,1,0,0,,0.0,0.0
ionosphere,1,296,complete_cell,1,0,0,,0.0,0.0
ionosphere,1,312,complete_cell,1,0,0,,0.0,0.0
ionosphere,1,341,complete_cell,1,1,1,1.0,0.011363636363636364,1.0
ionosphere,1,342,complete_cell,1,0,0,,0.0,0.0
ionosphere,2,6,complete_cell,1,0,0,,0.0,0.0
ionosphere,2,14,complete_cell,1,0,0,,0.0,0.0
ionosphere,2,39,complete_cell,1,0,0,,0.0,0.0
ionosphere,2,42,complete_cell,1,0,0,,0.0,0.0
ionosphere,2,52,complete_cell,1,0,0,,0.0,0.0
ionosphere,2,65,complete_cell,1,0,0,,0.0,0.0
ionosphere,2,91,complete_cell,0,0,0,,0.0,0.0
ionosphere,2,92,complete_cell,1,0,0,,0.0,0.0
ionosphere,2,128,complete_cell,0,0,0,,0.0,0.0
ionosphere,2,154,complete_cell,0,1,1,1.0,0.011363636363636364,1.0
ionosphere,2,171,complete_cell,1,0,0,,0.0,0.0
ionosphere,2,204,complete_cell,0,0,0,,0.0,0.0
ionosphere,2,209,complete_cell,1,0,0,,0.0,0.0
ionosphere,2,251,complete_cell,1,0,0,,0.0,0.0
ionosphere,2,255,complete_cell,1,0,0,,0.0,0.0
ionosphere,2,260,complete_cell,1,0,0,,0.0,0.0
ionosphere,2,293,complete_cell,1,0,0,,0.0,0.0
ionosphere,2,340,complete_cell,1,0,0,,0.0,0.0
ionosphere,3,4,complete_cell,1,0,0,,0.0,0.0
ionosphere,3,5,complete_cell,0,0,0,,0.0,0.0
ionosphere,3,7,complete_cell,0,0,0,,0.0,0.0
ionosphere,3,25,complete_cell,1,0,0,,0.0,0.0
ionosphere,3,63,complete_cell,0,0,0,,0.0,0.0
ionosphere,3,95,complete_cell,1,0,0,,0.0,0.0
ionosphere,3,107,complete_cell,1,0,0,,0.0,0.0
ionosphere,3,141,complete_cell,1,1,1,1.0,0.011363636363636364,1.0
ionosphere,3,157,complete_cell,1,0,0,,0.0,0.0
ionosphere,3,188,complete_cell,0,0,0,,0.0,0.0
ionosphere,3,193,complete_cell,1,0,0,,0.0,0.0
ionosphere,3,199,complete_cell,1,0,0,,0.0,0.0
ionosphere,3,246,complete_cell,0,0,0,,0.0,0.0
ionosphere,3,294,complete_cell,0,0,0,,0.0,0.0
ionosphere,3,297,complete_cell,1,0,0,,0.0,0.0
ionosphere,3,299,complete_cell,1,0,0,,0.0,0.0
ionosphere,3,303,complete_cell,1,1,1,1.0,0.011363636363636364,1.0
ionosphere,3,306,complete_cell,1,0,0,,0.0,0.0
ionosphere,4,18,complete_cell,1,0,0,,0.0,0.0
ionosphere,4,45,complete_cell,0,0,0,,0.0,0.0
ionosphere,4,46,complete_cell,1,1,1,1.0,0.011363636363636364,1.0
ionosphere,4,75,complete_cell,1,0,0,,0.0,0.0
ionosphere,4,106,complete_cell,0,0,0,,0.0,0.0
ionosphere,4,149,complete_cell,1,0,0,,0.0,0.0
ionosphere,4,150,complete_cell,0,0,0,,0.0,0.0
ionosphere,4,154,complete_cell,0,0,0,,0.0,0.0
ionosphere,4,184,complete_cell,0,0,0,,0.0,0.0
ionosphere,4,191,complete_cell,0,0,0,,0.0,0.0
ionosphere,4,205,complete_cell,1,0,0,,0.0,0.0
ionosphere,4,235,complete_cell,1,0,0,,0.0,0.0
ionosphere,4,248,complete_cell,0,0,0,,0.0,0.0
ionosphere,4,265,complete_cell,1,0,0,,0.0,0.0
ionosphere,4,279,complete_cell,1,1,1,1.0,0.011363636363636364,1.0
ionosphere,4,285,complete_cell,1,0,0,,0.0,0.0
ionosphere,4,317,complete_cell,1,0,0,,0.0,0.0
ionosphere,4,346,complete_cell,1,2,2,1.0,0.022727272727272728,1.0
sonar,0,6,complete_cell,1,0,0,,0.0,0.0
sonar,0,18,complete_cell,0,0,0,,0.0,0.0
sonar,0,63,complete_cell,0,0,0,,0.0,0.0
sonar,0,66,complete_cell,0,0,0,,0.0,0.0
sonar,0,84,complete_cell,1,0,0,,0.0,0.0
sonar,0,108,complete_cell,1,0,0,,0.0,0.0
sonar,0,113,complete_cell,1,0,0,,0.0,0.0
sonar,0,117,complete_cell,1,0,0,,0.0,0.0
sonar,0,176,complete_cell,1,0,0,,0.0,0.0
sonar,0,181,complete_cell,1,0,0,,0.0,0.0
sonar,0,206,complete_cell,1,0,0,,0.0,0.0
sonar,1,3,complete_cell,0,0,0,,0.0,0.0
sonar,1,10,complete_cell,0,0,0,,0.0,0.0
sonar,1,34,complete_cell,0,0,0,,0.0,0.0
sonar,1,58,complete_cell,0,1,1,1.0,0.019230769230769232,1.0
sonar,1,87,complete_cell,0,0,0,,0.0,0.0
sonar,1,107,complete_cell,1,0,0,,0.0,0.0
sonar,1,112,complete_cell,1,0,0,,0.0,0.0
sonar,1,154,complete_cell,0,0,0,,0.0,0.0
sonar,1,170,complete_cell,1,0,0,,0.0,0.0
sonar,1,175,complete_cell,1,0,0,,0.0,0.0
sonar,1,179,complete_cell,1,0,0,,0.0,0.0
sonar,2,14,complete_cell,0,0,0,,0.0,0.0
sonar,2,26,complete_cell,0,0,0,,0.0,0.0
sonar,2,35,complete_cell,1,0,0,,0.0,0.0
sonar,2,47,complete_cell,1,0,0,,0.0,0.0
sonar,2,49,complete_cell,1,0,0,,0.0,0.0
sonar,2,98,complete_cell,1,0,0,,0.0,0.0
sonar,2,129,complete_cell,1,0,0,,0.0,0.0
sonar,2,148,complete_cell,1,0,0,,0.0,0.0
sonar,2,165,complete_cell,0,0,0,,0.0,0.0
sonar,2,187,complete_cell,1,0,0,,0.0,0.0
sonar,2,193,complete_cell,1,0,0,,0.0,0.0
sonar,3,15,complete_cell,0,0,0,,0.0,0.0
sonar,3,17,complete_cell,1,0,0,,0.0,0.0
sonar,3,25,complete_cell,0,0,0,,0.0,0.0
sonar,3,36,complete_cell,0,0,0,,0.0,0.0
sonar,3,75,complete_cell,0,0,0,,0.0,0.0
sonar,3,106,complete_cell,0,0,0,,0.0,0.0
sonar,3,113,complete_cell,1,0,0,,0.0,0.0
sonar,3,121,complete_cell,1,0,0,,0.0,0.0
sonar,3,142,complete_cell,1,0,0,,0.0,0.0
sonar,3,165,complete_cell,0,0,0,,0.0,0.0
sonar,3,202,complete_cell,1,0,0,,0.0,0.0
sonar,4,1,complete_cell,0,0,0,,0.0,0.0
sonar,4,34,complete_cell,0,0,0,,0.0,0.0
sonar,4,55,complete_cell,1,0,0,,0.0,0.0
sonar,4,71,complete_cell,0,0,0,,0.0,0.0
sonar,4,91,complete_cell,0,0,0,,0.0,0.0
sonar,4,114,complete_cell,1,0,0,,0.0,0.0
sonar,4,135,complete_cell,1,0,0,,0.0,0.0
sonar,4,138,complete_cell,1,0,0,,0.0,0.0
sonar,4,154,complete_cell,0,0,0,,0.0,0.0
sonar,4,177,complete_cell,1,0,0,,0.0,0.0
sonar,4,204,complete_cell,1,0,0,,0.0,0.0
iris,0,4,all_gates,0,0,0,,0.0,0.0
iris,0,38,all_gates,0,1,1,1.0,0.04,1.0
iris,0,66,all_gates,1,0,0,,0.0,0.0
iris,0,76,all_gates,1,0,0,,0.0,0.0
iris,0,80,all_gates,1,0,0,,0.0,0.0
iris,1,31,all_gates,0,1,1,1.0,0.04,1.0
iris,1,34,all_gates,0,0,0,,0.0,0.0
iris,1,37,all_gates,0,0,0,,0.0,0.0
iris,1,79,all_gates,1,0,0,,0.0,0.0
iris,1,92,all_gates,1,0,0,,0.0,0.0
iris,2,4,all_gates,0,0,0,,0.0,0.0
iris,2,25,all_gates,0,0,0,,0.0,0.0
iris,2,26,all_gates,0,0,0,,0.0,0.0
iris,2,54,all_gates,1,2,2,1.0,0.08,1.0
iris,2,67,all_gates,1,0,0,,0.0,0.0
iris,3,26,all_gates,1,0,0,,0.0,0.0
iris,3,36,all_gates,0,0,0,,0.0,0.0
iris,3,54,all_gates,1,1,1,1.0,0.04,1.0
iris,3,64,all_gates,1,0,0,,0.0,0.0
iris,3,71,all_gates,1,0,0,,0.0,0.0
iris,4,0,all_gates,0,0,0,,0.0,0.0
iris,4,33,all_gates,1,0,0,,0.0,0.0
iris,4,40,all_gates,0,0,0,,0.0,0.0
iris,4,55,all_gates,1,0,0,,0.0,0.0
iris,4,56,all_gates,1,0,0,,0.0,0.0
wine,0,2,all_gates,0,0,0,,0.0,0.0
wine,0,46,all_gates,0,0,0,,0.0,0.0
wine,0,49,all_gates,0,1,1,1.0,0.030303030303030304,1.0
wine,0,64,all_gates,1,0,0,,0.0,0.0
wine,0,84,all_gates,1,0,0,,0.0,0.0
wine,0,121,all_gates,1,0,0,,0.0,0.0
wine,0,126,all_gates,1,0,0,,0.0,0.0
wine,1,9,all_gates,0,0,0,,0.0,0.0
wine,1,24,all_gates,0,0,0,,0.0,0.0
wine,1,54,all_gates,0,0,0,,0.0,0.0
wine,1,73,all_gates,1,0,0,,0.0,0.0
wine,1,89,all_gates,1,0,0,,0.0,0.0
wine,1,92,all_gates,1,1,1,1.0,0.030303030303030304,1.0
wine,1,102,all_gates,1,0,0,,0.0,0.0
wine,2,8,all_gates,0,0,0,,0.0,0.0
wine,2,44,all_gates,0,0,0,,0.0,0.0
wine,2,47,all_gates,0,0,0,,0.0,0.0
wine,2,77,all_gates,1,0,0,,0.0,0.0
wine,2,100,all_gates,1,0,0,,0.0,0.0
wine,2,120,all_gates,1,0,0,,0.0,0.0
wine,2,127,all_gates,1,0,0,,0.0,0.0
wine,3,17,all_gates,0,0,0,,0.0,0.0
wine,3,25,all_gates,1,0,0,,0.0,0.0
wine,3,42,all_gates,0,0,0,,0.0,0.0
wine,3,77,all_gates,1,0,0,,0.0,0.0
wine,3,81,all_gates,0,0,0,,0.0,0.0
wine,3,97,all_gates,1,0,0,,0.0,0.0
wine,3,118,all_gates,1,0,0,,0.0,0.0
wine,4,6,all_gates,0,0,0,,0.0,0.0
wine,4,20,all_gates,0,0,0,,0.0,0.0
wine,4,57,all_gates,0,0,0,,0.0,0.0
wine,4,61,all_gates,1,0,0,,0.0,0.0
wine,4,62,all_gates,1,0,0,,0.0,0.0
wine,4,72,all_gates,1,0,0,,0.0,0.0
wine,4,78,all_gates,1,0,0,,0.0,0.0
breast_cancer,0,8,all_gates,0,0,0,,0.0,0.0
breast_cancer,0,39,all_gates,0,0,0,,0.0,0.0
breast_cancer,0,46,all_gates,1,5,5,1.0,0.035211267605633804,1.0
breast_cancer,0,68,all_gates,1,0,0,,0.0,0.0
breast_cancer,0,100,all_gates,0,0,0,,0.0,0.0
breast_cancer,0,105,all_gates,0,0,0,,0.0,0.0
breast_cancer,0,116,all_gates,1,0,0,,0.0,0.0
breast_cancer,0,151,all_gates,1,0,0,,0.0,0.0
breast_cancer,0,161,all_gates,0,0,0,,0.0,0.0
breast_cancer,0,170,all_gates,1,5,5,1.0,0.035211267605633804,1.0
breast_cancer,0,217,all_gates,1,3,3,1.0,0.02112676056338028,1.0
breast_cancer,0,251,all_gates,1,8,8,1.0,0.056338028169014086,1.0
breast_cancer,0,254,all_gates,0,10,10,1.0,0.07042253521126761,1.0
breast_cancer,0,267,all_gates,1,0,0,,0.0,0.0
breast_cancer,0,280,all_gates,0,1,1,1.0,0.007042253521126761,1.0
breast_cancer,0,318,all_gates,1,0,0,,0.0,0.0
breast_cancer,0,347,all_gates,1,0,0,,0.0,0.0
breast_cancer,0,483,all_gates,1,2,2,1.0,0.014084507042253521,1.0
breast_cancer,0,492,all_gates,0,0,0,,0.0,0.0
breast_cancer,0,558,all_gates,1,0,0,,0.0,0.0
breast_cancer,1,24,all_gates,0,5,5,1.0,0.035211267605633804,1.0
breast_cancer,1,35,all_gates,0,0,0,,0.0,0.0
breast_cancer,1,141,all_gates,0,5,5,1.0,0.035211267605633804,1.0
breast_cancer,1,145,all_gates,1,1,1,1.0,0.007042253521126761,1.0
breast_cancer,1,164,all_gates,0,5,5,1.0,0.035211267605633804,1.0
breast_cancer,1,179,all_gates,1,0,0,,0.0,0.0
breast_cancer,1,186,all_gates,0,0,0,,0.0,0.0
breast_cancer,1,216,all_gates,1,0,0,,0.0,0.0
breast_cancer,1,220,all_gates,1,0,0,,0.0,0.0
breast_cancer,1,264,all_gates,0,5,5,1.0,0.035211267605633804,1.0
breast_cancer,1,274,all_gates,0,0,0,,0.0,0.0
breast_cancer,1,301,all_gates,1,0,0,,0.0,0.0
breast_cancer,1,312,all_gates,1,0,0,,0.0,0.0
breast_cancer,1,334,all_gates,1,0,0,,0.0,0.0
breast_cancer,1,378,all_gates,1,1,1,1.0,0.007042253521126761,1.0
breast_cancer,1,395,all_gates,1,0,0,,0.0,0.0
breast_cancer,1,458,all_gates,1,1,1,1.0,0.007042253521126761,1.0
breast_cancer,1,535,all_gates,0,5,5,1.0,0.035211267605633804,1.0
breast_cancer,1,540,all_gates,1,0,0,,0.0,0.0
breast_cancer,1,550,all_gates,1,0,0,,0.0,0.0
breast_cancer,2,25,all_gates,0,0,0,,0.0,0.0
breast_cancer,2,74,all_gates,1,3,3,1.0,0.02112676056338028,1.0
breast_cancer,2,124,all_gates,1,0,0,,0.0,0.0
breast_cancer,2,141,all_gates,0,2,2,1.0,0.014084507042253521,1.0
breast_cancer,2,153,all_gates,1,4,4,1.0,0.028169014084507043,1.0
breast_cancer,2,175,all_gates,1,2,2,1.0,0.014084507042253521,1.0
breast_cancer,2,237,all_gates,0,4,4,1.0,0.028169014084507043,1.0
breast_cancer,2,283,all_gates,0,0,0,,0.0,0.0
breast_cancer,2,288,all_gates,1,0,0,,0.0,0.0
breast_cancer,2,317,all_gates,0,4,4,1.0,0.028169014084507043,1.0
breast_cancer,2,398,all_gates,1,0,0,,0.0,0.0
breast_cancer,2,415,all_gates,1,1,1,1.0,0.007042253521126761,1.0
breast_cancer,2,435,all_gates,0,0,0,,0.0,0.0
breast_cancer,2,459,all_gates,1,0,0,,0.0,0.0
breast_cancer,2,468,all_gates,0,0,0,,0.0,0.0
breast_cancer,2,500,all_gates,1,0,0,,0.0,0.0
breast_cancer,2,502,all_gates,1,3,3,1.0,0.02112676056338028,1.0
breast_cancer,2,504,all_gates,1,0,0,,0.0,0.0
breast_cancer,2,546,all_gates,1,3,3,1.0,0.02112676056338028,1.0
breast_cancer,2,564,all_gates,0,4,4,1.0,0.028169014084507043,1.0
breast_cancer,3,125,all_gates,1,0,0,,0.0,0.0
breast_cancer,3,133,all_gates,1,0,0,,0.0,0.0
breast_cancer,3,171,all_gates,0,0,0,,0.0,0.0
breast_cancer,3,181,all_gates,0,0,0,,0.0,0.0
breast_cancer,3,185,all_gates,1,0,0,,0.0,0.0
breast_cancer,3,186,all_gates,0,1,1,1.0,0.007042253521126761,1.0
breast_cancer,3,210,all_gates,0,4,4,1.0,0.028169014084507043,1.0
breast_cancer,3,331,all_gates,1,0,0,,0.0,0.0
breast_cancer,3,342,all_gates,1,1,1,1.0,0.007042253521126761,1.0
breast_cancer,3,392,all_gates,0,0,0,,0.0,0.0
breast_cancer,3,444,all_gates,0,0,0,,0.0,0.0
breast_cancer,3,466,all_gates,1,0,0,,0.0,0.0
breast_cancer,3,467,all_gates,1,0,0,,0.0,0.0
breast_cancer,3,504,all_gates,1,0,0,,0.0,0.0
breast_cancer,3,508,all_gates,1,0,0,,0.0,0.0
breast_cancer,3,513,all_gates,1,0,0,,0.0,0.0
breast_cancer,3,529,all_gates,1,0,0,,0.0,0.0
breast_cancer,3,553,all_gates,1,2,2,1.0,0.014084507042253521,1.0
breast_cancer,3,563,all_gates,0,3,3,1.0,0.02112676056338028,1.0
breast_cancer,3,566,all_gates,0,0,0,,0.0,0.0
breast_cancer,4,26,all_gates,0,0,0,,0.0,0.0
breast_cancer,4,88,all_gates,1,0,0,,0.0,0.0
breast_cancer,4,98,all_gates,1,4,4,1.0,0.028169014084507043,1.0
breast_cancer,4,100,all_gates,0,0,0,,0.0,0.0
breast_cancer,4,117,all_gates,0,0,0,,0.0,0.0
breast_cancer,4,142,all_gates,1,0,0,,0.0,0.0
breast_cancer,4,200,all_gates,1,0,0,,0.0,0.0
breast_cancer,4,204,all_gates,1,0,0,,0.0,0.0
breast_cancer,4,215,all_gates,1,0,0,,0.0,0.0
breast_cancer,4,265,all_gates,0,6,6,1.0,0.04225352112676056,1.0
breast_cancer,4,266,all_gates,1,2,2,1.0,0.014084507042253521,1.0
breast_cancer,4,287,all_gates,1,2,2,1.0,0.014084507042253521,1.0
breast_cancer,4,327,all_gates,1,2,2,1.0,0.014084507042253521,1.0
breast_cancer,4,366,all_gates,0,1,1,1.0,0.007042253521126761,1.0
breast_cancer,4,382,all_gates,1,0,0,,0.0,0.0
breast_cancer,4,409,all_gates,1,0,0,,0.0,0.0
breast_cancer,4,469,all_gates,1,0,0,,0.0,0.0
breast_cancer,4,476,all_gates,1,0,0,,0.0,0.0
breast_cancer,4,503,all_gates,0,1,1,1.0,0.007042253521126761,1.0
breast_cancer,4,562,all_gates,0,0,0,,0.0,0.0
digits-35,0,1,all_gates,1,0,0,,0.0,0.0
digits-35,0,14,all_gates,1,0,0,,0.0,0.0
digits-35,0,105,all_gates,1,0,0,,0.0,0.0
digits-35,0,134,all_gates,0,0,0,,0.0,0.0
digits-35,0,136,all_gates,0,0,0,,0.0,0.0
digits-35,0,145,all_gates,1,1,1,1.0,0.01098901098901099,1.0
digits-35,0,166,all_gates,1,0,0,,0.0,0.0
digits-35,0,189,all_gates,0,0,0,,0.0,0.0
digits-35,0,206,all_gates,0,0,0,,0.0,0.0
digits-35,0,216,all_gates,0,0,0,,0.0,0.0
digits-35,0,217,all_gates,0,0,0,,0.0,0.0
digits-35,0,221,all_gates,1,1,1,1.0,0.01098901098901099,1.0
digits-35,0,223,all_gates,1,0,0,,0.0,0.0
digits-35,0,237,all_gates,1,0,0,,0.0,0.0
digits-35,0,241,all_gates,0,0,0,,0.0,0.0
digits-35,0,321,all_gates,0,0,0,,0.0,0.0
digits-35,0,341,all_gates,1,0,0,,0.0,0.0
digits-35,0,343,all_gates,1,0,0,,0.0,0.0
digits-35,0,356,all_gates,1,0,0,,0.0,0.0
digits-35,1,45,all_gates,1,0,0,,0.0,0.0
digits-35,1,50,all_gates,0,0,0,,0.0,0.0
digits-35,1,66,all_gates,1,0,0,,0.0,0.0
digits-35,1,94,all_gates,0,0,0,,0.0,0.0
digits-35,1,107,all_gates,1,0,0,,0.0,0.0
digits-35,1,159,all_gates,1,0,0,,0.0,0.0
digits-35,1,160,all_gates,0,0,0,,0.0,0.0
digits-35,1,163,all_gates,0,0,0,,0.0,0.0
digits-35,1,228,all_gates,1,0,0,,0.0,0.0
digits-35,1,242,all_gates,0,0,0,,0.0,0.0
digits-35,1,244,all_gates,1,0,0,,0.0,0.0
digits-35,1,256,all_gates,0,0,0,,0.0,0.0
digits-35,1,266,all_gates,0,0,0,,0.0,0.0
digits-35,1,272,all_gates,1,0,0,,0.0,0.0
digits-35,1,277,all_gates,0,0,0,,0.0,0.0
digits-35,1,283,all_gates,1,0,0,,0.0,0.0
digits-35,1,296,all_gates,1,0,0,,0.0,0.0
digits-35,1,340,all_gates,0,0,0,,0.0,0.0
digits-35,1,349,all_gates,0,1,1,1.0,0.01098901098901099,1.0
digits-35,2,3,all_gates,0,1,1,1.0,0.01098901098901099,1.0
digits-35,2,27,all_gates,0,0,0,,0.0,0.0
digits-35,2,28,all_gates,1,0,0,,0.0,0.0
digits-35,2,37,all_gates,1,4,4,1.0,0.04395604395604396,1.0
digits-35,2,69,all_gates,1,4,4,1.0,0.04395604395604396,1.0
digits-35,2,92,all_gates,1,0,0,,0.0,0.0
digits-35,2,99,all_gates,1,0,0,,0.0,0.0
digits-35,2,128,all_gates,0,2,2,1.0,0.02197802197802198,1.0
digits-35,2,141,all_gates,0,0,0,,0.0,0.0
digits-35,2,146,all_gates,0,0,0,,0.0,0.0
digits-35,2,151,all_gates,1,0,0,,0.0,0.0
digits-35,2,192,all_gates,1,0,0,,0.0,0.0
digits-35,2,195,all_gates,1,0,0,,0.0,0.0
digits-35,2,224,all_gates,0,0,0,,0.0,0.0
digits-35,2,248,all_gates,1,0,0,,0.0,0.0
digits-35,2,251,all_gates,0,0,0,,0.0,0.0
digits-35,2,271,all_gates,0,0,0,,0.0,0.0
digits-35,2,315,all_gates,1,0,0,,0.0,0.0
digits-35,2,316,all_gates,0,0,0,,0.0,0.0
digits-35,3,30,all_gates,1,0,0,,0.0,0.0
digits-35,3,65,all_gates,1,0,0,,0.0,0.0
digits-35,3,86,all_gates,0,0,0,,0.0,0.0
digits-35,3,103,all_gates,0,3,3,1.0,0.03296703296703297,1.0
digits-35,3,104,all_gates,0,0,0,,0.0,0.0
digits-35,3,106,all_gates,0,0,0,,0.0,0.0
digits-35,3,174,all_gates,1,0,0,,0.0,0.0
digits-35,3,190,all_gates,0,0,0,,0.0,0.0
digits-35,3,194,all_gates,1,0,0,,0.0,0.0
digits-35,3,205,all_gates,1,0,0,,0.0,0.0
digits-35,3,211,all_gates,1,0,0,,0.0,0.0
digits-35,3,216,all_gates,0,3,3,1.0,0.03296703296703297,1.0
digits-35,3,232,all_gates,0,0,0,,0.0,0.0
digits-35,3,282,all_gates,0,0,0,,0.0,0.0
digits-35,3,297,all_gates,0,0,0,,0.0,0.0
digits-35,3,305,all_gates,1,0,0,,0.0,0.0
digits-35,3,309,all_gates,1,0,0,,0.0,0.0
digits-35,3,321,all_gates,0,3,3,1.0,0.03296703296703297,1.0
digits-35,3,358,all_gates,1,1,1,1.0,0.01098901098901099,1.0
digits-35,4,75,all_gates,0,0,0,,0.0,0.0
digits-35,4,78,all_gates,1,2,2,1.0,0.02197802197802198,1.0
digits-35,4,84,all_gates,0,0,0,,0.0,0.0
digits-35,4,106,all_gates,0,0,0,,0.0,0.0
digits-35,4,125,all_gates,1,0,0,,0.0,0.0
digits-35,4,131,all_gates,1,1,1,1.0,0.01098901098901099,1.0
digits-35,4,133,all_gates,1,0,0,,0.0,0.0
digits-35,4,154,all_gates,0,0,0,,0.0,0.0
digits-35,4,156,all_gates,0,0,0,,0.0,0.0
digits-35,4,177,all_gates,1,2,2,1.0,0.02197802197802198,1.0
digits-35,4,184,all_gates,0,0,0,,0.0,0.0
digits-35,4,190,all_gates,0,0,0,,0.0,0.0
digits-35,4,208,all_gates,0,0,0,,0.0,0.0
digits-35,4,236,all_gates,0,0,0,,0.0,0.0
digits-35,4,243,all_gates,0,0,0,,0.0,0.0
digits-35,4,257,all_gates,1,0,0,,0.0,0.0
digits-35,4,339,all_gates,1,0,0,,0.0,0.0
digits-35,4,351,all_gates,1,0,0,,0.0,0.0
digits-35,4,357,all_gates,1,2,2,1.0,0.02197802197802198,1.0
synthetic_d8,0,23,all_gates,1,0,0,,0.0,0.0
synthetic_d8,0,28,all_gates,1,0,0,,0.0,0.0
synthetic_d8,0,39,all_gates,1,0,0,,0.0,0.0
synthetic_d8,0,41,all_gates,0,0,0,,0.0,0.0
synthetic_d8,0,54,all_gates,0,0,0,,0.0,0.0
synthetic_d8,0,72,all_gates,0,0,0,,0.0,0.0
synthetic_d8,0,94,all_gates,0,0,0,,0.0,0.0
synthetic_d8,0,102,all_gates,0,1,1,1.0,0.008,1.0
synthetic_d8,0,103,all_gates,0,0,0,,0.0,0.0
synthetic_d8,0,106,all_gates,1,0,0,,0.0,0.0
synthetic_d8,0,114,all_gates,1,0,0,,0.0,0.0
synthetic_d8,0,199,all_gates,1,0,0,,0.0,0.0
synthetic_d8,0,200,all_gates,1,0,0,,0.0,0.0
synthetic_d8,0,312,all_gates,1,0,0,,0.0,0.0
synthetic_d8,0,339,all_gates,0,0,0,,0.0,0.0
synthetic_d8,0,348,all_gates,1,0,0,,0.0,0.0
synthetic_d8,0,378,all_gates,0,0,0,,0.0,0.0
synthetic_d8,0,421,all_gates,0,0,0,,0.0,0.0
synthetic_d8,0,425,all_gates,1,0,0,,0.0,0.0
synthetic_d8,0,471,all_gates,0,0,0,,0.0,0.0
synthetic_d8,1,16,all_gates,1,0,0,,0.0,0.0
synthetic_d8,1,24,all_gates,0,0,0,,0.0,0.0
synthetic_d8,1,60,all_gates,1,0,0,,0.0,0.0
synthetic_d8,1,87,all_gates,1,0,0,,0.0,0.0
synthetic_d8,1,90,all_gates,0,0,0,,0.0,0.0
synthetic_d8,1,95,all_gates,0,0,0,,0.0,0.0
synthetic_d8,1,96,all_gates,0,0,0,,0.0,0.0
synthetic_d8,1,124,all_gates,1,0,0,,0.0,0.0
synthetic_d8,1,200,all_gates,1,0,0,,0.0,0.0
synthetic_d8,1,251,all_gates,0,1,1,1.0,0.008,1.0
synthetic_d8,1,268,all_gates,1,0,0,,0.0,0.0
synthetic_d8,1,303,all_gates,0,0,0,,0.0,0.0
synthetic_d8,1,324,all_gates,0,0,0,,0.0,0.0
synthetic_d8,1,382,all_gates,1,0,0,,0.0,0.0
synthetic_d8,1,389,all_gates,0,0,0,,0.0,0.0
synthetic_d8,1,401,all_gates,0,0,0,,0.0,0.0
synthetic_d8,1,454,all_gates,0,0,0,,0.0,0.0
synthetic_d8,1,458,all_gates,1,0,0,,0.0,0.0
synthetic_d8,1,479,all_gates,0,0,0,,0.0,0.0
synthetic_d8,1,498,all_gates,1,0,0,,0.0,0.0
synthetic_d8,2,0,all_gates,0,0,0,,0.0,0.0
synthetic_d8,2,16,all_gates,1,0,0,,0.0,0.0
synthetic_d8,2,39,all_gates,1,0,0,,0.0,0.0
synthetic_d8,2,40,all_gates,1,0,0,,0.0,0.0
synthetic_d8,2,83,all_gates,1,0,0,,0.0,0.0
synthetic_d8,2,95,all_gates,0,0,0,,0.0,0.0
synthetic_d8,2,128,all_gates,1,0,0,,0.0,0.0
synthetic_d8,2,151,all_gates,1,0,0,,0.0,0.0
synthetic_d8,2,163,all_gates,1,0,0,,0.0,0.0
synthetic_d8,2,173,all_gates,0,0,0,,0.0,0.0
synthetic_d8,2,224,all_gates,0,1,1,1.0,0.008,1.0
synthetic_d8,2,312,all_gates,1,0,0,,0.0,0.0
synthetic_d8,2,363,all_gates,1,0,0,,0.0,0.0
synthetic_d8,2,381,all_gates,1,3,0,0.0,0.024,1.0
synthetic_d8,2,407,all_gates,0,0,0,,0.0,0.0
synthetic_d8,2,433,all_gates,0,0,0,,0.0,0.0
synthetic_d8,2,440,all_gates,0,0,0,,0.0,0.0
synthetic_d8,2,445,all_gates,0,0,0,,0.0,0.0
synthetic_d8,2,454,all_gates,0,0,0,,0.0,0.0
synthetic_d8,2,489,all_gates,0,0,0,,0.0,0.0
synthetic_d8,3,0,all_gates,0,0,0,,0.0,0.0
synthetic_d8,3,45,all_gates,1,0,0,,0.0,0.0
synthetic_d8,3,67,all_gates,0,0,0,,0.0,0.0
synthetic_d8,3,97,all_gates,1,0,0,,0.0,0.0
synthetic_d8,3,128,all_gates,1,0,0,,0.0,0.0
synthetic_d8,3,131,all_gates,1,0,0,,0.0,0.0
synthetic_d8,3,140,all_gates,0,0,0,,0.0,0.0
synthetic_d8,3,191,all_gates,1,0,0,,0.0,0.0
synthetic_d8,3,218,all_gates,1,0,0,,0.0,0.0
synthetic_d8,3,232,all_gates,1,0,0,,0.0,0.0
synthetic_d8,3,276,all_gates,1,0,0,,0.0,0.0
synthetic_d8,3,278,all_gates,0,0,0,,0.0,0.0
synthetic_d8,3,294,all_gates,0,0,0,,0.0,0.0
synthetic_d8,3,314,all_gates,0,0,0,,0.0,0.0
synthetic_d8,3,354,all_gates,1,0,0,,0.0,0.0
synthetic_d8,3,359,all_gates,0,0,0,,0.0,0.0
synthetic_d8,3,381,all_gates,0,0,0,,0.0,0.0
synthetic_d8,3,394,all_gates,1,0,0,,0.0,0.0
synthetic_d8,3,399,all_gates,1,0,0,,0.0,0.0
synthetic_d8,3,400,all_gates,1,0,0,,0.0,0.0
synthetic_d8,4,24,all_gates,0,0,0,,0.0,0.0
synthetic_d8,4,35,all_gates,0,0,0,,0.0,0.0
synthetic_d8,4,43,all_gates,0,0,0,,0.0,0.0
synthetic_d8,4,44,all_gates,1,1,1,1.0,0.008,1.0
synthetic_d8,4,110,all_gates,1,0,0,,0.0,0.0
synthetic_d8,4,117,all_gates,0,0,0,,0.0,0.0
synthetic_d8,4,119,all_gates,0,1,1,1.0,0.008,1.0
synthetic_d8,4,129,all_gates,0,0,0,,0.0,0.0
synthetic_d8,4,134,all_gates,1,0,0,,0.0,0.0
synthetic_d8,4,182,all_gates,1,0,0,,0.0,0.0
synthetic_d8,4,191,all_gates,1,0,0,,0.0,0.0
synthetic_d8,4,247,all_gates,1,0,0,,0.0,0.0
synthetic_d8,4,257,all_gates,1,0,0,,0.0,0.0
synthetic_d8,4,292,all_gates,1,0,0,,0.0,0.0
synthetic_d8,4,297,all_gates,1,0,0,,0.0,0.0
synthetic_d8,4,324,all_gates,0,0,0,,0.0,0.0
synthetic_d8,4,326,all_gates,0,0,0,,0.0,0.0
synthetic_d8,4,350,all_gates,1,0,0,,0.0,0.0
synthetic_d8,4,361,all_gates,1,0,0,,0.0,0.0
synthetic_d8,4,459,all_gates,0,0,0,,0.0,0.0
synthetic_d20,0,1,all_gates,0,1,1,1.0,0.005,1.0
synthetic_d20,0,7,all_gates,1,0,0,,0.0,0.0
synthetic_d20,0,20,all_gates,0,0,0,,0.0,0.0
synthetic_d20,0,24,all_gates,0,0,0,,0.0,0.0
synthetic_d20,0,32,all_gates,1,0,0,,0.0,0.0
synthetic_d20,0,61,all_gates,1,0,0,,0.0,0.0
synthetic_d20,0,107,all_gates,1,0,0,,0.0,0.0
synthetic_d20,0,173,all_gates,0,0,0,,0.0,0.0
synthetic_d20,0,192,all_gates,1,0,0,,0.0,0.0
synthetic_d20,0,410,all_gates,0,0,0,,0.0,0.0
synthetic_d20,0,420,all_gates,0,0,0,,0.0,0.0
synthetic_d20,0,459,all_gates,1,0,0,,0.0,0.0
synthetic_d20,0,510,all_gates,1,0,0,,0.0,0.0
synthetic_d20,0,524,all_gates,0,0,0,,0.0,0.0
synthetic_d20,0,607,all_gates,0,0,0,,0.0,0.0
synthetic_d20,0,608,all_gates,0,0,0,,0.0,0.0
synthetic_d20,0,623,all_gates,0,0,0,,0.0,0.0
synthetic_d20,0,666,all_gates,1,0,0,,0.0,0.0
synthetic_d20,0,727,all_gates,1,0,0,,0.0,0.0
synthetic_d20,0,729,all_gates,1,0,0,,0.0,0.0
synthetic_d20,1,56,all_gates,1,0,0,,0.0,0.0
synthetic_d20,1,226,all_gates,1,0,0,,0.0,0.0
synthetic_d20,1,241,all_gates,1,1,1,1.0,0.005,1.0
synthetic_d20,1,242,all_gates,1,0,0,,0.0,0.0
synthetic_d20,1,254,all_gates,1,0,0,,0.0,0.0
synthetic_d20,1,256,all_gates,0,0,0,,0.0,0.0
synthetic_d20,1,263,all_gates,0,0,0,,0.0,0.0
synthetic_d20,1,374,all_gates,0,0,0,,0.0,0.0
synthetic_d20,1,381,all_gates,1,0,0,,0.0,0.0
synthetic_d20,1,393,all_gates,1,0,0,,0.0,0.0
synthetic_d20,1,408,all_gates,1,1,1,1.0,0.005,1.0
synthetic_d20,1,417,all_gates,0,0,0,,0.0,0.0
synthetic_d20,1,440,all_gates,1,0,0,,0.0,0.0
synthetic_d20,1,454,all_gates,0,0,0,,0.0,0.0
synthetic_d20,1,462,all_gates,0,0,0,,0.0,0.0
synthetic_d20,1,466,all_gates,1,0,0,,0.0,0.0
synthetic_d20,1,562,all_gates,1,0,0,,0.0,0.0
synthetic_d20,1,676,all_gates,0,0,0,,0.0,0.0
synthetic_d20,1,724,all_gates,1,0,0,,0.0,0.0
synthetic_d20,1,742,all_gates,1,0,0,,0.0,0.0
synthetic_d20,2,30,all_gates,0,0,0,,0.0,0.0
synthetic_d20,2,180,all_gates,1,0,0,,0.0,0.0
synthetic_d20,2,239,all_gates,1,0,0,,0.0,0.0
synthetic_d20,2,296,all_gates,1,0,0,,0.0,0.0
synthetic_d20,2,316,all_gates,0,0,0,,0.0,0.0
synthetic_d20,2,319,all_gates,0,0,0,,0.0,0.0
synthetic_d20,2,380,all_gates,0,0,0,,0.0,0.0
synthetic_d20,2,383,all_gates,1,0,0,,0.0,0.0
synthetic_d20,2,420,all_gates,0,0,0,,0.0,0.0
synthetic_d20,2,460,all_gates,0,0,0,,0.0,0.0
synthetic_d20,2,475,all_gates,0,0,0,,0.0,0.0
synthetic_d20,2,490,all_gates,1,0,0,,0.0,0.0
synthetic_d20,2,513,all_gates,0,0,0,,0.0,0.0
synthetic_d20,2,534,all_gates,1,0,0,,0.0,0.0
synthetic_d20,2,649,all_gates,1,0,0,,0.0,0.0
synthetic_d20,2,691,all_gates,1,0,0,,0.0,0.0
synthetic_d20,2,717,all_gates,0,0,0,,0.0,0.0
synthetic_d20,2,755,all_gates,0,0,0,,0.0,0.0
synthetic_d20,2,769,all_gates,0,0,0,,0.0,0.0
synthetic_d20,2,785,all_gates,0,0,0,,0.0,0.0
synthetic_d20,3,88,all_gates,0,0,0,,0.0,0.0
synthetic_d20,3,91,all_gates,0,0,0,,0.0,0.0
synthetic_d20,3,118,all_gates,1,0,0,,0.0,0.0
synthetic_d20,3,132,all_gates,0,0,0,,0.0,0.0
synthetic_d20,3,157,all_gates,1,0,0,,0.0,0.0
synthetic_d20,3,164,all_gates,1,0,0,,0.0,0.0
synthetic_d20,3,172,all_gates,0,0,0,,0.0,0.0
synthetic_d20,3,271,all_gates,0,0,0,,0.0,0.0
synthetic_d20,3,341,all_gates,0,0,0,,0.0,0.0
synthetic_d20,3,349,all_gates,0,0,0,,0.0,0.0
synthetic_d20,3,376,all_gates,1,0,0,,0.0,0.0
synthetic_d20,3,474,all_gates,0,0,0,,0.0,0.0
synthetic_d20,3,514,all_gates,1,0,0,,0.0,0.0
synthetic_d20,3,521,all_gates,0,0,0,,0.0,0.0
synthetic_d20,3,534,all_gates,1,0,0,,0.0,0.0
synthetic_d20,3,573,all_gates,0,0,0,,0.0,0.0
synthetic_d20,3,612,all_gates,0,0,0,,0.0,0.0
synthetic_d20,3,648,all_gates,0,0,0,,0.0,0.0
synthetic_d20,3,671,all_gates,1,0,0,,0.0,0.0
synthetic_d20,3,793,all_gates,1,0,0,,0.0,0.0
synthetic_d20,4,33,all_gates,1,0,0,,0.0,0.0
synthetic_d20,4,45,all_gates,1,0,0,,0.0,0.0
synthetic_d20,4,47,all_gates,0,0,0,,0.0,0.0
synthetic_d20,4,54,all_gates,0,0,0,,0.0,0.0
synthetic_d20,4,90,all_gates,0,0,0,,0.0,0.0
synthetic_d20,4,111,all_gates,1,0,0,,0.0,0.0
synthetic_d20,4,221,all_gates,1,0,0,,0.0,0.0
synthetic_d20,4,288,all_gates,0,0,0,,0.0,0.0
synthetic_d20,4,316,all_gates,0,0,0,,0.0,0.0
synthetic_d20,4,381,all_gates,1,0,0,,0.0,0.0
synthetic_d20,4,448,all_gates,0,0,0,,0.0,0.0
synthetic_d20,4,452,all_gates,1,0,0,,0.0,0.0
synthetic_d20,4,485,all_gates,0,0,0,,0.0,0.0
synthetic_d20,4,489,all_gates,0,0,0,,0.0,0.0
synthetic_d20,4,520,all_gates,1,0,0,,0.0,0.0
synthetic_d20,4,540,all_gates,1,0,0,,0.0,0.0
synthetic_d20,4,583,all_gates,1,0,0,,0.0,0.0
synthetic_d20,4,598,all_gates,1,0,0,,0.0,0.0
synthetic_d20,4,629,all_gates,1,0,0,,0.0,0.0
synthetic_d20,4,657,all_gates,1,0,0,,0.0,0.0
synthetic_d50,0,29,all_gates,0,0,0,,0.0,0.0
synthetic_d50,0,37,all_gates,0,0,0,,0.0,0.0
synthetic_d50,0,82,all_gates,0,0,0,,0.0,0.0
synthetic_d50,0,135,all_gates,1,0,0,,0.0,0.0
synthetic_d50,0,181,all_gates,0,0,0,,0.0,0.0
synthetic_d50,0,270,all_gates,1,0,0,,0.0,0.0
synthetic_d50,0,278,all_gates,0,0,0,,0.0,0.0
synthetic_d50,0,313,all_gates,0,0,0,,0.0,0.0
synthetic_d50,0,357,all_gates,0,0,0,,0.0,0.0
synthetic_d50,0,400,all_gates,0,0,0,,0.0,0.0
synthetic_d50,0,407,all_gates,1,0,0,,0.0,0.0
synthetic_d50,0,408,all_gates,1,0,0,,0.0,0.0
synthetic_d50,0,410,all_gates,0,0,0,,0.0,0.0
synthetic_d50,0,464,all_gates,1,0,0,,0.0,0.0
synthetic_d50,0,495,all_gates,1,0,0,,0.0,0.0
synthetic_d50,0,548,all_gates,1,0,0,,0.0,0.0
synthetic_d50,0,551,all_gates,0,0,0,,0.0,0.0
synthetic_d50,0,557,all_gates,1,0,0,,0.0,0.0
synthetic_d50,0,662,all_gates,1,0,0,,0.0,0.0
synthetic_d50,0,844,all_gates,1,0,0,,0.0,0.0
synthetic_d50,1,195,all_gates,1,0,0,,0.0,0.0
synthetic_d50,1,327,all_gates,0,0,0,,0.0,0.0
synthetic_d50,1,333,all_gates,0,0,0,,0.0,0.0
synthetic_d50,1,338,all_gates,0,0,0,,0.0,0.0
synthetic_d50,1,357,all_gates,0,0,0,,0.0,0.0
synthetic_d50,1,396,all_gates,0,0,0,,0.0,0.0
synthetic_d50,1,408,all_gates,1,0,0,,0.0,0.0
synthetic_d50,1,417,all_gates,1,0,0,,0.0,0.0
synthetic_d50,1,422,all_gates,0,0,0,,0.0,0.0
synthetic_d50,1,434,all_gates,1,0,0,,0.0,0.0
synthetic_d50,1,446,all_gates,1,0,0,,0.0,0.0
synthetic_d50,1,555,all_gates,1,0,0,,0.0,0.0
synthetic_d50,1,577,all_gates,1,0,0,,0.0,0.0
synthetic_d50,1,632,all_gates,1,0,0,,0.0,0.0
synthetic_d50,1,639,all_gates,0,0,0,,0.0,0.0
synthetic_d50,1,678,all_gates,1,0,0,,0.0,0.0
synthetic_d50,1,697,all_gates,0,0,0,,0.0,0.0
synthetic_d50,1,863,all_gates,0,0,0,,0.0,0.0
synthetic_d50,1,924,all_gates,1,0,0,,0.0,0.0
synthetic_d50,1,942,all_gates,0,0,0,,0.0,0.0
synthetic_d50,2,56,all_gates,0,0,0,,0.0,0.0
synthetic_d50,2,98,all_gates,1,0,0,,0.0,0.0
synthetic_d50,2,186,all_gates,0,0,0,,0.0,0.0
synthetic_d50,2,306,all_gates,1,0,0,,0.0,0.0
synthetic_d50,2,325,all_gates,1,0,0,,0.0,0.0
synthetic_d50,2,368,all_gates,0,1,1,1.0,0.004,1.0
synthetic_d50,2,389,all_gates,0,0,0,,0.0,0.0
synthetic_d50,2,464,all_gates,1,0,0,,0.0,0.0
synthetic_d50,2,516,all_gates,0,0,0,,0.0,0.0
synthetic_d50,2,517,all_gates,0,0,0,,0.0,0.0
synthetic_d50,2,518,all_gates,1,0,0,,0.0,0.0
synthetic_d50,2,532,all_gates,0,0,0,,0.0,0.0
synthetic_d50,2,735,all_gates,0,0,0,,0.0,0.0
synthetic_d50,2,751,all_gates,1,0,0,,0.0,0.0
synthetic_d50,2,790,all_gates,1,0,0,,0.0,0.0
synthetic_d50,2,797,all_gates,1,0,0,,0.0,0.0
synthetic_d50,2,853,all_gates,0,0,0,,0.0,0.0
synthetic_d50,2,867,all_gates,1,0,0,,0.0,0.0
synthetic_d50,2,890,all_gates,0,0,0,,0.0,0.0
synthetic_d50,2,908,all_gates,1,0,0,,0.0,0.0
synthetic_d50,3,6,all_gates,1,0,0,,0.0,0.0
synthetic_d50,3,60,all_gates,1,0,0,,0.0,0.0
synthetic_d50,3,129,all_gates,1,0,0,,0.0,0.0
synthetic_d50,3,267,all_gates,1,0,0,,0.0,0.0
synthetic_d50,3,296,all_gates,0,0,0,,0.0,0.0
synthetic_d50,3,375,all_gates,1,0,0,,0.0,0.0
synthetic_d50,3,399,all_gates,0,0,0,,0.0,0.0
synthetic_d50,3,427,all_gates,1,0,0,,0.0,0.0
synthetic_d50,3,481,all_gates,1,0,0,,0.0,0.0
synthetic_d50,3,523,all_gates,0,0,0,,0.0,0.0
synthetic_d50,3,531,all_gates,1,0,0,,0.0,0.0
synthetic_d50,3,646,all_gates,1,0,0,,0.0,0.0
synthetic_d50,3,649,all_gates,0,0,0,,0.0,0.0
synthetic_d50,3,656,all_gates,1,0,0,,0.0,0.0
synthetic_d50,3,679,all_gates,0,0,0,,0.0,0.0
synthetic_d50,3,713,all_gates,1,0,0,,0.0,0.0
synthetic_d50,3,731,all_gates,0,0,0,,0.0,0.0
synthetic_d50,3,762,all_gates,0,0,0,,0.0,0.0
synthetic_d50,3,763,all_gates,1,0,0,,0.0,0.0
synthetic_d50,3,893,all_gates,0,0,0,,0.0,0.0
synthetic_d50,4,17,all_gates,1,0,0,,0.0,0.0
synthetic_d50,4,99,all_gates,0,0,0,,0.0,0.0
synthetic_d50,4,129,all_gates,0,0,0,,0.0,0.0
synthetic_d50,4,290,all_gates,0,0,0,,0.0,0.0
synthetic_d50,4,337,all_gates,0,0,0,,0.0,0.0
synthetic_d50,4,354,all_gates,1,0,0,,0.0,0.0
synthetic_d50,4,358,all_gates,0,0,0,,0.0,0.0
synthetic_d50,4,364,all_gates,1,0,0,,0.0,0.0
synthetic_d50,4,374,all_gates,0,0,0,,0.0,0.0
synthetic_d50,4,388,all_gates,0,0,0,,0.0,0.0
synthetic_d50,4,450,all_gates,1,0,0,,0.0,0.0
synthetic_d50,4,543,all_gates,1,0,0,,0.0,0.0
synthetic_d50,4,621,all_gates,0,0,0,,0.0,0.0
synthetic_d50,4,723,all_gates,0,0,0,,0.0,0.0
synthetic_d50,4,765,all_gates,0,0,0,,0.0,0.0
synthetic_d50,4,810,all_gates,0,0,0,,0.0,0.0
synthetic_d50,4,846,all_gates,1,0,0,,0.0,0.0
synthetic_d50,4,861,all_gates,0,0,0,,0.0,0.0
synthetic_d50,4,874,all_gates,1,0,0,,0.0,0.0
synthetic_d50,4,947,all_gates,0,0,0,,0.0,0.0
synthetic_lowsep,0,63,all_gates,0,0,0,,0.0,0.0
synthetic_lowsep,0,82,all_gates,1,0,0,,0.0,0.0
synthetic_lowsep,0,217,all_gates,0,0,0,,0.0,0.0
synthetic_lowsep,0,229,all_gates,1,0,0,,0.0,0.0
synthetic_lowsep,0,231,all_gates,1,0,0,,0.0,0.0
synthetic_lowsep,0,262,all_gates,1,0,0,,0.0,0.0
synthetic_lowsep,0,273,all_gates,1,0,0,,0.0,0.0
synthetic_lowsep,0,293,all_gates,0,0,0,,0.0,0.0
synthetic_lowsep,0,339,all_gates,1,0,0,,0.0,0.0
synthetic_lowsep,0,343,all_gates,0,0,0,,0.0,0.0
synthetic_lowsep,0,380,all_gates,1,0,0,,0.0,0.0
synthetic_lowsep,0,419,all_gates,1,0,0,,0.0,0.0
synthetic_lowsep,0,503,all_gates,1,0,0,,0.0,0.0
synthetic_lowsep,0,547,all_gates,0,0,0,,0.0,0.0
synthetic_lowsep,0,563,all_gates,1,0,0,,0.0,0.0
synthetic_lowsep,0,619,all_gates,1,0,0,,0.0,0.0
synthetic_lowsep,0,639,all_gates,0,0,0,,0.0,0.0
synthetic_lowsep,0,641,all_gates,0,0,0,,0.0,0.0
synthetic_lowsep,0,667,all_gates,0,0,0,,0.0,0.0
synthetic_lowsep,0,726,all_gates,0,0,0,,0.0,0.0
synthetic_lowsep,1,86,all_gates,0,0,0,,0.0,0.0
synthetic_lowsep,1,106,all_gates,1,0,0,,0.0,0.0
synthetic_lowsep,1,123,all_gates,0,0,0,,0.0,0.0
synthetic_lowsep,1,133,all_gates,1,0,0,,0.0,0.0
synthetic_lowsep,1,197,all_gates,0,0,0,,0.0,0.0
synthetic_lowsep,1,204,all_gates,1,0,0,,0.0,0.0
synthetic_lowsep,1,255,all_gates,0,0,0,,0.0,0.0
synthetic_lowsep,1,309,all_gates,1,0,0,,0.0,0.0
synthetic_lowsep,1,332,all_gates,1,0,0,,0.0,0.0
synthetic_lowsep,1,479,all_gates,1,0,0,,0.0,0.0
synthetic_lowsep,1,500,all_gates,0,0,0,,0.0,0.0
synthetic_lowsep,1,506,all_gates,1,0,0,,0.0,0.0
synthetic_lowsep,1,527,all_gates,1,0,0,,0.0,0.0
synthetic_lowsep,1,529,all_gates,1,0,0,,0.0,0.0
synthetic_lowsep,1,541,all_gates,1,0,0,,0.0,0.0
synthetic_lowsep,1,616,all_gates,0,0,0,,0.0,0.0
synthetic_lowsep,1,619,all_gates,1,0,0,,0.0,0.0
synthetic_lowsep,1,662,all_gates,1,0,0,,0.0,0.0
synthetic_lowsep,1,721,all_gates,0,0,0,,0.0,0.0
synthetic_lowsep,1,754,all_gates,0,0,0,,0.0,0.0
synthetic_lowsep,2,3,all_gates,0,0,0,,0.0,0.0
synthetic_lowsep,2,6,all_gates,0,0,0,,0.0,0.0
synthetic_lowsep,2,51,all_gates,1,0,0,,0.0,0.0
synthetic_lowsep,2,114,all_gates,0,0,0,,0.0,0.0
synthetic_lowsep,2,132,all_gates,0,0,0,,0.0,0.0
synthetic_lowsep,2,198,all_gates,0,0,0,,0.0,0.0
synthetic_lowsep,2,221,all_gates,0,0,0,,0.0,0.0
synthetic_lowsep,2,334,all_gates,1,0,0,,0.0,0.0
synthetic_lowsep,2,368,all_gates,1,0,0,,0.0,0.0
synthetic_lowsep,2,369,all_gates,0,0,0,,0.0,0.0
synthetic_lowsep,2,392,all_gates,1,0,0,,0.0,0.0
synthetic_lowsep,2,401,all_gates,1,0,0,,0.0,0.0
synthetic_lowsep,2,412,all_gates,1,0,0,,0.0,0.0
synthetic_lowsep,2,470,all_gates,1,0,0,,0.0,0.0
synthetic_lowsep,2,487,all_gates,1,0,0,,0.0,0.0
synthetic_lowsep,2,493,all_gates,1,0,0,,0.0,0.0
synthetic_lowsep,2,561,all_gates,1,0,0,,0.0,0.0
synthetic_lowsep,2,612,all_gates,1,0,0,,0.0,0.0
synthetic_lowsep,2,675,all_gates,0,0,0,,0.0,0.0
synthetic_lowsep,2,785,all_gates,0,0,0,,0.0,0.0
synthetic_lowsep,3,35,all_gates,0,0,0,,0.0,0.0
synthetic_lowsep,3,67,all_gates,0,0,0,,0.0,0.0
synthetic_lowsep,3,107,all_gates,0,0,0,,0.0,0.0
synthetic_lowsep,3,180,all_gates,1,0,0,,0.0,0.0
synthetic_lowsep,3,202,all_gates,0,0,0,,0.0,0.0
synthetic_lowsep,3,279,all_gates,0,0,0,,0.0,0.0
synthetic_lowsep,3,293,all_gates,0,1,1,1.0,0.005,1.0
synthetic_lowsep,3,419,all_gates,1,0,0,,0.0,0.0
synthetic_lowsep,3,435,all_gates,1,0,0,,0.0,0.0
synthetic_lowsep,3,463,all_gates,0,0,0,,0.0,0.0
synthetic_lowsep,3,503,all_gates,1,0,0,,0.0,0.0
synthetic_lowsep,3,513,all_gates,0,0,0,,0.0,0.0
synthetic_lowsep,3,561,all_gates,1,0,0,,0.0,0.0
synthetic_lowsep,3,566,all_gates,0,0,0,,0.0,0.0
synthetic_lowsep,3,614,all_gates,1,0,0,,0.0,0.0
synthetic_lowsep,3,645,all_gates,0,0,0,,0.0,0.0
synthetic_lowsep,3,686,all_gates,0,0,0,,0.0,0.0
synthetic_lowsep,3,693,all_gates,1,0,0,,0.0,0.0
synthetic_lowsep,3,777,all_gates,1,0,0,,0.0,0.0
synthetic_lowsep,3,793,all_gates,1,0,0,,0.0,0.0
synthetic_lowsep,4,37,all_gates,0,0,0,,0.0,0.0
synthetic_lowsep,4,41,all_gates,0,0,0,,0.0,0.0
synthetic_lowsep,4,67,all_gates,0,0,0,,0.0,0.0
synthetic_lowsep,4,70,all_gates,1,0,0,,0.0,0.0
synthetic_lowsep,4,141,all_gates,1,0,0,,0.0,0.0
synthetic_lowsep,4,175,all_gates,1,0,0,,0.0,0.0
synthetic_lowsep,4,197,all_gates,0,0,0,,0.0,0.0
synthetic_lowsep,4,248,all_gates,0,0,0,,0.0,0.0
synthetic_lowsep,4,330,all_gates,0,0,0,,0.0,0.0
synthetic_lowsep,4,345,all_gates,0,0,0,,0.0,0.0
synthetic_lowsep,4,361,all_gates,1,0,0,,0.0,0.0
synthetic_lowsep,4,382,all_gates,0,0,0,,0.0,0.0
synthetic_lowsep,4,405,all_gates,1,0,0,,0.0,0.0
synthetic_lowsep,4,436,all_gates,1,0,0,,0.0,0.0
synthetic_lowsep,4,495,all_gates,0,0,0,,0.0,0.0
synthetic_lowsep,4,584,all_gates,0,0,0,,0.0,0.0
synthetic_lowsep,4,598,all_gates,0,0,0,,0.0,0.0
synthetic_lowsep,4,604,all_gates,1,0,0,,0.0,0.0
synthetic_lowsep,4,715,all_gates,1,0,0,,0.0,0.0
synthetic_lowsep,4,748,all_gates,0,0,0,,0.0,0.0
banknote,0,47,all_gates,1,3,3,1.0,0.008746355685131196,1.0
banknote,0,164,all_gates,1,3,3,1.0,0.008746355685131196,1.0
banknote,0,283,all_gates,1,1,1,1.0,0.0029154518950437317,1.0
banknote,0,392,all_gates,1,3,3,1.0,0.008746355685131196,1.0
banknote,0,415,all_gates,1,7,7,1.0,0.02040816326530612,1.0
banknote,0,488,all_gates,1,5,5,1.0,0.014577259475218658,1.0
banknote,0,540,all_gates,1,5,5,1.0,0.014577259475218658,1.0
banknote,0,553,all_gates,1,2,2,1.0,0.0058309037900874635,1.0
banknote,0,566,all_gates,1,5,5,1.0,0.014577259475218658,1.0
banknote,0,651,all_gates,1,1,1,1.0,0.0029154518950437317,1.0
banknote,0,737,all_gates,1,19,19,1.0,0.05539358600583091,1.0
banknote,0,959,all_gates,0,1,1,1.0,0.0029154518950437317,1.0
banknote,0,1122,all_gates,0,0,0,,0.0,0.0
banknote,0,1153,all_gates,0,2,2,1.0,0.0058309037900874635,1.0
banknote,0,1192,all_gates,0,0,0,,0.0,0.0
banknote,0,1198,all_gates,0,7,7,1.0,0.02040816326530612,1.0
banknote,0,1261,all_gates,0,7,7,1.0,0.02040816326530612,1.0
banknote,0,1279,all_gates,0,1,1,1.0,0.0029154518950437317,1.0
banknote,0,1291,all_gates,0,0,0,,0.0,0.0
banknote,0,1309,all_gates,0,0,0,,0.0,0.0
banknote,1,80,all_gates,1,4,4,1.0,0.011661807580174927,1.0
banknote,1,89,all_gates,1,0,0,,0.0,0.0
banknote,1,136,all_gates,1,0,0,,0.0,0.0
banknote,1,137,all_gates,1,4,4,1.0,0.011661807580174927,1.0
banknote,1,151,all_gates,1,0,0,,0.0,0.0
banknote,1,361,all_gates,1,7,7,1.0,0.02040816326530612,1.0
banknote,1,369,all_gates,1,0,0,,0.0,0.0
banknote,1,422,all_gates,1,8,8,1.0,0.023323615160349854,1.0
banknote,1,428,all_gates,1,0,0,,0.0,0.0
banknote,1,616,all_gates,1,5,5,1.0,0.014577259475218658,1.0
banknote,1,716,all_gates,1,1,1,1.0,0.0029154518950437317,1.0
banknote,1,933,all_gates,0,1,1,1.0,0.0029154518950437317,1.0
banknote,1,940,all_gates,0,0,0,,0.0,0.0
banknote,1,955,all_gates,0,5,5,1.0,0.014577259475218658,1.0
banknote,1,974,all_gates,0,1,1,1.0,0.0029154518950437317,1.0
banknote,1,1042,all_gates,0,4,4,1.0,0.011661807580174927,1.0
banknote,1,1048,all_gates,0,5,5,1.0,0.014577259475218658,1.0
banknote,1,1136,all_gates,0,0,0,,0.0,0.0
banknote,1,1154,all_gates,0,0,0,,0.0,0.0
banknote,1,1259,all_gates,0,0,0,,0.0,0.0
banknote,2,7,all_gates,1,1,1,1.0,0.0029154518950437317,1.0
banknote,2,68,all_gates,1,6,6,1.0,0.01749271137026239,1.0
banknote,2,105,all_gates,1,8,8,1.0,0.023323615160349854,1.0
banknote,2,160,all_gates,1,38,38,1.0,0.11078717201166181,1.0
banknote,2,183,all_gates,1,38,38,1.0,0.11078717201166181,1.0
banknote,2,278,all_gates,1,0,0,,0.0,0.0
banknote,2,301,all_gates,1,38,38,1.0,0.11078717201166181,1.0
banknote,2,308,all_gates,1,11,11,1.0,0.03206997084548105,1.0
banknote,2,322,all_gates,1,0,0,,0.0,0.0
banknote,2,417,all_gates,1,2,2,1.0,0.0058309037900874635,1.0
banknote,2,756,all_gates,1,11,11,1.0,0.03206997084548105,1.0
banknote,2,795,all_gates,0,1,1,1.0,0.0029154518950437317,1.0
banknote,2,848,all_gates,0,1,1,1.0,0.0029154518950437317,1.0
banknote,2,1011,all_gates,0,7,7,1.0,0.02040816326530612,1.0
banknote,2,1024,all_gates,0,7,7,1.0,0.02040816326530612,1.0
banknote,2,1048,all_gates,0,0,0,,0.0,0.0
banknote,2,1080,all_gates,0,5,5,1.0,0.014577259475218658,1.0
banknote,2,1198,all_gates,0,13,13,1.0,0.037900874635568516,1.0
banknote,2,1209,all_gates,0,0,0,,0.0,0.0
banknote,2,1349,all_gates,0,0,0,,0.0,0.0
banknote,3,68,all_gates,1,3,3,1.0,0.008746355685131196,1.0
banknote,3,69,all_gates,1,1,1,1.0,0.0029154518950437317,1.0
banknote,3,104,all_gates,1,4,4,1.0,0.011661807580174927,1.0
banknote,3,153,all_gates,1,12,12,1.0,0.03498542274052478,1.0
banknote,3,252,all_gates,1,1,1,1.0,0.0029154518950437317,1.0
banknote,3,275,all_gates,1,3,3,1.0,0.008746355685131196,1.0
banknote,3,281,all_gates,1,7,7,1.0,0.02040816326530612,1.0
banknote,3,358,all_gates,1,12,12,1.0,0.03498542274052478,1.0
banknote,3,421,all_gates,1,3,3,1.0,0.008746355685131196,1.0
banknote,3,494,all_gates,1,28,28,1.0,0.08163265306122448,1.0
banknote,3,597,all_gates,1,12,12,1.0,0.03498542274052478,1.0
banknote,3,873,all_gates,0,7,7,1.0,0.02040816326530612,1.0
banknote,3,886,all_gates,0,0,0,,0.0,0.0
banknote,3,1024,all_gates,0,5,5,1.0,0.014577259475218658,1.0
banknote,3,1101,all_gates,0,1,1,1.0,0.0029154518950437317,1.0
banknote,3,1205,all_gates,0,5,5,1.0,0.014577259475218658,1.0
banknote,3,1253,all_gates,0,5,5,1.0,0.014577259475218658,1.0
banknote,3,1266,all_gates,0,5,5,1.0,0.014577259475218658,1.0
banknote,3,1287,all_gates,0,5,5,1.0,0.014577259475218658,1.0
banknote,3,1322,all_gates,0,0,0,,0.0,0.0
banknote,4,139,all_gates,1,0,0,,0.0,0.0
banknote,4,154,all_gates,1,5,5,1.0,0.014577259475218658,1.0
banknote,4,173,all_gates,1,2,2,1.0,0.0058309037900874635,1.0
banknote,4,203,all_gates,1,0,0,,0.0,0.0
banknote,4,240,all_gates,1,1,1,1.0,0.0029154518950437317,1.0
banknote,4,322,all_gates,1,2,2,1.0,0.0058309037900874635,1.0
banknote,4,456,all_gates,1,1,1,1.0,0.0029154518950437317,1.0
banknote,4,466,all_gates,1,0,0,,0.0,0.0
banknote,4,524,all_gates,1,1,1,1.0,0.0029154518950437317,1.0
banknote,4,684,all_gates,1,0,0,,0.0,0.0
banknote,4,697,all_gates,1,1,1,1.0,0.0029154518950437317,1.0
banknote,4,904,all_gates,0,1,1,1.0,0.0029154518950437317,1.0
banknote,4,958,all_gates,0,2,2,1.0,0.0058309037900874635,1.0
banknote,4,966,all_gates,0,1,1,1.0,0.0029154518950437317,1.0
banknote,4,975,all_gates,0,7,7,1.0,0.02040816326530612,1.0
banknote,4,1084,all_gates,0,0,0,,0.0,0.0
banknote,4,1184,all_gates,0,1,1,1.0,0.0029154518950437317,1.0
banknote,4,1226,all_gates,0,7,7,1.0,0.02040816326530612,1.0
banknote,4,1241,all_gates,0,1,1,1.0,0.0029154518950437317,1.0
banknote,4,1278,all_gates,0,1,1,1.0,0.0029154518950437317,1.0
blood,0,82,all_gates,1,2,2,1.0,0.0106951871657754,1.0
blood,0,114,all_gates,1,4,4,1.0,0.0213903743315508,1.0
blood,0,155,all_gates,1,13,13,1.0,0.06951871657754011,1.0
blood,0,162,all_gates,1,13,13,1.0,0.06951871657754011,1.0
blood,0,178,all_gates,1,2,1,0.5,0.0106951871657754,1.0
blood,0,186,all_gates,1,0,0,,0.0,0.0
blood,0,223,all_gates,1,8,8,1.0,0.0427807486631016,1.0
blood,0,291,all_gates,1,1,1,1.0,0.0053475935828877,1.0
blood,0,297,all_gates,1,4,4,1.0,0.0213903743315508,1.0
blood,0,328,all_gates,1,0,0,,0.0,0.0
blood,0,361,all_gates,1,1,1,1.0,0.0053475935828877,1.0
blood,0,447,all_gates,1,3,3,1.0,0.016042780748663103,1.0
blood,0,500,all_gates,0,3,3,1.0,0.016042780748663103,1.0
blood,0,506,all_gates,0,4,4,1.0,0.0213903743315508,1.0
blood,0,552,all_gates,0,0,0,,0.0,0.0
blood,0,635,all_gates,1,1,1,1.0,0.0053475935828877,1.0
blood,0,637,all_gates,1,0,0,,0.0,0.0
blood,0,649,all_gates,1,0,0,,0.0,0.0
blood,0,692,all_gates,1,5,5,1.0,0.026737967914438502,1.0
blood,0,694,all_gates,1,5,5,1.0,0.026737967914438502,1.0
blood,1,10,all_gates,0,0,0,,0.0,0.0
blood,1,118,all_gates,1,0,0,,0.0,0.0
blood,1,121,all_gates,0,2,2,1.0,0.0106951871657754,1.0
blood,1,127,all_gates,1,1,1,1.0,0.0053475935828877,1.0
blood,1,161,all_gates,1,18,18,1.0,0.0962566844919786,1.0
blood,1,253,all_gates,1,0,0,,0.0,0.0
blood,1,282,all_gates,1,0,0,,0.0,0.0
blood,1,287,all_gates,1,0,0,,0.0,0.0
blood,1,312,all_gates,1,1,1,1.0,0.0053475935828877,1.0
blood,1,379,all_gates,1,6,6,1.0,0.03208556149732621,1.0
blood,1,387,all_gates,1,6,6,1.0,0.03208556149732621,1.0
blood,1,457,all_gates,1,3,3,1.0,0.016042780748663103,1.0
blood,1,466,all_gates,1,0,0,,0.0,0.0
blood,1,503,all_gates,0,0,0,,0.0,0.0
blood,1,509,all_gates,0,2,1,0.5,0.0106951871657754,1.0
blood,1,517,all_gates,0,1,1,1.0,0.0053475935828877,1.0
blood,1,648,all_gates,1,0,0,,0.0,0.0
blood,1,657,all_gates,1,1,1,1.0,0.0053475935828877,1.0
blood,1,720,all_gates,1,0,0,,0.0,0.0
blood,1,735,all_gates,1,3,3,1.0,0.016042780748663103,1.0
blood,2,8,all_gates,0,0,0,,0.0,0.0
blood,2,24,all_gates,1,0,0,,0.0,0.0
blood,2,139,all_gates,1,15,14,0.9333333333333333,0.08021390374331551,1.0
blood,2,148,all_gates,1,15,14,0.9333333333333333,0.08021390374331551,1.0
blood,2,160,all_gates,1,15,14,0.9333333333333333,0.08021390374331551,1.0
blood,2,170,all_gates,1,15,14,0.9333333333333333,0.08021390374331551,1.0
blood,2,197,all_gates,0,1,0,0.0,0.0053475935828877,1.0
blood,2,262,all_gates,1,1,1,1.0,0.0053475935828877,1.0
blood,2,306,all_gates,1,2,2,1.0,0.0106951871657754,1.0
blood,2,326,all_gates,1,1,1,1.0,0.0053475935828877,1.0
blood,2,333,all_gates,1,0,0,,0.0,0.0
blood,2,334,all_gates,1,9,9,1.0,0.0481283422459893,1.0
blood,2,536,all_gates,0,1,0,0.0,0.0053475935828877,1.0
blood,2,573,all_gates,1,15,14,0.9333333333333333,0.08021390374331551,1.0
blood,2,585,all_gates,1,15,14,0.9333333333333333,0.08021390374331551,1.0
blood,2,617,all_gates,1,15,10,0.6666666666666666,0.08021390374331551,1.0
blood,2,668,all_gates,1,9,9,1.0,0.0481283422459893,1.0
blood,2,702,all_gates,1,9,9,1.0,0.0481283422459893,1.0
blood,2,719,all_gates,1,1,1,1.0,0.0053475935828877,1.0
blood,2,729,all_gates,1,1,1,1.0,0.0053475935828877,1.0
blood,3,77,all_gates,1,7,7,1.0,0.0374331550802139,1.0
blood,3,89,all_gates,1,1,1,1.0,0.0053475935828877,1.0
blood,3,174,all_gates,1,7,7,1.0,0.0374331550802139,1.0
blood,3,207,all_gates,1,0,0,,0.0,0.0
blood,3,250,all_gates,1,9,9,1.0,0.0481283422459893,1.0
blood,3,256,all_gates,1,0,0,,0.0,0.0
blood,3,268,all_gates,1,1,1,1.0,0.0053475935828877,1.0
blood,3,289,all_gates,1,4,4,1.0,0.0213903743315508,1.0
blood,3,305,all_gates,1,4,4,1.0,0.0213903743315508,1.0
blood,3,399,all_gates,1,10,10,1.0,0.053475935828877004,1.0
blood,3,482,all_gates,1,10,10,1.0,0.053475935828877004,1.0
blood,3,501,all_gates,1,1,1,1.0,0.0053475935828877,1.0
blood,3,563,all_gates,1,3,3,1.0,0.016042780748663103,1.0
blood,3,615,all_gates,1,11,11,1.0,0.058823529411764705,1.0
blood,3,635,all_gates,1,0,0,,0.0,0.0
blood,3,649,all_gates,1,0,0,,0.0,0.0
blood,3,657,all_gates,1,0,0,,0.0,0.0
blood,3,689,all_gates,1,9,9,1.0,0.0481283422459893,1.0
blood,3,709,all_gates,1,0,0,,0.0,0.0
blood,3,730,all_gates,1,2,2,1.0,0.0106951871657754,1.0
blood,4,23,all_gates,0,1,1,1.0,0.0053475935828877,1.0
blood,4,25,all_gates,0,3,2,0.6666666666666666,0.016042780748663103,1.0
blood,4,108,all_gates,1,8,8,1.0,0.0427807486631016,1.0
blood,4,123,all_gates,1,1,1,1.0,0.0053475935828877,1.0
blood,4,141,all_gates,0,1,1,1.0,0.0053475935828877,1.0
blood,4,155,all_gates,1,14,14,1.0,0.0748663101604278,1.0
blood,4,198,all_gates,1,0,0,,0.0,0.0
blood,4,228,all_gates,1,14,14,1.0,0.0748663101604278,1.0
blood,4,240,all_gates,1,0,0,,0.0,0.0
blood,4,269,all_gates,1,0,0,,0.0,0.0
blood,4,310,all_gates,1,1,1,1.0,0.0053475935828877,1.0
blood,4,449,all_gates,1,0,0,,0.0,0.0
blood,4,529,all_gates,0,1,1,1.0,0.0053475935828877,1.0
blood,4,581,all_gates,1,14,14,1.0,0.0748663101604278,1.0
blood,4,604,all_gates,1,0,0,,0.0,0.0
blood,4,605,all_gates,1,0,0,,0.0,0.0
blood,4,679,all_gates,1,1,1,1.0,0.0053475935828877,1.0
blood,4,705,all_gates,1,5,5,1.0,0.026737967914438502,1.0
blood,4,720,all_gates,1,1,1,1.0,0.0053475935828877,1.0
blood,4,727,all_gates,1,7,7,1.0,0.0374331550802139,1.0
diabetes,0,17,all_gates,1,0,0,,0.0,0.0
diabetes,0,47,all_gates,1,0,0,,0.0,0.0
diabetes,0,87,all_gates,1,0,0,,0.0,0.0
diabetes,0,96,all_gates,1,0,0,,0.0,0.0
diabetes,0,142,all_gates,1,0,0,,0.0,0.0
diabetes,0,171,all_gates,1,0,0,,0.0,0.0
diabetes,0,381,all_gates,1,0,0,,0.0,0.0
diabetes,0,444,all_gates,1,0,0,,0.0,0.0
diabetes,0,452,all_gates,1,0,0,,0.0,0.0
diabetes,0,481,all_gates,1,0,0,,0.0,0.0
diabetes,0,482,all_gates,1,0,0,,0.0,0.0
diabetes,0,496,all_gates,1,0,0,,0.0,0.0
diabetes,0,508,all_gates,1,0,0,,0.0,0.0
diabetes,0,546,all_gates,0,1,1,1.0,0.005208333333333333,1.0
diabetes,0,588,all_gates,0,0,0,,0.0,0.0
diabetes,0,623,all_gates,1,0,0,,0.0,0.0
diabetes,0,662,all_gates,0,0,0,,0.0,0.0
diabetes,0,670,all_gates,0,0,0,,0.0,0.0
diabetes,0,703,all_gates,0,0,0,,0.0,0.0
diabetes,0,761,all_gates,0,0,0,,0.0,0.0
diabetes,1,139,all_gates,1,0,0,,0.0,0.0
diabetes,1,151,all_gates,1,0,0,,0.0,0.0
diabetes,1,166,all_gates,1,0,0,,0.0,0.0
diabetes,1,174,all_gates,1,1,1,1.0,0.005208333333333333,1.0
diabetes,1,203,all_gates,1,0,0,,0.0,0.0
diabetes,1,242,all_gates,1,0,0,,0.0,0.0
diabetes,1,257,all_gates,1,0,0,,0.0,0.0
diabetes,1,281,all_gates,0,0,0,,0.0,0.0
diabetes,1,328,all_gates,1,0,0,,0.0,0.0
diabetes,1,331,all_gates,1,0,0,,0.0,0.0
diabetes,1,419,all_gates,1,0,0,,0.0,0.0
diabetes,1,424,all_gates,0,0,0,,0.0,0.0
diabetes,1,475,all_gates,1,0,0,,0.0,0.0
diabetes,1,496,all_gates,0,0,0,,0.0,0.0
diabetes,1,497,all_gates,1,0,0,,0.0,0.0
diabetes,1,509,all_gates,1,0,0,,0.0,0.0
diabetes,1,626,all_gates,1,0,0,,0.0,0.0
diabetes,1,683,all_gates,0,0,0,,0.0,0.0
diabetes,1,715,all_gates,0,0,0,,0.0,0.0
diabetes,1,749,all_gates,1,0,0,,0.0,0.0
diabetes,2,29,all_gates,1,0,0,,0.0,0.0
diabetes,2,84,all_gates,0,0,0,,0.0,0.0
diabetes,2,134,all_gates,1,3,3,1.0,0.015625,1.0
diabetes,2,146,all_gates,1,0,0,,0.0,0.0
diabetes,2,155,all_gates,1,0,0,,0.0,0.0
diabetes,2,166,all_gates,0,0,0,,0.0,0.0
diabetes,2,253,all_gates,1,0,0,,0.0,0.0
diabetes,2,262,all_gates,1,0,0,,0.0,0.0
diabetes,2,293,all_gates,0,0,0,,0.0,0.0
diabetes,2,302,all_gates,1,0,0,,0.0,0.0
diabetes,2,353,all_gates,1,0,0,,0.0,0.0
diabetes,2,383,all_gates,1,0,0,,0.0,0.0
diabetes,2,385,all_gates,1,0,0,,0.0,0.0
diabetes,2,466,all_gates,1,0,0,,0.0,0.0
diabetes,2,472,all_gates,0,0,0,,0.0,0.0
diabetes,2,560,all_gates,1,0,0,,0.0,0.0
diabetes,2,595,all_gates,0,0,0,,0.0,0.0
diabetes,2,630,all_gates,0,0,0,,0.0,0.0
diabetes,2,642,all_gates,1,0,0,,0.0,0.0
diabetes,2,654,all_gates,1,0,0,,0.0,0.0
diabetes,3,33,all_gates,1,0,0,,0.0,0.0
diabetes,3,47,all_gates,1,0,0,,0.0,0.0
diabetes,3,94,all_gates,1,0,0,,0.0,0.0
diabetes,3,165,all_gates,1,0,0,,0.0,0.0
diabetes,3,175,all_gates,0,0,0,,0.0,0.0
diabetes,3,186,all_gates,0,0,0,,0.0,0.0
diabetes,3,200,all_gates,1,0,0,,0.0,0.0
diabetes,3,342,all_gates,1,0,0,,0.0,0.0
diabetes,3,370,all_gates,1,0,0,,0.0,0.0
diabetes,3,403,all_gates,1,0,0,,0.0,0.0
diabetes,3,409,all_gates,1,0,0,,0.0,0.0
diabetes,3,413,all_gates,1,0,0,,0.0,0.0
diabetes,3,436,all_gates,1,0,0,,0.0,0.0
diabetes,3,501,all_gates,1,0,0,,0.0,0.0
diabetes,3,533,all_gates,1,0,0,,0.0,0.0
diabetes,3,541,all_gates,1,0,0,,0.0,0.0
diabetes,3,566,all_gates,1,0,0,,0.0,0.0
diabetes,3,581,all_gates,1,0,0,,0.0,0.0
diabetes,3,612,all_gates,0,0,0,,0.0,0.0
diabetes,3,645,all_gates,0,0,0,,0.0,0.0
diabetes,4,11,all_gates,0,1,1,1.0,0.005208333333333333,1.0
diabetes,4,19,all_gates,0,0,0,,0.0,0.0
diabetes,4,46,all_gates,0,0,0,,0.0,0.0
diabetes,4,48,all_gates,1,0,0,,0.0,0.0
diabetes,4,83,all_gates,1,0,0,,0.0,0.0
diabetes,4,119,all_gates,1,0,0,,0.0,0.0
diabetes,4,160,all_gates,0,0,0,,0.0,0.0
diabetes,4,175,all_gates,0,0,0,,0.0,0.0
diabetes,4,277,all_gates,1,0,0,,0.0,0.0
diabetes,4,287,all_gates,0,0,0,,0.0,0.0
diabetes,4,331,all_gates,1,0,0,,0.0,0.0
diabetes,4,351,all_gates,1,0,0,,0.0,0.0
diabetes,4,475,all_gates,0,0,0,,0.0,0.0
diabetes,4,539,all_gates,0,0,0,,0.0,0.0
diabetes,4,562,all_gates,1,0,0,,0.0,0.0
diabetes,4,621,all_gates,1,0,0,,0.0,0.0
diabetes,4,704,all_gates,1,0,0,,0.0,0.0
diabetes,4,708,all_gates,0,1,1,1.0,0.005208333333333333,1.0
diabetes,4,751,all_gates,1,0,0,,0.0,0.0
diabetes,4,756,all_gates,0,0,0,,0.0,0.0
ionosphere,0,3,all_gates,1,0,0,,0.0,0.0
ionosphere,0,16,all_gates,1,0,0,,0.0,0.0
ionosphere,0,24,all_gates,1,0,0,,0.0,0.0
ionosphere,0,36,all_gates,1,0,0,,0.0,0.0
ionosphere,0,88,all_gates,1,0,0,,0.0,0.0
ionosphere,0,104,all_gates,0,0,0,,0.0,0.0
ionosphere,0,128,all_gates,0,0,0,,0.0,0.0
ionosphere,0,131,all_gates,1,0,0,,0.0,0.0
ionosphere,0,148,all_gates,1,0,0,,0.0,0.0
ionosphere,0,163,all_gates,1,0,0,,0.0,0.0
ionosphere,0,169,all_gates,1,0,0,,0.0,0.0
ionosphere,0,180,all_gates,0,0,0,,0.0,0.0
ionosphere,0,214,all_gates,0,0,0,,0.0,0.0
ionosphere,0,217,all_gates,1,1,1,1.0,0.011363636363636364,1.0
ionosphere,0,239,all_gates,1,0,0,,0.0,0.0
ionosphere,0,273,all_gates,1,0,0,,0.0,0.0
ionosphere,0,306,all_gates,1,0,0,,0.0,0.0
ionosphere,0,319,all_gates,1,2,2,1.0,0.022727272727272728,1.0
ionosphere,1,20,all_gates,1,0,0,,0.0,0.0
ionosphere,1,57,all_gates,0,0,0,,0.0,0.0
ionosphere,1,67,all_gates,0,0,0,,0.0,0.0
ionosphere,1,94,all_gates,1,0,0,,0.0,0.0
ionosphere,1,135,all_gates,1,0,0,,0.0,0.0
ionosphere,1,184,all_gates,0,0,0,,0.0,0.0
ionosphere,1,187,all_gates,1,0,0,,0.0,0.0
ionosphere,1,191,all_gates,0,0,0,,0.0,0.0
ionosphere,1,204,all_gates,0,0,0,,0.0,0.0
ionosphere,1,222,all_gates,0,0,0,,0.0,0.0
ionosphere,1,226,all_gates,0,0,0,,0.0,0.0
ionosphere,1,239,all_gates,1,0,0,,0.0,0.0
ionosphere,1,246,all_gates,1,0,0,,0.0,0.0
ionosphere,1,262,all_gates,1,0,0,,0.0,0.0
ionosphere,1,296,all_gates,1,0,0,,0.0,0.0
ionosphere,1,312,all_gates,1,0,0,,0.0,0.0
ionosphere,1,341,all_gates,1,1,1,1.0,0.011363636363636364,1.0
ionosphere,1,342,all_gates,1,0,0,,0.0,0.0
ionosphere,2,6,all_gates,1,0,0,,0.0,0.0
ionosphere,2,14,all_gates,1,0,0,,0.0,0.0
ionosphere,2,39,all_gates,1,0,0,,0.0,0.0
ionosphere,2,42,all_gates,1,0,0,,0.0,0.0
ionosphere,2,52,all_gates,1,0,0,,0.0,0.0
ionosphere,2,65,all_gates,1,0,0,,0.0,0.0
ionosphere,2,91,all_gates,0,0,0,,0.0,0.0
ionosphere,2,92,all_gates,1,0,0,,0.0,0.0
ionosphere,2,128,all_gates,0,0,0,,0.0,0.0
ionosphere,2,154,all_gates,0,1,1,1.0,0.011363636363636364,1.0
ionosphere,2,171,all_gates,1,0,0,,0.0,0.0
ionosphere,2,204,all_gates,0,0,0,,0.0,0.0
ionosphere,2,209,all_gates,1,0,0,,0.0,0.0
ionosphere,2,251,all_gates,1,0,0,,0.0,0.0
ionosphere,2,255,all_gates,1,0,0,,0.0,0.0
ionosphere,2,260,all_gates,1,0,0,,0.0,0.0
ionosphere,2,293,all_gates,1,0,0,,0.0,0.0
ionosphere,2,340,all_gates,1,0,0,,0.0,0.0
ionosphere,3,4,all_gates,1,0,0,,0.0,0.0
ionosphere,3,5,all_gates,0,0,0,,0.0,0.0
ionosphere,3,7,all_gates,0,0,0,,0.0,0.0
ionosphere,3,25,all_gates,1,0,0,,0.0,0.0
ionosphere,3,63,all_gates,0,0,0,,0.0,0.0
ionosphere,3,95,all_gates,1,0,0,,0.0,0.0
ionosphere,3,107,all_gates,1,0,0,,0.0,0.0
ionosphere,3,141,all_gates,1,1,1,1.0,0.011363636363636364,1.0
ionosphere,3,157,all_gates,1,0,0,,0.0,0.0
ionosphere,3,188,all_gates,0,0,0,,0.0,0.0
ionosphere,3,193,all_gates,1,0,0,,0.0,0.0
ionosphere,3,199,all_gates,1,0,0,,0.0,0.0
ionosphere,3,246,all_gates,0,0,0,,0.0,0.0
ionosphere,3,294,all_gates,0,0,0,,0.0,0.0
ionosphere,3,297,all_gates,1,0,0,,0.0,0.0
ionosphere,3,299,all_gates,1,0,0,,0.0,0.0
ionosphere,3,303,all_gates,1,1,1,1.0,0.011363636363636364,1.0
ionosphere,3,306,all_gates,1,0,0,,0.0,0.0
ionosphere,4,18,all_gates,1,0,0,,0.0,0.0
ionosphere,4,45,all_gates,0,0,0,,0.0,0.0
ionosphere,4,46,all_gates,1,1,1,1.0,0.011363636363636364,1.0
ionosphere,4,75,all_gates,1,0,0,,0.0,0.0
ionosphere,4,106,all_gates,0,0,0,,0.0,0.0
ionosphere,4,149,all_gates,1,0,0,,0.0,0.0
ionosphere,4,150,all_gates,0,0,0,,0.0,0.0
ionosphere,4,154,all_gates,0,0,0,,0.0,0.0
ionosphere,4,184,all_gates,0,0,0,,0.0,0.0
ionosphere,4,191,all_gates,0,0,0,,0.0,0.0
ionosphere,4,205,all_gates,1,0,0,,0.0,0.0
ionosphere,4,235,all_gates,1,0,0,,0.0,0.0
ionosphere,4,248,all_gates,0,0,0,,0.0,0.0
ionosphere,4,265,all_gates,1,0,0,,0.0,0.0
ionosphere,4,279,all_gates,1,1,1,1.0,0.011363636363636364,1.0
ionosphere,4,285,all_gates,1,0,0,,0.0,0.0
ionosphere,4,317,all_gates,1,0,0,,0.0,0.0
ionosphere,4,346,all_gates,1,2,2,1.0,0.022727272727272728,1.0
sonar,0,6,all_gates,1,0,0,,0.0,0.0
sonar,0,18,all_gates,0,0,0,,0.0,0.0
sonar,0,63,all_gates,0,0,0,,0.0,0.0
sonar,0,66,all_gates,0,0,0,,0.0,0.0
sonar,0,84,all_gates,1,0,0,,0.0,0.0
sonar,0,108,all_gates,1,0,0,,0.0,0.0
sonar,0,113,all_gates,1,0,0,,0.0,0.0
sonar,0,117,all_gates,1,0,0,,0.0,0.0
sonar,0,176,all_gates,1,0,0,,0.0,0.0
sonar,0,181,all_gates,1,0,0,,0.0,0.0
sonar,0,206,all_gates,1,0,0,,0.0,0.0
sonar,1,3,all_gates,0,0,0,,0.0,0.0
sonar,1,10,all_gates,0,0,0,,0.0,0.0
sonar,1,34,all_gates,0,0,0,,0.0,0.0
sonar,1,58,all_gates,0,1,1,1.0,0.019230769230769232,1.0
sonar,1,87,all_gates,0,0,0,,0.0,0.0
sonar,1,107,all_gates,1,0,0,,0.0,0.0
sonar,1,112,all_gates,1,0,0,,0.0,0.0
sonar,1,154,all_gates,0,0,0,,0.0,0.0
sonar,1,170,all_gates,1,0,0,,0.0,0.0
sonar,1,175,all_gates,1,0,0,,0.0,0.0
sonar,1,179,all_gates,1,0,0,,0.0,0.0
sonar,2,14,all_gates,0,0,0,,0.0,0.0
sonar,2,26,all_gates,0,0,0,,0.0,0.0
sonar,2,35,all_gates,1,0,0,,0.0,0.0
sonar,2,47,all_gates,1,0,0,,0.0,0.0
sonar,2,49,all_gates,1,0,0,,0.0,0.0
sonar,2,98,all_gates,1,0,0,,0.0,0.0
sonar,2,129,all_gates,1,0,0,,0.0,0.0
sonar,2,148,all_gates,1,0,0,,0.0,0.0
sonar,2,165,all_gates,0,0,0,,0.0,0.0
sonar,2,187,all_gates,1,0,0,,0.0,0.0
sonar,2,193,all_gates,1,0,0,,0.0,0.0
sonar,3,15,all_gates,0,0,0,,0.0,0.0
sonar,3,17,all_gates,1,0,0,,0.0,0.0
sonar,3,25,all_gates,0,0,0,,0.0,0.0
sonar,3,36,all_gates,0,0,0,,0.0,0.0
sonar,3,75,all_gates,0,0,0,,0.0,0.0
sonar,3,106,all_gates,0,0,0,,0.0,0.0
sonar,3,113,all_gates,1,0,0,,0.0,0.0
sonar,3,121,all_gates,1,0,0,,0.0,0.0
sonar,3,142,all_gates,1,0,0,,0.0,0.0
sonar,3,165,all_gates,0,0,0,,0.0,0.0
sonar,3,202,all_gates,1,0,0,,0.0,0.0
sonar,4,1,all_gates,0,0,0,,0.0,0.0
sonar,4,34,all_gates,0,0,0,,0.0,0.0
sonar,4,55,all_gates,1,0,0,,0.0,0.0
sonar,4,71,all_gates,0,0,0,,0.0,0.0
sonar,4,91,all_gates,0,0,0,,0.0,0.0
sonar,4,114,all_gates,1,0,0,,0.0,0.0
sonar,4,135,all_gates,1,0,0,,0.0,0.0
sonar,4,138,all_gates,1,0,0,,0.0,0.0
sonar,4,154,all_gates,0,0,0,,0.0,0.0
sonar,4,177,all_gates,1,0,0,,0.0,0.0
sonar,4,204,all_gates,1,0,0,,0.0,0.0
iris,0,4,gates_1,0,11,10,0.9090909090909092,0.44,1.0
iris,0,4,gates_2,0,3,2,0.6666666666666666,0.12,1.0
iris,0,4,gates_4,0,2,2,1.0,0.08,1.0
iris,0,4,gates_8,0,2,2,1.0,0.08,1.0
iris,0,38,gates_1,0,13,6,0.4615384615384615,0.52,1.0
iris,0,38,gates_2,0,8,6,0.75,0.32,1.0
iris,0,38,gates_4,0,7,6,0.8571428571428571,0.28,1.0
iris,0,38,gates_8,0,6,6,1.0,0.24,1.0
iris,0,66,gates_1,1,15,15,1.0,0.6,1.0
iris,0,66,gates_2,1,15,15,1.0,0.6,1.0
iris,0,66,gates_4,1,9,9,1.0,0.36,1.0
iris,0,66,gates_8,1,5,5,1.0,0.2,1.0
iris,0,76,gates_1,1,15,15,1.0,0.6,1.0
iris,0,76,gates_2,1,15,15,1.0,0.6,1.0
iris,0,76,gates_4,1,4,4,1.0,0.16,1.0
iris,0,76,gates_8,1,1,1,1.0,0.04,1.0
iris,0,80,gates_1,1,15,15,1.0,0.6,1.0
iris,0,80,gates_2,1,15,15,1.0,0.6,1.0
iris,0,80,gates_4,1,3,3,1.0,0.12,1.0
iris,0,80,gates_8,1,2,2,1.0,0.08,1.0
iris,1,31,gates_1,0,10,10,1.0,0.4,1.0
iris,1,31,gates_2,0,6,6,1.0,0.24,1.0
iris,1,31,gates_4,0,6,6,1.0,0.24,1.0
iris,1,31,gates_8,0,6,6,1.0,0.24,1.0
iris,1,34,gates_1,0,10,10,1.0,0.4,1.0
iris,1,34,gates_2,0,9,9,1.0,0.36,1.0
iris,1,34,gates_4,0,9,9,1.0,0.36,1.0
iris,1,34,gates_8,0,0,0,,0.0,0.0
iris,1,37,gates_1,0,6,2,0.3333333333333333,0.24,1.0
iris,1,37,gates_2,0,1,1,1.0,0.04,1.0
iris,1,37,gates_4,0,1,1,1.0,0.04,1.0
iris,1,37,gates_8,0,1,1,1.0,0.04,1.0
iris,1,79,gates_1,1,6,4,0.6666666666666666,0.24,1.0
iris,1,79,gates_2,1,5,4,0.8,0.2,1.0
iris,1,79,gates_4,1,1,0,0.0,0.04,1.0
iris,1,79,gates_8,1,0,0,,0.0,0.0
iris,1,92,gates_1,1,13,4,0.3076923076923077,0.52,1.0
iris,1,92,gates_2,1,6,4,0.6666666666666666,0.24,1.0
iris,1,92,gates_4,1,6,4,0.6666666666666666,0.24,1.0
iris,1,92,gates_8,1,2,2,1.0,0.08,1.0
iris,2,4,gates_1,0,14,9,0.6428571428571429,0.56,1.0
iris,2,4,gates_2,0,11,9,0.8181818181818182,0.44,1.0
iris,2,4,gates_4,0,5,5,1.0,0.2,1.0
iris,2,4,gates_8,0,0,0,,0.0,0.0
iris,2,25,gates_1,0,14,9,0.6428571428571429,0.56,1.0
iris,2,25,gates_2,0,11,9,0.8181818181818182,0.44,1.0
iris,2,25,gates_4,0,10,9,0.9,0.4,1.0
iris,2,25,gates_8,0,10,9,0.9,0.4,1.0
iris,2,26,gates_1,0,14,9,0.6428571428571429,0.56,1.0
iris,2,26,gates_2,0,6,6,1.0,0.24,1.0
iris,2,26,gates_4,0,5,5,1.0,0.2,1.0
iris,2,26,gates_8,0,0,0,,0.0,0.0
iris,2,54,gates_1,1,25,12,0.48,1.0,1.0
iris,2,54,gates_2,1,14,12,0.8571428571428571,0.56,1.0
iris,2,54,gates_4,1,13,11,0.8461538461538461,0.52,1.0
iris,2,54,gates_8,1,7,6,0.8571428571428571,0.28,1.0
iris,2,67,gates_1,1,14,12,0.8571428571428571,0.56,1.0
iris,2,67,gates_2,1,5,5,1.0,0.2,1.0
iris,2,67,gates_4,1,4,4,1.0,0.16,1.0
iris,2,67,gates_8,1,0,0,,0.0,0.0
iris,3,26,gates_1,1,13,1,0.0769230769230769,0.52,1.0
iris,3,26,gates_2,1,2,1,0.5,0.08,1.0
iris,3,26,gates_4,1,1,1,1.0,0.04,1.0
iris,3,26,gates_8,1,0,0,,0.0,0.0
iris,3,36,gates_1,0,10,6,0.6,0.4,1.0
iris,3,36,gates_2,0,4,0,0.0,0.16,1.0
iris,3,36,gates_4,0,1,0,0.0,0.04,1.0
iris,3,36,gates_8,0,1,0,0.0,0.04,1.0
iris,3,54,gates_1,1,8,4,0.5,0.32,1.0
iris,3,54,gates_2,1,3,3,1.0,0.12,1.0
iris,3,54,gates_4,1,3,3,1.0,0.12,1.0
iris,3,54,gates_8,1,2,2,1.0,0.08,1.0
iris,3,64,gates_1,1,8,4,0.5,0.32,1.0
iris,3,64,gates_2,1,3,3,1.0,0.12,1.0
iris,3,64,gates_4,1,3,3,1.0,0.12,1.0
iris,3,64,gates_8,1,0,0,,0.0,0.0
iris,3,71,gates_1,1,8,4,0.5,0.32,1.0
iris,3,71,gates_2,1,5,1,0.2,0.2,1.0
iris,3,71,gates_4,1,1,1,1.0,0.04,1.0
iris,3,71,gates_8,1,1,1,1.0,0.04,1.0
iris,4,0,gates_1,0,15,10,0.6666666666666666,0.6,1.0
iris,4,0,gates_2,0,11,9,0.8181818181818182,0.44,1.0
iris,4,0,gates_4,0,10,9,0.9,0.4,1.0
iris,4,0,gates_8,0,1,1,1.0,0.04,1.0
iris,4,33,gates_1,1,16,13,0.8125,0.64,1.0
iris,4,33,gates_2,1,15,13,0.8666666666666667,0.6,1.0
iris,4,33,gates_4,1,3,2,0.6666666666666666,0.12,1.0
iris,4,33,gates_8,1,0,0,,0.0,0.0
iris,4,40,gates_1,0,15,10,0.6666666666666666,0.6,1.0
iris,4,40,gates_2,0,9,9,1.0,0.36,1.0
iris,4,40,gates_4,0,9,9,1.0,0.36,1.0
iris,4,40,gates_8,0,1,1,1.0,0.04,1.0
iris,4,55,gates_1,1,16,13,0.8125,0.64,1.0
iris,4,55,gates_2,1,15,13,0.8666666666666667,0.6,1.0
iris,4,55,gates_4,1,4,4,1.0,0.16,1.0
iris,4,55,gates_8,1,2,2,1.0,0.08,1.0
iris,4,56,gates_1,1,16,13,0.8125,0.64,1.0
iris,4,56,gates_2,1,15,13,0.8666666666666667,0.6,1.0
iris,4,56,gates_4,1,3,2,0.6666666666666666,0.12,1.0
iris,4,56,gates_8,1,0,0,,0.0,0.0
wine,0,2,gates_1,0,23,16,0.6956521739130435,0.696969696969697,1.0
wine,0,2,gates_2,0,16,15,0.9375,0.4848484848484848,1.0
wine,0,2,gates_4,0,14,13,0.9285714285714286,0.4242424242424242,1.0
wine,0,2,gates_8,0,10,10,1.0,0.303030303030303,1.0
wine,0,46,gates_1,0,23,16,0.6956521739130435,0.696969696969697,1.0
wine,0,46,gates_2,0,16,15,0.9375,0.4848484848484848,1.0
wine,0,46,gates_4,0,14,13,0.9285714285714286,0.4242424242424242,1.0
wine,0,46,gates_8,0,13,13,1.0,0.3939393939393939,1.0
wine,0,49,gates_1,0,23,16,0.6956521739130435,0.696969696969697,1.0
wine,0,49,gates_2,0,16,15,0.9375,0.4848484848484848,1.0
wine,0,49,gates_4,0,14,13,0.9285714285714286,0.4242424242424242,1.0
wine,0,49,gates_8,0,10,10,1.0,0.303030303030303,1.0
wine,0,64,gates_1,1,9,8,0.8888888888888888,0.2727272727272727,1.0
wine,0,64,gates_2,1,6,6,1.0,0.1818181818181818,1.0
wine,0,64,gates_4,1,6,6,1.0,0.1818181818181818,1.0
wine,0,64,gates_8,1,3,3,1.0,0.0909090909090909,1.0
wine,0,84,gates_1,1,14,11,0.7857142857142857,0.4242424242424242,1.0
wine,0,84,gates_2,1,12,11,0.9166666666666666,0.3636363636363636,1.0
wine,0,84,gates_4,1,11,10,0.9090909090909092,0.3333333333333333,1.0
wine,0,84,gates_8,1,4,4,1.0,0.1212121212121212,1.0
wine,0,121,gates_1,1,21,4,0.1904761904761904,0.6363636363636364,1.0
wine,0,121,gates_2,1,19,3,0.1578947368421052,0.5757575757575758,1.0
wine,0,121,gates_4,1,2,1,0.5,0.0606060606060606,1.0
wine,0,121,gates_8,1,0,0,,0.0,0.0
wine,0,126,gates_1,1,13,11,0.8461538461538461,0.3939393939393939,1.0
wine,0,126,gates_2,1,11,10,0.9090909090909092,0.3333333333333333,1.0
wine,0,126,gates_4,1,11,10,0.9090909090909092,0.3333333333333333,1.0
wine,0,126,gates_8,1,6,5,0.8333333333333334,0.1818181818181818,1.0
wine,1,9,gates_1,0,23,17,0.7391304347826086,0.696969696969697,1.0
wine,1,9,gates_2,0,20,17,0.85,0.6060606060606061,1.0
wine,1,9,gates_4,0,17,17,1.0,0.5151515151515151,1.0
wine,1,9,gates_8,0,6,6,1.0,0.1818181818181818,1.0
wine,1,24,gates_1,0,23,17,0.7391304347826086,0.696969696969697,1.0
wine,1,24,gates_2,0,20,17,0.85,0.6060606060606061,1.0
wine,1,24,gates_4,0,5,5,1.0,0.1515151515151515,1.0
wine,1,24,gates_8,0,1,1,1.0,0.0303030303030303,1.0
wine,1,54,gates_1,0,23,17,0.7391304347826086,0.696969696969697,1.0
wine,1,54,gates_2,0,18,17,0.9444444444444444,0.5454545454545454,1.0
wine,1,54,gates_4,0,5,5,1.0,0.1515151515151515,1.0
wine,1,54,gates_8,0,5,5,1.0,0.1515151515151515,1.0
wine,1,73,gates_1,1,23,6,0.2608695652173913,0.696969696969697,1.0
wine,1,73,gates_2,1,18,1,0.0555555555555555,0.5454545454545454,1.0
wine,1,73,gates_4,1,1,0,0.0,0.0303030303030303,1.0
wine,1,73,gates_8,1,1,0,0.0,0.0303030303030303,1.0
wine,1,89,gates_1,1,16,13,0.8125,0.4848484848484848,1.0
wine,1,89,gates_2,1,10,10,1.0,0.303030303030303,1.0
wine,1,89,gates_4,1,9,9,1.0,0.2727272727272727,1.0
wine,1,89,gates_8,1,2,2,1.0,0.0606060606060606,1.0
wine,1,92,gates_1,1,16,13,0.8125,0.4848484848484848,1.0
wine,1,92,gates_2,1,10,10,1.0,0.303030303030303,1.0
wine,1,92,gates_4,1,9,9,1.0,0.2727272727272727,1.0
wine,1,92,gates_8,1,7,7,1.0,0.2121212121212121,1.0
wine,1,102,gates_1,1,23,6,0.2608695652173913,0.696969696969697,1.0
wine,1,102,gates_2,1,6,4,0.6666666666666666,0.1818181818181818,1.0
wine,1,102,gates_4,1,0,0,,0.0,0.0
wine,1,102,gates_8,1,0,0,,0.0,0.0
wine,2,8,gates_1,0,20,16,0.8,0.6060606060606061,1.0
wine,2,8,gates_2,0,16,15,0.9375,0.4848484848484848,1.0
wine,2,8,gates_4,0,6,6,1.0,0.1818181818181818,1.0
wine,2,8,gates_8,0,4,4,1.0,0.1212121212121212,1.0
wine,2,44,gates_1,0,18,4,0.2222222222222222,0.5454545454545454,1.0
wine,2,44,gates_2,0,11,1,0.0909090909090909,0.3333333333333333,1.0
wine,2,44,gates_4,0,1,0,0.0,0.0303030303030303,1.0
wine,2,44,gates_8,0,0,0,,0.0,0.0
wine,2,47,gates_1,0,20,16,0.8,0.6060606060606061,1.0
wine,2,47,gates_2,0,16,15,0.9375,0.4848484848484848,1.0
wine,2,47,gates_4,0,8,8,1.0,0.2424242424242424,1.0
wine,2,47,gates_8,0,2,2,1.0,0.0606060606060606,1.0
wine,2,77,gates_1,1,18,14,0.7777777777777778,0.5454545454545454,1.0
wine,2,77,gates_2,1,11,10,0.9090909090909092,0.3333333333333333,1.0
wine,2,77,gates_4,1,8,8,1.0,0.2424242424242424,1.0
wine,2,77,gates_8,1,0,0,,0.0,0.0
wine,2,100,gates_1,1,21,15,0.7142857142857143,0.6363636363636364,1.0
wine,2,100,gates_2,1,14,12,0.8571428571428571,0.4242424242424242,1.0
wine,2,100,gates_4,1,3,3,1.0,0.0909090909090909,1.0
wine,2,100,gates_8,1,1,1,1.0,0.0303030303030303,1.0
wine,2,120,gates_1,1,18,14,0.7777777777777778,0.5454545454545454,1.0
wine,2,120,gates_2,1,14,12,0.8571428571428571,0.4242424242424242,1.0
wine,2,120,gates_4,1,4,2,0.5,0.1212121212121212,1.0
wine,2,120,gates_8,1,3,2,0.6666666666666666,0.0909090909090909,1.0
wine,2,127,gates_1,1,18,14,0.7777777777777778,0.5454545454545454,1.0
wine,2,127,gates_2,1,14,12,0.8571428571428571,0.4242424242424242,1.0
wine,2,127,gates_4,1,6,4,0.6666666666666666,0.1818181818181818,1.0
wine,2,127,gates_8,1,3,3,1.0,0.0909090909090909,1.0
wine,3,17,gates_1,0,18,16,0.8888888888888888,0.5454545454545454,1.0
wine,3,17,gates_2,0,16,16,1.0,0.4848484848484848,1.0
wine,3,17,gates_4,0,16,16,1.0,0.4848484848484848,1.0
wine,3,17,gates_8,0,16,16,1.0,0.4848484848484848,1.0
wine,3,25,gates_1,1,15,14,0.9333333333333332,0.4545454545454545,1.0
wine,3,25,gates_2,1,9,9,1.0,0.2727272727272727,1.0
wine,3,25,gates_4,1,0,0,,0.0,0.0
wine,3,25,gates_8,1,0,0,,0.0,0.0
wine,3,42,gates_1,0,18,16,0.8888888888888888,0.5454545454545454,1.0
wine,3,42,gates_2,0,12,11,0.9166666666666666,0.3636363636363636,1.0
wine,3,42,gates_4,0,11,11,1.0,0.3333333333333333,1.0
wine,3,42,gates_8,0,11,11,1.0,0.3333333333333333,1.0
wine,3,77,gates_1,1,15,14,0.9333333333333332,0.4545454545454545,1.0
wine,3,77,gates_2,1,9,9,1.0,0.2727272727272727,1.0
wine,3,77,gates_4,1,5,5,1.0,0.1515151515151515,1.0
wine,3,77,gates_8,1,1,1,1.0,0.0303030303030303,1.0
wine,3,81,gates_1,0,15,1,0.0666666666666666,0.4545454545454545,1.0
wine,3,81,gates_2,0,10,0,0.0,0.303030303030303,1.0
wine,3,81,gates_4,0,0,0,,0.0,0.0
wine,3,81,gates_8,0,0,0,,0.0,0.0
wine,3,97,gates_1,1,12,12,1.0,0.3636363636363636,1.0
wine,3,97,gates_2,1,10,10,1.0,0.303030303030303,1.0
wine,3,97,gates_4,1,8,8,1.0,0.2424242424242424,1.0
wine,3,97,gates_8,1,5,5,1.0,0.1515151515151515,1.0
wine,3,118,gates_1,1,11,11,1.0,0.3333333333333333,1.0
wine,3,118,gates_2,1,10,10,1.0,0.303030303030303,1.0
wine,3,118,gates_4,1,2,2,1.0,0.0606060606060606,1.0
wine,3,118,gates_8,1,1,1,1.0,0.0303030303030303,1.0
wine,4,6,gates_1,0,16,15,0.9375,0.4848484848484848,1.0
wine,4,6,gates_2,0,15,15,1.0,0.4545454545454545,1.0
wine,4,6,gates_4,0,15,15,1.0,0.4545454545454545,1.0
wine,4,6,gates_8,0,15,15,1.0,0.4545454545454545,1.0
wine,4,20,gates_1,0,16,15,0.9375,0.4848484848484848,1.0
wine,4,20,gates_2,0,15,15,1.0,0.4545454545454545,1.0
wine,4,20,gates_4,0,15,15,1.0,0.4545454545454545,1.0
wine,4,20,gates_8,0,8,8,1.0,0.2424242424242424,1.0
wine,4,57,gates_1,0,16,15,0.9375,0.4848484848484848,1.0
wine,4,57,gates_2,0,16,15,0.9375,0.4848484848484848,1.0
wine,4,57,gates_4,0,15,15,1.0,0.4545454545454545,1.0
wine,4,57,gates_8,0,8,8,1.0,0.2424242424242424,1.0
wine,4,61,gates_1,1,18,1,0.0555555555555555,0.5454545454545454,1.0
wine,4,61,gates_2,1,7,0,0.0,0.2121212121212121,1.0
wine,4,61,gates_4,1,1,0,0.0,0.0303030303030303,1.0
wine,4,61,gates_8,1,0,0,,0.0,0.0
wine,4,62,gates_1,1,18,1,0.0555555555555555,0.5454545454545454,1.0
wine,4,62,gates_2,1,4,0,0.0,0.1212121212121212,1.0
wine,4,62,gates_4,1,1,0,0.0,0.0303030303030303,1.0
wine,4,62,gates_8,1,0,0,,0.0,0.0
wine,4,72,gates_1,1,18,1,0.0555555555555555,0.5454545454545454,1.0
wine,4,72,gates_2,1,7,0,0.0,0.2121212121212121,1.0
wine,4,72,gates_4,1,3,0,0.0,0.0909090909090909,1.0
wine,4,72,gates_8,1,0,0,,0.0,0.0
wine,4,78,gates_1,1,18,1,0.0555555555555555,0.5454545454545454,1.0
wine,4,78,gates_2,1,15,1,0.0666666666666666,0.4545454545454545,1.0
wine,4,78,gates_4,1,1,0,0.0,0.0303030303030303,1.0
wine,4,78,gates_8,1,0,0,,0.0,0.0
breast_cancer,0,8,gates_1,0,58,49,0.8448275862068966,0.4084507042253521,1.0
breast_cancer,0,8,gates_2,0,53,44,0.8301886792452831,0.3732394366197183,1.0
breast_cancer,0,8,gates_4,0,43,43,1.0,0.3028169014084507,1.0
breast_cancer,0,8,gates_8,0,3,3,1.0,0.0211267605633802,1.0
breast_cancer,0,39,gates_1,0,58,49,0.8448275862068966,0.4084507042253521,1.0
breast_cancer,0,39,gates_2,0,53,44,0.8301886792452831,0.3732394366197183,1.0
breast_cancer,0,39,gates_4,0,6,6,1.0,0.0422535211267605,1.0
breast_cancer,0,39,gates_8,0,2,2,1.0,0.0140845070422535,1.0
breast_cancer,0,46,gates_1,1,88,82,0.9318181818181818,0.6197183098591549,1.0
breast_cancer,0,46,gates_2,1,74,71,0.9594594594594594,0.5211267605633803,1.0
breast_cancer,0,46,gates_4,1,56,53,0.9464285714285714,0.3943661971830985,1.0
breast_cancer,0,46,gates_8,1,51,51,1.0,0.3591549295774648,1.0
breast_cancer,0,68,gates_1,1,54,5,0.0925925925925925,0.380281690140845,1.0
breast_cancer,0,68,gates_2,1,16,3,0.1875,0.1126760563380281,1.0
breast_cancer,0,68,gates_4,1,13,2,0.1538461538461538,0.0915492957746478,1.0
breast_cancer,0,68,gates_8,1,0,0,,0.0,0.0
breast_cancer,0,100,gates_1,0,70,33,0.4714285714285714,0.4929577464788732,1.0
breast_cancer,0,100,gates_2,0,31,30,0.967741935483871,0.2183098591549295,1.0
breast_cancer,0,100,gates_4,0,28,28,1.0,0.1971830985915492,1.0
breast_cancer,0,100,gates_8,0,0,0,,0.0,0.0
breast_cancer,0,105,gates_1,0,58,49,0.8448275862068966,0.4084507042253521,1.0
breast_cancer,0,105,gates_2,0,53,44,0.8301886792452831,0.3732394366197183,1.0
breast_cancer,0,105,gates_4,0,41,41,1.0,0.2887323943661972,1.0
breast_cancer,0,105,gates_8,0,9,9,1.0,0.0633802816901408,1.0
breast_cancer,0,116,gates_1,1,86,77,0.8953488372093024,0.6056338028169014,1.0
breast_cancer,0,116,gates_2,1,80,73,0.9125,0.5633802816901409,1.0
breast_cancer,0,116,gates_4,1,56,53,0.9464285714285714,0.3943661971830985,1.0
breast_cancer,0,116,gates_8,1,0,0,,0.0,0.0
breast_cancer,0,151,gates_1,1,88,82,0.9318181818181818,0.6197183098591549,1.0
breast_cancer,0,151,gates_2,1,21,17,0.8095238095238095,0.1478873239436619,1.0
breast_cancer,0,151,gates_4,1,14,14,1.0,0.0985915492957746,1.0
breast_cancer,0,151,gates_8,1,14,14,1.0,0.0985915492957746,1.0
breast_cancer,0,161,gates_1,0,70,33,0.4714285714285714,0.4929577464788732,1.0
breast_cancer,0,161,gates_2,0,38,32,0.8421052631578947,0.2676056338028169,1.0
breast_cancer,0,161,gates_4,0,30,30,1.0,0.2112676056338028,1.0
breast_cancer,0,161,gates_8,0,4,4,1.0,0.028169014084507,1.0
breast_cancer,0,170,gates_1,1,88,82,0.9318181818181818,0.6197183098591549,1.0
breast_cancer,0,170,gates_2,1,74,71,0.9594594594594594,0.5211267605633803,1.0
breast_cancer,0,170,gates_4,1,56,53,0.9464285714285714,0.3943661971830985,1.0
breast_cancer,0,170,gates_8,1,51,51,1.0,0.3591549295774648,1.0
breast_cancer,0,217,gates_1,1,88,82,0.9318181818181818,0.6197183098591549,1.0
breast_cancer,0,217,gates_2,1,74,71,0.9594594594594594,0.5211267605633803,1.0
breast_cancer,0,217,gates_4,1,56,53,0.9464285714285714,0.3943661971830985,1.0
breast_cancer,0,217,gates_8,1,6,6,1.0,0.0422535211267605,1.0
breast_cancer,0,251,gates_1,1,88,82,0.9318181818181818,0.6197183098591549,1.0
breast_cancer,0,251,gates_2,1,74,71,0.9594594594594594,0.5211267605633803,1.0
breast_cancer,0,251,gates_4,1,56,53,0.9464285714285714,0.3943661971830985,1.0
breast_cancer,0,251,gates_8,1,24,24,1.0,0.1690140845070422,1.0
breast_cancer,0,254,gates_1,0,70,33,0.4714285714285714,0.4929577464788732,1.0
breast_cancer,0,254,gates_2,0,38,32,0.8421052631578947,0.2676056338028169,1.0
breast_cancer,0,254,gates_4,0,28,28,1.0,0.1971830985915492,1.0
breast_cancer,0,254,gates_8,0,21,21,1.0,0.1478873239436619,1.0
breast_cancer,0,267,gates_1,1,88,82,0.9318181818181818,0.6197183098591549,1.0
breast_cancer,0,267,gates_2,1,74,71,0.9594594594594594,0.5211267605633803,1.0
breast_cancer,0,267,gates_4,1,56,53,0.9464285714285714,0.3943661971830985,1.0
breast_cancer,0,267,gates_8,1,6,6,1.0,0.0422535211267605,1.0
breast_cancer,0,280,gates_1,0,70,33,0.4714285714285714,0.4929577464788732,1.0
breast_cancer,0,280,gates_2,0,38,32,0.8421052631578947,0.2676056338028169,1.0
breast_cancer,0,280,gates_4,0,28,28,1.0,0.1971830985915492,1.0
breast_cancer,0,280,gates_8,0,21,21,1.0,0.1478873239436619,1.0
breast_cancer,0,318,gates_1,1,86,77,0.8953488372093024,0.6056338028169014,1.0
breast_cancer,0,318,gates_2,1,74,71,0.9594594594594594,0.5211267605633803,1.0
breast_cancer,0,318,gates_4,1,58,55,0.9482758620689656,0.4084507042253521,1.0
breast_cancer,0,318,gates_8,1,8,8,1.0,0.056338028169014,1.0
breast_cancer,0,347,gates_1,1,58,9,0.1551724137931034,0.4084507042253521,1.0
breast_cancer,0,347,gates_2,1,11,8,0.7272727272727273,0.0774647887323943,1.0
breast_cancer,0,347,gates_4,1,5,3,0.6,0.0352112676056338,1.0
breast_cancer,0,347,gates_8,1,3,2,0.6666666666666666,0.0211267605633802,1.0
breast_cancer,0,483,gates_1,1,86,77,0.8953488372093024,0.6056338028169014,1.0
breast_cancer,0,483,gates_2,1,64,59,0.921875,0.4507042253521127,1.0
breast_cancer,0,483,gates_4,1,56,53,0.9464285714285714,0.3943661971830985,1.0
breast_cancer,0,483,gates_8,1,51,51,1.0,0.3591549295774648,1.0
breast_cancer,0,492,gates_1,0,70,33,0.4714285714285714,0.4929577464788732,1.0
breast_cancer,0,492,gates_2,0,38,32,0.8421052631578947,0.2676056338028169,1.0
breast_cancer,0,492,gates_4,0,30,30,1.0,0.2112676056338028,1.0
breast_cancer,0,492,gates_8,0,17,17,1.0,0.1197183098591549,1.0
breast_cancer,0,558,gates_1,1,58,9,0.1551724137931034,0.4084507042253521,1.0
breast_cancer,0,558,gates_2,1,17,9,0.5294117647058824,0.1197183098591549,1.0
breast_cancer,0,558,gates_4,1,9,7,0.7777777777777778,0.0633802816901408,1.0
breast_cancer,0,558,gates_8,1,2,2,1.0,0.0140845070422535,1.0
breast_cancer,1,24,gates_1,0,56,47,0.8392857142857143,0.3943661971830985,1.0
breast_cancer,1,24,gates_2,0,46,43,0.9347826086956522,0.323943661971831,1.0
breast_cancer,1,24,gates_4,0,40,39,0.975,0.2816901408450704,1.0
breast_cancer,1,24,gates_8,0,12,12,1.0,0.0845070422535211,1.0
breast_cancer,1,35,gates_1,0,58,44,0.7586206896551724,0.4084507042253521,1.0
breast_cancer,1,35,gates_2,0,51,44,0.8627450980392157,0.3591549295774648,1.0
breast_cancer,1,35,gates_4,0,40,39,0.975,0.2816901408450704,1.0
breast_cancer,1,35,gates_8,0,4,3,0.75,0.028169014084507,1.0
breast_cancer,1,141,gates_1,0,56,47,0.8392857142857143,0.3943661971830985,1.0
breast_cancer,1,141,gates_2,0,46,43,0.9347826086956522,0.323943661971831,1.0
breast_cancer,1,141,gates_4,0,40,39,0.975,0.2816901408450704,1.0
breast_cancer,1,141,gates_8,0,12,12,1.0,0.0845070422535211,1.0
breast_cancer,1,145,gates_1,1,79,69,0.8734177215189873,0.5563380281690141,1.0
breast_cancer,1,145,gates_2,1,69,65,0.9420289855072465,0.4859154929577465,1.0
breast_cancer,1,145,gates_4,1,53,53,1.0,0.3732394366197183,1.0
breast_cancer,1,145,gates_8,1,37,37,1.0,0.2605633802816901,1.0
breast_cancer,1,164,gates_1,0,56,47,0.8392857142857143,0.3943661971830985,1.0
breast_cancer,1,164,gates_2,0,46,43,0.9347826086956522,0.323943661971831,1.0
breast_cancer,1,164,gates_4,0,40,39,0.975,0.2816901408450704,1.0
breast_cancer,1,164,gates_8,0,12,12,1.0,0.0845070422535211,1.0
breast_cancer,1,179,gates_1,1,79,69,0.8734177215189873,0.5563380281690141,1.0
breast_cancer,1,179,gates_2,1,69,65,0.9420289855072465,0.4859154929577465,1.0
breast_cancer,1,179,gates_4,1,46,46,1.0,0.323943661971831,1.0
breast_cancer,1,179,gates_8,1,22,22,1.0,0.1549295774647887,1.0
breast_cancer,1,186,gates_1,0,56,47,0.8392857142857143,0.3943661971830985,1.0
breast_cancer,1,186,gates_2,0,51,44,0.8627450980392157,0.3591549295774648,1.0
breast_cancer,1,186,gates_4,0,12,12,1.0,0.0845070422535211,1.0
breast_cancer,1,186,gates_8,0,12,12,1.0,0.0845070422535211,1.0
breast_cancer,1,216,gates_1,1,79,69,0.8734177215189873,0.5563380281690141,1.0
breast_cancer,1,216,gates_2,1,57,57,1.0,0.4014084507042254,1.0
breast_cancer,1,216,gates_4,1,53,53,1.0,0.3732394366197183,1.0
breast_cancer,1,216,gates_8,1,37,37,1.0,0.2605633802816901,1.0
breast_cancer,1,220,gates_1,1,79,69,0.8734177215189873,0.5563380281690141,1.0
breast_cancer,1,220,gates_2,1,13,7,0.5384615384615384,0.0915492957746478,1.0
breast_cancer,1,220,gates_4,1,6,6,1.0,0.0422535211267605,1.0
breast_cancer,1,220,gates_8,1,3,3,1.0,0.0211267605633802,1.0
breast_cancer,1,264,gates_1,0,56,47,0.8392857142857143,0.3943661971830985,1.0
breast_cancer,1,264,gates_2,0,46,43,0.9347826086956522,0.323943661971831,1.0
breast_cancer,1,264,gates_4,0,40,39,0.975,0.2816901408450704,1.0
breast_cancer,1,264,gates_8,0,12,12,1.0,0.0845070422535211,1.0
breast_cancer,1,274,gates_1,0,56,47,0.8392857142857143,0.3943661971830985,1.0
breast_cancer,1,274,gates_2,0,46,43,0.9347826086956522,0.323943661971831,1.0
breast_cancer,1,274,gates_4,0,40,39,0.975,0.2816901408450704,1.0
breast_cancer,1,274,gates_8,0,12,12,1.0,0.0845070422535211,1.0
breast_cancer,1,301,gates_1,1,79,69,0.8734177215189873,0.5563380281690141,1.0
breast_cancer,1,301,gates_2,1,69,65,0.9420289855072465,0.4859154929577465,1.0
breast_cancer,1,301,gates_4,1,53,53,1.0,0.3732394366197183,1.0
breast_cancer,1,301,gates_8,1,37,37,1.0,0.2605633802816901,1.0
breast_cancer,1,312,gates_1,1,79,69,0.8734177215189873,0.5563380281690141,1.0
breast_cancer,1,312,gates_2,1,69,65,0.9420289855072465,0.4859154929577465,1.0
breast_cancer,1,312,gates_4,1,53,53,1.0,0.3732394366197183,1.0
breast_cancer,1,312,gates_8,1,22,22,1.0,0.1549295774647887,1.0
breast_cancer,1,334,gates_1,1,79,69,0.8734177215189873,0.5563380281690141,1.0
breast_cancer,1,334,gates_2,1,57,57,1.0,0.4014084507042254,1.0
breast_cancer,1,334,gates_4,1,19,19,1.0,0.1338028169014084,1.0
breast_cancer,1,334,gates_8,1,15,15,1.0,0.1056338028169014,1.0
breast_cancer,1,378,gates_1,1,79,69,0.8734177215189873,0.5563380281690141,1.0
breast_cancer,1,378,gates_2,1,57,57,1.0,0.4014084507042254,1.0
breast_cancer,1,378,gates_4,1,53,53,1.0,0.3732394366197183,1.0
breast_cancer,1,378,gates_8,1,37,37,1.0,0.2605633802816901,1.0
breast_cancer,1,395,gates_1,1,84,78,0.9285714285714286,0.5915492957746479,1.0
breast_cancer,1,395,gates_2,1,82,77,0.9390243902439024,0.5774647887323944,1.0
breast_cancer,1,395,gates_4,1,66,65,0.9848484848484848,0.4647887323943662,1.0
breast_cancer,1,395,gates_8,1,7,7,1.0,0.0492957746478873,1.0
breast_cancer,1,458,gates_1,1,79,69,0.8734177215189873,0.5563380281690141,1.0
breast_cancer,1,458,gates_2,1,39,31,0.7948717948717948,0.2746478873239437,1.0
breast_cancer,1,458,gates_4,1,26,25,0.9615384615384616,0.1830985915492957,1.0
breast_cancer,1,458,gates_8,1,4,4,1.0,0.028169014084507,1.0
breast_cancer,1,535,gates_1,0,56,47,0.8392857142857143,0.3943661971830985,1.0
breast_cancer,1,535,gates_2,0,46,43,0.9347826086956522,0.323943661971831,1.0
breast_cancer,1,535,gates_4,0,40,39,0.975,0.2816901408450704,1.0
breast_cancer,1,535,gates_8,0,29,29,1.0,0.204225352112676,1.0
breast_cancer,1,540,gates_1,1,79,69,0.8734177215189873,0.5563380281690141,1.0
breast_cancer,1,540,gates_2,1,69,65,0.9420289855072465,0.4859154929577465,1.0
breast_cancer,1,540,gates_4,1,53,53,1.0,0.3732394366197183,1.0
breast_cancer,1,540,gates_8,1,6,6,1.0,0.0422535211267605,1.0
breast_cancer,1,550,gates_1,1,79,69,0.8734177215189873,0.5563380281690141,1.0
breast_cancer,1,550,gates_2,1,69,65,0.9420289855072465,0.4859154929577465,1.0
breast_cancer,1,550,gates_4,1,53,53,1.0,0.3732394366197183,1.0
breast_cancer,1,550,gates_8,1,15,15,1.0,0.1056338028169014,1.0
breast_cancer,2,25,gates_1,0,55,48,0.8727272727272727,0.3873239436619718,1.0
breast_cancer,2,25,gates_2,0,50,47,0.94,0.352112676056338,1.0
breast_cancer,2,25,gates_4,0,46,43,0.9347826086956522,0.323943661971831,1.0
breast_cancer,2,25,gates_8,0,4,3,0.75,0.028169014084507,1.0
breast_cancer,2,74,gates_1,1,95,86,0.9052631578947368,0.6690140845070423,1.0
breast_cancer,2,74,gates_2,1,73,73,1.0,0.5140845070422535,1.0
breast_cancer,2,74,gates_4,1,63,63,1.0,0.4436619718309859,1.0
breast_cancer,2,74,gates_8,1,56,56,1.0,0.3943661971830985,1.0
breast_cancer,2,124,gates_1,1,83,80,0.963855421686747,0.5845070422535211,1.0
breast_cancer,2,124,gates_2,1,76,76,1.0,0.5352112676056338,1.0
breast_cancer,2,124,gates_4,1,63,63,1.0,0.4436619718309859,1.0
breast_cancer,2,124,gates_8,1,56,56,1.0,0.3943661971830985,1.0
breast_cancer,2,141,gates_1,0,55,48,0.8727272727272727,0.3873239436619718,1.0
breast_cancer,2,141,gates_2,0,53,48,0.9056603773584906,0.3732394366197183,1.0
breast_cancer,2,141,gates_4,0,45,43,0.9555555555555556,0.3169014084507042,1.0
breast_cancer,2,141,gates_8,0,38,37,0.9736842105263158,0.2676056338028169,1.0
breast_cancer,2,153,gates_1,1,83,80,0.963855421686747,0.5845070422535211,1.0
breast_cancer,2,153,gates_2,1,73,73,1.0,0.5140845070422535,1.0
breast_cancer,2,153,gates_4,1,63,63,1.0,0.4436619718309859,1.0
breast_cancer,2,153,gates_8,1,56,56,1.0,0.3943661971830985,1.0
breast_cancer,2,175,gates_1,1,95,86,0.9052631578947368,0.6690140845070423,1.0
breast_cancer,2,175,gates_2,1,73,73,1.0,0.5140845070422535,1.0
breast_cancer,2,175,gates_4,1,63,63,1.0,0.4436619718309859,1.0
breast_cancer,2,175,gates_8,1,56,56,1.0,0.3943661971830985,1.0
breast_cancer,2,237,gates_1,0,55,48,0.8727272727272727,0.3873239436619718,1.0
breast_cancer,2,237,gates_2,0,53,48,0.9056603773584906,0.3732394366197183,1.0
breast_cancer,2,237,gates_4,0,45,43,0.9555555555555556,0.3169014084507042,1.0
breast_cancer,2,237,gates_8,0,37,36,0.972972972972973,0.2605633802816901,1.0
breast_cancer,2,283,gates_1,0,55,48,0.8727272727272727,0.3873239436619718,1.0
breast_cancer,2,283,gates_2,0,12,8,0.6666666666666666,0.0845070422535211,1.0
breast_cancer,2,283,gates_4,0,8,6,0.75,0.056338028169014,1.0
breast_cancer,2,283,gates_8,0,6,5,0.8333333333333334,0.0422535211267605,1.0
breast_cancer,2,288,gates_1,1,83,80,0.963855421686747,0.5845070422535211,1.0
breast_cancer,2,288,gates_2,1,76,76,1.0,0.5352112676056338,1.0
breast_cancer,2,288,gates_4,1,63,63,1.0,0.4436619718309859,1.0
breast_cancer,2,288,gates_8,1,1,1,1.0,0.0070422535211267,1.0
breast_cancer,2,317,gates_1,0,55,48,0.8727272727272727,0.3873239436619718,1.0
breast_cancer,2,317,gates_2,0,53,48,0.9056603773584906,0.3732394366197183,1.0
breast_cancer,2,317,gates_4,0,45,43,0.9555555555555556,0.3169014084507042,1.0
breast_cancer,2,317,gates_8,0,37,36,0.972972972972973,0.2605633802816901,1.0
breast_cancer,2,398,gates_1,1,95,86,0.9052631578947368,0.6690140845070423,1.0
breast_cancer,2,398,gates_2,1,73,73,1.0,0.5140845070422535,1.0
breast_cancer,2,398,gates_4,1,63,63,1.0,0.4436619718309859,1.0
breast_cancer,2,398,gates_8,1,56,56,1.0,0.3943661971830985,1.0
breast_cancer,2,415,gates_1,1,95,86,0.9052631578947368,0.6690140845070423,1.0
breast_cancer,2,415,gates_2,1,73,73,1.0,0.5140845070422535,1.0
breast_cancer,2,415,gates_4,1,63,63,1.0,0.4436619718309859,1.0
breast_cancer,2,415,gates_8,1,63,63,1.0,0.4436619718309859,1.0
breast_cancer,2,435,gates_1,0,55,48,0.8727272727272727,0.3873239436619718,1.0
breast_cancer,2,435,gates_2,0,53,48,0.9056603773584906,0.3732394366197183,1.0
breast_cancer,2,435,gates_4,0,45,43,0.9555555555555556,0.3169014084507042,1.0
breast_cancer,2,435,gates_8,0,37,36,0.972972972972973,0.2605633802816901,1.0
breast_cancer,2,459,gates_1,1,95,86,0.9052631578947368,0.6690140845070423,1.0
breast_cancer,2,459,gates_2,1,73,73,1.0,0.5140845070422535,1.0
breast_cancer,2,459,gates_4,1,66,66,1.0,0.4647887323943662,1.0
breast_cancer,2,459,gates_8,1,59,59,1.0,0.4154929577464789,1.0
breast_cancer,2,468,gates_1,0,55,48,0.8727272727272727,0.3873239436619718,1.0
breast_cancer,2,468,gates_2,0,53,48,0.9056603773584906,0.3732394366197183,1.0
breast_cancer,2,468,gates_4,0,20,19,0.95,0.1408450704225352,1.0
breast_cancer,2,468,gates_8,0,2,2,1.0,0.0140845070422535,1.0
breast_cancer,2,500,gates_1,1,95,86,0.9052631578947368,0.6690140845070423,1.0
breast_cancer,2,500,gates_2,1,73,73,1.0,0.5140845070422535,1.0
breast_cancer,2,500,gates_4,1,63,63,1.0,0.4436619718309859,1.0
breast_cancer,2,500,gates_8,1,0,0,,0.0,0.0
breast_cancer,2,502,gates_1,1,95,86,0.9052631578947368,0.6690140845070423,1.0
breast_cancer,2,502,gates_2,1,73,73,1.0,0.5140845070422535,1.0
breast_cancer,2,502,gates_4,1,63,63,1.0,0.4436619718309859,1.0
breast_cancer,2,502,gates_8,1,56,56,1.0,0.3943661971830985,1.0
breast_cancer,2,504,gates_1,1,95,86,0.9052631578947368,0.6690140845070423,1.0
breast_cancer,2,504,gates_2,1,73,73,1.0,0.5140845070422535,1.0
breast_cancer,2,504,gates_4,1,67,67,1.0,0.4718309859154929,1.0
breast_cancer,2,504,gates_8,1,67,67,1.0,0.4718309859154929,1.0
breast_cancer,2,546,gates_1,1,95,86,0.9052631578947368,0.6690140845070423,1.0
breast_cancer,2,546,gates_2,1,73,73,1.0,0.5140845070422535,1.0
breast_cancer,2,546,gates_4,1,63,63,1.0,0.4436619718309859,1.0
breast_cancer,2,546,gates_8,1,56,56,1.0,0.3943661971830985,1.0
breast_cancer,2,564,gates_1,0,55,48,0.8727272727272727,0.3873239436619718,1.0
breast_cancer,2,564,gates_2,0,53,48,0.9056603773584906,0.3732394366197183,1.0
breast_cancer,2,564,gates_4,0,45,43,0.9555555555555556,0.3169014084507042,1.0
breast_cancer,2,564,gates_8,0,37,36,0.972972972972973,0.2605633802816901,1.0
breast_cancer,3,125,gates_1,1,97,91,0.9381443298969072,0.6830985915492958,1.0
breast_cancer,3,125,gates_2,1,75,75,1.0,0.528169014084507,1.0
breast_cancer,3,125,gates_4,1,54,54,1.0,0.380281690140845,1.0
breast_cancer,3,125,gates_8,1,22,22,1.0,0.1549295774647887,1.0
breast_cancer,3,133,gates_1,1,97,91,0.9381443298969072,0.6830985915492958,1.0
breast_cancer,3,133,gates_2,1,12,6,0.5,0.0845070422535211,1.0
breast_cancer,3,133,gates_4,1,5,5,1.0,0.0352112676056338,1.0
breast_cancer,3,133,gates_8,1,2,2,1.0,0.0140845070422535,1.0
breast_cancer,3,171,gates_1,0,40,35,0.875,0.2816901408450704,1.0
breast_cancer,3,171,gates_2,0,37,34,0.918918918918919,0.2605633802816901,1.0
breast_cancer,3,171,gates_4,0,33,33,1.0,0.2323943661971831,1.0
breast_cancer,3,171,gates_8,0,19,19,1.0,0.1338028169014084,1.0
breast_cancer,3,181,gates_1,0,40,35,0.875,0.2816901408450704,1.0
breast_cancer,3,181,gates_2,0,37,34,0.918918918918919,0.2605633802816901,1.0
breast_cancer,3,181,gates_4,0,34,34,1.0,0.2394366197183098,1.0
breast_cancer,3,181,gates_8,0,33,33,1.0,0.2323943661971831,1.0
breast_cancer,3,185,gates_1,1,83,76,0.9156626506024096,0.5845070422535211,1.0
breast_cancer,3,185,gates_2,1,75,73,0.9733333333333334,0.528169014084507,1.0
breast_cancer,3,185,gates_4,1,54,54,1.0,0.380281690140845,1.0
breast_cancer,3,185,gates_8,1,45,45,1.0,0.3169014084507042,1.0
breast_cancer,3,186,gates_1,0,95,47,0.4947368421052631,0.6690140845070423,1.0
breast_cancer,3,186,gates_2,0,37,34,0.918918918918919,0.2605633802816901,1.0
breast_cancer,3,186,gates_4,0,20,20,1.0,0.1408450704225352,1.0
breast_cancer,3,186,gates_8,0,19,19,1.0,0.1338028169014084,1.0
breast_cancer,3,210,gates_1,0,40,35,0.875,0.2816901408450704,1.0
breast_cancer,3,210,gates_2,0,37,34,0.918918918918919,0.2605633802816901,1.0
breast_cancer,3,210,gates_4,0,34,34,1.0,0.2394366197183098,1.0
breast_cancer,3,210,gates_8,0,33,33,1.0,0.2323943661971831,1.0
breast_cancer,3,331,gates_1,1,97,91,0.9381443298969072,0.6830985915492958,1.0
breast_cancer,3,331,gates_2,1,91,88,0.967032967032967,0.6408450704225352,1.0
breast_cancer,3,331,gates_4,1,73,73,1.0,0.5140845070422535,1.0
breast_cancer,3,331,gates_8,1,8,8,1.0,0.056338028169014,1.0
breast_cancer,3,342,gates_1,1,97,91,0.9381443298969072,0.6830985915492958,1.0
breast_cancer,3,342,gates_2,1,75,75,1.0,0.528169014084507,1.0
breast_cancer,3,342,gates_4,1,34,34,1.0,0.2394366197183098,1.0
breast_cancer,3,342,gates_8,1,12,12,1.0,0.0845070422535211,1.0
breast_cancer,3,392,gates_1,0,40,35,0.875,0.2816901408450704,1.0
breast_cancer,3,392,gates_2,0,37,34,0.918918918918919,0.2605633802816901,1.0
breast_cancer,3,392,gates_4,0,20,20,1.0,0.1408450704225352,1.0
breast_cancer,3,392,gates_8,0,19,19,1.0,0.1338028169014084,1.0
breast_cancer,3,444,gates_1,0,40,35,0.875,0.2816901408450704,1.0
breast_cancer,3,444,gates_2,0,37,34,0.918918918918919,0.2605633802816901,1.0
breast_cancer,3,444,gates_4,0,20,20,1.0,0.1408450704225352,1.0
breast_cancer,3,444,gates_8,0,19,19,1.0,0.1338028169014084,1.0
breast_cancer,3,466,gates_1,1,94,88,0.9361702127659576,0.6619718309859155,1.0
breast_cancer,3,466,gates_2,1,91,88,0.967032967032967,0.6408450704225352,1.0
breast_cancer,3,466,gates_4,1,65,64,0.9846153846153848,0.4577464788732394,1.0
breast_cancer,3,466,gates_8,1,2,2,1.0,0.0140845070422535,1.0
breast_cancer,3,467,gates_1,1,97,91,0.9381443298969072,0.6830985915492958,1.0
breast_cancer,3,467,gates_2,1,75,75,1.0,0.528169014084507,1.0
breast_cancer,3,467,gates_4,1,46,46,1.0,0.323943661971831,1.0
breast_cancer,3,467,gates_8,1,25,25,1.0,0.176056338028169,1.0
breast_cancer,3,504,gates_1,1,97,91,0.9381443298969072,0.6830985915492958,1.0
breast_cancer,3,504,gates_2,1,75,75,1.0,0.528169014084507,1.0
breast_cancer,3,504,gates_4,1,34,34,1.0,0.2394366197183098,1.0
breast_cancer,3,504,gates_8,1,4,4,1.0,0.028169014084507,1.0
breast_cancer,3,508,gates_1,1,94,88,0.9361702127659576,0.6619718309859155,1.0
breast_cancer,3,508,gates_2,1,91,88,0.967032967032967,0.6408450704225352,1.0
breast_cancer,3,508,gates_4,1,54,54,1.0,0.380281690140845,1.0
breast_cancer,3,508,gates_8,1,10,10,1.0,0.0704225352112676,1.0
breast_cancer,3,513,gates_1,1,97,91,0.9381443298969072,0.6830985915492958,1.0
breast_cancer,3,513,gates_2,1,91,88,0.967032967032967,0.6408450704225352,1.0
breast_cancer,3,513,gates_4,1,73,73,1.0,0.5140845070422535,1.0
breast_cancer,3,513,gates_8,1,32,32,1.0,0.2253521126760563,1.0
breast_cancer,3,529,gates_1,1,97,91,0.9381443298969072,0.6830985915492958,1.0
breast_cancer,3,529,gates_2,1,75,75,1.0,0.528169014084507,1.0
breast_cancer,3,529,gates_4,1,34,34,1.0,0.2394366197183098,1.0
breast_cancer,3,529,gates_8,1,12,12,1.0,0.0845070422535211,1.0
breast_cancer,3,553,gates_1,1,97,91,0.9381443298969072,0.6830985915492958,1.0
breast_cancer,3,553,gates_2,1,75,75,1.0,0.528169014084507,1.0
breast_cancer,3,553,gates_4,1,34,34,1.0,0.2394366197183098,1.0
breast_cancer,3,553,gates_8,1,18,18,1.0,0.1267605633802817,1.0
breast_cancer,3,563,gates_1,0,40,35,0.875,0.2816901408450704,1.0
breast_cancer,3,563,gates_2,0,37,34,0.918918918918919,0.2605633802816901,1.0
breast_cancer,3,563,gates_4,0,34,34,1.0,0.2394366197183098,1.0
breast_cancer,3,563,gates_8,0,33,33,1.0,0.2323943661971831,1.0
breast_cancer,3,566,gates_1,0,95,47,0.4947368421052631,0.6690140845070423,1.0
breast_cancer,3,566,gates_2,0,37,34,0.918918918918919,0.2605633802816901,1.0
breast_cancer,3,566,gates_4,0,34,34,1.0,0.2394366197183098,1.0
breast_cancer,3,566,gates_8,0,2,2,1.0,0.0140845070422535,1.0
breast_cancer,4,26,gates_1,0,56,48,0.8571428571428571,0.3943661971830985,1.0
breast_cancer,4,26,gates_2,0,49,47,0.9591836734693876,0.3450704225352112,1.0
breast_cancer,4,26,gates_4,0,28,28,1.0,0.1971830985915492,1.0
breast_cancer,4,26,gates_8,0,0,0,,0.0,0.0
breast_cancer,4,88,gates_1,1,79,69,0.8734177215189873,0.5563380281690141,1.0
breast_cancer,4,88,gates_2,1,45,42,0.9333333333333332,0.3169014084507042,1.0
breast_cancer,4,88,gates_4,1,28,27,0.9642857142857144,0.1971830985915492,1.0
breast_cancer,4,88,gates_8,1,26,26,1.0,0.1830985915492957,1.0
breast_cancer,4,98,gates_1,1,79,69,0.8734177215189873,0.5563380281690141,1.0
breast_cancer,4,98,gates_2,1,43,38,0.8837209302325582,0.3028169014084507,1.0
breast_cancer,4,98,gates_4,1,24,24,1.0,0.1690140845070422,1.0
breast_cancer,4,98,gates_8,1,15,15,1.0,0.1056338028169014,1.0
breast_cancer,4,100,gates_1,0,56,48,0.8571428571428571,0.3943661971830985,1.0
breast_cancer,4,100,gates_2,0,44,42,0.9545454545454546,0.3098591549295774,1.0
breast_cancer,4,100,gates_4,0,31,30,0.967741935483871,0.2183098591549295,1.0
breast_cancer,4,100,gates_8,0,30,29,0.9666666666666668,0.2112676056338028,1.0
breast_cancer,4,117,gates_1,0,56,48,0.8571428571428571,0.3943661971830985,1.0
breast_cancer,4,117,gates_2,0,49,47,0.9591836734693876,0.3450704225352112,1.0
breast_cancer,4,117,gates_4,0,31,30,0.967741935483871,0.2183098591549295,1.0
breast_cancer,4,117,gates_8,0,0,0,,0.0,0.0
breast_cancer,4,142,gates_1,1,79,69,0.8734177215189873,0.5563380281690141,1.0
breast_cancer,4,142,gates_2,1,43,38,0.8837209302325582,0.3028169014084507,1.0
breast_cancer,4,142,gates_4,1,17,15,0.8823529411764706,0.1197183098591549,1.0
breast_cancer,4,142,gates_8,1,3,2,0.6666666666666666,0.0211267605633802,1.0
breast_cancer,4,200,gates_1,1,79,69,0.8734177215189873,0.5563380281690141,1.0
breast_cancer,4,200,gates_2,1,15,6,0.4,0.1056338028169014,1.0
breast_cancer,4,200,gates_4,1,7,5,0.7142857142857143,0.0492957746478873,1.0
breast_cancer,4,200,gates_8,1,2,2,1.0,0.0140845070422535,1.0
breast_cancer,4,204,gates_1,1,79,69,0.8734177215189873,0.5563380281690141,1.0
breast_cancer,4,204,gates_2,1,43,38,0.8837209302325582,0.3028169014084507,1.0
breast_cancer,4,204,gates_4,1,17,15,0.8823529411764706,0.1197183098591549,1.0
breast_cancer,4,204,gates_8,1,3,2,0.6666666666666666,0.0211267605633802,1.0
breast_cancer,4,215,gates_1,1,79,69,0.8734177215189873,0.5563380281690141,1.0
breast_cancer,4,215,gates_2,1,11,3,0.2727272727272727,0.0774647887323943,1.0
breast_cancer,4,215,gates_4,1,3,0,0.0,0.0211267605633802,1.0
breast_cancer,4,215,gates_8,1,0,0,,0.0,0.0
breast_cancer,4,265,gates_1,0,48,45,0.9375,0.3380281690140845,1.0
breast_cancer,4,265,gates_2,0,47,44,0.9361702127659576,0.3309859154929577,1.0
breast_cancer,4,265,gates_4,0,38,38,1.0,0.2676056338028169,1.0
breast_cancer,4,265,gates_8,0,25,25,1.0,0.176056338028169,1.0
breast_cancer,4,266,gates_1,1,79,69,0.8734177215189873,0.5563380281690141,1.0
breast_cancer,4,266,gates_2,1,30,25,0.8333333333333334,0.2112676056338028,1.0
breast_cancer,4,266,gates_4,1,25,21,0.84,0.176056338028169,1.0
breast_cancer,4,266,gates_8,1,21,21,1.0,0.1478873239436619,1.0
breast_cancer,4,287,gates_1,1,79,69,0.8734177215189873,0.5563380281690141,1.0
breast_cancer,4,287,gates_2,1,45,42,0.9333333333333332,0.3169014084507042,1.0
breast_cancer,4,287,gates_4,1,35,34,0.9714285714285714,0.2464788732394366,1.0
breast_cancer,4,287,gates_8,1,31,31,1.0,0.2183098591549295,1.0
breast_cancer,4,327,gates_1,1,79,69,0.8734177215189873,0.5563380281690141,1.0
breast_cancer,4,327,gates_2,1,43,38,0.8837209302325582,0.3028169014084507,1.0
breast_cancer,4,327,gates_4,1,26,24,0.9230769230769232,0.1830985915492957,1.0
breast_cancer,4,327,gates_8,1,17,17,1.0,0.1197183098591549,1.0
breast_cancer,4,366,gates_1,0,48,45,0.9375,0.3380281690140845,1.0
breast_cancer,4,366,gates_2,0,47,44,0.9361702127659576,0.3309859154929577,1.0
breast_cancer,4,366,gates_4,0,38,38,1.0,0.2676056338028169,1.0
breast_cancer,4,366,gates_8,0,35,35,1.0,0.2464788732394366,1.0
breast_cancer,4,382,gates_1,1,79,69,0.8734177215189873,0.5563380281690141,1.0
breast_cancer,4,382,gates_2,1,45,42,0.9333333333333332,0.3169014084507042,1.0
breast_cancer,4,382,gates_4,1,28,27,0.9642857142857144,0.1971830985915492,1.0
breast_cancer,4,382,gates_8,1,27,27,1.0,0.1901408450704225,1.0
breast_cancer,4,409,gates_1,1,92,64,0.6956521739130435,0.647887323943662,1.0
breast_cancer,4,409,gates_2,1,64,58,0.90625,0.4507042253521127,1.0
breast_cancer,4,409,gates_4,1,14,13,0.9285714285714286,0.0985915492957746,1.0
breast_cancer,4,409,gates_8,1,5,5,1.0,0.0352112676056338,1.0
breast_cancer,4,469,gates_1,1,79,69,0.8734177215189873,0.5563380281690141,1.0
breast_cancer,4,469,gates_2,1,15,6,0.4,0.1056338028169014,1.0
breast_cancer,4,469,gates_4,1,4,1,0.25,0.028169014084507,1.0
breast_cancer,4,469,gates_8,1,4,1,0.25,0.028169014084507,1.0
breast_cancer,4,476,gates_1,1,58,8,0.1379310344827586,0.4084507042253521,1.0
breast_cancer,4,476,gates_2,1,42,7,0.1666666666666666,0.2957746478873239,1.0
breast_cancer,4,476,gates_4,1,8,6,0.75,0.056338028169014,1.0
breast_cancer,4,476,gates_8,1,0,0,,0.0,0.0
breast_cancer,4,503,gates_1,0,48,45,0.9375,0.3380281690140845,1.0
breast_cancer,4,503,gates_2,0,47,44,0.9361702127659576,0.3309859154929577,1.0
breast_cancer,4,503,gates_4,0,38,38,1.0,0.2676056338028169,1.0
breast_cancer,4,503,gates_8,0,25,25,1.0,0.176056338028169,1.0
breast_cancer,4,562,gates_1,0,56,48,0.8571428571428571,0.3943661971830985,1.0
breast_cancer,4,562,gates_2,0,49,47,0.9591836734693876,0.3450704225352112,1.0
breast_cancer,4,562,gates_4,0,42,42,1.0,0.2957746478873239,1.0
breast_cancer,4,562,gates_8,0,3,3,1.0,0.0211267605633802,1.0
digits-35,0,1,gates_1,1,44,39,0.8863636363636364,0.4835164835164835,1.0
digits-35,0,1,gates_2,1,9,5,0.5555555555555556,0.0989010989010989,1.0
digits-35,0,1,gates_4,1,4,4,1.0,0.0439560439560439,1.0
digits-35,0,1,gates_8,1,0,0,,0.0,0.0
digits-35,0,14,gates_1,1,46,41,0.8913043478260869,0.5054945054945055,1.0
digits-35,0,14,gates_2,1,30,29,0.9666666666666668,0.3296703296703296,1.0
digits-35,0,14,gates_4,1,2,1,0.5,0.0219780219780219,1.0
digits-35,0,14,gates_8,1,1,1,1.0,0.0109890109890109,1.0
digits-35,0,105,gates_1,1,46,41,0.8913043478260869,0.5054945054945055,1.0
digits-35,0,105,gates_2,1,29,27,0.9310344827586208,0.3186813186813186,1.0
digits-35,0,105,gates_4,1,11,10,0.9090909090909092,0.1208791208791208,1.0
digits-35,0,105,gates_8,1,4,4,1.0,0.0439560439560439,1.0
digits-35,0,134,gates_1,0,45,41,0.9111111111111112,0.4945054945054945,1.0
digits-35,0,134,gates_2,0,41,40,0.975609756097561,0.4505494505494505,1.0
digits-35,0,134,gates_4,0,38,38,1.0,0.4175824175824176,1.0
digits-35,0,134,gates_8,0,3,3,1.0,0.0329670329670329,1.0
digits-35,0,136,gates_1,0,38,35,0.9210526315789472,0.4175824175824176,1.0
digits-35,0,136,gates_2,0,35,35,1.0,0.3846153846153846,1.0
digits-35,0,136,gates_4,0,34,34,1.0,0.3736263736263736,1.0
digits-35,0,136,gates_8,0,11,11,1.0,0.1208791208791208,1.0
digits-35,0,145,gates_1,1,43,38,0.8837209302325582,0.4725274725274725,1.0
digits-35,0,145,gates_2,1,32,29,0.90625,0.3516483516483517,1.0
digits-35,0,145,gates_4,1,21,20,0.9523809523809524,0.2307692307692307,1.0
digits-35,0,145,gates_8,1,15,15,1.0,0.1648351648351648,1.0
digits-35,0,166,gates_1,1,43,35,0.813953488372093,0.4725274725274725,1.0
digits-35,0,166,gates_2,1,32,29,0.90625,0.3516483516483517,1.0
digits-35,0,166,gates_4,1,21,21,1.0,0.2307692307692307,1.0
digits-35,0,166,gates_8,1,15,15,1.0,0.1648351648351648,1.0
digits-35,0,189,gates_1,0,49,40,0.8163265306122449,0.5384615384615384,1.0
digits-35,0,189,gates_2,0,42,38,0.9047619047619048,0.4615384615384615,1.0
digits-35,0,189,gates_4,0,8,8,1.0,0.0879120879120879,1.0
digits-35,0,189,gates_8,0,2,2,1.0,0.0219780219780219,1.0
digits-35,0,206,gates_1,0,49,40,0.8163265306122449,0.5384615384615384,1.0
digits-35,0,206,gates_2,0,42,38,0.9047619047619048,0.4615384615384615,1.0
digits-35,0,206,gates_4,0,31,31,1.0,0.3406593406593406,1.0
digits-35,0,206,gates_8,0,1,1,1.0,0.0109890109890109,1.0
digits-35,0,216,gates_1,0,38,35,0.9210526315789472,0.4175824175824176,1.0
digits-35,0,216,gates_2,0,35,35,1.0,0.3846153846153846,1.0
digits-35,0,216,gates_4,0,34,34,1.0,0.3736263736263736,1.0
digits-35,0,216,gates_8,0,13,13,1.0,0.1428571428571428,1.0
digits-35,0,217,gates_1,0,38,35,0.9210526315789472,0.4175824175824176,1.0
digits-35,0,217,gates_2,0,35,35,1.0,0.3846153846153846,1.0
digits-35,0,217,gates_4,0,34,34,1.0,0.3736263736263736,1.0
digits-35,0,217,gates_8,0,4,4,1.0,0.0439560439560439,1.0
digits-35,0,221,gates_1,1,43,38,0.8837209302325582,0.4725274725274725,1.0
digits-35,0,221,gates_2,1,32,29,0.90625,0.3516483516483517,1.0
digits-35,0,221,gates_4,1,21,20,0.9523809523809524,0.2307692307692307,1.0
digits-35,0,221,gates_8,1,15,15,1.0,0.1648351648351648,1.0
digits-35,0,223,gates_1,1,43,38,0.8837209302325582,0.4725274725274725,1.0
digits-35,0,223,gates_2,1,30,29,0.9666666666666668,0.3296703296703296,1.0
digits-35,0,223,gates_4,1,21,20,0.9523809523809524,0.2307692307692307,1.0
digits-35,0,223,gates_8,1,15,15,1.0,0.1648351648351648,1.0
digits-35,0,237,gates_1,1,43,38,0.8837209302325582,0.4725274725274725,1.0
digits-35,0,237,gates_2,1,30,29,0.9666666666666668,0.3296703296703296,1.0
digits-35,0,237,gates_4,1,21,20,0.9523809523809524,0.2307692307692307,1.0
digits-35,0,237,gates_8,1,15,15,1.0,0.1648351648351648,1.0
digits-35,0,241,gates_1,0,49,40,0.8163265306122449,0.5384615384615384,1.0
digits-35,0,241,gates_2,0,35,34,0.9714285714285714,0.3846153846153846,1.0
digits-35,0,241,gates_4,0,34,34,1.0,0.3736263736263736,1.0
digits-35,0,241,gates_8,0,13,13,1.0,0.1428571428571428,1.0
digits-35,0,321,gates_1,0,38,35,0.9210526315789472,0.4175824175824176,1.0
digits-35,0,321,gates_2,0,35,35,1.0,0.3846153846153846,1.0
digits-35,0,321,gates_4,0,34,34,1.0,0.3736263736263736,1.0
digits-35,0,321,gates_8,0,28,28,1.0,0.3076923076923077,1.0
digits-35,0,341,gates_1,1,43,38,0.8837209302325582,0.4725274725274725,1.0
digits-35,0,341,gates_2,1,33,29,0.8787878787878788,0.3626373626373626,1.0
digits-35,0,341,gates_4,1,25,25,1.0,0.2747252747252747,1.0
digits-35,0,341,gates_8,1,5,5,1.0,0.0549450549450549,1.0
digits-35,0,343,gates_1,1,49,9,0.1836734693877551,0.5384615384615384,1.0
digits-35,0,343,gates_2,1,10,5,0.5,0.1098901098901098,1.0
digits-35,0,343,gates_4,1,1,1,1.0,0.0109890109890109,1.0
digits-35,0,343,gates_8,1,0,0,,0.0,0.0
digits-35,0,356,gates_1,1,46,41,0.8913043478260869,0.5054945054945055,1.0
digits-35,0,356,gates_2,1,30,29,0.9666666666666668,0.3296703296703296,1.0
digits-35,0,356,gates_4,1,0,0,,0.0,0.0
digits-35,0,356,gates_8,1,0,0,,0.0,0.0
digits-35,1,45,gates_1,1,47,37,0.7872340425531915,0.5164835164835165,1.0
digits-35,1,45,gates_2,1,36,35,0.9722222222222222,0.3956043956043956,1.0
digits-35,1,45,gates_4,1,35,35,1.0,0.3846153846153846,1.0
digits-35,1,45,gates_8,1,9,9,1.0,0.0989010989010989,1.0
digits-35,1,50,gates_1,0,44,41,0.9318181818181818,0.4835164835164835,1.0
digits-35,1,50,gates_2,0,40,40,1.0,0.4395604395604395,1.0
digits-35,1,50,gates_4,0,0,0,,0.0,0.0
digits-35,1,50,gates_8,0,0,0,,0.0,0.0
digits-35,1,66,gates_1,1,51,38,0.7450980392156863,0.5604395604395604,1.0
digits-35,1,66,gates_2,1,41,36,0.8780487804878049,0.4505494505494505,1.0
digits-35,1,66,gates_4,1,30,30,1.0,0.3296703296703296,1.0
digits-35,1,66,gates_8,1,27,27,1.0,0.2967032967032967,1.0
digits-35,1,94,gates_1,0,47,46,0.9787234042553192,0.5164835164835165,1.0
digits-35,1,94,gates_2,0,44,43,0.9772727272727272,0.4835164835164835,1.0
digits-35,1,94,gates_4,0,4,4,1.0,0.0439560439560439,1.0
digits-35,1,94,gates_8,0,1,1,1.0,0.0109890109890109,1.0
digits-35,1,107,gates_1,1,48,33,0.6875,0.5274725274725275,1.0
digits-35,1,107,gates_2,1,41,32,0.7804878048780488,0.4505494505494505,1.0
digits-35,1,107,gates_4,1,30,30,1.0,0.3296703296703296,1.0
digits-35,1,107,gates_8,1,27,27,1.0,0.2967032967032967,1.0
digits-35,1,159,gates_1,1,51,38,0.7450980392156863,0.5604395604395604,1.0
digits-35,1,159,gates_2,1,41,36,0.8780487804878049,0.4505494505494505,1.0
digits-35,1,159,gates_4,1,30,30,1.0,0.3296703296703296,1.0
digits-35,1,159,gates_8,1,27,27,1.0,0.2967032967032967,1.0
digits-35,1,160,gates_1,0,47,46,0.9787234042553192,0.5164835164835165,1.0
digits-35,1,160,gates_2,0,39,39,1.0,0.4285714285714285,1.0
digits-35,1,160,gates_4,0,7,7,1.0,0.0769230769230769,1.0
digits-35,1,160,gates_8,0,7,7,1.0,0.0769230769230769,1.0
digits-35,1,163,gates_1,0,52,45,0.8653846153846154,0.5714285714285714,1.0
digits-35,1,163,gates_2,0,40,40,1.0,0.4395604395604395,1.0
digits-35,1,163,gates_4,0,1,1,1.0,0.0109890109890109,1.0
digits-35,1,163,gates_8,0,0,0,,0.0,0.0
digits-35,1,228,gates_1,1,52,7,0.1346153846153846,0.5714285714285714,1.0
digits-35,1,228,gates_2,1,44,1,0.0227272727272727,0.4835164835164835,1.0
digits-35,1,228,gates_4,1,38,0,0.0,0.4175824175824176,1.0
digits-35,1,228,gates_8,1,0,0,,0.0,0.0
digits-35,1,242,gates_1,0,44,41,0.9318181818181818,0.4835164835164835,1.0
digits-35,1,242,gates_2,0,40,40,1.0,0.4395604395604395,1.0
digits-35,1,242,gates_4,0,38,38,1.0,0.4175824175824176,1.0
digits-35,1,242,gates_8,0,31,31,1.0,0.3406593406593406,1.0
digits-35,1,244,gates_1,1,52,7,0.1346153846153846,0.5714285714285714,1.0
digits-35,1,244,gates_2,1,40,0,0.0,0.4395604395604395,1.0
digits-35,1,244,gates_4,1,5,0,0.0,0.0549450549450549,1.0
digits-35,1,244,gates_8,1,0,0,,0.0,0.0
digits-35,1,256,gates_1,0,44,41,0.9318181818181818,0.4835164835164835,1.0
digits-35,1,256,gates_2,0,40,40,1.0,0.4395604395604395,1.0
digits-35,1,256,gates_4,0,7,7,1.0,0.0769230769230769,1.0
digits-35,1,256,gates_8,0,0,0,,0.0,0.0
digits-35,1,266,gates_1,0,47,46,0.9787234042553192,0.5164835164835165,1.0
digits-35,1,266,gates_2,0,39,39,1.0,0.4285714285714285,1.0
digits-35,1,266,gates_4,0,38,38,1.0,0.4175824175824176,1.0
digits-35,1,266,gates_8,0,20,20,1.0,0.2197802197802197,1.0
digits-35,1,272,gates_1,1,48,33,0.6875,0.5274725274725275,1.0
digits-35,1,272,gates_2,1,41,32,0.7804878048780488,0.4505494505494505,1.0
digits-35,1,272,gates_4,1,30,30,1.0,0.3296703296703296,1.0
digits-35,1,272,gates_8,1,27,27,1.0,0.2967032967032967,1.0
digits-35,1,277,gates_1,0,47,46,0.9787234042553192,0.5164835164835165,1.0
digits-35,1,277,gates_2,0,39,39,1.0,0.4285714285714285,1.0
digits-35,1,277,gates_4,0,15,15,1.0,0.1648351648351648,1.0
digits-35,1,277,gates_8,0,4,4,1.0,0.0439560439560439,1.0
digits-35,1,283,gates_1,1,51,38,0.7450980392156863,0.5604395604395604,1.0
digits-35,1,283,gates_2,1,41,36,0.8780487804878049,0.4505494505494505,1.0
digits-35,1,283,gates_4,1,30,30,1.0,0.3296703296703296,1.0
digits-35,1,283,gates_8,1,27,27,1.0,0.2967032967032967,1.0
digits-35,1,296,gates_1,1,51,38,0.7450980392156863,0.5604395604395604,1.0
digits-35,1,296,gates_2,1,41,36,0.8780487804878049,0.4505494505494505,1.0
digits-35,1,296,gates_4,1,30,30,1.0,0.3296703296703296,1.0
digits-35,1,296,gates_8,1,27,27,1.0,0.2967032967032967,1.0
digits-35,1,340,gates_1,0,47,46,0.9787234042553192,0.5164835164835165,1.0
digits-35,1,340,gates_2,0,39,39,1.0,0.4285714285714285,1.0
digits-35,1,340,gates_4,0,20,20,1.0,0.2197802197802197,1.0
digits-35,1,340,gates_8,0,2,2,1.0,0.0219780219780219,1.0
digits-35,1,349,gates_1,0,47,46,0.9787234042553192,0.5164835164835165,1.0
digits-35,1,349,gates_2,0,39,39,1.0,0.4285714285714285,1.0
digits-35,1,349,gates_4,0,38,38,1.0,0.4175824175824176,1.0
digits-35,1,349,gates_8,0,38,38,1.0,0.4175824175824176,1.0
digits-35,2,3,gates_1,0,40,38,0.95,0.4395604395604395,1.0
digits-35,2,3,gates_2,0,39,38,0.9743589743589745,0.4285714285714285,1.0
digits-35,2,3,gates_4,0,37,37,1.0,0.4065934065934066,1.0
digits-35,2,3,gates_8,0,9,9,1.0,0.0989010989010989,1.0
digits-35,2,27,gates_1,0,40,38,0.95,0.4395604395604395,1.0
digits-35,2,27,gates_2,0,39,38,0.9743589743589745,0.4285714285714285,1.0
digits-35,2,27,gates_4,0,37,37,1.0,0.4065934065934066,1.0
digits-35,2,27,gates_8,0,9,9,1.0,0.0989010989010989,1.0
digits-35,2,28,gates_1,1,44,33,0.75,0.4835164835164835,1.0
digits-35,2,28,gates_2,1,33,31,0.9393939393939394,0.3626373626373626,1.0
digits-35,2,28,gates_4,1,31,31,1.0,0.3406593406593406,1.0
digits-35,2,28,gates_8,1,22,22,1.0,0.2417582417582417,1.0
digits-35,2,37,gates_1,1,44,33,0.75,0.4835164835164835,1.0
digits-35,2,37,gates_2,1,33,31,0.9393939393939394,0.3626373626373626,1.0
digits-35,2,37,gates_4,1,31,31,1.0,0.3406593406593406,1.0
digits-35,2,37,gates_8,1,22,22,1.0,0.2417582417582417,1.0
digits-35,2,69,gates_1,1,44,33,0.75,0.4835164835164835,1.0
digits-35,2,69,gates_2,1,33,31,0.9393939393939394,0.3626373626373626,1.0
digits-35,2,69,gates_4,1,31,31,1.0,0.3406593406593406,1.0
digits-35,2,69,gates_8,1,22,22,1.0,0.2417582417582417,1.0
digits-35,2,92,gates_1,1,44,33,0.75,0.4835164835164835,1.0
digits-35,2,92,gates_2,1,25,22,0.88,0.2747252747252747,1.0
digits-35,2,92,gates_4,1,21,21,1.0,0.2307692307692307,1.0
digits-35,2,92,gates_8,1,15,15,1.0,0.1648351648351648,1.0
digits-35,2,99,gates_1,1,48,5,0.1041666666666666,0.5274725274725275,1.0
digits-35,2,99,gates_2,1,9,3,0.3333333333333333,0.0989010989010989,1.0
digits-35,2,99,gates_4,1,2,2,1.0,0.0219780219780219,1.0
digits-35,2,99,gates_8,1,0,0,,0.0,0.0
digits-35,2,128,gates_1,0,40,38,0.95,0.4395604395604395,1.0
digits-35,2,128,gates_2,0,39,38,0.9743589743589745,0.4285714285714285,1.0
digits-35,2,128,gates_4,0,37,37,1.0,0.4065934065934066,1.0
digits-35,2,128,gates_8,0,23,23,1.0,0.2527472527472527,1.0
digits-35,2,141,gates_1,0,40,38,0.95,0.4395604395604395,1.0
digits-35,2,141,gates_2,0,38,38,1.0,0.4175824175824176,1.0
digits-35,2,141,gates_4,0,37,37,1.0,0.4065934065934066,1.0
digits-35,2,141,gates_8,0,23,23,1.0,0.2527472527472527,1.0
digits-35,2,146,gates_1,0,40,38,0.95,0.4395604395604395,1.0
digits-35,2,146,gates_2,0,39,38,0.9743589743589745,0.4285714285714285,1.0
digits-35,2,146,gates_4,0,37,37,1.0,0.4065934065934066,1.0
digits-35,2,146,gates_8,0,23,23,1.0,0.2527472527472527,1.0
digits-35,2,151,gates_1,1,51,45,0.8823529411764706,0.5604395604395604,1.0
digits-35,2,151,gates_2,1,40,38,0.95,0.4395604395604395,1.0
digits-35,2,151,gates_4,1,0,0,,0.0,0.0
digits-35,2,151,gates_8,1,0,0,,0.0,0.0
digits-35,2,192,gates_1,1,48,32,0.6666666666666666,0.5274725274725275,1.0
digits-35,2,192,gates_2,1,30,27,0.9,0.3296703296703296,1.0
digits-35,2,192,gates_4,1,2,0,0.0,0.0219780219780219,1.0
digits-35,2,192,gates_8,1,0,0,,0.0,0.0
digits-35,2,195,gates_1,1,44,2,0.0454545454545454,0.4835164835164835,1.0
digits-35,2,195,gates_2,1,8,2,0.25,0.0879120879120879,1.0
digits-35,2,195,gates_4,1,0,0,,0.0,0.0
digits-35,2,195,gates_8,1,0,0,,0.0,0.0
digits-35,2,224,gates_1,0,40,38,0.95,0.4395604395604395,1.0
digits-35,2,224,gates_2,0,39,38,0.9743589743589745,0.4285714285714285,1.0
digits-35,2,224,gates_4,0,37,37,1.0,0.4065934065934066,1.0
digits-35,2,224,gates_8,0,0,0,,0.0,0.0
digits-35,2,248,gates_1,1,48,32,0.6666666666666666,0.5274725274725275,1.0
digits-35,2,248,gates_2,1,25,22,0.88,0.2747252747252747,1.0
digits-35,2,248,gates_4,1,21,21,1.0,0.2307692307692307,1.0
digits-35,2,248,gates_8,1,19,19,1.0,0.2087912087912088,1.0
digits-35,2,251,gates_1,0,40,38,0.95,0.4395604395604395,1.0
digits-35,2,251,gates_2,0,38,38,1.0,0.4175824175824176,1.0
digits-35,2,251,gates_4,0,2,2,1.0,0.0219780219780219,1.0
digits-35,2,251,gates_8,0,2,2,1.0,0.0219780219780219,1.0
digits-35,2,271,gates_1,0,40,38,0.95,0.4395604395604395,1.0
digits-35,2,271,gates_2,0,39,38,0.9743589743589745,0.4285714285714285,1.0
digits-35,2,271,gates_4,0,37,37,1.0,0.4065934065934066,1.0
digits-35,2,271,gates_8,0,23,23,1.0,0.2527472527472527,1.0
digits-35,2,315,gates_1,1,48,32,0.6666666666666666,0.5274725274725275,1.0
digits-35,2,315,gates_2,1,25,22,0.88,0.2747252747252747,1.0
digits-35,2,315,gates_4,1,21,21,1.0,0.2307692307692307,1.0
digits-35,2,315,gates_8,1,15,15,1.0,0.1648351648351648,1.0
digits-35,2,316,gates_1,0,40,38,0.95,0.4395604395604395,1.0
digits-35,2,316,gates_2,0,38,38,1.0,0.4175824175824176,1.0
digits-35,2,316,gates_4,0,9,9,1.0,0.0989010989010989,1.0
digits-35,2,316,gates_8,0,0,0,,0.0,0.0
digits-35,3,30,gates_1,1,47,42,0.8936170212765957,0.5164835164835165,1.0
digits-35,3,30,gates_2,1,46,41,0.8913043478260869,0.5054945054945055,1.0
digits-35,3,30,gates_4,1,39,39,1.0,0.4285714285714285,1.0
digits-35,3,30,gates_8,1,3,3,1.0,0.0329670329670329,1.0
digits-35,3,65,gates_1,1,47,42,0.8936170212765957,0.5164835164835165,1.0
digits-35,3,65,gates_2,1,46,42,0.9130434782608696,0.5054945054945055,1.0
digits-35,3,65,gates_4,1,12,12,1.0,0.1318681318681318,1.0
digits-35,3,65,gates_8,1,11,11,1.0,0.1208791208791208,1.0
digits-35,3,86,gates_1,0,45,27,0.6,0.4945054945054945,1.0
digits-35,3,86,gates_2,0,25,22,0.88,0.2747252747252747,1.0
digits-35,3,86,gates_4,0,2,1,0.5,0.0219780219780219,1.0
digits-35,3,86,gates_8,0,0,0,,0.0,0.0
digits-35,3,103,gates_1,0,31,27,0.8709677419354839,0.3406593406593406,1.0
digits-35,3,103,gates_2,0,28,27,0.9642857142857144,0.3076923076923077,1.0
digits-35,3,103,gates_4,0,24,24,1.0,0.2637362637362637,1.0
digits-35,3,103,gates_8,0,14,14,1.0,0.1538461538461538,1.0
digits-35,3,104,gates_1,0,45,27,0.6,0.4945054945054945,1.0
digits-35,3,104,gates_2,0,11,8,0.7272727272727273,0.1208791208791208,1.0
digits-35,3,104,gates_4,0,8,8,1.0,0.0879120879120879,1.0
digits-35,3,104,gates_8,0,1,1,1.0,0.0109890109890109,1.0
digits-35,3,106,gates_1,0,31,27,0.8709677419354839,0.3406593406593406,1.0
digits-35,3,106,gates_2,0,11,8,0.7272727272727273,0.1208791208791208,1.0
digits-35,3,106,gates_4,0,1,1,1.0,0.0109890109890109,1.0
digits-35,3,106,gates_8,0,0,0,,0.0,0.0
digits-35,3,174,gates_1,1,47,42,0.8936170212765957,0.5164835164835165,1.0
digits-35,3,174,gates_2,1,46,42,0.9130434782608696,0.5054945054945055,1.0
digits-35,3,174,gates_4,1,39,39,1.0,0.4285714285714285,1.0
digits-35,3,174,gates_8,1,29,29,1.0,0.3186813186813186,1.0
digits-35,3,190,gates_1,0,45,27,0.6,0.4945054945054945,1.0
digits-35,3,190,gates_2,0,25,22,0.88,0.2747252747252747,1.0
digits-35,3,190,gates_4,0,4,4,1.0,0.0439560439560439,1.0
digits-35,3,190,gates_8,0,1,1,1.0,0.0109890109890109,1.0
digits-35,3,194,gates_1,1,47,42,0.8936170212765957,0.5164835164835165,1.0
digits-35,3,194,gates_2,1,46,42,0.9130434782608696,0.5054945054945055,1.0
digits-35,3,194,gates_4,1,39,39,1.0,0.4285714285714285,1.0
digits-35,3,194,gates_8,1,15,15,1.0,0.1648351648351648,1.0
digits-35,3,205,gates_1,1,47,42,0.8936170212765957,0.5164835164835165,1.0
digits-35,3,205,gates_2,1,46,41,0.8913043478260869,0.5054945054945055,1.0
digits-35,3,205,gates_4,1,39,39,1.0,0.4285714285714285,1.0
digits-35,3,205,gates_8,1,15,15,1.0,0.1648351648351648,1.0
digits-35,3,211,gates_1,1,47,42,0.8936170212765957,0.5164835164835165,1.0
digits-35,3,211,gates_2,1,46,42,0.9130434782608696,0.5054945054945055,1.0
digits-35,3,211,gates_4,1,25,25,1.0,0.2747252747252747,1.0
digits-35,3,211,gates_8,1,24,24,1.0,0.2637362637362637,1.0
digits-35,3,216,gates_1,0,31,27,0.8709677419354839,0.3406593406593406,1.0
digits-35,3,216,gates_2,0,28,27,0.9642857142857144,0.3076923076923077,1.0
digits-35,3,216,gates_4,0,24,24,1.0,0.2637362637362637,1.0
digits-35,3,216,gates_8,0,14,14,1.0,0.1538461538461538,1.0
digits-35,3,232,gates_1,0,45,27,0.6,0.4945054945054945,1.0
digits-35,3,232,gates_2,0,25,22,0.88,0.2747252747252747,1.0
digits-35,3,232,gates_4,0,18,16,0.8888888888888888,0.1978021978021978,1.0
digits-35,3,232,gates_8,0,15,15,1.0,0.1648351648351648,1.0
digits-35,3,282,gates_1,0,47,5,0.1063829787234042,0.5164835164835165,1.0
digits-35,3,282,gates_2,0,2,0,0.0,0.0219780219780219,1.0
digits-35,3,282,gates_4,0,0,0,,0.0,0.0
digits-35,3,282,gates_8,0,0,0,,0.0,0.0
digits-35,3,297,gates_1,0,45,42,0.9333333333333332,0.4945054945054945,1.0
digits-35,3,297,gates_2,0,2,0,0.0,0.0219780219780219,1.0
digits-35,3,297,gates_4,0,2,0,0.0,0.0219780219780219,1.0
digits-35,3,297,gates_8,0,0,0,,0.0,0.0
digits-35,3,305,gates_1,1,47,42,0.8936170212765957,0.5164835164835165,1.0
digits-35,3,305,gates_2,1,46,42,0.9130434782608696,0.5054945054945055,1.0
digits-35,3,305,gates_4,1,12,12,1.0,0.1318681318681318,1.0
digits-35,3,305,gates_8,1,11,11,1.0,0.1208791208791208,1.0
digits-35,3,309,gates_1,1,47,42,0.8936170212765957,0.5164835164835165,1.0
digits-35,3,309,gates_2,1,46,42,0.9130434782608696,0.5054945054945055,1.0
digits-35,3,309,gates_4,1,25,25,1.0,0.2747252747252747,1.0
digits-35,3,309,gates_8,1,3,3,1.0,0.0329670329670329,1.0
digits-35,3,321,gates_1,0,31,27,0.8709677419354839,0.3406593406593406,1.0
digits-35,3,321,gates_2,0,28,27,0.9642857142857144,0.3076923076923077,1.0
digits-35,3,321,gates_4,0,24,24,1.0,0.2637362637362637,1.0
digits-35,3,321,gates_8,0,14,14,1.0,0.1538461538461538,1.0
digits-35,3,358,gates_1,1,47,42,0.8936170212765957,0.5164835164835165,1.0
digits-35,3,358,gates_2,1,46,42,0.9130434782608696,0.5054945054945055,1.0
digits-35,3,358,gates_4,1,39,39,1.0,0.4285714285714285,1.0
digits-35,3,358,gates_8,1,29,29,1.0,0.3186813186813186,1.0
digits-35,4,75,gates_1,0,43,41,0.9534883720930232,0.4725274725274725,1.0
digits-35,4,75,gates_2,0,18,18,1.0,0.1978021978021978,1.0
digits-35,4,75,gates_4,0,14,14,1.0,0.1538461538461538,1.0
digits-35,4,75,gates_8,0,12,12,1.0,0.1318681318681318,1.0
digits-35,4,78,gates_1,1,51,37,0.7254901960784313,0.5604395604395604,1.0
digits-35,4,78,gates_2,1,33,30,0.9090909090909092,0.3626373626373626,1.0
digits-35,4,78,gates_4,1,28,28,1.0,0.3076923076923077,1.0
digits-35,4,78,gates_8,1,21,21,1.0,0.2307692307692307,1.0
digits-35,4,84,gates_1,0,43,41,0.9534883720930232,0.4725274725274725,1.0
digits-35,4,84,gates_2,0,33,33,1.0,0.3626373626373626,1.0
digits-35,4,84,gates_4,0,3,3,1.0,0.0329670329670329,1.0
digits-35,4,84,gates_8,0,3,3,1.0,0.0329670329670329,1.0
digits-35,4,106,gates_1,0,38,35,0.9210526315789472,0.4175824175824176,1.0
digits-35,4,106,gates_2,0,17,16,0.9411764705882352,0.1868131868131868,1.0
digits-35,4,106,gates_4,0,15,15,1.0,0.1648351648351648,1.0
digits-35,4,106,gates_8,0,12,12,1.0,0.1318681318681318,1.0
digits-35,4,125,gates_1,1,51,37,0.7254901960784313,0.5604395604395604,1.0
digits-35,4,125,gates_2,1,44,35,0.7954545454545454,0.4835164835164835,1.0
digits-35,4,125,gates_4,1,28,28,1.0,0.3076923076923077,1.0
digits-35,4,125,gates_8,1,28,28,1.0,0.3076923076923077,1.0
digits-35,4,131,gates_1,1,42,37,0.8809523809523809,0.4615384615384615,1.0
digits-35,4,131,gates_2,1,33,30,0.9090909090909092,0.3626373626373626,1.0
digits-35,4,131,gates_4,1,7,7,1.0,0.0769230769230769,1.0
digits-35,4,131,gates_8,1,4,4,1.0,0.0439560439560439,1.0
digits-35,4,133,gates_1,1,48,44,0.9166666666666666,0.5274725274725275,1.0
digits-35,4,133,gates_2,1,12,11,0.9166666666666666,0.1318681318681318,1.0
digits-35,4,133,gates_4,1,5,5,1.0,0.0549450549450549,1.0
digits-35,4,133,gates_8,1,0,0,,0.0,0.0
digits-35,4,154,gates_1,0,43,41,0.9534883720930232,0.4725274725274725,1.0
digits-35,4,154,gates_2,0,18,18,1.0,0.1978021978021978,1.0
digits-35,4,154,gates_4,0,0,0,,0.0,0.0
digits-35,4,154,gates_8,0,0,0,,0.0,0.0
digits-35,4,156,gates_1,0,43,41,0.9534883720930232,0.4725274725274725,1.0
digits-35,4,156,gates_2,0,18,18,1.0,0.1978021978021978,1.0
digits-35,4,156,gates_4,0,14,14,1.0,0.1538461538461538,1.0
digits-35,4,156,gates_8,0,12,12,1.0,0.1318681318681318,1.0
digits-35,4,177,gates_1,1,51,37,0.7254901960784313,0.5604395604395604,1.0
digits-35,4,177,gates_2,1,33,30,0.9090909090909092,0.3626373626373626,1.0
digits-35,4,177,gates_4,1,30,30,1.0,0.3296703296703296,1.0
digits-35,4,177,gates_8,1,16,16,1.0,0.1758241758241758,1.0
digits-35,4,184,gates_1,0,43,41,0.9534883720930232,0.4725274725274725,1.0
digits-35,4,184,gates_2,0,18,18,1.0,0.1978021978021978,1.0
digits-35,4,184,gates_4,0,14,14,1.0,0.1538461538461538,1.0
digits-35,4,184,gates_8,0,12,12,1.0,0.1318681318681318,1.0
digits-35,4,190,gates_1,0,48,41,0.8541666666666666,0.5274725274725275,1.0
digits-35,4,190,gates_2,0,29,24,0.8275862068965517,0.3186813186813186,1.0
digits-35,4,190,gates_4,0,21,21,1.0,0.2307692307692307,1.0
digits-35,4,190,gates_8,0,2,2,1.0,0.0219780219780219,1.0
digits-35,4,208,gates_1,0,35,24,0.6857142857142857,0.3846153846153846,1.0
digits-35,4,208,gates_2,0,12,1,0.0833333333333333,0.1318681318681318,1.0
digits-35,4,208,gates_4,0,6,1,0.1666666666666666,0.0659340659340659,1.0
digits-35,4,208,gates_8,0,0,0,,0.0,0.0
digits-35,4,236,gates_1,0,43,41,0.9534883720930232,0.4725274725274725,1.0
digits-35,4,236,gates_2,0,18,18,1.0,0.1978021978021978,1.0
digits-35,4,236,gates_4,0,3,3,1.0,0.0329670329670329,1.0
digits-35,4,236,gates_8,0,0,0,,0.0,0.0
digits-35,4,243,gates_1,0,43,41,0.9534883720930232,0.4725274725274725,1.0
digits-35,4,243,gates_2,0,33,33,1.0,0.3626373626373626,1.0
digits-35,4,243,gates_4,0,33,33,1.0,0.3626373626373626,1.0
digits-35,4,243,gates_8,0,23,23,1.0,0.2527472527472527,1.0
digits-35,4,257,gates_1,1,51,37,0.7254901960784313,0.5604395604395604,1.0
digits-35,4,257,gates_2,1,44,35,0.7954545454545454,0.4835164835164835,1.0
digits-35,4,257,gates_4,1,28,28,1.0,0.3076923076923077,1.0
digits-35,4,257,gates_8,1,28,28,1.0,0.3076923076923077,1.0
digits-35,4,339,gates_1,1,51,37,0.7254901960784313,0.5604395604395604,1.0
digits-35,4,339,gates_2,1,40,37,0.925,0.4395604395604395,1.0
digits-35,4,339,gates_4,1,26,25,0.9615384615384616,0.2857142857142857,1.0
digits-35,4,339,gates_8,1,1,0,0.0,0.0109890109890109,1.0
digits-35,4,351,gates_1,1,51,37,0.7254901960784313,0.5604395604395604,1.0
digits-35,4,351,gates_2,1,44,35,0.7954545454545454,0.4835164835164835,1.0
digits-35,4,351,gates_4,1,28,28,1.0,0.3076923076923077,1.0
digits-35,4,351,gates_8,1,21,21,1.0,0.2307692307692307,1.0
digits-35,4,357,gates_1,1,51,37,0.7254901960784313,0.5604395604395604,1.0
digits-35,4,357,gates_2,1,44,35,0.7954545454545454,0.4835164835164835,1.0
digits-35,4,357,gates_4,1,28,28,1.0,0.3076923076923077,1.0
digits-35,4,357,gates_8,1,28,28,1.0,0.3076923076923077,1.0
synthetic_d8,0,23,gates_1,1,29,17,0.5862068965517241,0.232,1.0
synthetic_d8,0,23,gates_2,1,9,2,0.2222222222222222,0.072,1.0
synthetic_d8,0,23,gates_4,1,2,0,0.0,0.016,1.0
synthetic_d8,0,23,gates_8,1,0,0,,0.0,0.0
synthetic_d8,0,28,gates_1,1,57,31,0.543859649122807,0.456,1.0
synthetic_d8,0,28,gates_2,1,42,24,0.5714285714285714,0.336,1.0
synthetic_d8,0,28,gates_4,1,23,17,0.7391304347826086,0.184,1.0
synthetic_d8,0,28,gates_8,1,6,4,0.6666666666666666,0.048,1.0
synthetic_d8,0,39,gates_1,1,64,38,0.59375,0.512,1.0
synthetic_d8,0,39,gates_2,1,36,20,0.5555555555555556,0.288,1.0
synthetic_d8,0,39,gates_4,1,9,4,0.4444444444444444,0.072,1.0
synthetic_d8,0,39,gates_8,1,0,0,,0.0,0.0
synthetic_d8,0,41,gates_1,0,57,45,0.7894736842105263,0.456,1.0
synthetic_d8,0,41,gates_2,0,10,8,0.8,0.08,1.0
synthetic_d8,0,41,gates_4,0,0,0,,0.0,0.0
synthetic_d8,0,41,gates_8,0,0,0,,0.0,0.0
synthetic_d8,0,54,gates_1,0,66,41,0.6212121212121212,0.528,1.0
synthetic_d8,0,54,gates_2,0,31,25,0.8064516129032258,0.248,1.0
synthetic_d8,0,54,gates_4,0,4,4,1.0,0.032,1.0
synthetic_d8,0,54,gates_8,0,4,4,1.0,0.032,1.0
synthetic_d8,0,72,gates_1,0,29,12,0.4137931034482758,0.232,1.0
synthetic_d8,0,72,gates_2,0,9,0,0.0,0.072,1.0
synthetic_d8,0,72,gates_4,0,9,0,0.0,0.072,1.0
synthetic_d8,0,72,gates_8,0,6,0,0.0,0.048,1.0
synthetic_d8,0,94,gates_1,0,66,41,0.6212121212121212,0.528,1.0
synthetic_d8,0,94,gates_2,0,35,16,0.4571428571428571,0.28,1.0
synthetic_d8,0,94,gates_4,0,1,1,1.0,0.008,1.0
synthetic_d8,0,94,gates_8,0,1,1,1.0,0.008,1.0
synthetic_d8,0,102,gates_1,0,57,45,0.7894736842105263,0.456,1.0
synthetic_d8,0,102,gates_2,0,41,33,0.8048780487804879,0.328,1.0
synthetic_d8,0,102,gates_4,0,17,13,0.7647058823529411,0.136,1.0
synthetic_d8,0,102,gates_8,0,5,4,0.8,0.04,1.0
synthetic_d8,0,103,gates_1,0,63,32,0.5079365079365079,0.504,1.0
synthetic_d8,0,103,gates_2,0,38,16,0.4210526315789473,0.304,1.0
synthetic_d8,0,103,gates_4,0,25,8,0.32,0.2,1.0
synthetic_d8,0,103,gates_8,0,8,4,0.5,0.064,1.0
synthetic_d8,0,106,gates_1,1,57,12,0.2105263157894736,0.456,1.0
synthetic_d8,0,106,gates_2,1,41,8,0.1951219512195122,0.328,1.0
synthetic_d8,0,106,gates_4,1,11,0,0.0,0.088,1.0
synthetic_d8,0,106,gates_8,1,6,0,0.0,0.048,1.0
synthetic_d8,0,114,gates_1,1,57,12,0.2105263157894736,0.456,1.0
synthetic_d8,0,114,gates_2,1,10,2,0.2,0.08,1.0
synthetic_d8,0,114,gates_4,1,1,0,0.0,0.008,1.0
synthetic_d8,0,114,gates_8,1,1,0,0.0,0.008,1.0
synthetic_d8,0,199,gates_1,1,66,25,0.3787878787878788,0.528,1.0
synthetic_d8,0,199,gates_2,1,31,6,0.1935483870967742,0.248,1.0
synthetic_d8,0,199,gates_4,1,22,4,0.1818181818181818,0.176,1.0
synthetic_d8,0,199,gates_8,1,2,1,0.5,0.016,1.0
synthetic_d8,0,200,gates_1,1,29,17,0.5862068965517241,0.232,1.0
synthetic_d8,0,200,gates_2,1,26,14,0.5384615384615384,0.208,1.0
synthetic_d8,0,200,gates_4,1,17,13,0.7647058823529411,0.136,1.0
synthetic_d8,0,200,gates_8,1,8,8,1.0,0.064,1.0
synthetic_d8,0,312,gates_1,1,66,25,0.3787878787878788,0.528,1.0
synthetic_d8,0,312,gates_2,1,31,6,0.1935483870967742,0.248,1.0
synthetic_d8,0,312,gates_4,1,10,5,0.5,0.08,1.0
synthetic_d8,0,312,gates_8,1,0,0,,0.0,0.0
synthetic_d8,0,339,gates_1,0,66,41,0.6212121212121212,0.528,1.0
synthetic_d8,0,339,gates_2,0,32,17,0.53125,0.256,1.0
synthetic_d8,0,339,gates_4,0,12,9,0.75,0.096,1.0
synthetic_d8,0,339,gates_8,0,3,3,1.0,0.024,1.0
synthetic_d8,0,348,gates_1,1,66,25,0.3787878787878788,0.528,1.0
synthetic_d8,0,348,gates_2,1,31,6,0.1935483870967742,0.248,1.0
synthetic_d8,0,348,gates_4,1,17,0,0.0,0.136,1.0
synthetic_d8,0,348,gates_8,1,2,0,0.0,0.016,1.0
synthetic_d8,0,378,gates_1,0,66,41,0.6212121212121212,0.528,1.0
synthetic_d8,0,378,gates_2,0,12,9,0.75,0.096,1.0
synthetic_d8,0,378,gates_4,0,6,5,0.8333333333333334,0.048,1.0
synthetic_d8,0,378,gates_8,0,0,0,,0.0,0.0
synthetic_d8,0,421,gates_1,0,66,41,0.6212121212121212,0.528,1.0
synthetic_d8,0,421,gates_2,0,35,16,0.4571428571428571,0.28,1.0
synthetic_d8,0,421,gates_4,0,2,0,0.0,0.016,1.0
synthetic_d8,0,421,gates_8,0,0,0,,0.0,0.0
synthetic_d8,0,425,gates_1,1,57,12,0.2105263157894736,0.456,1.0
synthetic_d8,0,425,gates_2,1,10,2,0.2,0.08,1.0
synthetic_d8,0,425,gates_4,1,2,1,0.5,0.016,1.0
synthetic_d8,0,425,gates_8,1,2,1,0.5,0.016,1.0
synthetic_d8,0,471,gates_1,0,66,41,0.6212121212121212,0.528,1.0
synthetic_d8,0,471,gates_2,0,31,25,0.8064516129032258,0.248,1.0
synthetic_d8,0,471,gates_4,0,6,3,0.5,0.048,1.0
synthetic_d8,0,471,gates_8,0,0,0,,0.0,0.0
synthetic_d8,1,16,gates_1,1,37,20,0.5405405405405406,0.296,1.0
synthetic_d8,1,16,gates_2,1,16,9,0.5625,0.128,1.0
synthetic_d8,1,16,gates_4,1,7,5,0.7142857142857143,0.056,1.0
synthetic_d8,1,16,gates_8,1,0,0,,0.0,0.0
synthetic_d8,1,24,gates_1,0,53,23,0.4339622641509434,0.424,1.0
synthetic_d8,1,24,gates_2,0,22,8,0.3636363636363636,0.176,1.0
synthetic_d8,1,24,gates_4,0,13,6,0.4615384615384615,0.104,1.0
synthetic_d8,1,24,gates_8,0,5,4,0.8,0.04,1.0
synthetic_d8,1,60,gates_1,1,64,40,0.625,0.512,1.0
synthetic_d8,1,60,gates_2,1,34,23,0.6764705882352942,0.272,1.0
synthetic_d8,1,60,gates_4,1,10,4,0.4,0.08,1.0
synthetic_d8,1,60,gates_8,1,1,1,1.0,0.008,1.0
synthetic_d8,1,87,gates_1,1,37,20,0.5405405405405406,0.296,1.0
synthetic_d8,1,87,gates_2,1,16,9,0.5625,0.128,1.0
synthetic_d8,1,87,gates_4,1,7,5,0.7142857142857143,0.056,1.0
synthetic_d8,1,87,gates_8,1,1,1,1.0,0.008,1.0
synthetic_d8,1,90,gates_1,0,53,23,0.4339622641509434,0.424,1.0
synthetic_d8,1,90,gates_2,0,38,18,0.4736842105263157,0.304,1.0
synthetic_d8,1,90,gates_4,0,13,9,0.6923076923076923,0.104,1.0
synthetic_d8,1,90,gates_8,0,1,1,1.0,0.008,1.0
synthetic_d8,1,95,gates_1,0,37,17,0.4594594594594595,0.296,1.0
synthetic_d8,1,95,gates_2,0,2,2,1.0,0.016,1.0
synthetic_d8,1,95,gates_4,0,1,1,1.0,0.008,1.0
synthetic_d8,1,95,gates_8,0,0,0,,0.0,0.0
synthetic_d8,1,96,gates_1,0,63,46,0.7301587301587301,0.504,1.0
synthetic_d8,1,96,gates_2,0,55,42,0.7636363636363637,0.44,1.0
synthetic_d8,1,96,gates_4,0,25,21,0.84,0.2,1.0
synthetic_d8,1,96,gates_8,0,21,21,1.0,0.168,1.0
synthetic_d8,1,124,gates_1,1,37,20,0.5405405405405406,0.296,1.0
synthetic_d8,1,124,gates_2,1,18,12,0.6666666666666666,0.144,1.0
synthetic_d8,1,124,gates_4,1,9,8,0.8888888888888888,0.072,1.0
synthetic_d8,1,124,gates_8,1,4,4,1.0,0.032,1.0
synthetic_d8,1,200,gates_1,1,37,20,0.5405405405405406,0.296,1.0
synthetic_d8,1,200,gates_2,1,15,9,0.6,0.12,1.0
synthetic_d8,1,200,gates_4,1,9,5,0.5555555555555556,0.072,1.0
synthetic_d8,1,200,gates_8,1,5,3,0.6,0.04,1.0
synthetic_d8,1,251,gates_1,0,63,46,0.7301587301587301,0.504,1.0
synthetic_d8,1,251,gates_2,0,55,42,0.7636363636363637,0.44,1.0
synthetic_d8,1,251,gates_4,0,26,19,0.7307692307692307,0.208,1.0
synthetic_d8,1,251,gates_8,0,20,19,0.95,0.16,1.0
synthetic_d8,1,268,gates_1,1,30,20,0.6666666666666666,0.24,1.0
synthetic_d8,1,268,gates_2,1,22,18,0.8181818181818182,0.176,1.0
synthetic_d8,1,268,gates_4,1,7,6,0.8571428571428571,0.056,1.0
synthetic_d8,1,268,gates_8,1,0,0,,0.0,0.0
synthetic_d8,1,303,gates_1,0,37,17,0.4594594594594595,0.296,1.0
synthetic_d8,1,303,gates_2,0,16,7,0.4375,0.128,1.0
synthetic_d8,1,303,gates_4,0,7,4,0.5714285714285714,0.056,1.0
synthetic_d8,1,303,gates_8,0,7,4,0.5714285714285714,0.056,1.0
synthetic_d8,1,324,gates_1,0,64,24,0.375,0.512,1.0
synthetic_d8,1,324,gates_2,0,31,13,0.4193548387096774,0.248,1.0
synthetic_d8,1,324,gates_4,0,16,11,0.6875,0.128,1.0
synthetic_d8,1,324,gates_8,0,8,7,0.875,0.064,1.0
synthetic_d8,1,382,gates_1,1,37,20,0.5405405405405406,0.296,1.0
synthetic_d8,1,382,gates_2,1,16,9,0.5625,0.128,1.0
synthetic_d8,1,382,gates_4,1,7,3,0.4285714285714285,0.056,1.0
synthetic_d8,1,382,gates_8,1,4,1,0.25,0.032,1.0
synthetic_d8,1,389,gates_1,0,37,17,0.4594594594594595,0.296,1.0
synthetic_d8,1,389,gates_2,0,16,7,0.4375,0.128,1.0
synthetic_d8,1,389,gates_4,0,13,6,0.4615384615384615,0.104,1.0
synthetic_d8,1,389,gates_8,0,4,1,0.25,0.032,1.0
synthetic_d8,1,401,gates_1,0,37,17,0.4594594594594595,0.296,1.0
synthetic_d8,1,401,gates_2,0,15,6,0.4,0.12,1.0
synthetic_d8,1,401,gates_4,0,10,4,0.4,0.08,1.0
synthetic_d8,1,401,gates_8,0,2,2,1.0,0.016,1.0
synthetic_d8,1,454,gates_1,0,63,46,0.7301587301587301,0.504,1.0
synthetic_d8,1,454,gates_2,0,55,42,0.7636363636363637,0.44,1.0
synthetic_d8,1,454,gates_4,0,25,21,0.84,0.2,1.0
synthetic_d8,1,454,gates_8,0,21,21,1.0,0.168,1.0
synthetic_d8,1,458,gates_1,1,37,20,0.5405405405405406,0.296,1.0
synthetic_d8,1,458,gates_2,1,29,17,0.5862068965517241,0.232,1.0
synthetic_d8,1,458,gates_4,1,4,4,1.0,0.032,1.0
synthetic_d8,1,458,gates_8,1,1,1,1.0,0.008,1.0
synthetic_d8,1,479,gates_1,0,30,10,0.3333333333333333,0.24,1.0
synthetic_d8,1,479,gates_2,0,6,6,1.0,0.048,1.0
synthetic_d8,1,479,gates_4,0,4,4,1.0,0.032,1.0
synthetic_d8,1,479,gates_8,0,1,1,1.0,0.008,1.0
synthetic_d8,1,498,gates_1,1,64,40,0.625,0.512,1.0
synthetic_d8,1,498,gates_2,1,22,18,0.8181818181818182,0.176,1.0
synthetic_d8,1,498,gates_4,1,8,6,0.75,0.064,1.0
synthetic_d8,1,498,gates_8,1,1,0,0.0,0.008,1.0
synthetic_d8,2,0,gates_1,0,58,36,0.6206896551724138,0.464,1.0
synthetic_d8,2,0,gates_2,0,26,21,0.8076923076923077,0.208,1.0
synthetic_d8,2,0,gates_4,0,10,10,1.0,0.08,1.0
synthetic_d8,2,0,gates_8,0,1,1,1.0,0.008,1.0
synthetic_d8,2,16,gates_1,1,62,32,0.5161290322580645,0.496,1.0
synthetic_d8,2,16,gates_2,1,41,22,0.5365853658536586,0.328,1.0
synthetic_d8,2,16,gates_4,1,15,11,0.7333333333333333,0.12,1.0
synthetic_d8,2,16,gates_8,1,2,2,1.0,0.016,1.0
synthetic_d8,2,39,gates_1,1,50,37,0.74,0.4,1.0
synthetic_d8,2,39,gates_2,1,39,33,0.8461538461538461,0.312,1.0
synthetic_d8,2,39,gates_4,1,6,5,0.8333333333333334,0.048,1.0
synthetic_d8,2,39,gates_8,1,0,0,,0.0,0.0
synthetic_d8,2,40,gates_1,1,50,37,0.74,0.4,1.0
synthetic_d8,2,40,gates_2,1,15,9,0.6,0.12,1.0
synthetic_d8,2,40,gates_4,1,4,2,0.5,0.032,1.0
synthetic_d8,2,40,gates_8,1,3,2,0.6666666666666666,0.024,1.0
synthetic_d8,2,83,gates_1,1,62,32,0.5161290322580645,0.496,1.0
synthetic_d8,2,83,gates_2,1,26,5,0.1923076923076923,0.208,1.0
synthetic_d8,2,83,gates_4,1,14,3,0.2142857142857142,0.112,1.0
synthetic_d8,2,83,gates_8,1,3,0,0.0,0.024,1.0
synthetic_d8,2,95,gates_1,0,84,45,0.5357142857142857,0.672,1.0
synthetic_d8,2,95,gates_2,0,35,32,0.9142857142857144,0.28,1.0
synthetic_d8,2,95,gates_4,0,11,10,0.9090909090909092,0.088,1.0
synthetic_d8,2,95,gates_8,0,7,7,1.0,0.056,1.0
synthetic_d8,2,128,gates_1,1,50,37,0.74,0.4,1.0
synthetic_d8,2,128,gates_2,1,15,9,0.6,0.12,1.0
synthetic_d8,2,128,gates_4,1,4,2,0.5,0.032,1.0
synthetic_d8,2,128,gates_8,1,2,2,1.0,0.016,1.0
synthetic_d8,2,151,gates_1,1,50,22,0.44,0.4,1.0
synthetic_d8,2,151,gates_2,1,41,16,0.3902439024390244,0.328,1.0
synthetic_d8,2,151,gates_4,1,11,2,0.1818181818181818,0.088,1.0
synthetic_d8,2,151,gates_8,1,0,0,,0.0,0.0
synthetic_d8,2,163,gates_1,1,50,37,0.74,0.4,1.0
synthetic_d8,2,163,gates_2,1,39,33,0.8461538461538461,0.312,1.0
synthetic_d8,2,163,gates_4,1,9,9,1.0,0.072,1.0
synthetic_d8,2,163,gates_8,1,5,5,1.0,0.04,1.0
synthetic_d8,2,173,gates_1,0,57,21,0.3684210526315789,0.456,1.0
synthetic_d8,2,173,gates_2,0,11,10,0.9090909090909092,0.088,1.0
synthetic_d8,2,173,gates_4,0,7,6,0.8571428571428571,0.056,1.0
synthetic_d8,2,173,gates_8,0,0,0,,0.0,0.0
synthetic_d8,2,224,gates_1,0,93,48,0.5161290322580645,0.744,1.0
synthetic_d8,2,224,gates_2,0,40,28,0.7,0.32,1.0
synthetic_d8,2,224,gates_4,0,16,16,1.0,0.128,1.0
synthetic_d8,2,224,gates_8,0,15,15,1.0,0.12,1.0
synthetic_d8,2,312,gates_1,1,50,37,0.74,0.4,1.0
synthetic_d8,2,312,gates_2,1,39,33,0.8461538461538461,0.312,1.0
synthetic_d8,2,312,gates_4,1,9,9,1.0,0.072,1.0
synthetic_d8,2,312,gates_8,1,4,4,1.0,0.032,1.0
synthetic_d8,2,363,gates_1,1,50,37,0.74,0.4,1.0
synthetic_d8,2,363,gates_2,1,8,2,0.25,0.064,1.0
synthetic_d8,2,363,gates_4,1,2,2,1.0,0.016,1.0
synthetic_d8,2,363,gates_8,1,1,1,1.0,0.008,1.0
synthetic_d8,2,381,gates_1,1,84,39,0.4642857142857143,0.672,1.0
synthetic_d8,2,381,gates_2,1,35,3,0.0857142857142857,0.28,1.0
synthetic_d8,2,381,gates_4,1,13,0,0.0,0.104,1.0
synthetic_d8,2,381,gates_8,1,7,0,0.0,0.056,1.0
synthetic_d8,2,407,gates_1,0,42,38,0.9047619047619048,0.336,1.0
synthetic_d8,2,407,gates_2,0,35,32,0.9142857142857144,0.28,1.0
synthetic_d8,2,407,gates_4,0,17,17,1.0,0.136,1.0
synthetic_d8,2,407,gates_8,0,9,9,1.0,0.072,1.0
synthetic_d8,2,433,gates_1,0,84,45,0.5357142857142857,0.672,1.0
synthetic_d8,2,433,gates_2,0,35,32,0.9142857142857144,0.28,1.0
synthetic_d8,2,433,gates_4,0,10,8,0.8,0.08,1.0
synthetic_d8,2,433,gates_8,0,0,0,,0.0,0.0
synthetic_d8,2,440,gates_1,0,46,24,0.5217391304347826,0.368,1.0
synthetic_d8,2,440,gates_2,0,23,19,0.8260869565217391,0.184,1.0
synthetic_d8,2,440,gates_4,0,13,11,0.8461538461538461,0.104,1.0
synthetic_d8,2,440,gates_8,0,8,7,0.875,0.064,1.0
synthetic_d8,2,445,gates_1,0,42,38,0.9047619047619048,0.336,1.0
synthetic_d8,2,445,gates_2,0,22,21,0.9545454545454546,0.176,1.0
synthetic_d8,2,445,gates_4,0,5,4,0.8,0.04,1.0
synthetic_d8,2,445,gates_8,0,0,0,,0.0,0.0
synthetic_d8,2,454,gates_1,0,84,45,0.5357142857142857,0.672,1.0
synthetic_d8,2,454,gates_2,0,35,32,0.9142857142857144,0.28,1.0
synthetic_d8,2,454,gates_4,0,9,7,0.7777777777777778,0.072,1.0
synthetic_d8,2,454,gates_8,0,2,2,1.0,0.016,1.0
synthetic_d8,2,489,gates_1,0,57,21,0.3684210526315789,0.456,1.0
synthetic_d8,2,489,gates_2,0,30,13,0.4333333333333333,0.24,1.0
synthetic_d8,2,489,gates_4,0,12,9,0.75,0.096,1.0
synthetic_d8,2,489,gates_8,0,1,0,0.0,0.008,1.0
synthetic_d8,3,0,gates_1,0,65,38,0.5846153846153846,0.52,1.0
synthetic_d8,3,0,gates_2,0,35,28,0.8,0.28,1.0
synthetic_d8,3,0,gates_4,0,16,16,1.0,0.128,1.0
synthetic_d8,3,0,gates_8,0,7,7,1.0,0.056,1.0
synthetic_d8,3,45,gates_1,1,49,36,0.7346938775510204,0.392,1.0
synthetic_d8,3,45,gates_2,1,31,24,0.7741935483870968,0.248,1.0
synthetic_d8,3,45,gates_4,1,10,8,0.8,0.08,1.0
synthetic_d8,3,45,gates_8,1,2,2,1.0,0.016,1.0
synthetic_d8,3,67,gates_1,0,28,11,0.3928571428571428,0.224,1.0
synthetic_d8,3,67,gates_2,0,22,6,0.2727272727272727,0.176,1.0
synthetic_d8,3,67,gates_4,0,0,0,,0.0,0.0
synthetic_d8,3,67,gates_8,0,0,0,,0.0,0.0
synthetic_d8,3,97,gates_1,1,49,36,0.7346938775510204,0.392,1.0
synthetic_d8,3,97,gates_2,1,38,27,0.7105263157894737,0.304,1.0
synthetic_d8,3,97,gates_4,1,11,9,0.8181818181818182,0.088,1.0
synthetic_d8,3,97,gates_8,1,7,7,1.0,0.056,1.0
synthetic_d8,3,128,gates_1,1,65,27,0.4153846153846154,0.52,1.0
synthetic_d8,3,128,gates_2,1,35,7,0.2,0.28,1.0
synthetic_d8,3,128,gates_4,1,2,0,0.0,0.016,1.0
synthetic_d8,3,128,gates_8,1,1,0,0.0,0.008,1.0
synthetic_d8,3,131,gates_1,1,39,8,0.2051282051282051,0.312,1.0
synthetic_d8,3,131,gates_2,1,9,1,0.1111111111111111,0.072,1.0
synthetic_d8,3,131,gates_4,1,4,0,0.0,0.032,1.0
synthetic_d8,3,131,gates_8,1,3,0,0.0,0.024,1.0
synthetic_d8,3,140,gates_1,0,39,31,0.7948717948717948,0.312,1.0
synthetic_d8,3,140,gates_2,0,32,26,0.8125,0.256,1.0
synthetic_d8,3,140,gates_4,0,18,13,0.7222222222222222,0.144,1.0
synthetic_d8,3,140,gates_8,0,6,6,1.0,0.048,1.0
synthetic_d8,3,191,gates_1,1,49,36,0.7346938775510204,0.392,1.0
synthetic_d8,3,191,gates_2,1,31,24,0.7741935483870968,0.248,1.0
synthetic_d8,3,191,gates_4,1,10,9,0.9,0.08,1.0
synthetic_d8,3,191,gates_8,1,3,3,1.0,0.024,1.0
synthetic_d8,3,218,gates_1,1,49,36,0.7346938775510204,0.392,1.0
synthetic_d8,3,218,gates_2,1,22,16,0.7272727272727273,0.176,1.0
synthetic_d8,3,218,gates_4,1,3,1,0.3333333333333333,0.024,1.0
synthetic_d8,3,218,gates_8,1,0,0,,0.0,0.0
synthetic_d8,3,232,gates_1,1,49,36,0.7346938775510204,0.392,1.0
synthetic_d8,3,232,gates_2,1,38,27,0.7105263157894737,0.304,1.0
synthetic_d8,3,232,gates_4,1,6,4,0.6666666666666666,0.048,1.0
synthetic_d8,3,232,gates_8,1,5,4,0.8,0.04,1.0
synthetic_d8,3,276,gates_1,1,65,27,0.4153846153846154,0.52,1.0
synthetic_d8,3,276,gates_2,1,49,18,0.3673469387755102,0.392,1.0
synthetic_d8,3,276,gates_4,1,16,8,0.5,0.128,1.0
synthetic_d8,3,276,gates_8,1,8,6,0.75,0.064,1.0
synthetic_d8,3,278,gates_1,0,39,31,0.7948717948717948,0.312,1.0
synthetic_d8,3,278,gates_2,0,32,26,0.8125,0.256,1.0
synthetic_d8,3,278,gates_4,0,7,7,1.0,0.056,1.0
synthetic_d8,3,278,gates_8,0,7,7,1.0,0.056,1.0
synthetic_d8,3,294,gates_1,0,65,38,0.5846153846153846,0.52,1.0
synthetic_d8,3,294,gates_2,0,29,16,0.5517241379310345,0.232,1.0
synthetic_d8,3,294,gates_4,0,11,10,0.9090909090909092,0.088,1.0
synthetic_d8,3,294,gates_8,0,0,0,,0.0,0.0
synthetic_d8,3,314,gates_1,0,49,13,0.2653061224489796,0.392,1.0
synthetic_d8,3,314,gates_2,0,24,7,0.2916666666666667,0.192,1.0
synthetic_d8,3,314,gates_4,0,5,2,0.4,0.04,1.0
synthetic_d8,3,314,gates_8,0,3,1,0.3333333333333333,0.024,1.0
synthetic_d8,3,354,gates_1,1,65,27,0.4153846153846154,0.52,1.0
synthetic_d8,3,354,gates_2,1,41,12,0.2926829268292683,0.328,1.0
synthetic_d8,3,354,gates_4,1,16,8,0.5,0.128,1.0
synthetic_d8,3,354,gates_8,1,8,6,0.75,0.064,1.0
synthetic_d8,3,359,gates_1,0,66,35,0.5303030303030303,0.528,1.0
synthetic_d8,3,359,gates_2,0,55,32,0.5818181818181818,0.44,1.0
synthetic_d8,3,359,gates_4,0,26,18,0.6923076923076923,0.208,1.0
synthetic_d8,3,359,gates_8,0,5,5,1.0,0.04,1.0
synthetic_d8,3,381,gates_1,0,65,38,0.5846153846153846,0.52,1.0
synthetic_d8,3,381,gates_2,0,35,28,0.8,0.28,1.0
synthetic_d8,3,381,gates_4,0,9,9,1.0,0.072,1.0
synthetic_d8,3,381,gates_8,0,6,6,1.0,0.048,1.0
synthetic_d8,3,394,gates_1,1,49,36,0.7346938775510204,0.392,1.0
synthetic_d8,3,394,gates_2,1,38,27,0.7105263157894737,0.304,1.0
synthetic_d8,3,394,gates_4,1,11,9,0.8181818181818182,0.088,1.0
synthetic_d8,3,394,gates_8,1,1,1,1.0,0.008,1.0
synthetic_d8,3,399,gates_1,1,49,36,0.7346938775510204,0.392,1.0
synthetic_d8,3,399,gates_2,1,22,16,0.7272727272727273,0.176,1.0
synthetic_d8,3,399,gates_4,1,17,12,0.7058823529411765,0.136,1.0
synthetic_d8,3,399,gates_8,1,1,1,1.0,0.008,1.0
synthetic_d8,3,400,gates_1,1,65,27,0.4153846153846154,0.52,1.0
synthetic_d8,3,400,gates_2,1,29,13,0.4482758620689655,0.232,1.0
synthetic_d8,3,400,gates_4,1,12,5,0.4166666666666667,0.096,1.0
synthetic_d8,3,400,gates_8,1,5,5,1.0,0.04,1.0
synthetic_d8,4,24,gates_1,0,54,43,0.7962962962962963,0.432,1.0
synthetic_d8,4,24,gates_2,0,23,14,0.6086956521739131,0.184,1.0
synthetic_d8,4,24,gates_4,0,2,2,1.0,0.016,1.0
synthetic_d8,4,24,gates_8,0,2,2,1.0,0.016,1.0
synthetic_d8,4,35,gates_1,0,54,43,0.7962962962962963,0.432,1.0
synthetic_d8,4,35,gates_2,0,43,36,0.8372093023255814,0.344,1.0
synthetic_d8,4,35,gates_4,0,15,10,0.6666666666666666,0.12,1.0
synthetic_d8,4,35,gates_8,0,1,1,1.0,0.008,1.0
synthetic_d8,4,43,gates_1,0,54,43,0.7962962962962963,0.432,1.0
synthetic_d8,4,43,gates_2,0,29,27,0.9310344827586208,0.232,1.0
synthetic_d8,4,43,gates_4,0,18,18,1.0,0.144,1.0
synthetic_d8,4,43,gates_8,0,2,2,1.0,0.016,1.0
synthetic_d8,4,44,gates_1,1,75,27,0.36,0.6,1.0
synthetic_d8,4,44,gates_2,1,44,20,0.4545454545454545,0.352,1.0
synthetic_d8,4,44,gates_4,1,25,14,0.56,0.2,1.0
synthetic_d8,4,44,gates_8,1,22,14,0.6363636363636364,0.176,1.0
synthetic_d8,4,110,gates_1,1,65,17,0.2615384615384615,0.52,1.0
synthetic_d8,4,110,gates_2,1,41,8,0.1951219512195122,0.328,1.0
synthetic_d8,4,110,gates_4,1,3,2,0.6666666666666666,0.024,1.0
synthetic_d8,4,110,gates_8,1,1,1,1.0,0.008,1.0
synthetic_d8,4,117,gates_1,0,54,43,0.7962962962962963,0.432,1.0
synthetic_d8,4,117,gates_2,0,43,36,0.8372093023255814,0.344,1.0
synthetic_d8,4,117,gates_4,0,13,13,1.0,0.104,1.0
synthetic_d8,4,117,gates_8,0,0,0,,0.0,0.0
synthetic_d8,4,119,gates_1,0,75,48,0.64,0.6,1.0
synthetic_d8,4,119,gates_2,0,36,26,0.7222222222222222,0.288,1.0
synthetic_d8,4,119,gates_4,0,18,9,0.5,0.144,1.0
synthetic_d8,4,119,gates_8,0,2,2,1.0,0.016,1.0
synthetic_d8,4,129,gates_1,0,66,26,0.3939393939393939,0.528,1.0
synthetic_d8,4,129,gates_2,0,43,18,0.4186046511627907,0.344,1.0
synthetic_d8,4,129,gates_4,0,18,9,0.5,0.144,1.0
synthetic_d8,4,129,gates_8,0,1,0,0.0,0.008,1.0
synthetic_d8,4,134,gates_1,1,49,30,0.6122448979591837,0.392,1.0
synthetic_d8,4,134,gates_2,1,29,11,0.3793103448275862,0.232,1.0
synthetic_d8,4,134,gates_4,1,16,9,0.5625,0.128,1.0
synthetic_d8,4,134,gates_8,1,10,5,0.5,0.08,1.0
synthetic_d8,4,182,gates_1,1,75,27,0.36,0.6,1.0
synthetic_d8,4,182,gates_2,1,12,5,0.4166666666666667,0.096,1.0
synthetic_d8,4,182,gates_4,1,6,5,0.8333333333333334,0.048,1.0
synthetic_d8,4,182,gates_8,1,0,0,,0.0,0.0
synthetic_d8,4,191,gates_1,1,54,11,0.2037037037037037,0.432,1.0
synthetic_d8,4,191,gates_2,1,23,7,0.3043478260869565,0.184,1.0
synthetic_d8,4,191,gates_4,1,2,0,0.0,0.016,1.0
synthetic_d8,4,191,gates_8,1,0,0,,0.0,0.0
synthetic_d8,4,247,gates_1,1,49,30,0.6122448979591837,0.392,1.0
synthetic_d8,4,247,gates_2,1,40,30,0.75,0.32,1.0
synthetic_d8,4,247,gates_4,1,16,13,0.8125,0.128,1.0
synthetic_d8,4,247,gates_8,1,4,3,0.75,0.032,1.0
synthetic_d8,4,257,gates_1,1,75,27,0.36,0.6,1.0
synthetic_d8,4,257,gates_2,1,41,8,0.1951219512195122,0.328,1.0
synthetic_d8,4,257,gates_4,1,6,1,0.1666666666666666,0.048,1.0
synthetic_d8,4,257,gates_8,1,2,1,0.5,0.016,1.0
synthetic_d8,4,292,gates_1,1,54,11,0.2037037037037037,0.432,1.0
synthetic_d8,4,292,gates_2,1,27,3,0.1111111111111111,0.216,1.0
synthetic_d8,4,292,gates_4,1,4,1,0.25,0.032,1.0
synthetic_d8,4,292,gates_8,1,2,1,0.5,0.016,1.0
synthetic_d8,4,297,gates_1,1,63,30,0.4761904761904761,0.504,1.0
synthetic_d8,4,297,gates_2,1,37,23,0.6216216216216216,0.296,1.0
synthetic_d8,4,297,gates_4,1,18,9,0.5,0.144,1.0
synthetic_d8,4,297,gates_8,1,10,6,0.6,0.08,1.0
synthetic_d8,4,324,gates_1,0,75,48,0.64,0.6,1.0
synthetic_d8,4,324,gates_2,0,36,26,0.7222222222222222,0.288,1.0
synthetic_d8,4,324,gates_4,0,18,9,0.5,0.144,1.0
synthetic_d8,4,324,gates_8,0,0,0,,0.0,0.0
synthetic_d8,4,326,gates_1,0,54,43,0.7962962962962963,0.432,1.0
synthetic_d8,4,326,gates_2,0,29,27,0.9310344827586208,0.232,1.0
synthetic_d8,4,326,gates_4,0,13,13,1.0,0.104,1.0
synthetic_d8,4,326,gates_8,0,0,0,,0.0,0.0
synthetic_d8,4,350,gates_1,1,54,11,0.2037037037037037,0.432,1.0
synthetic_d8,4,350,gates_2,1,27,3,0.1111111111111111,0.216,1.0
synthetic_d8,4,350,gates_4,1,3,1,0.3333333333333333,0.024,1.0
synthetic_d8,4,350,gates_8,1,3,1,0.3333333333333333,0.024,1.0
synthetic_d8,4,361,gates_1,1,75,27,0.36,0.6,1.0
synthetic_d8,4,361,gates_2,1,44,20,0.4545454545454545,0.352,1.0
synthetic_d8,4,361,gates_4,1,5,2,0.4,0.04,1.0
synthetic_d8,4,361,gates_8,1,2,2,1.0,0.016,1.0
synthetic_d8,4,459,gates_1,0,54,43,0.7962962962962963,0.432,1.0
synthetic_d8,4,459,gates_2,0,22,22,1.0,0.176,1.0
synthetic_d8,4,459,gates_4,0,18,18,1.0,0.144,1.0
synthetic_d8,4,459,gates_8,0,18,18,1.0,0.144,1.0
synthetic_d20,0,1,gates_1,0,85,40,0.4705882352941176,0.425,1.0
synthetic_d20,0,1,gates_2,0,30,18,0.6,0.15,1.0
synthetic_d20,0,1,gates_4,0,16,11,0.6875,0.08,1.0
synthetic_d20,0,1,gates_8,0,12,10,0.8333333333333334,0.06,1.0
synthetic_d20,0,7,gates_1,1,93,33,0.3548387096774194,0.465,1.0
synthetic_d20,0,7,gates_2,1,48,28,0.5833333333333334,0.24,1.0
synthetic_d20,0,7,gates_4,1,10,7,0.7,0.05,1.0
synthetic_d20,0,7,gates_8,1,3,3,1.0,0.015,1.0
synthetic_d20,0,20,gates_1,0,85,40,0.4705882352941176,0.425,1.0
synthetic_d20,0,20,gates_2,0,30,18,0.6,0.15,1.0
synthetic_d20,0,20,gates_4,0,1,0,0.0,0.005,1.0
synthetic_d20,0,20,gates_8,0,0,0,,0.0,0.0
synthetic_d20,0,24,gates_1,0,85,40,0.4705882352941176,0.425,1.0
synthetic_d20,0,24,gates_2,0,20,4,0.2,0.1,1.0
synthetic_d20,0,24,gates_4,0,8,2,0.25,0.04,1.0
synthetic_d20,0,24,gates_8,0,1,1,1.0,0.005,1.0
synthetic_d20,0,32,gates_1,1,101,64,0.6336633663366337,0.505,1.0
synthetic_d20,0,32,gates_2,1,59,46,0.7796610169491526,0.295,1.0
synthetic_d20,0,32,gates_4,1,10,4,0.4,0.05,1.0
synthetic_d20,0,32,gates_8,1,3,3,1.0,0.015,1.0
synthetic_d20,0,61,gates_1,1,85,45,0.5294117647058824,0.425,1.0
synthetic_d20,0,61,gates_2,1,68,34,0.5,0.34,1.0
synthetic_d20,0,61,gates_4,1,1,1,1.0,0.005,1.0
synthetic_d20,0,61,gates_8,1,0,0,,0.0,0.0
synthetic_d20,0,107,gates_1,1,95,57,0.6,0.475,1.0
synthetic_d20,0,107,gates_2,1,56,37,0.6607142857142857,0.28,1.0
synthetic_d20,0,107,gates_4,1,20,15,0.75,0.1,1.0
synthetic_d20,0,107,gates_8,1,4,4,1.0,0.02,1.0
synthetic_d20,0,173,gates_1,0,94,53,0.5638297872340425,0.47,1.0
synthetic_d20,0,173,gates_2,0,47,36,0.7659574468085106,0.235,1.0
synthetic_d20,0,173,gates_4,0,14,8,0.5714285714285714,0.07,1.0
synthetic_d20,0,173,gates_8,0,7,5,0.7142857142857143,0.035,1.0
synthetic_d20,0,192,gates_1,1,101,64,0.6336633663366337,0.505,1.0
synthetic_d20,0,192,gates_2,1,63,47,0.746031746031746,0.315,1.0
synthetic_d20,0,192,gates_4,1,19,16,0.8421052631578947,0.095,1.0
synthetic_d20,0,192,gates_8,1,3,2,0.6666666666666666,0.015,1.0
synthetic_d20,0,410,gates_1,0,94,53,0.5638297872340425,0.47,1.0
synthetic_d20,0,410,gates_2,0,51,30,0.5882352941176471,0.255,1.0
synthetic_d20,0,410,gates_4,0,14,8,0.5714285714285714,0.07,1.0
synthetic_d20,0,410,gates_8,0,1,1,1.0,0.005,1.0
synthetic_d20,0,420,gates_1,0,85,40,0.4705882352941176,0.425,1.0
synthetic_d20,0,420,gates_2,0,44,15,0.3409090909090909,0.22,1.0
synthetic_d20,0,420,gates_4,0,6,4,0.6666666666666666,0.03,1.0
synthetic_d20,0,420,gates_8,0,0,0,,0.0,0.0
synthetic_d20,0,459,gates_1,1,95,57,0.6,0.475,1.0
synthetic_d20,0,459,gates_2,1,56,37,0.6607142857142857,0.28,1.0
synthetic_d20,0,459,gates_4,1,16,12,0.75,0.08,1.0
synthetic_d20,0,459,gates_8,1,3,2,0.6666666666666666,0.015,1.0
synthetic_d20,0,510,gates_1,1,102,72,0.7058823529411765,0.51,1.0
synthetic_d20,0,510,gates_2,1,41,33,0.8048780487804879,0.205,1.0
synthetic_d20,0,510,gates_4,1,19,18,0.9473684210526316,0.095,1.0
synthetic_d20,0,510,gates_8,1,1,1,1.0,0.005,1.0
synthetic_d20,0,524,gates_1,0,85,40,0.4705882352941176,0.425,1.0
synthetic_d20,0,524,gates_2,0,30,18,0.6,0.15,1.0
synthetic_d20,0,524,gates_4,0,6,4,0.6666666666666666,0.03,1.0
synthetic_d20,0,524,gates_8,0,0,0,,0.0,0.0
synthetic_d20,0,607,gates_1,0,94,53,0.5638297872340425,0.47,1.0
synthetic_d20,0,607,gates_2,0,37,23,0.6216216216216216,0.185,1.0
synthetic_d20,0,607,gates_4,0,14,8,0.5714285714285714,0.07,1.0
synthetic_d20,0,607,gates_8,0,0,0,,0.0,0.0
synthetic_d20,0,608,gates_1,0,95,38,0.4,0.475,1.0
synthetic_d20,0,608,gates_2,0,56,19,0.3392857142857143,0.28,1.0
synthetic_d20,0,608,gates_4,0,15,12,0.8,0.075,1.0
synthetic_d20,0,608,gates_8,0,2,1,0.5,0.01,1.0
synthetic_d20,0,623,gates_1,0,93,60,0.6451612903225806,0.465,1.0
synthetic_d20,0,623,gates_2,0,46,30,0.6521739130434783,0.23,1.0
synthetic_d20,0,623,gates_4,0,18,14,0.7777777777777778,0.09,1.0
synthetic_d20,0,623,gates_8,0,1,1,1.0,0.005,1.0
synthetic_d20,0,666,gates_1,1,85,45,0.5294117647058824,0.425,1.0
synthetic_d20,0,666,gates_2,1,44,29,0.6590909090909091,0.22,1.0
synthetic_d20,0,666,gates_4,1,7,7,1.0,0.035,1.0
synthetic_d20,0,666,gates_8,1,0,0,,0.0,0.0
synthetic_d20,0,727,gates_1,1,101,64,0.6336633663366337,0.505,1.0
synthetic_d20,0,727,gates_2,1,63,47,0.746031746031746,0.315,1.0
synthetic_d20,0,727,gates_4,1,19,16,0.8421052631578947,0.095,1.0
synthetic_d20,0,727,gates_8,1,3,3,1.0,0.015,1.0
synthetic_d20,0,729,gates_1,1,85,45,0.5294117647058824,0.425,1.0
synthetic_d20,0,729,gates_2,1,44,29,0.6590909090909091,0.22,1.0
synthetic_d20,0,729,gates_4,1,7,7,1.0,0.035,1.0
synthetic_d20,0,729,gates_8,1,1,1,1.0,0.005,1.0
synthetic_d20,1,56,gates_1,1,93,69,0.7419354838709677,0.465,1.0
synthetic_d20,1,56,gates_2,1,78,59,0.7564102564102564,0.39,1.0
synthetic_d20,1,56,gates_4,1,24,15,0.625,0.12,1.0
synthetic_d20,1,56,gates_8,1,0,0,,0.0,0.0
synthetic_d20,1,226,gates_1,1,92,53,0.5760869565217391,0.46,1.0
synthetic_d20,1,226,gates_2,1,56,35,0.625,0.28,1.0
synthetic_d20,1,226,gates_4,1,18,12,0.6666666666666666,0.09,1.0
synthetic_d20,1,226,gates_8,1,2,0,0.0,0.01,1.0
synthetic_d20,1,241,gates_1,1,93,69,0.7419354838709677,0.465,1.0
synthetic_d20,1,241,gates_2,1,78,59,0.7564102564102564,0.39,1.0
synthetic_d20,1,241,gates_4,1,35,26,0.7428571428571429,0.175,1.0
synthetic_d20,1,241,gates_8,1,6,5,0.8333333333333334,0.03,1.0
synthetic_d20,1,242,gates_1,1,87,44,0.5057471264367817,0.435,1.0
synthetic_d20,1,242,gates_2,1,58,22,0.3793103448275862,0.29,1.0
synthetic_d20,1,242,gates_4,1,24,10,0.4166666666666667,0.12,1.0
synthetic_d20,1,242,gates_8,1,0,0,,0.0,0.0
synthetic_d20,1,254,gates_1,1,132,86,0.6515151515151515,0.66,1.0
synthetic_d20,1,254,gates_2,1,78,59,0.7564102564102564,0.39,1.0
synthetic_d20,1,254,gates_4,1,25,15,0.6,0.125,1.0
synthetic_d20,1,254,gates_8,1,3,2,0.6666666666666666,0.015,1.0
synthetic_d20,1,256,gates_1,0,93,24,0.2580645161290322,0.465,1.0
synthetic_d20,1,256,gates_2,0,54,19,0.3518518518518518,0.27,1.0
synthetic_d20,1,256,gates_4,0,8,1,0.125,0.04,1.0
synthetic_d20,1,256,gates_8,0,1,1,1.0,0.005,1.0
synthetic_d20,1,263,gates_1,0,110,60,0.5454545454545454,0.55,1.0
synthetic_d20,1,263,gates_2,0,36,19,0.5277777777777778,0.18,1.0
synthetic_d20,1,263,gates_4,0,10,3,0.3,0.05,1.0
synthetic_d20,1,263,gates_8,0,3,3,1.0,0.015,1.0
synthetic_d20,1,374,gates_1,0,87,43,0.4942528735632184,0.435,1.0
synthetic_d20,1,374,gates_2,0,46,17,0.3695652173913043,0.23,1.0
synthetic_d20,1,374,gates_4,0,11,6,0.5454545454545454,0.055,1.0
synthetic_d20,1,374,gates_8,0,0,0,,0.0,0.0
synthetic_d20,1,381,gates_1,1,121,79,0.6528925619834711,0.605,1.0
synthetic_d20,1,381,gates_2,1,60,49,0.8166666666666667,0.3,1.0
synthetic_d20,1,381,gates_4,1,9,7,0.7777777777777778,0.045,1.0
synthetic_d20,1,381,gates_8,1,0,0,,0.0,0.0
synthetic_d20,1,393,gates_1,1,132,86,0.6515151515151515,0.66,1.0
synthetic_d20,1,393,gates_2,1,78,54,0.6923076923076923,0.39,1.0
synthetic_d20,1,393,gates_4,1,41,26,0.6341463414634146,0.205,1.0
synthetic_d20,1,393,gates_8,1,2,1,0.5,0.01,1.0
synthetic_d20,1,408,gates_1,1,93,69,0.7419354838709677,0.465,1.0
synthetic_d20,1,408,gates_2,1,78,59,0.7564102564102564,0.39,1.0
synthetic_d20,1,408,gates_4,1,35,26,0.7428571428571429,0.175,1.0
synthetic_d20,1,408,gates_8,1,6,5,0.8333333333333334,0.03,1.0
synthetic_d20,1,417,gates_1,0,87,43,0.4942528735632184,0.435,1.0
synthetic_d20,1,417,gates_2,0,46,17,0.3695652173913043,0.23,1.0
synthetic_d20,1,417,gates_4,0,26,12,0.4615384615384615,0.13,1.0
synthetic_d20,1,417,gates_8,0,2,1,0.5,0.01,1.0
synthetic_d20,1,440,gates_1,1,132,86,0.6515151515151515,0.66,1.0
synthetic_d20,1,440,gates_2,1,78,59,0.7564102564102564,0.39,1.0
synthetic_d20,1,440,gates_4,1,25,15,0.6,0.125,1.0
synthetic_d20,1,440,gates_8,1,0,0,,0.0,0.0
synthetic_d20,1,454,gates_1,0,132,46,0.3484848484848485,0.66,1.0
synthetic_d20,1,454,gates_2,0,59,27,0.4576271186440678,0.295,1.0
synthetic_d20,1,454,gates_4,0,14,8,0.5714285714285714,0.07,1.0
synthetic_d20,1,454,gates_8,0,0,0,,0.0,0.0
synthetic_d20,1,462,gates_1,0,87,43,0.4942528735632184,0.435,1.0
synthetic_d20,1,462,gates_2,0,58,36,0.6206896551724138,0.29,1.0
synthetic_d20,1,462,gates_4,0,12,5,0.4166666666666667,0.06,1.0
synthetic_d20,1,462,gates_8,0,0,0,,0.0,0.0
synthetic_d20,1,466,gates_1,1,93,69,0.7419354838709677,0.465,1.0
synthetic_d20,1,466,gates_2,1,69,56,0.8115942028985508,0.345,1.0
synthetic_d20,1,466,gates_4,1,37,34,0.918918918918919,0.185,1.0
synthetic_d20,1,466,gates_8,1,2,1,0.5,0.01,1.0
synthetic_d20,1,562,gates_1,1,121,79,0.6528925619834711,0.605,1.0
synthetic_d20,1,562,gates_2,1,69,56,0.8115942028985508,0.345,1.0
synthetic_d20,1,562,gates_4,1,20,15,0.75,0.1,1.0
synthetic_d20,1,562,gates_8,1,8,7,0.875,0.04,1.0
synthetic_d20,1,676,gates_1,0,121,42,0.3471074380165289,0.605,1.0
synthetic_d20,1,676,gates_2,0,60,11,0.1833333333333333,0.3,1.0
synthetic_d20,1,676,gates_4,0,16,4,0.25,0.08,1.0
synthetic_d20,1,676,gates_8,0,2,0,0.0,0.01,1.0
synthetic_d20,1,724,gates_1,1,93,69,0.7419354838709677,0.465,1.0
synthetic_d20,1,724,gates_2,1,78,59,0.7564102564102564,0.39,1.0
synthetic_d20,1,724,gates_4,1,48,42,0.875,0.24,1.0
synthetic_d20,1,724,gates_8,1,4,4,1.0,0.02,1.0
synthetic_d20,1,742,gates_1,1,132,86,0.6515151515151515,0.66,1.0
synthetic_d20,1,742,gates_2,1,78,59,0.7564102564102564,0.39,1.0
synthetic_d20,1,742,gates_4,1,48,42,0.875,0.24,1.0
synthetic_d20,1,742,gates_8,1,13,13,1.0,0.065,1.0
synthetic_d20,2,30,gates_1,0,120,75,0.625,0.6,1.0
synthetic_d20,2,30,gates_2,0,62,42,0.6774193548387096,0.31,1.0
synthetic_d20,2,30,gates_4,0,16,9,0.5625,0.08,1.0
synthetic_d20,2,30,gates_8,0,8,7,0.875,0.04,1.0
synthetic_d20,2,180,gates_1,1,120,45,0.375,0.6,1.0
synthetic_d20,2,180,gates_2,1,76,29,0.3815789473684211,0.38,1.0
synthetic_d20,2,180,gates_4,1,19,6,0.3157894736842105,0.095,1.0
synthetic_d20,2,180,gates_8,1,6,2,0.3333333333333333,0.03,1.0
synthetic_d20,2,239,gates_1,1,71,25,0.352112676056338,0.355,1.0
synthetic_d20,2,239,gates_2,1,31,18,0.5806451612903226,0.155,1.0
synthetic_d20,2,239,gates_4,1,2,2,1.0,0.01,1.0
synthetic_d20,2,239,gates_8,1,1,1,1.0,0.005,1.0
synthetic_d20,2,296,gates_1,1,97,53,0.5463917525773195,0.485,1.0
synthetic_d20,2,296,gates_2,1,53,21,0.3962264150943396,0.265,1.0
synthetic_d20,2,296,gates_4,1,13,8,0.6153846153846154,0.065,1.0
synthetic_d20,2,296,gates_8,1,3,2,0.6666666666666666,0.015,1.0
synthetic_d20,2,316,gates_1,0,120,75,0.625,0.6,1.0
synthetic_d20,2,316,gates_2,0,60,27,0.45,0.3,1.0
synthetic_d20,2,316,gates_4,0,25,9,0.36,0.125,1.0
synthetic_d20,2,316,gates_8,0,3,0,0.0,0.015,1.0
synthetic_d20,2,319,gates_1,0,103,67,0.6504854368932039,0.515,1.0
synthetic_d20,2,319,gates_2,0,74,53,0.7162162162162162,0.37,1.0
synthetic_d20,2,319,gates_4,0,14,12,0.8571428571428571,0.07,1.0
synthetic_d20,2,319,gates_8,0,4,2,0.5,0.02,1.0
synthetic_d20,2,380,gates_1,0,92,45,0.4891304347826087,0.46,1.0
synthetic_d20,2,380,gates_2,0,54,31,0.5740740740740741,0.27,1.0
synthetic_d20,2,380,gates_4,0,13,5,0.3846153846153846,0.065,1.0
synthetic_d20,2,380,gates_8,0,0,0,,0.0,0.0
synthetic_d20,2,383,gates_1,1,92,47,0.5108695652173914,0.46,1.0
synthetic_d20,2,383,gates_2,1,26,13,0.5,0.13,1.0
synthetic_d20,2,383,gates_4,1,6,2,0.3333333333333333,0.03,1.0
synthetic_d20,2,383,gates_8,1,0,0,,0.0,0.0
synthetic_d20,2,420,gates_1,0,120,75,0.625,0.6,1.0
synthetic_d20,2,420,gates_2,0,62,42,0.6774193548387096,0.31,1.0
synthetic_d20,2,420,gates_4,0,2,0,0.0,0.01,1.0
synthetic_d20,2,420,gates_8,0,0,0,,0.0,0.0
synthetic_d20,2,460,gates_1,0,103,67,0.6504854368932039,0.515,1.0
synthetic_d20,2,460,gates_2,0,34,27,0.7941176470588235,0.17,1.0
synthetic_d20,2,460,gates_4,0,4,2,0.5,0.02,1.0
synthetic_d20,2,460,gates_8,0,0,0,,0.0,0.0
synthetic_d20,2,475,gates_1,0,120,75,0.625,0.6,1.0
synthetic_d20,2,475,gates_2,0,57,29,0.5087719298245614,0.285,1.0
synthetic_d20,2,475,gates_4,0,30,18,0.6,0.15,1.0
synthetic_d20,2,475,gates_8,0,13,11,0.8461538461538461,0.065,1.0
synthetic_d20,2,490,gates_1,1,120,45,0.375,0.6,1.0
synthetic_d20,2,490,gates_2,1,60,33,0.55,0.3,1.0
synthetic_d20,2,490,gates_4,1,17,9,0.5294117647058824,0.085,1.0
synthetic_d20,2,490,gates_8,1,8,4,0.5,0.04,1.0
synthetic_d20,2,513,gates_1,0,120,75,0.625,0.6,1.0
synthetic_d20,2,513,gates_2,0,62,42,0.6774193548387096,0.31,1.0
synthetic_d20,2,513,gates_4,0,15,6,0.4,0.075,1.0
synthetic_d20,2,513,gates_8,0,3,1,0.3333333333333333,0.015,1.0
synthetic_d20,2,534,gates_1,1,94,60,0.6382978723404256,0.47,1.0
synthetic_d20,2,534,gates_2,1,57,28,0.4912280701754385,0.285,1.0
synthetic_d20,2,534,gates_4,1,17,9,0.5294117647058824,0.085,1.0
synthetic_d20,2,534,gates_8,1,1,1,1.0,0.005,1.0
synthetic_d20,2,649,gates_1,1,71,25,0.352112676056338,0.355,1.0
synthetic_d20,2,649,gates_2,1,27,10,0.3703703703703703,0.135,1.0
synthetic_d20,2,649,gates_4,1,3,0,0.0,0.015,1.0
synthetic_d20,2,649,gates_8,1,1,0,0.0,0.005,1.0
synthetic_d20,2,691,gates_1,1,92,47,0.5108695652173914,0.46,1.0
synthetic_d20,2,691,gates_2,1,63,35,0.5555555555555556,0.315,1.0
synthetic_d20,2,691,gates_4,1,5,3,0.6,0.025,1.0
synthetic_d20,2,691,gates_8,1,0,0,,0.0,0.0
synthetic_d20,2,717,gates_1,0,120,75,0.625,0.6,1.0
synthetic_d20,2,717,gates_2,0,62,42,0.6774193548387096,0.31,1.0
synthetic_d20,2,717,gates_4,0,16,9,0.5625,0.08,1.0
synthetic_d20,2,717,gates_8,0,1,1,1.0,0.005,1.0
synthetic_d20,2,755,gates_1,0,136,86,0.6323529411764706,0.68,1.0
synthetic_d20,2,755,gates_2,0,45,34,0.7555555555555555,0.225,1.0
synthetic_d20,2,755,gates_4,0,12,6,0.5,0.06,1.0
synthetic_d20,2,755,gates_8,0,3,3,1.0,0.015,1.0
synthetic_d20,2,769,gates_1,0,120,75,0.625,0.6,1.0
synthetic_d20,2,769,gates_2,0,56,27,0.4821428571428571,0.28,1.0
synthetic_d20,2,769,gates_4,0,28,12,0.4285714285714285,0.14,1.0
synthetic_d20,2,769,gates_8,0,6,1,0.1666666666666666,0.03,1.0
synthetic_d20,2,785,gates_1,0,92,45,0.4891304347826087,0.46,1.0
synthetic_d20,2,785,gates_2,0,54,31,0.5740740740740741,0.27,1.0
synthetic_d20,2,785,gates_4,0,20,13,0.65,0.1,1.0
synthetic_d20,2,785,gates_8,0,0,0,,0.0,0.0
synthetic_d20,3,88,gates_1,0,97,48,0.4948453608247423,0.485,1.0
synthetic_d20,3,88,gates_2,0,51,10,0.196078431372549,0.255,1.0
synthetic_d20,3,88,gates_4,0,18,2,0.1111111111111111,0.09,1.0
synthetic_d20,3,88,gates_8,0,2,0,0.0,0.01,1.0
synthetic_d20,3,91,gates_1,0,109,29,0.2660550458715596,0.545,1.0
synthetic_d20,3,91,gates_2,0,45,17,0.3777777777777777,0.225,1.0
synthetic_d20,3,91,gates_4,0,16,7,0.4375,0.08,1.0
synthetic_d20,3,91,gates_8,0,5,1,0.2,0.025,1.0
synthetic_d20,3,118,gates_1,1,109,80,0.7339449541284404,0.545,1.0
synthetic_d20,3,118,gates_2,1,68,48,0.7058823529411765,0.34,1.0
synthetic_d20,3,118,gates_4,1,33,28,0.8484848484848485,0.165,1.0
synthetic_d20,3,118,gates_8,1,1,0,0.0,0.005,1.0
synthetic_d20,3,132,gates_1,0,89,59,0.6629213483146067,0.445,1.0
synthetic_d20,3,132,gates_2,0,45,17,0.3777777777777777,0.225,1.0
synthetic_d20,3,132,gates_4,0,17,6,0.3529411764705882,0.085,1.0
synthetic_d20,3,132,gates_8,0,4,2,0.5,0.02,1.0
synthetic_d20,3,157,gates_1,1,97,49,0.5051546391752577,0.485,1.0
synthetic_d20,3,157,gates_2,1,35,14,0.4,0.175,1.0
synthetic_d20,3,157,gates_4,1,10,6,0.6,0.05,1.0
synthetic_d20,3,157,gates_8,1,6,3,0.5,0.03,1.0
synthetic_d20,3,164,gates_1,1,97,49,0.5051546391752577,0.485,1.0
synthetic_d20,3,164,gates_2,1,51,41,0.803921568627451,0.255,1.0
synthetic_d20,3,164,gates_4,1,27,25,0.925925925925926,0.135,1.0
synthetic_d20,3,164,gates_8,1,1,1,1.0,0.005,1.0
synthetic_d20,3,172,gates_1,0,97,48,0.4948453608247423,0.485,1.0
synthetic_d20,3,172,gates_2,0,50,26,0.52,0.25,1.0
synthetic_d20,3,172,gates_4,0,11,5,0.4545454545454545,0.055,1.0
synthetic_d20,3,172,gates_8,0,1,1,1.0,0.005,1.0
synthetic_d20,3,271,gates_1,0,97,48,0.4948453608247423,0.485,1.0
synthetic_d20,3,271,gates_2,0,51,10,0.196078431372549,0.255,1.0
synthetic_d20,3,271,gates_4,0,18,0,0.0,0.09,1.0
synthetic_d20,3,271,gates_8,0,4,0,0.0,0.02,1.0
synthetic_d20,3,341,gates_1,0,97,48,0.4948453608247423,0.485,1.0
synthetic_d20,3,341,gates_2,0,51,10,0.196078431372549,0.255,1.0
synthetic_d20,3,341,gates_4,0,14,1,0.0714285714285714,0.07,1.0
synthetic_d20,3,341,gates_8,0,0,0,,0.0,0.0
synthetic_d20,3,349,gates_1,0,97,48,0.4948453608247423,0.485,1.0
synthetic_d20,3,349,gates_2,0,51,10,0.196078431372549,0.255,1.0
synthetic_d20,3,349,gates_4,0,8,0,0.0,0.04,1.0
synthetic_d20,3,349,gates_8,0,0,0,,0.0,0.0
synthetic_d20,3,376,gates_1,1,109,80,0.7339449541284404,0.545,1.0
synthetic_d20,3,376,gates_2,1,62,49,0.7903225806451613,0.31,1.0
synthetic_d20,3,376,gates_4,1,45,40,0.8888888888888888,0.225,1.0
synthetic_d20,3,376,gates_8,1,11,9,0.8181818181818182,0.055,1.0
synthetic_d20,3,474,gates_1,0,97,48,0.4948453608247423,0.485,1.0
synthetic_d20,3,474,gates_2,0,50,26,0.52,0.25,1.0
synthetic_d20,3,474,gates_4,0,15,9,0.6,0.075,1.0
synthetic_d20,3,474,gates_8,0,1,0,0.0,0.005,1.0
synthetic_d20,3,514,gates_1,1,109,80,0.7339449541284404,0.545,1.0
synthetic_d20,3,514,gates_2,1,61,48,0.7868852459016393,0.305,1.0
synthetic_d20,3,514,gates_4,1,34,27,0.7941176470588235,0.17,1.0
synthetic_d20,3,514,gates_8,1,3,2,0.6666666666666666,0.015,1.0
synthetic_d20,3,521,gates_1,0,89,59,0.6629213483146067,0.445,1.0
synthetic_d20,3,521,gates_2,0,48,34,0.7083333333333334,0.24,1.0
synthetic_d20,3,521,gates_4,0,30,25,0.8333333333333334,0.15,1.0
synthetic_d20,3,521,gates_8,0,4,3,0.75,0.02,1.0
synthetic_d20,3,534,gates_1,1,109,80,0.7339449541284404,0.545,1.0
synthetic_d20,3,534,gates_2,1,45,28,0.6222222222222222,0.225,1.0
synthetic_d20,3,534,gates_4,1,8,7,0.875,0.04,1.0
synthetic_d20,3,534,gates_8,1,0,0,,0.0,0.0
synthetic_d20,3,573,gates_1,0,89,59,0.6629213483146067,0.445,1.0
synthetic_d20,3,573,gates_2,0,48,34,0.7083333333333334,0.24,1.0
synthetic_d20,3,573,gates_4,0,15,8,0.5333333333333333,0.075,1.0
synthetic_d20,3,573,gates_8,0,3,3,1.0,0.015,1.0
synthetic_d20,3,612,gates_1,0,89,59,0.6629213483146067,0.445,1.0
synthetic_d20,3,612,gates_2,0,76,56,0.7368421052631579,0.38,1.0
synthetic_d20,3,612,gates_4,0,25,13,0.52,0.125,1.0
synthetic_d20,3,612,gates_8,0,5,3,0.6,0.025,1.0
synthetic_d20,3,648,gates_1,0,89,59,0.6629213483146067,0.445,1.0
synthetic_d20,3,648,gates_2,0,46,17,0.3695652173913043,0.23,1.0
synthetic_d20,3,648,gates_4,0,25,13,0.52,0.125,1.0
synthetic_d20,3,648,gates_8,0,5,3,0.6,0.025,1.0
synthetic_d20,3,671,gates_1,1,109,80,0.7339449541284404,0.545,1.0
synthetic_d20,3,671,gates_2,1,77,61,0.7922077922077922,0.385,1.0
synthetic_d20,3,671,gates_4,1,30,27,0.9,0.15,1.0
synthetic_d20,3,671,gates_8,1,7,7,1.0,0.035,1.0
synthetic_d20,3,793,gates_1,1,109,80,0.7339449541284404,0.545,1.0
synthetic_d20,3,793,gates_2,1,45,28,0.6222222222222222,0.225,1.0
synthetic_d20,3,793,gates_4,1,8,7,0.875,0.04,1.0
synthetic_d20,3,793,gates_8,1,0,0,,0.0,0.0
synthetic_d20,4,33,gates_1,1,115,66,0.5739130434782609,0.575,1.0
synthetic_d20,4,33,gates_2,1,51,25,0.4901960784313725,0.255,1.0
synthetic_d20,4,33,gates_4,1,4,3,0.75,0.02,1.0
synthetic_d20,4,33,gates_8,1,0,0,,0.0,0.0
synthetic_d20,4,45,gates_1,1,115,66,0.5739130434782609,0.575,1.0
synthetic_d20,4,45,gates_2,1,44,37,0.8409090909090909,0.22,1.0
synthetic_d20,4,45,gates_4,1,17,16,0.9411764705882352,0.085,1.0
synthetic_d20,4,45,gates_8,1,0,0,,0.0,0.0
synthetic_d20,4,47,gates_1,0,103,66,0.6407766990291263,0.515,1.0
synthetic_d20,4,47,gates_2,0,65,50,0.7692307692307693,0.325,1.0
synthetic_d20,4,47,gates_4,0,7,5,0.7142857142857143,0.035,1.0
synthetic_d20,4,47,gates_8,0,2,2,1.0,0.01,1.0
synthetic_d20,4,54,gates_1,0,94,57,0.6063829787234043,0.47,1.0
synthetic_d20,4,54,gates_2,0,44,23,0.5227272727272727,0.22,1.0
synthetic_d20,4,54,gates_4,0,14,8,0.5714285714285714,0.07,1.0
synthetic_d20,4,54,gates_8,0,4,4,1.0,0.02,1.0
synthetic_d20,4,90,gates_1,0,94,57,0.6063829787234043,0.47,1.0
synthetic_d20,4,90,gates_2,0,27,14,0.5185185185185185,0.135,1.0
synthetic_d20,4,90,gates_4,0,8,3,0.375,0.04,1.0
synthetic_d20,4,90,gates_8,0,1,0,0.0,0.005,1.0
synthetic_d20,4,111,gates_1,1,115,66,0.5739130434782609,0.575,1.0
synthetic_d20,4,111,gates_2,1,44,37,0.8409090909090909,0.22,1.0
synthetic_d20,4,111,gates_4,1,10,10,1.0,0.05,1.0
synthetic_d20,4,111,gates_8,1,0,0,,0.0,0.0
synthetic_d20,4,221,gates_1,1,115,66,0.5739130434782609,0.575,1.0
synthetic_d20,4,221,gates_2,1,44,37,0.8409090909090909,0.22,1.0
synthetic_d20,4,221,gates_4,1,10,10,1.0,0.05,1.0
synthetic_d20,4,221,gates_8,1,7,7,1.0,0.035,1.0
synthetic_d20,4,288,gates_1,0,81,27,0.3333333333333333,0.405,1.0
synthetic_d20,4,288,gates_2,0,32,5,0.15625,0.16,1.0
synthetic_d20,4,288,gates_4,0,19,2,0.1052631578947368,0.095,1.0
synthetic_d20,4,288,gates_8,0,2,0,0.0,0.01,1.0
synthetic_d20,4,316,gates_1,0,103,66,0.6407766990291263,0.515,1.0
synthetic_d20,4,316,gates_2,0,57,39,0.6842105263157895,0.285,1.0
synthetic_d20,4,316,gates_4,0,0,0,,0.0,0.0
synthetic_d20,4,316,gates_8,0,0,0,,0.0,0.0
synthetic_d20,4,381,gates_1,1,115,66,0.5739130434782609,0.575,1.0
synthetic_d20,4,381,gates_2,1,53,21,0.3962264150943396,0.265,1.0
synthetic_d20,4,381,gates_4,1,6,4,0.6666666666666666,0.03,1.0
synthetic_d20,4,381,gates_8,1,2,2,1.0,0.01,1.0
synthetic_d20,4,448,gates_1,0,94,57,0.6063829787234043,0.47,1.0
synthetic_d20,4,448,gates_2,0,47,31,0.6595744680851063,0.235,1.0
synthetic_d20,4,448,gates_4,0,3,2,0.6666666666666666,0.015,1.0
synthetic_d20,4,448,gates_8,0,1,0,0.0,0.005,1.0
synthetic_d20,4,452,gates_1,1,94,37,0.3936170212765957,0.47,1.0
synthetic_d20,4,452,gates_2,1,44,20,0.4545454545454545,0.22,1.0
synthetic_d20,4,452,gates_4,1,2,1,0.5,0.01,1.0
synthetic_d20,4,452,gates_8,1,0,0,,0.0,0.0
synthetic_d20,4,485,gates_1,0,115,49,0.4260869565217391,0.575,1.0
synthetic_d20,4,485,gates_2,0,53,32,0.6037735849056604,0.265,1.0
synthetic_d20,4,485,gates_4,0,4,1,0.25,0.02,1.0
synthetic_d20,4,485,gates_8,0,4,1,0.25,0.02,1.0
synthetic_d20,4,489,gates_1,0,103,66,0.6407766990291263,0.515,1.0
synthetic_d20,4,489,gates_2,0,65,50,0.7692307692307693,0.325,1.0
synthetic_d20,4,489,gates_4,0,34,26,0.7647058823529411,0.17,1.0
synthetic_d20,4,489,gates_8,0,10,4,0.4,0.05,1.0
synthetic_d20,4,520,gates_1,1,115,66,0.5739130434782609,0.575,1.0
synthetic_d20,4,520,gates_2,1,53,21,0.3962264150943396,0.265,1.0
synthetic_d20,4,520,gates_4,1,7,3,0.4285714285714285,0.035,1.0
synthetic_d20,4,520,gates_8,1,5,1,0.2,0.025,1.0
synthetic_d20,4,540,gates_1,1,94,37,0.3936170212765957,0.47,1.0
synthetic_d20,4,540,gates_2,1,44,20,0.4545454545454545,0.22,1.0
synthetic_d20,4,540,gates_4,1,20,8,0.4,0.1,1.0
synthetic_d20,4,540,gates_8,1,5,2,0.4,0.025,1.0
synthetic_d20,4,583,gates_1,1,103,37,0.3592233009708738,0.515,1.0
synthetic_d20,4,583,gates_2,1,65,15,0.2307692307692307,0.325,1.0
synthetic_d20,4,583,gates_4,1,12,4,0.3333333333333333,0.06,1.0
synthetic_d20,4,583,gates_8,1,0,0,,0.0,0.0
synthetic_d20,4,598,gates_1,1,115,66,0.5739130434782609,0.575,1.0
synthetic_d20,4,598,gates_2,1,44,37,0.8409090909090909,0.22,1.0
synthetic_d20,4,598,gates_4,1,13,10,0.7692307692307693,0.065,1.0
synthetic_d20,4,598,gates_8,1,3,3,1.0,0.015,1.0
synthetic_d20,4,629,gates_1,1,94,37,0.3936170212765957,0.47,1.0
synthetic_d20,4,629,gates_2,1,44,20,0.4545454545454545,0.22,1.0
synthetic_d20,4,629,gates_4,1,14,7,0.5,0.07,1.0
synthetic_d20,4,629,gates_8,1,2,2,1.0,0.01,1.0
synthetic_d20,4,657,gates_1,1,115,66,0.5739130434782609,0.575,1.0
synthetic_d20,4,657,gates_2,1,61,38,0.6229508196721312,0.305,1.0
synthetic_d20,4,657,gates_4,1,22,17,0.7727272727272727,0.11,1.0
synthetic_d20,4,657,gates_8,1,3,3,1.0,0.015,1.0
synthetic_d50,0,29,gates_1,0,137,77,0.5620437956204379,0.548,1.0
synthetic_d50,0,29,gates_2,0,71,45,0.6338028169014085,0.284,1.0
synthetic_d50,0,29,gates_4,0,27,23,0.8518518518518519,0.108,1.0
synthetic_d50,0,29,gates_8,0,5,3,0.6,0.02,1.0
synthetic_d50,0,37,gates_1,0,116,85,0.7327586206896551,0.464,1.0
synthetic_d50,0,37,gates_2,0,70,53,0.7571428571428571,0.28,1.0
synthetic_d50,0,37,gates_4,0,21,21,1.0,0.084,1.0
synthetic_d50,0,37,gates_8,0,5,5,1.0,0.02,1.0
synthetic_d50,0,82,gates_1,0,137,51,0.3722627737226277,0.548,1.0
synthetic_d50,0,82,gates_2,0,73,32,0.4383561643835616,0.292,1.0
synthetic_d50,0,82,gates_4,0,26,19,0.7307692307692307,0.104,1.0
synthetic_d50,0,82,gates_8,0,6,6,1.0,0.024,1.0
synthetic_d50,0,135,gates_1,1,137,86,0.6277372262773723,0.548,1.0
synthetic_d50,0,135,gates_2,1,90,63,0.7,0.36,1.0
synthetic_d50,0,135,gates_4,1,31,20,0.6451612903225806,0.124,1.0
synthetic_d50,0,135,gates_8,1,1,0,0.0,0.004,1.0
synthetic_d50,0,181,gates_1,0,137,51,0.3722627737226277,0.548,1.0
synthetic_d50,0,181,gates_2,0,72,31,0.4305555555555556,0.288,1.0
synthetic_d50,0,181,gates_4,0,15,9,0.6,0.06,1.0
synthetic_d50,0,181,gates_8,0,3,2,0.6666666666666666,0.012,1.0
synthetic_d50,0,270,gates_1,1,137,86,0.6277372262773723,0.548,1.0
synthetic_d50,0,270,gates_2,1,72,41,0.5694444444444444,0.288,1.0
synthetic_d50,0,270,gates_4,1,35,20,0.5714285714285714,0.14,1.0
synthetic_d50,0,270,gates_8,1,5,0,0.0,0.02,1.0
synthetic_d50,0,278,gates_1,0,137,51,0.3722627737226277,0.548,1.0
synthetic_d50,0,278,gates_2,0,72,31,0.4305555555555556,0.288,1.0
synthetic_d50,0,278,gates_4,0,25,9,0.36,0.1,1.0
synthetic_d50,0,278,gates_8,0,2,1,0.5,0.008,1.0
synthetic_d50,0,313,gates_1,0,140,53,0.3785714285714285,0.56,1.0
synthetic_d50,0,313,gates_2,0,69,36,0.5217391304347826,0.276,1.0
synthetic_d50,0,313,gates_4,0,13,5,0.3846153846153846,0.052,1.0
synthetic_d50,0,313,gates_8,0,0,0,,0.0,0.0
synthetic_d50,0,357,gates_1,0,137,51,0.3722627737226277,0.548,1.0
synthetic_d50,0,357,gates_2,0,90,27,0.3,0.36,1.0
synthetic_d50,0,357,gates_4,0,32,15,0.46875,0.128,1.0
synthetic_d50,0,357,gates_8,0,2,1,0.5,0.008,1.0
synthetic_d50,0,400,gates_1,0,137,77,0.5620437956204379,0.548,1.0
synthetic_d50,0,400,gates_2,0,80,50,0.625,0.32,1.0
synthetic_d50,0,400,gates_4,0,27,23,0.8518518518518519,0.108,1.0
synthetic_d50,0,400,gates_8,0,16,15,0.9375,0.064,1.0
synthetic_d50,0,407,gates_1,1,137,86,0.6277372262773723,0.548,1.0
synthetic_d50,0,407,gates_2,1,66,50,0.7575757575757576,0.264,1.0
synthetic_d50,0,407,gates_4,1,26,23,0.8846153846153846,0.104,1.0
synthetic_d50,0,407,gates_8,1,2,2,1.0,0.008,1.0
synthetic_d50,0,408,gates_1,1,137,86,0.6277372262773723,0.548,1.0
synthetic_d50,0,408,gates_2,1,70,37,0.5285714285714286,0.28,1.0
synthetic_d50,0,408,gates_4,1,18,10,0.5555555555555556,0.072,1.0
synthetic_d50,0,408,gates_8,1,7,2,0.2857142857142857,0.028,1.0
synthetic_d50,0,410,gates_1,0,137,51,0.3722627737226277,0.548,1.0
synthetic_d50,0,410,gates_2,0,90,27,0.3,0.36,1.0
synthetic_d50,0,410,gates_4,0,25,11,0.44,0.1,1.0
synthetic_d50,0,410,gates_8,0,3,3,1.0,0.012,1.0
synthetic_d50,0,464,gates_1,1,137,86,0.6277372262773723,0.548,1.0
synthetic_d50,0,464,gates_2,1,90,63,0.7,0.36,1.0
synthetic_d50,0,464,gates_4,1,40,35,0.875,0.16,1.0
synthetic_d50,0,464,gates_8,1,18,17,0.9444444444444444,0.072,1.0
synthetic_d50,0,495,gates_1,1,137,86,0.6277372262773723,0.548,1.0
synthetic_d50,0,495,gates_2,1,70,37,0.5285714285714286,0.28,1.0
synthetic_d50,0,495,gates_4,1,18,10,0.5555555555555556,0.072,1.0
synthetic_d50,0,495,gates_8,1,2,2,1.0,0.008,1.0
synthetic_d50,0,548,gates_1,1,137,86,0.6277372262773723,0.548,1.0
synthetic_d50,0,548,gates_2,1,90,63,0.7,0.36,1.0
synthetic_d50,0,548,gates_4,1,36,22,0.6111111111111112,0.144,1.0
synthetic_d50,0,548,gates_8,1,8,1,0.125,0.032,1.0
synthetic_d50,0,551,gates_1,0,149,92,0.6174496644295302,0.596,1.0
synthetic_d50,0,551,gates_2,0,74,38,0.5135135135135135,0.296,1.0
synthetic_d50,0,551,gates_4,0,24,17,0.7083333333333334,0.096,1.0
synthetic_d50,0,551,gates_8,0,2,2,1.0,0.008,1.0
synthetic_d50,0,557,gates_1,1,140,87,0.6214285714285714,0.56,1.0
synthetic_d50,0,557,gates_2,1,90,63,0.7,0.36,1.0
synthetic_d50,0,557,gates_4,1,40,35,0.875,0.16,1.0
synthetic_d50,0,557,gates_8,1,8,8,1.0,0.032,1.0
synthetic_d50,0,662,gates_1,1,140,87,0.6214285714285714,0.56,1.0
synthetic_d50,0,662,gates_2,1,90,63,0.7,0.36,1.0
synthetic_d50,0,662,gates_4,1,17,13,0.7647058823529411,0.068,1.0
synthetic_d50,0,662,gates_8,1,1,0,0.0,0.004,1.0
synthetic_d50,0,844,gates_1,1,137,86,0.6277372262773723,0.548,1.0
synthetic_d50,0,844,gates_2,1,70,37,0.5285714285714286,0.28,1.0
synthetic_d50,0,844,gates_4,1,25,14,0.56,0.1,1.0
synthetic_d50,0,844,gates_8,1,0,0,,0.0,0.0
synthetic_d50,1,195,gates_1,1,119,50,0.4201680672268907,0.476,1.0
synthetic_d50,1,195,gates_2,1,56,38,0.6785714285714286,0.224,1.0
synthetic_d50,1,195,gates_4,1,28,18,0.6428571428571429,0.112,1.0
synthetic_d50,1,195,gates_8,1,2,1,0.5,0.008,1.0
synthetic_d50,1,327,gates_1,0,136,83,0.6102941176470589,0.544,1.0
synthetic_d50,1,327,gates_2,0,65,44,0.676923076923077,0.26,1.0
synthetic_d50,1,327,gates_4,0,14,12,0.8571428571428571,0.056,1.0
synthetic_d50,1,327,gates_8,0,1,1,1.0,0.004,1.0
synthetic_d50,1,333,gates_1,0,155,91,0.5870967741935483,0.62,1.0
synthetic_d50,1,333,gates_2,0,69,42,0.6086956521739131,0.276,1.0
synthetic_d50,1,333,gates_4,0,16,12,0.75,0.064,1.0
synthetic_d50,1,333,gates_8,0,7,6,0.8571428571428571,0.028,1.0
synthetic_d50,1,338,gates_1,0,135,49,0.362962962962963,0.54,1.0
synthetic_d50,1,338,gates_2,0,51,21,0.4117647058823529,0.204,1.0
synthetic_d50,1,338,gates_4,0,11,7,0.6363636363636364,0.044,1.0
synthetic_d50,1,338,gates_8,0,3,2,0.6666666666666666,0.012,1.0
synthetic_d50,1,357,gates_1,0,155,91,0.5870967741935483,0.62,1.0
synthetic_d50,1,357,gates_2,0,79,50,0.6329113924050633,0.316,1.0
synthetic_d50,1,357,gates_4,0,10,7,0.7,0.04,1.0
synthetic_d50,1,357,gates_8,0,0,0,,0.0,0.0
synthetic_d50,1,396,gates_1,0,155,91,0.5870967741935483,0.62,1.0
synthetic_d50,1,396,gates_2,0,79,50,0.6329113924050633,0.316,1.0
synthetic_d50,1,396,gates_4,0,22,17,0.7727272727272727,0.088,1.0
synthetic_d50,1,396,gates_8,0,9,8,0.8888888888888888,0.036,1.0
synthetic_d50,1,408,gates_1,1,116,84,0.7241379310344828,0.464,1.0
synthetic_d50,1,408,gates_2,1,56,38,0.6785714285714286,0.224,1.0
synthetic_d50,1,408,gates_4,1,10,6,0.6,0.04,1.0
synthetic_d50,1,408,gates_8,1,1,1,1.0,0.004,1.0
synthetic_d50,1,417,gates_1,1,135,86,0.6370370370370371,0.54,1.0
synthetic_d50,1,417,gates_2,1,74,60,0.8108108108108109,0.296,1.0
synthetic_d50,1,417,gates_4,1,21,16,0.7619047619047619,0.084,1.0
synthetic_d50,1,417,gates_8,1,1,1,1.0,0.004,1.0
synthetic_d50,1,422,gates_1,0,119,69,0.5798319327731093,0.476,1.0
synthetic_d50,1,422,gates_2,0,56,18,0.3214285714285714,0.224,1.0
synthetic_d50,1,422,gates_4,0,28,10,0.3571428571428571,0.112,1.0
synthetic_d50,1,422,gates_8,0,2,1,0.5,0.008,1.0
synthetic_d50,1,434,gates_1,1,149,85,0.5704697986577181,0.596,1.0
synthetic_d50,1,434,gates_2,1,75,54,0.72,0.3,1.0
synthetic_d50,1,434,gates_4,1,29,24,0.8275862068965517,0.116,1.0
synthetic_d50,1,434,gates_8,1,4,4,1.0,0.016,1.0
synthetic_d50,1,446,gates_1,1,149,85,0.5704697986577181,0.596,1.0
synthetic_d50,1,446,gates_2,1,75,54,0.72,0.3,1.0
synthetic_d50,1,446,gates_4,1,45,38,0.8444444444444444,0.18,1.0
synthetic_d50,1,446,gates_8,1,7,6,0.8571428571428571,0.028,1.0
synthetic_d50,1,555,gates_1,1,135,86,0.6370370370370371,0.54,1.0
synthetic_d50,1,555,gates_2,1,74,60,0.8108108108108109,0.296,1.0
synthetic_d50,1,555,gates_4,1,44,37,0.8409090909090909,0.176,1.0
synthetic_d50,1,555,gates_8,1,11,9,0.8181818181818182,0.044,1.0
synthetic_d50,1,577,gates_1,1,135,86,0.6370370370370371,0.54,1.0
synthetic_d50,1,577,gates_2,1,74,50,0.6756756756756757,0.296,1.0
synthetic_d50,1,577,gates_4,1,27,20,0.7407407407407407,0.108,1.0
synthetic_d50,1,577,gates_8,1,4,4,1.0,0.016,1.0
synthetic_d50,1,632,gates_1,1,135,86,0.6370370370370371,0.54,1.0
synthetic_d50,1,632,gates_2,1,74,60,0.8108108108108109,0.296,1.0
synthetic_d50,1,632,gates_4,1,22,18,0.8181818181818182,0.088,1.0
synthetic_d50,1,632,gates_8,1,2,2,1.0,0.008,1.0
synthetic_d50,1,639,gates_1,0,155,91,0.5870967741935483,0.62,1.0
synthetic_d50,1,639,gates_2,0,79,50,0.6329113924050633,0.316,1.0
synthetic_d50,1,639,gates_4,0,30,20,0.6666666666666666,0.12,1.0
synthetic_d50,1,639,gates_8,0,10,9,0.9,0.04,1.0
synthetic_d50,1,678,gates_1,1,135,86,0.6370370370370371,0.54,1.0
synthetic_d50,1,678,gates_2,1,74,50,0.6756756756756757,0.296,1.0
synthetic_d50,1,678,gates_4,1,29,24,0.8275862068965517,0.116,1.0
synthetic_d50,1,678,gates_8,1,13,12,0.9230769230769232,0.052,1.0
synthetic_d50,1,697,gates_1,0,149,64,0.4295302013422818,0.596,1.0
synthetic_d50,1,697,gates_2,0,84,44,0.5238095238095238,0.336,1.0
synthetic_d50,1,697,gates_4,0,30,20,0.6666666666666666,0.12,1.0
synthetic_d50,1,697,gates_8,0,4,3,0.75,0.016,1.0
synthetic_d50,1,863,gates_1,0,155,91,0.5870967741935483,0.62,1.0
synthetic_d50,1,863,gates_2,0,69,42,0.6086956521739131,0.276,1.0
synthetic_d50,1,863,gates_4,0,27,23,0.8518518518518519,0.108,1.0
synthetic_d50,1,863,gates_8,0,3,3,1.0,0.012,1.0
synthetic_d50,1,924,gates_1,1,135,86,0.6370370370370371,0.54,1.0
synthetic_d50,1,924,gates_2,1,74,50,0.6756756756756757,0.296,1.0
synthetic_d50,1,924,gates_4,1,29,24,0.8275862068965517,0.116,1.0
synthetic_d50,1,924,gates_8,1,6,5,0.8333333333333334,0.024,1.0
synthetic_d50,1,942,gates_1,0,155,91,0.5870967741935483,0.62,1.0
synthetic_d50,1,942,gates_2,0,69,42,0.6086956521739131,0.276,1.0
synthetic_d50,1,942,gates_4,0,11,9,0.8181818181818182,0.044,1.0
synthetic_d50,1,942,gates_8,0,0,0,,0.0,0.0
synthetic_d50,2,56,gates_1,0,113,45,0.3982300884955752,0.452,1.0
synthetic_d50,2,56,gates_2,0,49,18,0.3673469387755102,0.196,1.0
synthetic_d50,2,56,gates_4,0,14,8,0.5714285714285714,0.056,1.0
synthetic_d50,2,56,gates_8,0,1,1,1.0,0.004,1.0
synthetic_d50,2,98,gates_1,1,113,68,0.6017699115044248,0.452,1.0
synthetic_d50,2,98,gates_2,1,62,42,0.6774193548387096,0.248,1.0
synthetic_d50,2,98,gates_4,1,8,7,0.875,0.032,1.0
synthetic_d50,2,98,gates_8,1,1,1,1.0,0.004,1.0
synthetic_d50,2,186,gates_1,0,113,45,0.3982300884955752,0.452,1.0
synthetic_d50,2,186,gates_2,0,45,24,0.5333333333333333,0.18,1.0
synthetic_d50,2,186,gates_4,0,9,6,0.6666666666666666,0.036,1.0
synthetic_d50,2,186,gates_8,0,2,1,0.5,0.008,1.0
synthetic_d50,2,306,gates_1,1,132,57,0.4318181818181818,0.528,1.0
synthetic_d50,2,306,gates_2,1,73,28,0.3835616438356164,0.292,1.0
synthetic_d50,2,306,gates_4,1,11,7,0.6363636363636364,0.044,1.0
synthetic_d50,2,306,gates_8,1,0,0,,0.0,0.0
synthetic_d50,2,325,gates_1,1,123,65,0.5284552845528455,0.492,1.0
synthetic_d50,2,325,gates_2,1,49,31,0.6326530612244898,0.196,1.0
synthetic_d50,2,325,gates_4,1,14,12,0.8571428571428571,0.056,1.0
synthetic_d50,2,325,gates_8,1,1,1,1.0,0.004,1.0
synthetic_d50,2,368,gates_1,0,123,58,0.4715447154471545,0.492,1.0
synthetic_d50,2,368,gates_2,0,63,33,0.5238095238095238,0.252,1.0
synthetic_d50,2,368,gates_4,0,20,10,0.5,0.08,1.0
synthetic_d50,2,368,gates_8,0,3,2,0.6666666666666666,0.012,1.0
synthetic_d50,2,389,gates_1,0,123,58,0.4715447154471545,0.492,1.0
synthetic_d50,2,389,gates_2,0,61,32,0.5245901639344263,0.244,1.0
synthetic_d50,2,389,gates_4,0,19,14,0.7368421052631579,0.076,1.0
synthetic_d50,2,389,gates_8,0,2,2,1.0,0.008,1.0
synthetic_d50,2,464,gates_1,1,123,65,0.5284552845528455,0.492,1.0
synthetic_d50,2,464,gates_2,1,49,31,0.6326530612244898,0.196,1.0
synthetic_d50,2,464,gates_4,1,13,10,0.7692307692307693,0.052,1.0
synthetic_d50,2,464,gates_8,1,0,0,,0.0,0.0
synthetic_d50,2,516,gates_1,0,113,45,0.3982300884955752,0.452,1.0
synthetic_d50,2,516,gates_2,0,49,18,0.3673469387755102,0.196,1.0
synthetic_d50,2,516,gates_4,0,14,8,0.5714285714285714,0.056,1.0
synthetic_d50,2,516,gates_8,0,0,0,,0.0,0.0
synthetic_d50,2,517,gates_1,0,113,45,0.3982300884955752,0.452,1.0
synthetic_d50,2,517,gates_2,0,49,18,0.3673469387755102,0.196,1.0
synthetic_d50,2,517,gates_4,0,7,4,0.5714285714285714,0.028,1.0
synthetic_d50,2,517,gates_8,0,0,0,,0.0,0.0
synthetic_d50,2,518,gates_1,1,113,68,0.6017699115044248,0.452,1.0
synthetic_d50,2,518,gates_2,1,49,31,0.6326530612244898,0.196,1.0
synthetic_d50,2,518,gates_4,1,10,7,0.7,0.04,1.0
synthetic_d50,2,518,gates_8,1,1,1,1.0,0.004,1.0
synthetic_d50,2,532,gates_1,0,113,45,0.3982300884955752,0.452,1.0
synthetic_d50,2,532,gates_2,0,53,25,0.4716981132075472,0.212,1.0
synthetic_d50,2,532,gates_4,0,10,4,0.4,0.04,1.0
synthetic_d50,2,532,gates_8,0,2,2,1.0,0.008,1.0
synthetic_d50,2,735,gates_1,0,113,45,0.3982300884955752,0.452,1.0
synthetic_d50,2,735,gates_2,0,58,22,0.3793103448275862,0.232,1.0
synthetic_d50,2,735,gates_4,0,14,10,0.7142857142857143,0.056,1.0
synthetic_d50,2,735,gates_8,0,2,2,1.0,0.008,1.0
synthetic_d50,2,751,gates_1,1,113,68,0.6017699115044248,0.452,1.0
synthetic_d50,2,751,gates_2,1,51,33,0.6470588235294118,0.204,1.0
synthetic_d50,2,751,gates_4,1,19,19,1.0,0.076,1.0
synthetic_d50,2,751,gates_8,1,0,0,,0.0,0.0
synthetic_d50,2,790,gates_1,1,113,68,0.6017699115044248,0.452,1.0
synthetic_d50,2,790,gates_2,1,45,21,0.4666666666666667,0.18,1.0
synthetic_d50,2,790,gates_4,1,17,10,0.5882352941176471,0.068,1.0
synthetic_d50,2,790,gates_8,1,2,2,1.0,0.008,1.0
synthetic_d50,2,797,gates_1,1,113,68,0.6017699115044248,0.452,1.0
synthetic_d50,2,797,gates_2,1,65,48,0.7384615384615385,0.26,1.0
synthetic_d50,2,797,gates_4,1,15,14,0.9333333333333332,0.06,1.0
synthetic_d50,2,797,gates_8,1,2,2,1.0,0.008,1.0
synthetic_d50,2,853,gates_1,0,113,45,0.3982300884955752,0.452,1.0
synthetic_d50,2,853,gates_2,0,49,18,0.3673469387755102,0.196,1.0
synthetic_d50,2,853,gates_4,0,15,10,0.6666666666666666,0.06,1.0
synthetic_d50,2,853,gates_8,0,0,0,,0.0,0.0
synthetic_d50,2,867,gates_1,1,142,90,0.6338028169014085,0.568,1.0
synthetic_d50,2,867,gates_2,1,82,52,0.6341463414634146,0.328,1.0
synthetic_d50,2,867,gates_4,1,16,13,0.8125,0.064,1.0
synthetic_d50,2,867,gates_8,1,1,1,1.0,0.004,1.0
synthetic_d50,2,890,gates_1,0,113,45,0.3982300884955752,0.452,1.0
synthetic_d50,2,890,gates_2,0,52,30,0.5769230769230769,0.208,1.0
synthetic_d50,2,890,gates_4,0,29,24,0.8275862068965517,0.116,1.0
synthetic_d50,2,890,gates_8,0,2,1,0.5,0.008,1.0
synthetic_d50,2,908,gates_1,1,113,68,0.6017699115044248,0.452,1.0
synthetic_d50,2,908,gates_2,1,49,31,0.6326530612244898,0.196,1.0
synthetic_d50,2,908,gates_4,1,14,12,0.8571428571428571,0.056,1.0
synthetic_d50,2,908,gates_8,1,2,2,1.0,0.008,1.0
synthetic_d50,3,6,gates_1,1,119,85,0.7142857142857143,0.476,1.0
synthetic_d50,3,6,gates_2,1,64,49,0.765625,0.256,1.0
synthetic_d50,3,6,gates_4,1,27,22,0.8148148148148148,0.108,1.0
synthetic_d50,3,6,gates_8,1,0,0,,0.0,0.0
synthetic_d50,3,60,gates_1,1,136,82,0.6029411764705882,0.544,1.0
synthetic_d50,3,60,gates_2,1,67,30,0.4477611940298507,0.268,1.0
synthetic_d50,3,60,gates_4,1,15,10,0.6666666666666666,0.06,1.0
synthetic_d50,3,60,gates_8,1,0,0,,0.0,0.0
synthetic_d50,3,129,gates_1,1,134,47,0.3507462686567164,0.536,1.0
synthetic_d50,3,129,gates_2,1,62,33,0.532258064516129,0.248,1.0
synthetic_d50,3,129,gates_4,1,12,5,0.4166666666666667,0.048,1.0
synthetic_d50,3,129,gates_8,1,0,0,,0.0,0.0
synthetic_d50,3,267,gates_1,1,136,82,0.6029411764705882,0.544,1.0
synthetic_d50,3,267,gates_2,1,65,43,0.6615384615384615,0.26,1.0
synthetic_d50,3,267,gates_4,1,9,5,0.5555555555555556,0.036,1.0
synthetic_d50,3,267,gates_8,1,0,0,,0.0,0.0
synthetic_d50,3,296,gates_1,0,126,74,0.5873015873015873,0.504,1.0
synthetic_d50,3,296,gates_2,0,68,44,0.6470588235294118,0.272,1.0
synthetic_d50,3,296,gates_4,0,19,12,0.631578947368421,0.076,1.0
synthetic_d50,3,296,gates_8,0,6,6,1.0,0.024,1.0
synthetic_d50,3,375,gates_1,1,145,61,0.4206896551724138,0.58,1.0
synthetic_d50,3,375,gates_2,1,82,40,0.4878048780487805,0.328,1.0
synthetic_d50,3,375,gates_4,1,32,17,0.53125,0.128,1.0
synthetic_d50,3,375,gates_8,1,1,1,1.0,0.004,1.0
synthetic_d50,3,399,gates_1,0,119,40,0.3361344537815126,0.476,1.0
synthetic_d50,3,399,gates_2,0,81,23,0.2839506172839506,0.324,1.0
synthetic_d50,3,399,gates_4,0,12,3,0.25,0.048,1.0
synthetic_d50,3,399,gates_8,0,0,0,,0.0,0.0
synthetic_d50,3,427,gates_1,1,145,61,0.4206896551724138,0.58,1.0
synthetic_d50,3,427,gates_2,1,70,36,0.5142857142857142,0.28,1.0
synthetic_d50,3,427,gates_4,1,5,2,0.4,0.02,1.0
synthetic_d50,3,427,gates_8,1,0,0,,0.0,0.0
synthetic_d50,3,481,gates_1,1,136,82,0.6029411764705882,0.544,1.0
synthetic_d50,3,481,gates_2,1,78,65,0.8333333333333334,0.312,1.0
synthetic_d50,3,481,gates_4,1,18,14,0.7777777777777778,0.072,1.0
synthetic_d50,3,481,gates_8,1,15,14,0.9333333333333332,0.06,1.0
synthetic_d50,3,523,gates_1,0,105,73,0.6952380952380952,0.42,1.0
synthetic_d50,3,523,gates_2,0,70,55,0.7857142857142857,0.28,1.0
synthetic_d50,3,523,gates_4,0,13,11,0.8461538461538461,0.052,1.0
synthetic_d50,3,523,gates_8,0,6,6,1.0,0.024,1.0
synthetic_d50,3,531,gates_1,1,136,82,0.6029411764705882,0.544,1.0
synthetic_d50,3,531,gates_2,1,81,58,0.7160493827160493,0.324,1.0
synthetic_d50,3,531,gates_4,1,18,14,0.7777777777777778,0.072,1.0
synthetic_d50,3,531,gates_8,1,0,0,,0.0,0.0
synthetic_d50,3,646,gates_1,1,136,82,0.6029411764705882,0.544,1.0
synthetic_d50,3,646,gates_2,1,67,30,0.4477611940298507,0.268,1.0
synthetic_d50,3,646,gates_4,1,13,5,0.3846153846153846,0.052,1.0
synthetic_d50,3,646,gates_8,1,1,1,1.0,0.004,1.0
synthetic_d50,3,649,gates_1,0,136,54,0.3970588235294117,0.544,1.0
synthetic_d50,3,649,gates_2,0,65,30,0.4615384615384615,0.26,1.0
synthetic_d50,3,649,gates_4,0,13,3,0.2307692307692307,0.052,1.0
synthetic_d50,3,649,gates_8,0,0,0,,0.0,0.0
synthetic_d50,3,656,gates_1,1,136,82,0.6029411764705882,0.544,1.0
synthetic_d50,3,656,gates_2,1,78,65,0.8333333333333334,0.312,1.0
synthetic_d50,3,656,gates_4,1,26,23,0.8846153846153846,0.104,1.0
synthetic_d50,3,656,gates_8,1,2,2,1.0,0.008,1.0
synthetic_d50,3,679,gates_1,0,136,54,0.3970588235294117,0.544,1.0
synthetic_d50,3,679,gates_2,0,51,30,0.5882352941176471,0.204,1.0
synthetic_d50,3,679,gates_4,0,17,11,0.6470588235294118,0.068,1.0
synthetic_d50,3,679,gates_8,0,1,1,1.0,0.004,1.0
synthetic_d50,3,713,gates_1,1,135,75,0.5555555555555556,0.54,1.0
synthetic_d50,3,713,gates_2,1,73,53,0.726027397260274,0.292,1.0
synthetic_d50,3,713,gates_4,1,24,22,0.9166666666666666,0.096,1.0
synthetic_d50,3,713,gates_8,1,7,6,0.8571428571428571,0.028,1.0
synthetic_d50,3,731,gates_1,0,119,40,0.3361344537815126,0.476,1.0
synthetic_d50,3,731,gates_2,0,46,15,0.3260869565217391,0.184,1.0
synthetic_d50,3,731,gates_4,0,9,4,0.4444444444444444,0.036,1.0
synthetic_d50,3,731,gates_8,0,0,0,,0.0,0.0
synthetic_d50,3,762,gates_1,0,105,73,0.6952380952380952,0.42,1.0
synthetic_d50,3,762,gates_2,0,70,55,0.7857142857142857,0.28,1.0
synthetic_d50,3,762,gates_4,0,13,11,0.8461538461538461,0.052,1.0
synthetic_d50,3,762,gates_8,0,0,0,,0.0,0.0
synthetic_d50,3,763,gates_1,1,136,82,0.6029411764705882,0.544,1.0
synthetic_d50,3,763,gates_2,1,81,58,0.7160493827160493,0.324,1.0
synthetic_d50,3,763,gates_4,1,26,23,0.8846153846153846,0.104,1.0
synthetic_d50,3,763,gates_8,1,0,0,,0.0,0.0
synthetic_d50,3,893,gates_1,0,145,84,0.5793103448275863,0.58,1.0
synthetic_d50,3,893,gates_2,0,68,44,0.6470588235294118,0.272,1.0
synthetic_d50,3,893,gates_4,0,26,23,0.8846153846153846,0.104,1.0
synthetic_d50,3,893,gates_8,0,4,3,0.75,0.016,1.0
synthetic_d50,4,17,gates_1,1,127,79,0.6220472440944882,0.508,1.0
synthetic_d50,4,17,gates_2,1,66,50,0.7575757575757576,0.264,1.0
synthetic_d50,4,17,gates_4,1,17,14,0.8235294117647058,0.068,1.0
synthetic_d50,4,17,gates_8,1,0,0,,0.0,0.0
synthetic_d50,4,99,gates_1,0,144,91,0.6319444444444444,0.576,1.0
synthetic_d50,4,99,gates_2,0,82,59,0.7195121951219512,0.328,1.0
synthetic_d50,4,99,gates_4,0,25,12,0.48,0.1,1.0
synthetic_d50,4,99,gates_8,0,3,2,0.6666666666666666,0.012,1.0
synthetic_d50,4,129,gates_1,0,119,49,0.4117647058823529,0.476,1.0
synthetic_d50,4,129,gates_2,0,74,34,0.4594594594594595,0.296,1.0
synthetic_d50,4,129,gates_4,0,9,4,0.4444444444444444,0.036,1.0
synthetic_d50,4,129,gates_8,0,1,0,0.0,0.004,1.0
synthetic_d50,4,290,gates_1,0,149,91,0.610738255033557,0.596,1.0
synthetic_d50,4,290,gates_2,0,61,51,0.8360655737704918,0.244,1.0
synthetic_d50,4,290,gates_4,0,18,16,0.8888888888888888,0.072,1.0
synthetic_d50,4,290,gates_8,0,3,2,0.6666666666666666,0.012,1.0
synthetic_d50,4,337,gates_1,0,151,57,0.3774834437086092,0.604,1.0
synthetic_d50,4,337,gates_2,0,78,36,0.4615384615384615,0.312,1.0
synthetic_d50,4,337,gates_4,0,23,18,0.782608695652174,0.092,1.0
synthetic_d50,4,337,gates_8,0,5,3,0.6,0.02,1.0
synthetic_d50,4,354,gates_1,1,118,37,0.3135593220338983,0.472,1.0
synthetic_d50,4,354,gates_2,1,41,15,0.3658536585365853,0.164,1.0
synthetic_d50,4,354,gates_4,1,15,5,0.3333333333333333,0.06,1.0
synthetic_d50,4,354,gates_8,1,2,2,1.0,0.008,1.0
synthetic_d50,4,358,gates_1,0,149,91,0.610738255033557,0.596,1.0
synthetic_d50,4,358,gates_2,0,78,36,0.4615384615384615,0.312,1.0
synthetic_d50,4,358,gates_4,0,22,14,0.6363636363636364,0.088,1.0
synthetic_d50,4,358,gates_8,0,6,4,0.6666666666666666,0.024,1.0
synthetic_d50,4,364,gates_1,1,150,47,0.3133333333333333,0.6,1.0
synthetic_d50,4,364,gates_2,1,82,20,0.2439024390243902,0.328,1.0
synthetic_d50,4,364,gates_4,1,27,12,0.4444444444444444,0.108,1.0
synthetic_d50,4,364,gates_8,1,3,0,0.0,0.012,1.0
synthetic_d50,4,374,gates_1,0,128,83,0.6484375,0.512,1.0
synthetic_d50,4,374,gates_2,0,73,55,0.7534246575342466,0.292,1.0
synthetic_d50,4,374,gates_4,0,11,9,0.8181818181818182,0.044,1.0
synthetic_d50,4,374,gates_8,0,3,2,0.6666666666666666,0.012,1.0
synthetic_d50,4,388,gates_1,0,149,91,0.610738255033557,0.596,1.0
synthetic_d50,4,388,gates_2,0,86,67,0.7790697674418605,0.344,1.0
synthetic_d50,4,388,gates_4,0,32,30,0.9375,0.128,1.0
synthetic_d50,4,388,gates_8,0,3,3,1.0,0.012,1.0
synthetic_d50,4,450,gates_1,1,151,94,0.6225165562913907,0.604,1.0
synthetic_d50,4,450,gates_2,1,69,51,0.7391304347826086,0.276,1.0
synthetic_d50,4,450,gates_4,1,23,15,0.6521739130434783,0.092,1.0
synthetic_d50,4,450,gates_8,1,3,1,0.3333333333333333,0.012,1.0
synthetic_d50,4,543,gates_1,1,119,70,0.5882352941176471,0.476,1.0
synthetic_d50,4,543,gates_2,1,69,51,0.7391304347826086,0.276,1.0
synthetic_d50,4,543,gates_4,1,10,4,0.4,0.04,1.0
synthetic_d50,4,543,gates_8,1,3,3,1.0,0.012,1.0
synthetic_d50,4,621,gates_1,0,128,83,0.6484375,0.512,1.0
synthetic_d50,4,621,gates_2,0,99,72,0.7272727272727273,0.396,1.0
synthetic_d50,4,621,gates_4,0,25,20,0.8,0.1,1.0
synthetic_d50,4,621,gates_8,0,1,1,1.0,0.004,1.0
synthetic_d50,4,723,gates_1,0,150,103,0.6866666666666666,0.6,1.0
synthetic_d50,4,723,gates_2,0,77,41,0.5324675324675324,0.308,1.0
synthetic_d50,4,723,gates_4,0,9,5,0.5555555555555556,0.036,1.0
synthetic_d50,4,723,gates_8,0,0,0,,0.0,0.0
synthetic_d50,4,765,gates_1,0,128,83,0.6484375,0.512,1.0
synthetic_d50,4,765,gates_2,0,99,72,0.7272727272727273,0.396,1.0
synthetic_d50,4,765,gates_4,0,35,32,0.9142857142857144,0.14,1.0
synthetic_d50,4,765,gates_8,0,6,5,0.8333333333333334,0.024,1.0
synthetic_d50,4,810,gates_1,0,151,57,0.3774834437086092,0.604,1.0
synthetic_d50,4,810,gates_2,0,78,36,0.4615384615384615,0.312,1.0
synthetic_d50,4,810,gates_4,0,11,10,0.9090909090909092,0.044,1.0
synthetic_d50,4,810,gates_8,0,1,1,1.0,0.004,1.0
synthetic_d50,4,846,gates_1,1,119,70,0.5882352941176471,0.476,1.0
synthetic_d50,4,846,gates_2,1,58,22,0.3793103448275862,0.232,1.0
synthetic_d50,4,846,gates_4,1,33,15,0.4545454545454545,0.132,1.0
synthetic_d50,4,846,gates_8,1,4,4,1.0,0.016,1.0
synthetic_d50,4,861,gates_1,0,144,91,0.6319444444444444,0.576,1.0
synthetic_d50,4,861,gates_2,0,74,36,0.4864864864864865,0.296,1.0
synthetic_d50,4,861,gates_4,0,26,15,0.5769230769230769,0.104,1.0
synthetic_d50,4,861,gates_8,0,11,0,0.0,0.044,1.0
synthetic_d50,4,874,gates_1,1,144,53,0.3680555555555556,0.576,1.0
synthetic_d50,4,874,gates_2,1,64,34,0.53125,0.256,1.0
synthetic_d50,4,874,gates_4,1,30,23,0.7666666666666667,0.12,1.0
synthetic_d50,4,874,gates_8,1,6,5,0.8333333333333334,0.024,1.0
synthetic_d50,4,947,gates_1,0,128,83,0.6484375,0.512,1.0
synthetic_d50,4,947,gates_2,0,99,72,0.7272727272727273,0.396,1.0
synthetic_d50,4,947,gates_4,0,22,20,0.9090909090909092,0.088,1.0
synthetic_d50,4,947,gates_8,0,2,1,0.5,0.008,1.0
synthetic_lowsep,0,63,gates_1,0,91,39,0.4285714285714285,0.455,1.0
synthetic_lowsep,0,63,gates_2,0,38,27,0.7105263157894737,0.19,1.0
synthetic_lowsep,0,63,gates_4,0,18,12,0.6666666666666666,0.09,1.0
synthetic_lowsep,0,63,gates_8,0,4,3,0.75,0.02,1.0
synthetic_lowsep,0,82,gates_1,1,111,41,0.3693693693693693,0.555,1.0
synthetic_lowsep,0,82,gates_2,1,47,13,0.2765957446808511,0.235,1.0
synthetic_lowsep,0,82,gates_4,1,17,4,0.2352941176470588,0.085,1.0
synthetic_lowsep,0,82,gates_8,1,1,1,1.0,0.005,1.0
synthetic_lowsep,0,217,gates_1,0,91,39,0.4285714285714285,0.455,1.0
synthetic_lowsep,0,217,gates_2,0,43,19,0.4418604651162791,0.215,1.0
synthetic_lowsep,0,217,gates_4,0,12,7,0.5833333333333334,0.06,1.0
synthetic_lowsep,0,217,gates_8,0,1,1,1.0,0.005,1.0
synthetic_lowsep,0,229,gates_1,1,120,61,0.5083333333333333,0.6,1.0
synthetic_lowsep,0,229,gates_2,1,74,42,0.5675675675675675,0.37,1.0
synthetic_lowsep,0,229,gates_4,1,13,2,0.1538461538461538,0.065,1.0
synthetic_lowsep,0,229,gates_8,1,4,1,0.25,0.02,1.0
synthetic_lowsep,0,231,gates_1,1,120,61,0.5083333333333333,0.6,1.0
synthetic_lowsep,0,231,gates_2,1,74,42,0.5675675675675675,0.37,1.0
synthetic_lowsep,0,231,gates_4,1,20,13,0.65,0.1,1.0
synthetic_lowsep,0,231,gates_8,1,6,4,0.6666666666666666,0.03,1.0
synthetic_lowsep,0,262,gates_1,1,111,41,0.3693693693693693,0.555,1.0
synthetic_lowsep,0,262,gates_2,1,38,11,0.2894736842105263,0.19,1.0
synthetic_lowsep,0,262,gates_4,1,17,4,0.2352941176470588,0.085,1.0
synthetic_lowsep,0,262,gates_8,1,1,1,1.0,0.005,1.0
synthetic_lowsep,0,273,gates_1,1,111,41,0.3693693693693693,0.555,1.0
synthetic_lowsep,0,273,gates_2,1,68,27,0.3970588235294117,0.34,1.0
synthetic_lowsep,0,273,gates_4,1,25,14,0.56,0.125,1.0
synthetic_lowsep,0,273,gates_8,1,6,3,0.5,0.03,1.0
synthetic_lowsep,0,293,gates_1,0,110,64,0.5818181818181818,0.55,1.0
synthetic_lowsep,0,293,gates_2,0,63,46,0.7301587301587301,0.315,1.0
synthetic_lowsep,0,293,gates_4,0,13,4,0.3076923076923077,0.065,1.0
synthetic_lowsep,0,293,gates_8,0,2,1,0.5,0.01,1.0
synthetic_lowsep,0,339,gates_1,1,111,41,0.3693693693693693,0.555,1.0
synthetic_lowsep,0,339,gates_2,1,47,13,0.2765957446808511,0.235,1.0
synthetic_lowsep,0,339,gates_4,1,19,3,0.1578947368421052,0.095,1.0
synthetic_lowsep,0,339,gates_8,1,3,0,0.0,0.015,1.0
synthetic_lowsep,0,343,gates_1,0,111,70,0.6306306306306306,0.555,1.0
synthetic_lowsep,0,343,gates_2,0,68,41,0.6029411764705882,0.34,1.0
synthetic_lowsep,0,343,gates_4,0,23,13,0.5652173913043478,0.115,1.0
synthetic_lowsep,0,343,gates_8,0,2,1,0.5,0.01,1.0
synthetic_lowsep,0,380,gates_1,1,91,52,0.5714285714285714,0.455,1.0
synthetic_lowsep,0,380,gates_2,1,44,23,0.5227272727272727,0.22,1.0
synthetic_lowsep,0,380,gates_4,1,18,13,0.7222222222222222,0.09,1.0
synthetic_lowsep,0,380,gates_8,1,1,1,1.0,0.005,1.0
synthetic_lowsep,0,419,gates_1,1,120,61,0.5083333333333333,0.6,1.0
synthetic_lowsep,0,419,gates_2,1,82,45,0.5487804878048781,0.41,1.0
synthetic_lowsep,0,419,gates_4,1,10,4,0.4,0.05,1.0
synthetic_lowsep,0,419,gates_8,1,1,1,1.0,0.005,1.0
synthetic_lowsep,0,503,gates_1,1,91,52,0.5714285714285714,0.455,1.0
synthetic_lowsep,0,503,gates_2,1,59,40,0.6779661016949152,0.295,1.0
synthetic_lowsep,0,503,gates_4,1,21,19,0.9047619047619048,0.105,1.0
synthetic_lowsep,0,503,gates_8,1,9,9,1.0,0.045,1.0
synthetic_lowsep,0,547,gates_1,0,120,59,0.4916666666666666,0.6,1.0
synthetic_lowsep,0,547,gates_2,0,68,41,0.6029411764705882,0.34,1.0
synthetic_lowsep,0,547,gates_4,0,22,10,0.4545454545454545,0.11,1.0
synthetic_lowsep,0,547,gates_8,0,4,0,0.0,0.02,1.0
synthetic_lowsep,0,563,gates_1,1,111,41,0.3693693693693693,0.555,1.0
synthetic_lowsep,0,563,gates_2,1,68,27,0.3970588235294117,0.34,1.0
synthetic_lowsep,0,563,gates_4,1,17,4,0.2352941176470588,0.085,1.0
synthetic_lowsep,0,563,gates_8,1,8,2,0.25,0.04,1.0
synthetic_lowsep,0,619,gates_1,1,111,41,0.3693693693693693,0.555,1.0
synthetic_lowsep,0,619,gates_2,1,68,27,0.3970588235294117,0.34,1.0
synthetic_lowsep,0,619,gates_4,1,33,14,0.4242424242424242,0.165,1.0
synthetic_lowsep,0,619,gates_8,1,4,3,0.75,0.02,1.0
synthetic_lowsep,0,639,gates_1,0,91,39,0.4285714285714285,0.455,1.0
synthetic_lowsep,0,639,gates_2,0,65,27,0.4153846153846154,0.325,1.0
synthetic_lowsep,0,639,gates_4,0,23,10,0.4347826086956521,0.115,1.0
synthetic_lowsep,0,639,gates_8,0,1,1,1.0,0.005,1.0
synthetic_lowsep,0,641,gates_1,0,111,70,0.6306306306306306,0.555,1.0
synthetic_lowsep,0,641,gates_2,0,60,36,0.6,0.3,1.0
synthetic_lowsep,0,641,gates_4,0,18,9,0.5,0.09,1.0
synthetic_lowsep,0,641,gates_8,0,1,0,0.0,0.005,1.0
synthetic_lowsep,0,667,gates_1,0,120,59,0.4916666666666666,0.6,1.0
synthetic_lowsep,0,667,gates_2,0,68,41,0.6029411764705882,0.34,1.0
synthetic_lowsep,0,667,gates_4,0,25,14,0.56,0.125,1.0
synthetic_lowsep,0,667,gates_8,0,1,1,1.0,0.005,1.0
synthetic_lowsep,0,726,gates_1,0,111,70,0.6306306306306306,0.555,1.0
synthetic_lowsep,0,726,gates_2,0,47,34,0.723404255319149,0.235,1.0
synthetic_lowsep,0,726,gates_4,0,17,15,0.8823529411764706,0.085,1.0
synthetic_lowsep,0,726,gates_8,0,5,5,1.0,0.025,1.0
synthetic_lowsep,1,86,gates_1,0,110,53,0.4818181818181818,0.55,1.0
synthetic_lowsep,1,86,gates_2,0,30,14,0.4666666666666667,0.15,1.0
synthetic_lowsep,1,86,gates_4,0,12,3,0.25,0.06,1.0
synthetic_lowsep,1,86,gates_8,0,1,0,0.0,0.005,1.0
synthetic_lowsep,1,106,gates_1,1,93,40,0.4301075268817204,0.465,1.0
synthetic_lowsep,1,106,gates_2,1,59,31,0.5254237288135594,0.295,1.0
synthetic_lowsep,1,106,gates_4,1,23,11,0.4782608695652174,0.115,1.0
synthetic_lowsep,1,106,gates_8,1,2,2,1.0,0.01,1.0
synthetic_lowsep,1,123,gates_1,0,120,52,0.4333333333333333,0.6,1.0
synthetic_lowsep,1,123,gates_2,0,77,24,0.3116883116883117,0.385,1.0
synthetic_lowsep,1,123,gates_4,0,27,14,0.5185185185185185,0.135,1.0
synthetic_lowsep,1,123,gates_8,0,2,1,0.5,0.01,1.0
synthetic_lowsep,1,133,gates_1,1,93,40,0.4301075268817204,0.465,1.0
synthetic_lowsep,1,133,gates_2,1,59,31,0.5254237288135594,0.295,1.0
synthetic_lowsep,1,133,gates_4,1,14,4,0.2857142857142857,0.07,1.0
synthetic_lowsep,1,133,gates_8,1,1,1,1.0,0.005,1.0
synthetic_lowsep,1,197,gates_1,0,154,69,0.448051948051948,0.77,1.0
synthetic_lowsep,1,197,gates_2,0,55,29,0.5272727272727272,0.275,1.0
synthetic_lowsep,1,197,gates_4,0,13,11,0.8461538461538461,0.065,1.0
synthetic_lowsep,1,197,gates_8,0,5,5,1.0,0.025,1.0
synthetic_lowsep,1,204,gates_1,1,135,78,0.5777777777777777,0.675,1.0
synthetic_lowsep,1,204,gates_2,1,104,64,0.6153846153846154,0.52,1.0
synthetic_lowsep,1,204,gates_4,1,31,24,0.7741935483870968,0.155,1.0
synthetic_lowsep,1,204,gates_8,1,1,1,1.0,0.005,1.0
synthetic_lowsep,1,255,gates_1,0,154,69,0.448051948051948,0.77,1.0
synthetic_lowsep,1,255,gates_2,0,72,39,0.5416666666666666,0.36,1.0
synthetic_lowsep,1,255,gates_4,0,15,10,0.6666666666666666,0.075,1.0
synthetic_lowsep,1,255,gates_8,0,0,0,,0.0,0.0
synthetic_lowsep,1,309,gates_1,1,154,85,0.551948051948052,0.77,1.0
synthetic_lowsep,1,309,gates_2,1,96,60,0.625,0.48,1.0
synthetic_lowsep,1,309,gates_4,1,37,23,0.6216216216216216,0.185,1.0
synthetic_lowsep,1,309,gates_8,1,4,3,0.75,0.02,1.0
synthetic_lowsep,1,332,gates_1,1,67,42,0.6268656716417911,0.335,1.0
synthetic_lowsep,1,332,gates_2,1,53,36,0.6792452830188679,0.265,1.0
synthetic_lowsep,1,332,gates_4,1,22,15,0.6818181818181818,0.11,1.0
synthetic_lowsep,1,332,gates_8,1,7,6,0.8571428571428571,0.035,1.0
synthetic_lowsep,1,479,gates_1,1,135,78,0.5777777777777777,0.675,1.0
synthetic_lowsep,1,479,gates_2,1,69,34,0.4927536231884058,0.345,1.0
synthetic_lowsep,1,479,gates_4,1,20,13,0.65,0.1,1.0
synthetic_lowsep,1,479,gates_8,1,4,3,0.75,0.02,1.0
synthetic_lowsep,1,500,gates_1,0,67,25,0.373134328358209,0.335,1.0
synthetic_lowsep,1,500,gates_2,0,42,13,0.3095238095238095,0.21,1.0
synthetic_lowsep,1,500,gates_4,0,17,9,0.5294117647058824,0.085,1.0
synthetic_lowsep,1,500,gates_8,0,4,4,1.0,0.02,1.0
synthetic_lowsep,1,506,gates_1,1,135,78,0.5777777777777777,0.675,1.0
synthetic_lowsep,1,506,gates_2,1,59,31,0.5254237288135594,0.295,1.0
synthetic_lowsep,1,506,gates_4,1,14,4,0.2857142857142857,0.07,1.0
synthetic_lowsep,1,506,gates_8,1,2,2,1.0,0.01,1.0
synthetic_lowsep,1,527,gates_1,1,67,42,0.6268656716417911,0.335,1.0
synthetic_lowsep,1,527,gates_2,1,53,36,0.6792452830188679,0.265,1.0
synthetic_lowsep,1,527,gates_4,1,17,10,0.5882352941176471,0.085,1.0
synthetic_lowsep,1,527,gates_8,1,2,2,1.0,0.01,1.0
synthetic_lowsep,1,529,gates_1,1,110,57,0.5181818181818182,0.55,1.0
synthetic_lowsep,1,529,gates_2,1,87,47,0.5402298850574713,0.435,1.0
synthetic_lowsep,1,529,gates_4,1,23,17,0.7391304347826086,0.115,1.0
synthetic_lowsep,1,529,gates_8,1,1,1,1.0,0.005,1.0
synthetic_lowsep,1,541,gates_1,1,67,42,0.6268656716417911,0.335,1.0
synthetic_lowsep,1,541,gates_2,1,65,42,0.6461538461538462,0.325,1.0
synthetic_lowsep,1,541,gates_4,1,11,4,0.3636363636363636,0.055,1.0
synthetic_lowsep,1,541,gates_8,1,2,0,0.0,0.01,1.0
synthetic_lowsep,1,616,gates_1,0,82,47,0.573170731707317,0.41,1.0
synthetic_lowsep,1,616,gates_2,0,52,28,0.5384615384615384,0.26,1.0
synthetic_lowsep,1,616,gates_4,0,26,10,0.3846153846153846,0.13,1.0
synthetic_lowsep,1,616,gates_8,0,5,2,0.4,0.025,1.0
synthetic_lowsep,1,619,gates_1,1,135,78,0.5777777777777777,0.675,1.0
synthetic_lowsep,1,619,gates_2,1,59,31,0.5254237288135594,0.295,1.0
synthetic_lowsep,1,619,gates_4,1,19,12,0.631578947368421,0.095,1.0
synthetic_lowsep,1,619,gates_8,1,0,0,,0.0,0.0
synthetic_lowsep,1,662,gates_1,1,120,68,0.5666666666666667,0.6,1.0
synthetic_lowsep,1,662,gates_2,1,71,36,0.5070422535211268,0.355,1.0
synthetic_lowsep,1,662,gates_4,1,29,10,0.3448275862068966,0.145,1.0
synthetic_lowsep,1,662,gates_8,1,3,0,0.0,0.015,1.0
synthetic_lowsep,1,721,gates_1,0,67,25,0.373134328358209,0.335,1.0
synthetic_lowsep,1,721,gates_2,0,32,15,0.46875,0.16,1.0
synthetic_lowsep,1,721,gates_4,0,27,10,0.3703703703703703,0.135,1.0
synthetic_lowsep,1,721,gates_8,0,6,1,0.1666666666666666,0.03,1.0
synthetic_lowsep,1,754,gates_1,0,67,25,0.373134328358209,0.335,1.0
synthetic_lowsep,1,754,gates_2,0,53,17,0.320754716981132,0.265,1.0
synthetic_lowsep,1,754,gates_4,0,22,7,0.3181818181818182,0.11,1.0
synthetic_lowsep,1,754,gates_8,0,5,0,0.0,0.025,1.0
synthetic_lowsep,2,3,gates_1,0,98,58,0.5918367346938775,0.49,1.0
synthetic_lowsep,2,3,gates_2,0,54,32,0.5925925925925926,0.27,1.0
synthetic_lowsep,2,3,gates_4,0,19,6,0.3157894736842105,0.095,1.0
synthetic_lowsep,2,3,gates_8,0,4,2,0.5,0.02,1.0
synthetic_lowsep,2,6,gates_1,0,74,37,0.5,0.37,1.0
synthetic_lowsep,2,6,gates_2,0,57,30,0.5263157894736842,0.285,1.0
synthetic_lowsep,2,6,gates_4,0,15,7,0.4666666666666667,0.075,1.0
synthetic_lowsep,2,6,gates_8,0,1,0,0.0,0.005,1.0
synthetic_lowsep,2,51,gates_1,1,98,40,0.4081632653061224,0.49,1.0
synthetic_lowsep,2,51,gates_2,1,53,21,0.3962264150943396,0.265,1.0
synthetic_lowsep,2,51,gates_4,1,23,8,0.3478260869565217,0.115,1.0
synthetic_lowsep,2,51,gates_8,1,5,1,0.2,0.025,1.0
synthetic_lowsep,2,114,gates_1,0,132,55,0.4166666666666667,0.66,1.0
synthetic_lowsep,2,114,gates_2,0,69,38,0.5507246376811594,0.345,1.0
synthetic_lowsep,2,114,gates_4,0,31,20,0.6451612903225806,0.155,1.0
synthetic_lowsep,2,114,gates_8,0,11,5,0.4545454545454545,0.055,1.0
synthetic_lowsep,2,132,gates_1,0,74,37,0.5,0.37,1.0
synthetic_lowsep,2,132,gates_2,0,45,19,0.4222222222222222,0.225,1.0
synthetic_lowsep,2,132,gates_4,0,12,9,0.75,0.06,1.0
synthetic_lowsep,2,132,gates_8,0,3,3,1.0,0.015,1.0
synthetic_lowsep,2,198,gates_1,0,85,49,0.5764705882352941,0.425,1.0
synthetic_lowsep,2,198,gates_2,0,69,38,0.5507246376811594,0.345,1.0
synthetic_lowsep,2,198,gates_4,0,27,18,0.6666666666666666,0.135,1.0
synthetic_lowsep,2,198,gates_8,0,12,7,0.5833333333333334,0.06,1.0
synthetic_lowsep,2,221,gates_1,0,84,41,0.4880952380952381,0.42,1.0
synthetic_lowsep,2,221,gates_2,0,70,33,0.4714285714285714,0.35,1.0
synthetic_lowsep,2,221,gates_4,0,22,12,0.5454545454545454,0.11,1.0
synthetic_lowsep,2,221,gates_8,0,9,5,0.5555555555555556,0.045,1.0
synthetic_lowsep,2,334,gates_1,1,74,37,0.5,0.37,1.0
synthetic_lowsep,2,334,gates_2,1,57,27,0.4736842105263157,0.285,1.0
synthetic_lowsep,2,334,gates_4,1,15,8,0.5333333333333333,0.075,1.0
synthetic_lowsep,2,334,gates_8,1,1,1,1.0,0.005,1.0
synthetic_lowsep,2,368,gates_1,1,98,40,0.4081632653061224,0.49,1.0
synthetic_lowsep,2,368,gates_2,1,53,28,0.5283018867924528,0.265,1.0
synthetic_lowsep,2,368,gates_4,1,20,8,0.4,0.1,1.0
synthetic_lowsep,2,368,gates_8,1,9,2,0.2222222222222222,0.045,1.0
synthetic_lowsep,2,369,gates_1,0,85,49,0.5764705882352941,0.425,1.0
synthetic_lowsep,2,369,gates_2,0,69,38,0.5507246376811594,0.345,1.0
synthetic_lowsep,2,369,gates_4,0,38,25,0.6578947368421053,0.19,1.0
synthetic_lowsep,2,369,gates_8,0,7,7,1.0,0.035,1.0
synthetic_lowsep,2,392,gates_1,1,132,77,0.5833333333333334,0.66,1.0
synthetic_lowsep,2,392,gates_2,1,91,50,0.5494505494505495,0.455,1.0
synthetic_lowsep,2,392,gates_4,1,27,12,0.4444444444444444,0.135,1.0
synthetic_lowsep,2,392,gates_8,1,5,0,0.0,0.025,1.0
synthetic_lowsep,2,401,gates_1,1,97,48,0.4948453608247423,0.485,1.0
synthetic_lowsep,2,401,gates_2,1,57,27,0.4736842105263157,0.285,1.0
synthetic_lowsep,2,401,gates_4,1,6,4,0.6666666666666666,0.03,1.0
synthetic_lowsep,2,401,gates_8,1,1,1,1.0,0.005,1.0
synthetic_lowsep,2,412,gates_1,1,98,40,0.4081632653061224,0.49,1.0
synthetic_lowsep,2,412,gates_2,1,54,22,0.4074074074074074,0.27,1.0
synthetic_lowsep,2,412,gates_4,1,17,8,0.4705882352941176,0.085,1.0
synthetic_lowsep,2,412,gates_8,1,1,0,0.0,0.005,1.0
synthetic_lowsep,2,470,gates_1,1,84,43,0.5119047619047619,0.42,1.0
synthetic_lowsep,2,470,gates_2,1,70,37,0.5285714285714286,0.35,1.0
synthetic_lowsep,2,470,gates_4,1,22,12,0.5454545454545454,0.11,1.0
synthetic_lowsep,2,470,gates_8,1,5,2,0.4,0.025,1.0
synthetic_lowsep,2,487,gates_1,1,98,40,0.4081632653061224,0.49,1.0
synthetic_lowsep,2,487,gates_2,1,54,22,0.4074074074074074,0.27,1.0
synthetic_lowsep,2,487,gates_4,1,15,5,0.3333333333333333,0.075,1.0
synthetic_lowsep,2,487,gates_8,1,3,2,0.6666666666666666,0.015,1.0
synthetic_lowsep,2,493,gates_1,1,84,43,0.5119047619047619,0.42,1.0
synthetic_lowsep,2,493,gates_2,1,70,37,0.5285714285714286,0.35,1.0
synthetic_lowsep,2,493,gates_4,1,22,10,0.4545454545454545,0.11,1.0
synthetic_lowsep,2,493,gates_8,1,10,4,0.4,0.05,1.0
synthetic_lowsep,2,561,gates_1,1,74,37,0.5,0.37,1.0
synthetic_lowsep,2,561,gates_2,1,45,26,0.5777777777777777,0.225,1.0
synthetic_lowsep,2,561,gates_4,1,16,9,0.5625,0.08,1.0
synthetic_lowsep,2,561,gates_8,1,3,0,0.0,0.015,1.0
synthetic_lowsep,2,612,gates_1,1,132,77,0.5833333333333334,0.66,1.0
synthetic_lowsep,2,612,gates_2,1,69,31,0.4492753623188406,0.345,1.0
synthetic_lowsep,2,612,gates_4,1,24,8,0.3333333333333333,0.12,1.0
synthetic_lowsep,2,612,gates_8,1,1,1,1.0,0.005,1.0
synthetic_lowsep,2,675,gates_1,0,132,55,0.4166666666666667,0.66,1.0
synthetic_lowsep,2,675,gates_2,0,43,19,0.4418604651162791,0.215,1.0
synthetic_lowsep,2,675,gates_4,0,16,14,0.875,0.08,1.0
synthetic_lowsep,2,675,gates_8,0,5,5,1.0,0.025,1.0
synthetic_lowsep,2,785,gates_1,0,98,58,0.5918367346938775,0.49,1.0
synthetic_lowsep,2,785,gates_2,0,49,28,0.5714285714285714,0.245,1.0
synthetic_lowsep,2,785,gates_4,0,12,9,0.75,0.06,1.0
synthetic_lowsep,2,785,gates_8,0,5,4,0.8,0.025,1.0
synthetic_lowsep,3,35,gates_1,0,89,42,0.4719101123595505,0.445,1.0
synthetic_lowsep,3,35,gates_2,0,40,25,0.625,0.2,1.0
synthetic_lowsep,3,35,gates_4,0,25,17,0.68,0.125,1.0
synthetic_lowsep,3,35,gates_8,0,0,0,,0.0,0.0
synthetic_lowsep,3,67,gates_1,0,80,49,0.6125,0.4,1.0
synthetic_lowsep,3,67,gates_2,0,52,33,0.6346153846153846,0.26,1.0
synthetic_lowsep,3,67,gates_4,0,21,13,0.6190476190476191,0.105,1.0
synthetic_lowsep,3,67,gates_8,0,6,4,0.6666666666666666,0.03,1.0
synthetic_lowsep,3,107,gates_1,0,80,49,0.6125,0.4,1.0
synthetic_lowsep,3,107,gates_2,0,60,40,0.6666666666666666,0.3,1.0
synthetic_lowsep,3,107,gates_4,0,30,24,0.8,0.15,1.0
synthetic_lowsep,3,107,gates_8,0,9,8,0.8888888888888888,0.045,1.0
synthetic_lowsep,3,180,gates_1,1,89,47,0.5280898876404494,0.445,1.0
synthetic_lowsep,3,180,gates_2,1,54,21,0.3888888888888889,0.27,1.0
synthetic_lowsep,3,180,gates_4,1,31,15,0.4838709677419355,0.155,1.0
synthetic_lowsep,3,180,gates_8,1,11,10,0.9090909090909092,0.055,1.0
synthetic_lowsep,3,202,gates_1,0,110,67,0.6090909090909091,0.55,1.0
synthetic_lowsep,3,202,gates_2,0,59,41,0.6949152542372882,0.295,1.0
synthetic_lowsep,3,202,gates_4,0,17,13,0.7647058823529411,0.085,1.0
synthetic_lowsep,3,202,gates_8,0,4,1,0.25,0.02,1.0
synthetic_lowsep,3,279,gates_1,0,56,26,0.4642857142857143,0.28,1.0
synthetic_lowsep,3,279,gates_2,0,26,15,0.5769230769230769,0.13,1.0
synthetic_lowsep,3,279,gates_4,0,7,5,0.7142857142857143,0.035,1.0
synthetic_lowsep,3,279,gates_8,0,4,4,1.0,0.02,1.0
synthetic_lowsep,3,293,gates_1,0,89,42,0.4719101123595505,0.445,1.0
synthetic_lowsep,3,293,gates_2,0,40,25,0.625,0.2,1.0
synthetic_lowsep,3,293,gates_4,0,21,17,0.8095238095238095,0.105,1.0
synthetic_lowsep,3,293,gates_8,0,5,4,0.8,0.025,1.0
synthetic_lowsep,3,419,gates_1,1,81,54,0.6666666666666666,0.405,1.0
synthetic_lowsep,3,419,gates_2,1,55,39,0.7090909090909091,0.275,1.0
synthetic_lowsep,3,419,gates_4,1,13,13,1.0,0.065,1.0
synthetic_lowsep,3,419,gates_8,1,3,3,1.0,0.015,1.0
synthetic_lowsep,3,435,gates_1,1,80,31,0.3875,0.4,1.0
synthetic_lowsep,3,435,gates_2,1,60,20,0.3333333333333333,0.3,1.0
synthetic_lowsep,3,435,gates_4,1,13,4,0.3076923076923077,0.065,1.0
synthetic_lowsep,3,435,gates_8,1,5,0,0.0,0.025,1.0
synthetic_lowsep,3,463,gates_1,0,56,26,0.4642857142857143,0.28,1.0
synthetic_lowsep,3,463,gates_2,0,15,9,0.6,0.075,1.0
synthetic_lowsep,3,463,gates_4,0,3,2,0.6666666666666666,0.015,1.0
synthetic_lowsep,3,463,gates_8,0,1,1,1.0,0.005,1.0
synthetic_lowsep,3,503,gates_1,1,81,54,0.6666666666666666,0.405,1.0
synthetic_lowsep,3,503,gates_2,1,38,32,0.8421052631578947,0.19,1.0
synthetic_lowsep,3,503,gates_4,1,19,17,0.8947368421052632,0.095,1.0
synthetic_lowsep,3,503,gates_8,1,13,13,1.0,0.065,1.0
synthetic_lowsep,3,513,gates_1,0,89,42,0.4719101123595505,0.445,1.0
synthetic_lowsep,3,513,gates_2,0,38,6,0.1578947368421052,0.19,1.0
synthetic_lowsep,3,513,gates_4,0,25,2,0.08,0.125,1.0
synthetic_lowsep,3,513,gates_8,0,4,0,0.0,0.02,1.0
synthetic_lowsep,3,561,gates_1,1,119,57,0.4789915966386555,0.595,1.0
synthetic_lowsep,3,561,gates_2,1,62,34,0.5483870967741935,0.31,1.0
synthetic_lowsep,3,561,gates_4,1,38,16,0.4210526315789473,0.19,1.0
synthetic_lowsep,3,561,gates_8,1,10,8,0.8,0.05,1.0
synthetic_lowsep,3,566,gates_1,0,56,26,0.4642857142857143,0.28,1.0
synthetic_lowsep,3,566,gates_2,0,31,12,0.3870967741935484,0.155,1.0
synthetic_lowsep,3,566,gates_4,0,9,5,0.5555555555555556,0.045,1.0
synthetic_lowsep,3,566,gates_8,0,2,1,0.5,0.01,1.0
synthetic_lowsep,3,614,gates_1,1,107,52,0.4859813084112149,0.535,1.0
synthetic_lowsep,3,614,gates_2,1,45,12,0.2666666666666666,0.225,1.0
synthetic_lowsep,3,614,gates_4,1,2,0,0.0,0.01,1.0
synthetic_lowsep,3,614,gates_8,1,1,0,0.0,0.005,1.0
synthetic_lowsep,3,645,gates_1,0,89,42,0.4719101123595505,0.445,1.0
synthetic_lowsep,3,645,gates_2,0,40,25,0.625,0.2,1.0
synthetic_lowsep,3,645,gates_4,0,21,17,0.8095238095238095,0.105,1.0
synthetic_lowsep,3,645,gates_8,0,0,0,,0.0,0.0
synthetic_lowsep,3,686,gates_1,0,89,42,0.4719101123595505,0.445,1.0
synthetic_lowsep,3,686,gates_2,0,40,25,0.625,0.2,1.0
synthetic_lowsep,3,686,gates_4,0,25,17,0.68,0.125,1.0
synthetic_lowsep,3,686,gates_8,0,0,0,,0.0,0.0
synthetic_lowsep,3,693,gates_1,1,127,62,0.4881889763779528,0.635,1.0
synthetic_lowsep,3,693,gates_2,1,37,18,0.4864864864864865,0.185,1.0
synthetic_lowsep,3,693,gates_4,1,13,2,0.1538461538461538,0.065,1.0
synthetic_lowsep,3,693,gates_8,1,10,1,0.1,0.05,1.0
synthetic_lowsep,3,777,gates_1,1,80,31,0.3875,0.4,1.0
synthetic_lowsep,3,777,gates_2,1,52,19,0.3653846153846153,0.26,1.0
synthetic_lowsep,3,777,gates_4,1,23,4,0.1739130434782608,0.115,1.0
synthetic_lowsep,3,777,gates_8,1,3,1,0.3333333333333333,0.015,1.0
synthetic_lowsep,3,793,gates_1,1,107,52,0.4859813084112149,0.535,1.0
synthetic_lowsep,3,793,gates_2,1,46,34,0.7391304347826086,0.23,1.0
synthetic_lowsep,3,793,gates_4,1,16,12,0.75,0.08,1.0
synthetic_lowsep,3,793,gates_8,1,1,0,0.0,0.005,1.0
synthetic_lowsep,4,37,gates_1,0,76,33,0.4342105263157895,0.38,1.0
synthetic_lowsep,4,37,gates_2,0,60,21,0.35,0.3,1.0
synthetic_lowsep,4,37,gates_4,0,11,6,0.5454545454545454,0.055,1.0
synthetic_lowsep,4,37,gates_8,0,1,1,1.0,0.005,1.0
synthetic_lowsep,4,41,gates_1,0,122,44,0.360655737704918,0.61,1.0
synthetic_lowsep,4,41,gates_2,0,80,24,0.3,0.4,1.0
synthetic_lowsep,4,41,gates_4,0,25,14,0.56,0.125,1.0
synthetic_lowsep,4,41,gates_8,0,5,5,1.0,0.025,1.0
synthetic_lowsep,4,67,gates_1,0,87,41,0.4712643678160919,0.435,1.0
synthetic_lowsep,4,67,gates_2,0,55,28,0.509090909090909,0.275,1.0
synthetic_lowsep,4,67,gates_4,0,8,8,1.0,0.04,1.0
synthetic_lowsep,4,67,gates_8,0,3,3,1.0,0.015,1.0
synthetic_lowsep,4,70,gates_1,1,125,75,0.6,0.625,1.0
synthetic_lowsep,4,70,gates_2,1,66,41,0.6212121212121212,0.33,1.0
synthetic_lowsep,4,70,gates_4,1,27,22,0.8148148148148148,0.135,1.0
synthetic_lowsep,4,70,gates_8,1,1,1,1.0,0.005,1.0
synthetic_lowsep,4,141,gates_1,1,123,70,0.5691056910569106,0.615,1.0
synthetic_lowsep,4,141,gates_2,1,89,47,0.5280898876404494,0.445,1.0
synthetic_lowsep,4,141,gates_4,1,29,14,0.4827586206896552,0.145,1.0
synthetic_lowsep,4,141,gates_8,1,4,2,0.5,0.02,1.0
synthetic_lowsep,4,175,gates_1,1,123,70,0.5691056910569106,0.615,1.0
synthetic_lowsep,4,175,gates_2,1,90,53,0.5888888888888889,0.45,1.0
synthetic_lowsep,4,175,gates_4,1,38,22,0.5789473684210527,0.19,1.0
synthetic_lowsep,4,175,gates_8,1,3,2,0.6666666666666666,0.015,1.0
synthetic_lowsep,4,197,gates_1,0,151,64,0.423841059602649,0.755,1.0
synthetic_lowsep,4,197,gates_2,0,86,35,0.4069767441860465,0.43,1.0
synthetic_lowsep,4,197,gates_4,0,33,12,0.3636363636363636,0.165,1.0
synthetic_lowsep,4,197,gates_8,0,2,1,0.5,0.01,1.0
synthetic_lowsep,4,248,gates_1,0,123,53,0.4308943089430894,0.615,1.0
synthetic_lowsep,4,248,gates_2,0,52,26,0.5,0.26,1.0
synthetic_lowsep,4,248,gates_4,0,18,8,0.4444444444444444,0.09,1.0
synthetic_lowsep,4,248,gates_8,0,3,1,0.3333333333333333,0.015,1.0
synthetic_lowsep,4,330,gates_1,0,123,53,0.4308943089430894,0.615,1.0
synthetic_lowsep,4,330,gates_2,0,86,35,0.4069767441860465,0.43,1.0
synthetic_lowsep,4,330,gates_4,0,27,10,0.3703703703703703,0.135,1.0
synthetic_lowsep,4,330,gates_8,0,1,1,1.0,0.005,1.0
synthetic_lowsep,4,345,gates_1,0,122,44,0.360655737704918,0.61,1.0
synthetic_lowsep,4,345,gates_2,0,48,19,0.3958333333333333,0.24,1.0
synthetic_lowsep,4,345,gates_4,0,31,9,0.2903225806451613,0.155,1.0
synthetic_lowsep,4,345,gates_8,0,1,1,1.0,0.005,1.0
synthetic_lowsep,4,361,gates_1,1,122,78,0.639344262295082,0.61,1.0
synthetic_lowsep,4,361,gates_2,1,64,43,0.671875,0.32,1.0
synthetic_lowsep,4,361,gates_4,1,46,31,0.6739130434782609,0.23,1.0
synthetic_lowsep,4,361,gates_8,1,3,3,1.0,0.015,1.0
synthetic_lowsep,4,382,gates_1,0,123,53,0.4308943089430894,0.615,1.0
synthetic_lowsep,4,382,gates_2,0,90,37,0.4111111111111111,0.45,1.0
synthetic_lowsep,4,382,gates_4,0,46,15,0.3260869565217391,0.23,1.0
synthetic_lowsep,4,382,gates_8,0,2,2,1.0,0.01,1.0
synthetic_lowsep,4,405,gates_1,1,123,70,0.5691056910569106,0.615,1.0
synthetic_lowsep,4,405,gates_2,1,83,51,0.6144578313253012,0.415,1.0
synthetic_lowsep,4,405,gates_4,1,25,16,0.64,0.125,1.0
synthetic_lowsep,4,405,gates_8,1,1,0,0.0,0.005,1.0
synthetic_lowsep,4,436,gates_1,1,123,70,0.5691056910569106,0.615,1.0
synthetic_lowsep,4,436,gates_2,1,63,37,0.5873015873015873,0.315,1.0
synthetic_lowsep,4,436,gates_4,1,32,16,0.5,0.16,1.0
synthetic_lowsep,4,436,gates_8,1,6,3,0.5,0.03,1.0
synthetic_lowsep,4,495,gates_1,0,122,44,0.360655737704918,0.61,1.0
synthetic_lowsep,4,495,gates_2,0,90,37,0.4111111111111111,0.45,1.0
synthetic_lowsep,4,495,gates_4,0,41,22,0.5365853658536586,0.205,1.0
synthetic_lowsep,4,495,gates_8,0,3,2,0.6666666666666666,0.015,1.0
synthetic_lowsep,4,584,gates_1,0,151,64,0.423841059602649,0.755,1.0
synthetic_lowsep,4,584,gates_2,0,86,29,0.3372093023255814,0.43,1.0
synthetic_lowsep,4,584,gates_4,0,36,15,0.4166666666666667,0.18,1.0
synthetic_lowsep,4,584,gates_8,0,4,1,0.25,0.02,1.0
synthetic_lowsep,4,598,gates_1,0,122,44,0.360655737704918,0.61,1.0
synthetic_lowsep,4,598,gates_2,0,80,32,0.4,0.4,1.0
synthetic_lowsep,4,598,gates_4,0,28,11,0.3928571428571428,0.14,1.0
synthetic_lowsep,4,598,gates_8,0,0,0,,0.0,0.0
synthetic_lowsep,4,604,gates_1,1,123,70,0.5691056910569106,0.615,1.0
synthetic_lowsep,4,604,gates_2,1,90,53,0.5888888888888889,0.45,1.0
synthetic_lowsep,4,604,gates_4,1,43,30,0.6976744186046512,0.215,1.0
synthetic_lowsep,4,604,gates_8,1,5,5,1.0,0.025,1.0
synthetic_lowsep,4,715,gates_1,1,123,70,0.5691056910569106,0.615,1.0
synthetic_lowsep,4,715,gates_2,1,90,53,0.5888888888888889,0.45,1.0
synthetic_lowsep,4,715,gates_4,1,26,15,0.5769230769230769,0.13,1.0
synthetic_lowsep,4,715,gates_8,1,5,2,0.4,0.025,1.0
synthetic_lowsep,4,748,gates_1,0,123,53,0.4308943089430894,0.615,1.0
synthetic_lowsep,4,748,gates_2,0,90,37,0.4111111111111111,0.45,1.0
synthetic_lowsep,4,748,gates_4,0,29,15,0.5172413793103449,0.145,1.0
synthetic_lowsep,4,748,gates_8,0,4,1,0.25,0.02,1.0
banknote,0,47,gates_1,1,147,140,0.9523809523809524,0.4285714285714285,1.0
banknote,0,47,gates_2,1,146,140,0.958904109589041,0.4256559766763848,1.0
banknote,0,47,gates_4,1,108,103,0.9537037037037036,0.314868804664723,1.0
banknote,0,47,gates_8,1,37,32,0.8648648648648649,0.107871720116618,1.0
banknote,0,164,gates_1,1,147,140,0.9523809523809524,0.4285714285714285,1.0
banknote,0,164,gates_2,1,87,86,0.9885057471264368,0.2536443148688047,1.0
banknote,0,164,gates_4,1,87,86,0.9885057471264368,0.2536443148688047,1.0
banknote,0,164,gates_8,1,87,86,0.9885057471264368,0.2536443148688047,1.0
banknote,0,283,gates_1,1,165,136,0.8242424242424242,0.4810495626822157,1.0
banknote,0,283,gates_2,1,74,49,0.6621621621621622,0.2157434402332361,1.0
banknote,0,283,gates_4,1,56,49,0.875,0.1632653061224489,1.0
banknote,0,283,gates_8,1,46,45,0.9782608695652174,0.1341107871720116,1.0
banknote,0,392,gates_1,1,147,140,0.9523809523809524,0.4285714285714285,1.0
banknote,0,392,gates_2,1,147,140,0.9523809523809524,0.4285714285714285,1.0
banknote,0,392,gates_4,1,109,103,0.944954128440367,0.3177842565597668,1.0
banknote,0,392,gates_8,1,25,21,0.84,0.0728862973760933,1.0
banknote,0,415,gates_1,1,165,136,0.8242424242424242,0.4810495626822157,1.0
banknote,0,415,gates_2,1,74,49,0.6621621621621622,0.2157434402332361,1.0
banknote,0,415,gates_4,1,56,49,0.875,0.1632653061224489,1.0
banknote,0,415,gates_8,1,46,45,0.9782608695652174,0.1341107871720116,1.0
banknote,0,488,gates_1,1,147,140,0.9523809523809524,0.4285714285714285,1.0
banknote,0,488,gates_2,1,87,86,0.9885057471264368,0.2536443148688047,1.0
banknote,0,488,gates_4,1,55,54,0.9818181818181818,0.1603498542274052,1.0
banknote,0,488,gates_8,1,52,51,0.9807692307692308,0.151603498542274,1.0
banknote,0,540,gates_1,1,147,140,0.9523809523809524,0.4285714285714285,1.0
banknote,0,540,gates_2,1,8,5,0.625,0.0233236151603498,1.0
banknote,0,540,gates_4,1,5,5,1.0,0.0145772594752186,1.0
banknote,0,540,gates_8,1,5,5,1.0,0.0145772594752186,1.0
banknote,0,553,gates_1,1,165,136,0.8242424242424242,0.4810495626822157,1.0
banknote,0,553,gates_2,1,74,49,0.6621621621621622,0.2157434402332361,1.0
banknote,0,553,gates_4,1,56,49,0.875,0.1632653061224489,1.0
banknote,0,553,gates_8,1,16,16,1.0,0.0466472303206997,1.0
banknote,0,566,gates_1,1,147,140,0.9523809523809524,0.4285714285714285,1.0
banknote,0,566,gates_2,1,87,86,0.9885057471264368,0.2536443148688047,1.0
banknote,0,566,gates_4,1,55,54,0.9818181818181818,0.1603498542274052,1.0
banknote,0,566,gates_8,1,52,51,0.9807692307692308,0.151603498542274,1.0
banknote,0,651,gates_1,1,165,136,0.8242424242424242,0.4810495626822157,1.0
banknote,0,651,gates_2,1,74,49,0.6621621621621622,0.2157434402332361,1.0
banknote,0,651,gates_4,1,56,49,0.875,0.1632653061224489,1.0
banknote,0,651,gates_8,1,46,45,0.9782608695652174,0.1341107871720116,1.0
banknote,0,737,gates_1,1,147,140,0.9523809523809524,0.4285714285714285,1.0
banknote,0,737,gates_2,1,87,86,0.9885057471264368,0.2536443148688047,1.0
banknote,0,737,gates_4,1,55,54,0.9818181818181818,0.1603498542274052,1.0
banknote,0,737,gates_8,1,52,51,0.9807692307692308,0.151603498542274,1.0
banknote,0,959,gates_1,0,247,55,0.2226720647773279,0.7201166180758017,1.0
banknote,0,959,gates_2,0,218,30,0.1376146788990825,0.6355685131195336,1.0
banknote,0,959,gates_4,0,178,25,0.1404494382022472,0.5189504373177842,1.0
banknote,0,959,gates_8,0,7,4,0.5714285714285714,0.0204081632653061,1.0
banknote,0,1122,gates_1,0,147,7,0.0476190476190476,0.4285714285714285,1.0
banknote,0,1122,gates_2,0,146,6,0.0410958904109589,0.4256559766763848,1.0
banknote,0,1122,gates_4,0,7,2,0.2857142857142857,0.0204081632653061,1.0
banknote,0,1122,gates_8,0,2,2,1.0,0.0058309037900874,1.0
banknote,0,1153,gates_1,0,131,121,0.9236641221374046,0.3819241982507289,1.0
banknote,0,1153,gates_2,0,25,17,0.68,0.0728862973760933,1.0
banknote,0,1153,gates_4,0,20,17,0.85,0.0583090379008746,1.0
banknote,0,1153,gates_8,0,15,12,0.8,0.0437317784256559,1.0
banknote,0,1192,gates_1,0,247,55,0.2226720647773279,0.7201166180758017,1.0
banknote,0,1192,gates_2,0,150,14,0.0933333333333333,0.4373177842565597,1.0
banknote,0,1192,gates_4,0,15,10,0.6666666666666666,0.0437317784256559,1.0
banknote,0,1192,gates_8,0,12,7,0.5833333333333334,0.0349854227405247,1.0
banknote,0,1198,gates_1,0,146,94,0.6438356164383562,0.4256559766763848,1.0
banknote,0,1198,gates_2,0,100,94,0.94,0.2915451895043732,1.0
banknote,0,1198,gates_4,0,88,85,0.9659090909090908,0.2565597667638484,1.0
banknote,0,1198,gates_8,0,85,82,0.9647058823529412,0.2478134110787172,1.0
banknote,0,1261,gates_1,0,146,94,0.6438356164383562,0.4256559766763848,1.0
banknote,0,1261,gates_2,0,100,94,0.94,0.2915451895043732,1.0
banknote,0,1261,gates_4,0,88,85,0.9659090909090908,0.2565597667638484,1.0
banknote,0,1261,gates_8,0,85,82,0.9647058823529412,0.2478134110787172,1.0
banknote,0,1279,gates_1,0,247,55,0.2226720647773279,0.7201166180758017,1.0
banknote,0,1279,gates_2,0,218,30,0.1376146788990825,0.6355685131195336,1.0
banknote,0,1279,gates_4,0,109,6,0.055045871559633,0.3177842565597668,1.0
banknote,0,1279,gates_8,0,32,2,0.0625,0.0932944606413994,1.0
banknote,0,1291,gates_1,0,247,55,0.2226720647773279,0.7201166180758017,1.0
banknote,0,1291,gates_2,0,36,26,0.7222222222222222,0.1049562682215743,1.0
banknote,0,1291,gates_4,0,25,20,0.8,0.0728862973760933,1.0
banknote,0,1291,gates_8,0,2,2,1.0,0.0058309037900874,1.0
banknote,0,1309,gates_1,0,247,55,0.2226720647773279,0.7201166180758017,1.0
banknote,0,1309,gates_2,0,75,23,0.3066666666666666,0.2186588921282798,1.0
banknote,0,1309,gates_4,0,26,20,0.7692307692307693,0.075801749271137,1.0
banknote,0,1309,gates_8,0,23,18,0.782608695652174,0.0670553935860058,1.0
banknote,1,80,gates_1,1,327,193,0.5902140672782875,0.9533527696793004,1.0
banknote,1,80,gates_2,1,314,193,0.6146496815286624,0.9154518950437318,1.0
banknote,1,80,gates_4,1,148,46,0.3108108108108108,0.4314868804664723,1.0
banknote,1,80,gates_8,1,36,30,0.8333333333333334,0.1049562682215743,1.0
banknote,1,89,gates_1,1,327,193,0.5902140672782875,0.9533527696793004,1.0
banknote,1,89,gates_2,1,149,70,0.4697986577181208,0.434402332361516,1.0
banknote,1,89,gates_4,1,138,68,0.4927536231884058,0.4023323615160349,1.0
banknote,1,89,gates_8,1,14,14,1.0,0.0408163265306122,1.0
banknote,1,136,gates_1,1,327,193,0.5902140672782875,0.9533527696793004,1.0
banknote,1,136,gates_2,1,314,193,0.6146496815286624,0.9154518950437318,1.0
banknote,1,136,gates_4,1,150,97,0.6466666666666666,0.4373177842565597,1.0
banknote,1,136,gates_8,1,65,59,0.9076923076923076,0.1895043731778425,1.0
banknote,1,137,gates_1,1,327,193,0.5902140672782875,0.9533527696793004,1.0
banknote,1,137,gates_2,1,314,193,0.6146496815286624,0.9154518950437318,1.0
banknote,1,137,gates_4,1,165,149,0.9030303030303032,0.4810495626822157,1.0
banknote,1,137,gates_8,1,95,89,0.936842105263158,0.2769679300291545,1.0
banknote,1,151,gates_1,1,327,193,0.5902140672782875,0.9533527696793004,1.0
banknote,1,151,gates_2,1,314,193,0.6146496815286624,0.9154518950437318,1.0
banknote,1,151,gates_4,1,165,149,0.9030303030303032,0.4810495626822157,1.0
banknote,1,151,gates_8,1,16,11,0.6875,0.0466472303206997,1.0
banknote,1,361,gates_1,1,327,193,0.5902140672782875,0.9533527696793004,1.0
banknote,1,361,gates_2,1,314,193,0.6146496815286624,0.9154518950437318,1.0
banknote,1,361,gates_4,1,164,100,0.6097560975609756,0.478134110787172,1.0
banknote,1,361,gates_8,1,66,66,1.0,0.1924198250728863,1.0
banknote,1,369,gates_1,1,152,70,0.4605263157894737,0.4431486880466472,1.0
banknote,1,369,gates_2,1,149,70,0.4697986577181208,0.434402332361516,1.0
banknote,1,369,gates_4,1,78,9,0.1153846153846153,0.227405247813411,1.0
banknote,1,369,gates_8,1,52,6,0.1153846153846153,0.151603498542274,1.0
banknote,1,422,gates_1,1,327,193,0.5902140672782875,0.9533527696793004,1.0
banknote,1,422,gates_2,1,314,193,0.6146496815286624,0.9154518950437318,1.0
banknote,1,422,gates_4,1,165,149,0.9030303030303032,0.4810495626822157,1.0
banknote,1,422,gates_8,1,68,62,0.9117647058823528,0.1982507288629737,1.0
banknote,1,428,gates_1,1,327,193,0.5902140672782875,0.9533527696793004,1.0
banknote,1,428,gates_2,1,314,193,0.6146496815286624,0.9154518950437318,1.0
banknote,1,428,gates_4,1,164,100,0.6097560975609756,0.478134110787172,1.0
banknote,1,428,gates_8,1,4,4,1.0,0.0116618075801749,1.0
banknote,1,616,gates_1,1,327,193,0.5902140672782875,0.9533527696793004,1.0
banknote,1,616,gates_2,1,314,193,0.6146496815286624,0.9154518950437318,1.0
banknote,1,616,gates_4,1,164,100,0.6097560975609756,0.478134110787172,1.0
banknote,1,616,gates_8,1,16,16,1.0,0.0466472303206997,1.0
banknote,1,716,gates_1,1,152,70,0.4605263157894737,0.4431486880466472,1.0
banknote,1,716,gates_2,1,149,70,0.4697986577181208,0.434402332361516,1.0
banknote,1,716,gates_4,1,78,9,0.1153846153846153,0.227405247813411,1.0
banknote,1,716,gates_8,1,4,1,0.25,0.0116618075801749,1.0
banknote,1,933,gates_1,0,169,121,0.7159763313609467,0.4927113702623906,1.0
banknote,1,933,gates_2,0,149,121,0.8120805369127517,0.434402332361516,1.0
banknote,1,933,gates_4,0,52,46,0.8846153846153846,0.151603498542274,1.0
banknote,1,933,gates_8,0,36,30,0.8333333333333334,0.1049562682215743,1.0
banknote,1,940,gates_1,0,327,134,0.4097859327217125,0.9533527696793004,1.0
banknote,1,940,gates_2,0,314,121,0.3853503184713376,0.9154518950437318,1.0
banknote,1,940,gates_4,0,137,119,0.8686131386861314,0.3994169096209912,1.0
banknote,1,940,gates_8,0,58,46,0.7931034482758621,0.1690962099125364,1.0
banknote,1,955,gates_1,0,152,82,0.5394736842105263,0.4431486880466472,1.0
banknote,1,955,gates_2,0,149,79,0.5302013422818792,0.434402332361516,1.0
banknote,1,955,gates_4,0,85,74,0.8705882352941177,0.2478134110787172,1.0
banknote,1,955,gates_8,0,35,33,0.9428571428571428,0.1020408163265306,1.0
banknote,1,974,gates_1,0,327,134,0.4097859327217125,0.9533527696793004,1.0
banknote,1,974,gates_2,0,151,133,0.8807947019867549,0.4402332361516035,1.0
banknote,1,974,gates_4,0,137,119,0.8686131386861314,0.3994169096209912,1.0
banknote,1,974,gates_8,0,22,22,1.0,0.0641399416909621,1.0
banknote,1,1042,gates_1,0,327,134,0.4097859327217125,0.9533527696793004,1.0
banknote,1,1042,gates_2,0,151,133,0.8807947019867549,0.4402332361516035,1.0
banknote,1,1042,gates_4,0,74,71,0.9594594594594594,0.2157434402332361,1.0
banknote,1,1042,gates_8,0,5,5,1.0,0.0145772594752186,1.0
banknote,1,1048,gates_1,0,167,149,0.8922155688622755,0.4868804664723032,1.0
banknote,1,1048,gates_2,0,136,121,0.8897058823529411,0.3965014577259475,1.0
banknote,1,1048,gates_4,0,52,46,0.8846153846153846,0.151603498542274,1.0
banknote,1,1048,gates_8,0,36,30,0.8333333333333334,0.1049562682215743,1.0
banknote,1,1136,gates_1,0,270,150,0.5555555555555556,0.7871720116618076,1.0
banknote,1,1136,gates_2,0,152,71,0.4671052631578947,0.4431486880466472,1.0
banknote,1,1136,gates_4,0,42,34,0.8095238095238095,0.1224489795918367,1.0
banknote,1,1136,gates_8,0,36,30,0.8333333333333334,0.1049562682215743,1.0
banknote,1,1154,gates_1,0,152,82,0.5394736842105263,0.4431486880466472,1.0
banknote,1,1154,gates_2,0,101,77,0.7623762376237624,0.2944606413994169,1.0
banknote,1,1154,gates_4,0,84,77,0.9166666666666666,0.2448979591836734,1.0
banknote,1,1154,gates_8,0,54,50,0.925925925925926,0.1574344023323615,1.0
banknote,1,1259,gates_1,0,152,82,0.5394736842105263,0.4431486880466472,1.0
banknote,1,1259,gates_2,0,101,77,0.7623762376237624,0.2944606413994169,1.0
banknote,1,1259,gates_4,0,69,63,0.9130434782608696,0.2011661807580174,1.0
banknote,1,1259,gates_8,0,35,33,0.9428571428571428,0.1020408163265306,1.0
banknote,2,7,gates_1,1,151,15,0.0993377483443708,0.4402332361516035,1.0
banknote,2,7,gates_2,1,69,11,0.1594202898550724,0.2011661807580174,1.0
banknote,2,7,gates_4,1,36,11,0.3055555555555556,0.1049562682215743,1.0
banknote,2,7,gates_8,1,34,9,0.2647058823529412,0.0991253644314868,1.0
banknote,2,68,gates_1,1,182,155,0.8516483516483516,0.5306122448979592,1.0
banknote,2,68,gates_2,1,125,123,0.984,0.3644314868804664,1.0
banknote,2,68,gates_4,1,70,69,0.9857142857142858,0.2040816326530612,1.0
banknote,2,68,gates_8,1,56,56,1.0,0.1632653061224489,1.0
banknote,2,105,gates_1,1,182,155,0.8516483516483516,0.5306122448979592,1.0
banknote,2,105,gates_2,1,125,123,0.984,0.3644314868804664,1.0
banknote,2,105,gates_4,1,124,123,0.9919354838709676,0.3615160349854227,1.0
banknote,2,105,gates_8,1,110,110,1.0,0.3206997084548105,1.0
banknote,2,160,gates_1,1,182,155,0.8516483516483516,0.5306122448979592,1.0
banknote,2,160,gates_2,1,125,123,0.984,0.3644314868804664,1.0
banknote,2,160,gates_4,1,70,69,0.9857142857142858,0.2040816326530612,1.0
banknote,2,160,gates_8,1,56,56,1.0,0.1632653061224489,1.0
banknote,2,183,gates_1,1,182,155,0.8516483516483516,0.5306122448979592,1.0
banknote,2,183,gates_2,1,125,123,0.984,0.3644314868804664,1.0
banknote,2,183,gates_4,1,70,69,0.9857142857142858,0.2040816326530612,1.0
banknote,2,183,gates_8,1,56,56,1.0,0.1632653061224489,1.0
banknote,2,278,gates_1,1,236,168,0.711864406779661,0.6880466472303207,1.0
banknote,2,278,gates_2,1,99,35,0.3535353535353535,0.2886297376093295,1.0
banknote,2,278,gates_4,1,28,22,0.7857142857142857,0.0816326530612244,1.0
banknote,2,278,gates_8,1,20,19,0.95,0.0583090379008746,1.0
banknote,2,301,gates_1,1,182,155,0.8516483516483516,0.5306122448979592,1.0
banknote,2,301,gates_2,1,125,123,0.984,0.3644314868804664,1.0
banknote,2,301,gates_4,1,70,69,0.9857142857142858,0.2040816326530612,1.0
banknote,2,301,gates_8,1,56,56,1.0,0.1632653061224489,1.0
banknote,2,308,gates_1,1,182,155,0.8516483516483516,0.5306122448979592,1.0
banknote,2,308,gates_2,1,125,123,0.984,0.3644314868804664,1.0
banknote,2,308,gates_4,1,70,69,0.9857142857142858,0.2040816326530612,1.0
banknote,2,308,gates_8,1,70,69,0.9857142857142858,0.2040816326530612,1.0
banknote,2,322,gates_1,1,224,160,0.7142857142857143,0.6530612244897959,1.0
banknote,2,322,gates_2,1,154,136,0.8831168831168831,0.4489795918367347,1.0
banknote,2,322,gates_4,1,110,110,1.0,0.3206997084548105,1.0
banknote,2,322,gates_8,1,13,13,1.0,0.0379008746355685,1.0
banknote,2,417,gates_1,1,182,155,0.8516483516483516,0.5306122448979592,1.0
banknote,2,417,gates_2,1,125,123,0.984,0.3644314868804664,1.0
banknote,2,417,gates_4,1,124,123,0.9919354838709676,0.3615160349854227,1.0
banknote,2,417,gates_8,1,110,110,1.0,0.3206997084548105,1.0
banknote,2,756,gates_1,1,182,155,0.8516483516483516,0.5306122448979592,1.0
banknote,2,756,gates_2,1,125,123,0.984,0.3644314868804664,1.0
banknote,2,756,gates_4,1,70,69,0.9857142857142858,0.2040816326530612,1.0
banknote,2,756,gates_8,1,70,69,0.9857142857142858,0.2040816326530612,1.0
banknote,2,795,gates_1,0,166,126,0.7590361445783133,0.4839650145772595,1.0
banknote,2,795,gates_2,0,166,126,0.7590361445783133,0.4839650145772595,1.0
banknote,2,795,gates_4,0,97,90,0.9278350515463918,0.282798833819242,1.0
banknote,2,795,gates_8,0,82,75,0.9146341463414634,0.239067055393586,1.0
banknote,2,848,gates_1,0,224,64,0.2857142857142857,0.6530612244897959,1.0
banknote,2,848,gates_2,0,69,58,0.8405797101449275,0.2011661807580174,1.0
banknote,2,848,gates_4,0,37,33,0.8918918918918919,0.107871720116618,1.0
banknote,2,848,gates_8,0,35,31,0.8857142857142857,0.1020408163265306,1.0
banknote,2,1011,gates_1,0,236,68,0.288135593220339,0.6880466472303207,1.0
banknote,2,1011,gates_2,0,66,59,0.8939393939393939,0.1924198250728863,1.0
banknote,2,1011,gates_4,0,58,55,0.9482758620689656,0.1690962099125364,1.0
banknote,2,1011,gates_8,0,29,29,1.0,0.0845481049562682,1.0
banknote,2,1024,gates_1,0,224,64,0.2857142857142857,0.6530612244897959,1.0
banknote,2,1024,gates_2,0,69,58,0.8405797101449275,0.2011661807580174,1.0
banknote,2,1024,gates_4,0,68,58,0.8529411764705882,0.1982507288629737,1.0
banknote,2,1024,gates_8,0,61,56,0.918032786885246,0.1778425655976676,1.0
banknote,2,1048,gates_1,0,151,136,0.9006622516556292,0.4402332361516035,1.0
banknote,2,1048,gates_2,0,118,111,0.940677966101695,0.3440233236151603,1.0
banknote,2,1048,gates_4,0,111,107,0.963963963963964,0.3236151603498542,1.0
banknote,2,1048,gates_8,0,52,52,1.0,0.151603498542274,1.0
banknote,2,1080,gates_1,0,151,136,0.9006622516556292,0.4402332361516035,1.0
banknote,2,1080,gates_2,0,118,111,0.940677966101695,0.3440233236151603,1.0
banknote,2,1080,gates_4,0,111,107,0.963963963963964,0.3236151603498542,1.0
banknote,2,1080,gates_8,0,32,28,0.875,0.0932944606413994,1.0
banknote,2,1198,gates_1,0,224,64,0.2857142857142857,0.6530612244897959,1.0
banknote,2,1198,gates_2,0,69,58,0.8405797101449275,0.2011661807580174,1.0
banknote,2,1198,gates_4,0,37,33,0.8918918918918919,0.107871720116618,1.0
banknote,2,1198,gates_8,0,35,31,0.8857142857142857,0.1020408163265306,1.0
banknote,2,1209,gates_1,0,151,136,0.9006622516556292,0.4402332361516035,1.0
banknote,2,1209,gates_2,0,118,111,0.940677966101695,0.3440233236151603,1.0
banknote,2,1209,gates_4,0,82,78,0.951219512195122,0.239067055393586,1.0
banknote,2,1209,gates_8,0,64,60,0.9375,0.1865889212827988,1.0
banknote,2,1349,gates_1,0,151,136,0.9006622516556292,0.4402332361516035,1.0
banknote,2,1349,gates_2,0,118,111,0.940677966101695,0.3440233236151603,1.0
banknote,2,1349,gates_4,0,82,78,0.951219512195122,0.239067055393586,1.0
banknote,2,1349,gates_8,0,64,60,0.9375,0.1865889212827988,1.0
banknote,3,68,gates_1,1,256,189,0.73828125,0.7463556851311953,1.0
banknote,3,68,gates_2,1,122,113,0.9262295081967212,0.3556851311953353,1.0
banknote,3,68,gates_4,1,97,97,1.0,0.282798833819242,1.0
banknote,3,68,gates_8,1,97,97,1.0,0.282798833819242,1.0
banknote,3,69,gates_1,1,256,189,0.73828125,0.7463556851311953,1.0
banknote,3,69,gates_2,1,122,113,0.9262295081967212,0.3556851311953353,1.0
banknote,3,69,gates_4,1,97,97,1.0,0.282798833819242,1.0
banknote,3,69,gates_8,1,97,97,1.0,0.282798833819242,1.0
banknote,3,104,gates_1,1,256,189,0.73828125,0.7463556851311953,1.0
banknote,3,104,gates_2,1,93,80,0.8602150537634409,0.271137026239067,1.0
banknote,3,104,gates_4,1,74,66,0.8918918918918919,0.2157434402332361,1.0
banknote,3,104,gates_8,1,68,66,0.9705882352941176,0.1982507288629737,1.0
banknote,3,153,gates_1,1,256,189,0.73828125,0.7463556851311953,1.0
banknote,3,153,gates_2,1,93,80,0.8602150537634409,0.271137026239067,1.0
banknote,3,153,gates_4,1,50,50,1.0,0.1457725947521866,1.0
banknote,3,153,gates_8,1,50,50,1.0,0.1457725947521866,1.0
banknote,3,252,gates_1,1,256,189,0.73828125,0.7463556851311953,1.0
banknote,3,252,gates_2,1,122,113,0.9262295081967212,0.3556851311953353,1.0
banknote,3,252,gates_4,1,97,97,1.0,0.282798833819242,1.0
banknote,3,252,gates_8,1,97,97,1.0,0.282798833819242,1.0
banknote,3,275,gates_1,1,256,189,0.73828125,0.7463556851311953,1.0
banknote,3,275,gates_2,1,93,80,0.8602150537634409,0.271137026239067,1.0
banknote,3,275,gates_4,1,50,50,1.0,0.1457725947521866,1.0
banknote,3,275,gates_8,1,50,50,1.0,0.1457725947521866,1.0
banknote,3,281,gates_1,1,256,189,0.73828125,0.7463556851311953,1.0
banknote,3,281,gates_2,1,93,80,0.8602150537634409,0.271137026239067,1.0
banknote,3,281,gates_4,1,86,77,0.8953488372093024,0.2507288629737609,1.0
banknote,3,281,gates_8,1,16,15,0.9375,0.0466472303206997,1.0
banknote,3,358,gates_1,1,256,189,0.73828125,0.7463556851311953,1.0
banknote,3,358,gates_2,1,93,80,0.8602150537634409,0.271137026239067,1.0
banknote,3,358,gates_4,1,50,50,1.0,0.1457725947521866,1.0
banknote,3,358,gates_8,1,50,50,1.0,0.1457725947521866,1.0
banknote,3,421,gates_1,1,256,189,0.73828125,0.7463556851311953,1.0
banknote,3,421,gates_2,1,122,113,0.9262295081967212,0.3556851311953353,1.0
banknote,3,421,gates_4,1,122,113,0.9262295081967212,0.3556851311953353,1.0
banknote,3,421,gates_8,1,8,7,0.875,0.0233236151603498,1.0
banknote,3,494,gates_1,1,256,189,0.73828125,0.7463556851311953,1.0
banknote,3,494,gates_2,1,256,189,0.73828125,0.7463556851311953,1.0
banknote,3,494,gates_4,1,188,179,0.952127659574468,0.5481049562682215,1.0
banknote,3,494,gates_8,1,73,66,0.9041095890410958,0.2128279883381924,1.0
banknote,3,597,gates_1,1,256,189,0.73828125,0.7463556851311953,1.0
banknote,3,597,gates_2,1,93,80,0.8602150537634409,0.271137026239067,1.0
banknote,3,597,gates_4,1,50,50,1.0,0.1457725947521866,1.0
banknote,3,597,gates_8,1,50,50,1.0,0.1457725947521866,1.0
banknote,3,873,gates_1,0,141,128,0.9078014184397164,0.4110787172011662,1.0
banknote,3,873,gates_2,0,43,41,0.9534883720930232,0.1253644314868804,1.0
banknote,3,873,gates_4,0,31,31,1.0,0.0903790087463556,1.0
banknote,3,873,gates_8,0,28,28,1.0,0.0816326530612244,1.0
banknote,3,886,gates_1,0,141,128,0.9078014184397164,0.4110787172011662,1.0
banknote,3,886,gates_2,0,68,56,0.8235294117647058,0.1982507288629737,1.0
banknote,3,886,gates_4,0,60,56,0.9333333333333332,0.1749271137026239,1.0
banknote,3,886,gates_8,0,56,53,0.9464285714285714,0.1632653061224489,1.0
banknote,3,1024,gates_1,0,141,128,0.9078014184397164,0.4110787172011662,1.0
banknote,3,1024,gates_2,0,68,56,0.8235294117647058,0.1982507288629737,1.0
banknote,3,1024,gates_4,0,60,56,0.9333333333333332,0.1749271137026239,1.0
banknote,3,1024,gates_8,0,56,53,0.9464285714285714,0.1632653061224489,1.0
banknote,3,1101,gates_1,0,147,65,0.4421768707482993,0.4285714285714285,1.0
banknote,3,1101,gates_2,0,93,13,0.1397849462365591,0.271137026239067,1.0
banknote,3,1101,gates_4,0,15,9,0.6,0.0437317784256559,1.0
banknote,3,1101,gates_8,0,10,8,0.8,0.0291545189504373,1.0
banknote,3,1205,gates_1,0,141,128,0.9078014184397164,0.4110787172011662,1.0
banknote,3,1205,gates_2,0,95,85,0.8947368421052632,0.2769679300291545,1.0
banknote,3,1205,gates_4,0,26,25,0.9615384615384616,0.075801749271137,1.0
banknote,3,1205,gates_8,0,25,25,1.0,0.0728862973760933,1.0
banknote,3,1253,gates_1,0,141,128,0.9078014184397164,0.4110787172011662,1.0
banknote,3,1253,gates_2,0,68,56,0.8235294117647058,0.1982507288629737,1.0
banknote,3,1253,gates_4,0,60,56,0.9333333333333332,0.1749271137026239,1.0
banknote,3,1253,gates_8,0,56,53,0.9464285714285714,0.1632653061224489,1.0
banknote,3,1266,gates_1,0,141,128,0.9078014184397164,0.4110787172011662,1.0
banknote,3,1266,gates_2,0,95,85,0.8947368421052632,0.2769679300291545,1.0
banknote,3,1266,gates_4,0,26,25,0.9615384615384616,0.075801749271137,1.0
banknote,3,1266,gates_8,0,25,25,1.0,0.0728862973760933,1.0
banknote,3,1287,gates_1,0,141,128,0.9078014184397164,0.4110787172011662,1.0
banknote,3,1287,gates_2,0,95,85,0.8947368421052632,0.2769679300291545,1.0
banknote,3,1287,gates_4,0,85,84,0.9882352941176472,0.2478134110787172,1.0
banknote,3,1287,gates_8,0,25,25,1.0,0.0728862973760933,1.0
banknote,3,1322,gates_1,0,141,128,0.9078014184397164,0.4110787172011662,1.0
banknote,3,1322,gates_2,0,68,56,0.8235294117647058,0.1982507288629737,1.0
banknote,3,1322,gates_4,0,60,56,0.9333333333333332,0.1749271137026239,1.0
banknote,3,1322,gates_8,0,56,53,0.9464285714285714,0.1632653061224489,1.0
banknote,4,139,gates_1,1,280,192,0.6857142857142857,0.8163265306122449,1.0
banknote,4,139,gates_2,1,251,181,0.7211155378486056,0.7317784256559767,1.0
banknote,4,139,gates_4,1,84,14,0.1666666666666666,0.2448979591836734,1.0
banknote,4,139,gates_8,1,1,1,1.0,0.0029154518950437,1.0
banknote,4,154,gates_1,1,274,181,0.6605839416058394,0.7988338192419825,1.0
banknote,4,154,gates_2,1,251,181,0.7211155378486056,0.7317784256559767,1.0
banknote,4,154,gates_4,1,90,80,0.8888888888888888,0.2623906705539358,1.0
banknote,4,154,gates_8,1,64,64,1.0,0.1865889212827988,1.0
banknote,4,173,gates_1,1,274,181,0.6605839416058394,0.7988338192419825,1.0
banknote,4,173,gates_2,1,251,181,0.7211155378486056,0.7317784256559767,1.0
banknote,4,173,gates_4,1,90,80,0.8888888888888888,0.2623906705539358,1.0
banknote,4,173,gates_8,1,69,69,1.0,0.2011661807580174,1.0
banknote,4,203,gates_1,1,280,192,0.6857142857142857,0.8163265306122449,1.0
banknote,4,203,gates_2,1,251,181,0.7211155378486056,0.7317784256559767,1.0
banknote,4,203,gates_4,1,90,80,0.8888888888888888,0.2623906705539358,1.0
banknote,4,203,gates_8,1,62,62,1.0,0.1807580174927113,1.0
banknote,4,240,gates_1,1,280,192,0.6857142857142857,0.8163265306122449,1.0
banknote,4,240,gates_2,1,251,181,0.7211155378486056,0.7317784256559767,1.0
banknote,4,240,gates_4,1,173,142,0.8208092485549133,0.5043731778425656,1.0
banknote,4,240,gates_8,1,62,62,1.0,0.1807580174927113,1.0
banknote,4,322,gates_1,1,280,192,0.6857142857142857,0.8163265306122449,1.0
banknote,4,322,gates_2,1,251,181,0.7211155378486056,0.7317784256559767,1.0
banknote,4,322,gates_4,1,63,15,0.238095238095238,0.1836734693877551,1.0
banknote,4,322,gates_8,1,11,9,0.8181818181818182,0.032069970845481,1.0
banknote,4,456,gates_1,1,274,181,0.6605839416058394,0.7988338192419825,1.0
banknote,4,456,gates_2,1,251,181,0.7211155378486056,0.7317784256559767,1.0
banknote,4,456,gates_4,1,199,159,0.7989949748743719,0.5801749271137027,1.0
banknote,4,456,gates_8,1,124,121,0.9758064516129032,0.3615160349854227,1.0
banknote,4,466,gates_1,1,274,181,0.6605839416058394,0.7988338192419825,1.0
banknote,4,466,gates_2,1,251,181,0.7211155378486056,0.7317784256559767,1.0
banknote,4,466,gates_4,1,90,80,0.8888888888888888,0.2623906705539358,1.0
banknote,4,466,gates_8,1,64,64,1.0,0.1865889212827988,1.0
banknote,4,524,gates_1,1,274,181,0.6605839416058394,0.7988338192419825,1.0
banknote,4,524,gates_2,1,251,181,0.7211155378486056,0.7317784256559767,1.0
banknote,4,524,gates_4,1,90,80,0.8888888888888888,0.2623906705539358,1.0
banknote,4,524,gates_8,1,64,64,1.0,0.1865889212827988,1.0
banknote,4,684,gates_1,1,274,181,0.6605839416058394,0.7988338192419825,1.0
banknote,4,684,gates_2,1,251,181,0.7211155378486056,0.7317784256559767,1.0
banknote,4,684,gates_4,1,46,16,0.3478260869565217,0.1341107871720116,1.0
banknote,4,684,gates_8,1,10,5,0.5,0.0291545189504373,1.0
banknote,4,697,gates_1,1,280,192,0.6857142857142857,0.8163265306122449,1.0
banknote,4,697,gates_2,1,251,181,0.7211155378486056,0.7317784256559767,1.0
banknote,4,697,gates_4,1,173,142,0.8208092485549133,0.5043731778425656,1.0
banknote,4,697,gates_8,1,62,62,1.0,0.1807580174927113,1.0
banknote,4,904,gates_1,0,280,88,0.3142857142857143,0.8163265306122449,1.0
banknote,4,904,gates_2,0,251,70,0.2788844621513944,0.7317784256559767,1.0
banknote,4,904,gates_4,0,84,70,0.8333333333333334,0.2448979591836734,1.0
banknote,4,904,gates_8,0,23,17,0.7391304347826086,0.0670553935860058,1.0
banknote,4,958,gates_1,0,197,46,0.233502538071066,0.5743440233236151,1.0
banknote,4,958,gates_2,0,197,46,0.233502538071066,0.5743440233236151,1.0
banknote,4,958,gates_4,0,53,46,0.8679245283018868,0.1545189504373177,1.0
banknote,4,958,gates_8,0,49,44,0.8979591836734694,0.1428571428571428,1.0
banknote,4,966,gates_1,0,280,88,0.3142857142857143,0.8163265306122449,1.0
banknote,4,966,gates_2,0,197,46,0.233502538071066,0.5743440233236151,1.0
banknote,4,966,gates_4,0,53,46,0.8679245283018868,0.1545189504373177,1.0
banknote,4,966,gates_8,0,46,41,0.8913043478260869,0.1341107871720116,1.0
banknote,4,975,gates_1,0,207,151,0.7294685990338164,0.6034985422740525,1.0
banknote,4,975,gates_2,0,152,128,0.8421052631578947,0.4431486880466472,1.0
banknote,4,975,gates_4,0,93,88,0.946236559139785,0.271137026239067,1.0
banknote,4,975,gates_8,0,46,44,0.9565217391304348,0.1341107871720116,1.0
banknote,4,1084,gates_1,0,280,88,0.3142857142857143,0.8163265306122449,1.0
banknote,4,1084,gates_2,0,93,65,0.6989247311827957,0.271137026239067,1.0
banknote,4,1084,gates_4,0,71,65,0.9154929577464788,0.2069970845481049,1.0
banknote,4,1084,gates_8,0,12,9,0.75,0.0349854227405247,1.0
banknote,4,1184,gates_1,0,197,46,0.233502538071066,0.5743440233236151,1.0
banknote,4,1184,gates_2,0,197,46,0.233502538071066,0.5743440233236151,1.0
banknote,4,1184,gates_4,0,53,46,0.8679245283018868,0.1545189504373177,1.0
banknote,4,1184,gates_8,0,25,23,0.92,0.0728862973760933,1.0
banknote,4,1226,gates_1,0,207,151,0.7294685990338164,0.6034985422740525,1.0
banknote,4,1226,gates_2,0,152,128,0.8421052631578947,0.4431486880466472,1.0
banknote,4,1226,gates_4,0,93,88,0.946236559139785,0.271137026239067,1.0
banknote,4,1226,gates_8,0,46,44,0.9565217391304348,0.1341107871720116,1.0
banknote,4,1241,gates_1,0,280,88,0.3142857142857143,0.8163265306122449,1.0
banknote,4,1241,gates_2,0,144,88,0.6111111111111112,0.4198250728862974,1.0
banknote,4,1241,gates_4,0,85,65,0.7647058823529411,0.2478134110787172,1.0
banknote,4,1241,gates_8,0,36,34,0.9444444444444444,0.1049562682215743,1.0
banknote,4,1278,gates_1,0,280,88,0.3142857142857143,0.8163265306122449,1.0
banknote,4,1278,gates_2,0,197,46,0.233502538071066,0.5743440233236151,1.0
banknote,4,1278,gates_4,0,53,46,0.8679245283018868,0.1545189504373177,1.0
banknote,4,1278,gates_8,0,46,41,0.8913043478260869,0.1341107871720116,1.0
blood,0,82,gates_1,1,63,33,0.5238095238095238,0.3368983957219251,1.0
blood,0,82,gates_2,1,54,24,0.4444444444444444,0.2887700534759358,1.0
blood,0,82,gates_4,1,22,20,0.9090909090909092,0.1176470588235294,1.0
blood,0,82,gates_8,1,4,2,0.5,0.0213903743315508,1.0
blood,0,114,gates_1,1,109,76,0.6972477064220184,0.5828877005347594,1.0
blood,0,114,gates_2,1,109,76,0.6972477064220184,0.5828877005347594,1.0
blood,0,114,gates_4,1,11,11,1.0,0.0588235294117647,1.0
blood,0,114,gates_8,1,11,11,1.0,0.0588235294117647,1.0
blood,0,155,gates_1,1,50,48,0.96,0.267379679144385,1.0
blood,0,155,gates_2,1,48,47,0.9791666666666666,0.2566844919786096,1.0
blood,0,155,gates_4,1,17,16,0.9411764705882352,0.0909090909090909,1.0
blood,0,155,gates_8,1,14,13,0.9285714285714286,0.0748663101604278,1.0
blood,0,162,gates_1,1,50,48,0.96,0.267379679144385,1.0
blood,0,162,gates_2,1,48,47,0.9791666666666666,0.2566844919786096,1.0
blood,0,162,gates_4,1,17,16,0.9411764705882352,0.0909090909090909,1.0
blood,0,162,gates_8,1,14,13,0.9285714285714286,0.0748663101604278,1.0
blood,0,178,gates_1,1,109,76,0.6972477064220184,0.5828877005347594,1.0
blood,0,178,gates_2,1,61,58,0.9508196721311476,0.3262032085561497,1.0
blood,0,178,gates_4,1,7,6,0.8571428571428571,0.0374331550802139,1.0
blood,0,178,gates_8,1,6,5,0.8333333333333334,0.0320855614973262,1.0
blood,0,186,gates_1,1,113,107,0.9469026548672568,0.6042780748663101,1.0
blood,0,186,gates_2,1,108,105,0.9722222222222222,0.5775401069518716,1.0
blood,0,186,gates_4,1,17,16,0.9411764705882352,0.0909090909090909,1.0
blood,0,186,gates_8,1,5,4,0.8,0.0267379679144385,1.0
blood,0,223,gates_1,1,50,48,0.96,0.267379679144385,1.0
blood,0,223,gates_2,1,50,48,0.96,0.267379679144385,1.0
blood,0,223,gates_4,1,49,47,0.9591836734693876,0.2620320855614973,1.0
blood,0,223,gates_8,1,36,35,0.9722222222222222,0.1925133689839572,1.0
blood,0,291,gates_1,1,93,92,0.989247311827957,0.4973262032085561,1.0
blood,0,291,gates_2,1,44,43,0.9772727272727272,0.2352941176470588,1.0
blood,0,291,gates_4,1,6,6,1.0,0.0320855614973262,1.0
blood,0,291,gates_8,1,1,1,1.0,0.0053475935828877,1.0
blood,0,297,gates_1,1,50,48,0.96,0.267379679144385,1.0
blood,0,297,gates_2,1,22,22,1.0,0.1176470588235294,1.0
blood,0,297,gates_4,1,11,11,1.0,0.0588235294117647,1.0
blood,0,297,gates_8,1,11,11,1.0,0.0588235294117647,1.0
blood,0,328,gates_1,1,85,63,0.7411764705882353,0.4545454545454545,1.0
blood,0,328,gates_2,1,59,37,0.6271186440677966,0.3155080213903743,1.0
blood,0,328,gates_4,1,29,28,0.9655172413793104,0.1550802139037433,1.0
blood,0,328,gates_8,1,21,21,1.0,0.1122994652406417,1.0
blood,0,361,gates_1,1,123,93,0.7560975609756098,0.6577540106951871,1.0
blood,0,361,gates_2,1,61,61,1.0,0.3262032085561497,1.0
blood,0,361,gates_4,1,17,17,1.0,0.0909090909090909,1.0
blood,0,361,gates_8,1,9,9,1.0,0.0481283422459893,1.0
blood,0,447,gates_1,1,85,63,0.7411764705882353,0.4545454545454545,1.0
blood,0,447,gates_2,1,39,39,1.0,0.2085561497326203,1.0
blood,0,447,gates_4,1,14,14,1.0,0.0748663101604278,1.0
blood,0,447,gates_8,1,10,10,1.0,0.053475935828877,1.0
blood,0,500,gates_1,0,161,33,0.2049689440993788,0.8609625668449198,1.0
blood,0,500,gates_2,0,25,5,0.2,0.1336898395721925,1.0
blood,0,500,gates_4,0,5,5,1.0,0.0267379679144385,1.0
blood,0,500,gates_8,0,5,5,1.0,0.0267379679144385,1.0
blood,0,506,gates_1,0,88,14,0.1590909090909091,0.4705882352941176,1.0
blood,0,506,gates_2,0,35,13,0.3714285714285714,0.1871657754010695,1.0
blood,0,506,gates_4,0,13,12,0.9230769230769232,0.0695187165775401,1.0
blood,0,506,gates_8,0,9,9,1.0,0.0481283422459893,1.0
blood,0,552,gates_1,0,79,34,0.430379746835443,0.4224598930481283,1.0
blood,0,552,gates_2,0,71,30,0.4225352112676056,0.3796791443850267,1.0
blood,0,552,gates_4,0,39,26,0.6666666666666666,0.2085561497326203,1.0
blood,0,552,gates_8,0,23,22,0.9565217391304348,0.1229946524064171,1.0
blood,0,635,gates_1,1,33,12,0.3636363636363636,0.1764705882352941,1.0
blood,0,635,gates_2,1,31,11,0.3548387096774194,0.1657754010695187,1.0
blood,0,635,gates_4,1,12,10,0.8333333333333334,0.0641711229946524,1.0
blood,0,635,gates_8,1,5,5,1.0,0.0267379679144385,1.0
blood,0,637,gates_1,1,20,17,0.85,0.106951871657754,1.0
blood,0,637,gates_2,1,18,15,0.8333333333333334,0.0962566844919786,1.0
blood,0,637,gates_4,1,14,11,0.7857142857142857,0.0748663101604278,1.0
blood,0,637,gates_8,1,5,4,0.8,0.0267379679144385,1.0
blood,0,649,gates_1,1,93,92,0.989247311827957,0.4973262032085561,1.0
blood,0,649,gates_2,1,7,7,1.0,0.0374331550802139,1.0
blood,0,649,gates_4,1,6,6,1.0,0.0320855614973262,1.0
blood,0,649,gates_8,1,2,2,1.0,0.0106951871657754,1.0
blood,0,692,gates_1,1,50,48,0.96,0.267379679144385,1.0
blood,0,692,gates_2,1,22,22,1.0,0.1176470588235294,1.0
blood,0,692,gates_4,1,22,22,1.0,0.1176470588235294,1.0
blood,0,692,gates_8,1,21,21,1.0,0.1122994652406417,1.0
blood,0,694,gates_1,1,50,48,0.96,0.267379679144385,1.0
blood,0,694,gates_2,1,22,22,1.0,0.1176470588235294,1.0
blood,0,694,gates_4,1,22,22,1.0,0.1176470588235294,1.0
blood,0,694,gates_8,1,21,21,1.0,0.1122994652406417,1.0
blood,1,10,gates_1,0,136,40,0.2941176470588235,0.7272727272727273,1.0
blood,1,10,gates_2,0,94,24,0.2553191489361702,0.5026737967914439,1.0
blood,1,10,gates_4,0,23,6,0.2608695652173913,0.1229946524064171,1.0
blood,1,10,gates_8,0,6,1,0.1666666666666666,0.0320855614973262,1.0
blood,1,118,gates_1,1,105,71,0.6761904761904762,0.5614973262032086,1.0
blood,1,118,gates_2,1,105,71,0.6761904761904762,0.5614973262032086,1.0
blood,1,118,gates_4,1,80,50,0.625,0.427807486631016,1.0
blood,1,118,gates_8,1,15,8,0.5333333333333333,0.0802139037433155,1.0
blood,1,121,gates_1,0,113,43,0.3805309734513274,0.6042780748663101,1.0
blood,1,121,gates_2,0,73,34,0.4657534246575342,0.3903743315508021,1.0
blood,1,121,gates_4,0,18,9,0.5,0.0962566844919786,1.0
blood,1,121,gates_8,0,15,7,0.4666666666666667,0.0802139037433155,1.0
blood,1,127,gates_1,1,113,70,0.6194690265486725,0.6042780748663101,1.0
blood,1,127,gates_2,1,73,39,0.5342465753424658,0.3903743315508021,1.0
blood,1,127,gates_4,1,18,9,0.5,0.0962566844919786,1.0
blood,1,127,gates_8,1,14,9,0.6428571428571429,0.0748663101604278,1.0
blood,1,161,gates_1,1,105,71,0.6761904761904762,0.5614973262032086,1.0
blood,1,161,gates_2,1,45,43,0.9555555555555556,0.2406417112299465,1.0
blood,1,161,gates_4,1,41,39,0.951219512195122,0.2192513368983957,1.0
blood,1,161,gates_8,1,37,36,0.972972972972973,0.1978609625668449,1.0
blood,1,253,gates_1,1,106,96,0.9056603773584906,0.5668449197860963,1.0
blood,1,253,gates_2,1,58,51,0.8793103448275862,0.3101604278074866,1.0
blood,1,253,gates_4,1,17,13,0.7647058823529411,0.0909090909090909,1.0
blood,1,253,gates_8,1,0,0,,0.0,0.0
blood,1,282,gates_1,1,106,96,0.9056603773584906,0.5668449197860963,1.0
blood,1,282,gates_2,1,58,51,0.8793103448275862,0.3101604278074866,1.0
blood,1,282,gates_4,1,15,10,0.6666666666666666,0.0802139037433155,1.0
blood,1,282,gates_8,1,10,7,0.7,0.053475935828877,1.0
blood,1,287,gates_1,1,106,96,0.9056603773584906,0.5668449197860963,1.0
blood,1,287,gates_2,1,64,62,0.96875,0.3422459893048128,1.0
blood,1,287,gates_4,1,38,36,0.9473684210526316,0.2032085561497326,1.0
blood,1,287,gates_8,1,16,15,0.9375,0.0855614973262032,1.0
blood,1,312,gates_1,1,136,96,0.7058823529411765,0.7272727272727273,1.0
blood,1,312,gates_2,1,94,70,0.7446808510638298,0.5026737967914439,1.0
blood,1,312,gates_4,1,38,31,0.8157894736842105,0.2032085561497326,1.0
blood,1,312,gates_8,1,15,13,0.8666666666666667,0.0802139037433155,1.0
blood,1,379,gates_1,1,60,51,0.85,0.320855614973262,1.0
blood,1,379,gates_2,1,49,41,0.8367346938775511,0.2620320855614973,1.0
blood,1,379,gates_4,1,15,15,1.0,0.0802139037433155,1.0
blood,1,379,gates_8,1,15,15,1.0,0.0802139037433155,1.0
blood,1,387,gates_1,1,60,51,0.85,0.320855614973262,1.0
blood,1,387,gates_2,1,49,41,0.8367346938775511,0.2620320855614973,1.0
blood,1,387,gates_4,1,15,15,1.0,0.0802139037433155,1.0
blood,1,387,gates_8,1,15,15,1.0,0.0802139037433155,1.0
blood,1,457,gates_1,1,60,51,0.85,0.320855614973262,1.0
blood,1,457,gates_2,1,27,23,0.8518518518518519,0.1443850267379679,1.0
blood,1,457,gates_4,1,26,23,0.8846153846153846,0.1390374331550802,1.0
blood,1,457,gates_8,1,9,6,0.6666666666666666,0.0481283422459893,1.0
blood,1,466,gates_1,1,60,51,0.85,0.320855614973262,1.0
blood,1,466,gates_2,1,49,41,0.8367346938775511,0.2620320855614973,1.0
blood,1,466,gates_4,1,21,13,0.6190476190476191,0.1122994652406417,1.0
blood,1,466,gates_8,1,7,4,0.5714285714285714,0.0374331550802139,1.0
blood,1,503,gates_1,0,136,40,0.2941176470588235,0.7272727272727273,1.0
blood,1,503,gates_2,0,62,14,0.2258064516129032,0.3315508021390374,1.0
blood,1,503,gates_4,0,55,10,0.1818181818181818,0.2941176470588235,1.0
blood,1,503,gates_8,0,8,2,0.25,0.0427807486631016,1.0
blood,1,509,gates_1,0,100,17,0.17,0.5347593582887701,1.0
blood,1,509,gates_2,0,12,8,0.6666666666666666,0.0641711229946524,1.0
blood,1,509,gates_4,0,10,6,0.6,0.053475935828877,1.0
blood,1,509,gates_8,0,6,3,0.5,0.0320855614973262,1.0
blood,1,517,gates_1,0,136,40,0.2941176470588235,0.7272727272727273,1.0
blood,1,517,gates_2,0,62,14,0.2258064516129032,0.3315508021390374,1.0
blood,1,517,gates_4,0,23,8,0.3478260869565217,0.1229946524064171,1.0
blood,1,517,gates_8,0,7,2,0.2857142857142857,0.0374331550802139,1.0
blood,1,648,gates_1,1,106,96,0.9056603773584906,0.5668449197860963,1.0
blood,1,648,gates_2,1,39,29,0.7435897435897436,0.2085561497326203,1.0
blood,1,648,gates_4,1,10,8,0.8,0.053475935828877,1.0
blood,1,648,gates_8,1,9,8,0.8888888888888888,0.0481283422459893,1.0
blood,1,657,gates_1,1,136,96,0.7058823529411765,0.7272727272727273,1.0
blood,1,657,gates_2,1,94,70,0.7446808510638298,0.5026737967914439,1.0
blood,1,657,gates_4,1,38,31,0.8157894736842105,0.2032085561497326,1.0
blood,1,657,gates_8,1,15,13,0.8666666666666667,0.0802139037433155,1.0
blood,1,720,gates_1,1,60,51,0.85,0.320855614973262,1.0
blood,1,720,gates_2,1,44,40,0.9090909090909092,0.2352941176470588,1.0
blood,1,720,gates_4,1,14,10,0.7142857142857143,0.0748663101604278,1.0
blood,1,720,gates_8,1,3,2,0.6666666666666666,0.0160427807486631,1.0
blood,1,735,gates_1,1,60,51,0.85,0.320855614973262,1.0
blood,1,735,gates_2,1,49,41,0.8367346938775511,0.2620320855614973,1.0
blood,1,735,gates_4,1,34,30,0.8823529411764706,0.1818181818181818,1.0
blood,1,735,gates_8,1,20,16,0.8,0.106951871657754,1.0
blood,2,8,gates_1,0,57,18,0.3157894736842105,0.3048128342245989,1.0
blood,2,8,gates_2,0,50,16,0.32,0.267379679144385,1.0
blood,2,8,gates_4,0,0,0,,0.0,0.0
blood,2,8,gates_8,0,0,0,,0.0,0.0
blood,2,24,gates_1,1,72,66,0.9166666666666666,0.3850267379679144,1.0
blood,2,24,gates_2,1,37,36,0.972972972972973,0.1978609625668449,1.0
blood,2,24,gates_4,1,31,30,0.967741935483871,0.1657754010695187,1.0
blood,2,24,gates_8,1,8,8,1.0,0.0427807486631016,1.0
blood,2,139,gates_1,1,136,119,0.875,0.7272727272727273,1.0
blood,2,139,gates_2,1,67,54,0.8059701492537313,0.3582887700534759,1.0
blood,2,139,gates_4,1,30,24,0.8,0.160427807486631,1.0
blood,2,139,gates_8,1,15,14,0.9333333333333332,0.0802139037433155,1.0
blood,2,148,gates_1,1,136,119,0.875,0.7272727272727273,1.0
blood,2,148,gates_2,1,67,54,0.8059701492537313,0.3582887700534759,1.0
blood,2,148,gates_4,1,30,24,0.8,0.160427807486631,1.0
blood,2,148,gates_8,1,15,14,0.9333333333333332,0.0802139037433155,1.0
blood,2,160,gates_1,1,136,119,0.875,0.7272727272727273,1.0
blood,2,160,gates_2,1,67,54,0.8059701492537313,0.3582887700534759,1.0
blood,2,160,gates_4,1,30,24,0.8,0.160427807486631,1.0
blood,2,160,gates_8,1,15,14,0.9333333333333332,0.0802139037433155,1.0
blood,2,170,gates_1,1,136,119,0.875,0.7272727272727273,1.0
blood,2,170,gates_2,1,67,54,0.8059701492537313,0.3582887700534759,1.0
blood,2,170,gates_4,1,30,24,0.8,0.160427807486631,1.0
blood,2,170,gates_8,1,15,14,0.9333333333333332,0.0802139037433155,1.0
blood,2,197,gates_1,0,36,4,0.1111111111111111,0.1925133689839572,1.0
blood,2,197,gates_2,0,9,0,0.0,0.0481283422459893,1.0
blood,2,197,gates_4,0,1,0,0.0,0.0053475935828877,1.0
blood,2,197,gates_8,0,1,0,0.0,0.0053475935828877,1.0
blood,2,262,gates_1,1,111,90,0.8108108108108109,0.5935828877005348,1.0
blood,2,262,gates_2,1,58,48,0.8275862068965517,0.3101604278074866,1.0
blood,2,262,gates_4,1,58,48,0.8275862068965517,0.3101604278074866,1.0
blood,2,262,gates_8,1,16,14,0.875,0.0855614973262032,1.0
blood,2,306,gates_1,1,136,119,0.875,0.7272727272727273,1.0
blood,2,306,gates_2,1,67,54,0.8059701492537313,0.3582887700534759,1.0
blood,2,306,gates_4,1,52,44,0.8461538461538461,0.2780748663101604,1.0
blood,2,306,gates_8,1,28,24,0.8571428571428571,0.1497326203208556,1.0
blood,2,326,gates_1,1,111,90,0.8108108108108109,0.5935828877005348,1.0
blood,2,326,gates_2,1,93,73,0.7849462365591398,0.4973262032085561,1.0
blood,2,326,gates_4,1,61,48,0.7868852459016393,0.3262032085561497,1.0
blood,2,326,gates_8,1,29,24,0.8275862068965517,0.1550802139037433,1.0
blood,2,333,gates_1,1,36,32,0.8888888888888888,0.1925133689839572,1.0
blood,2,333,gates_2,1,9,9,1.0,0.0481283422459893,1.0
blood,2,333,gates_4,1,6,6,1.0,0.0320855614973262,1.0
blood,2,333,gates_8,1,2,2,1.0,0.0106951871657754,1.0
blood,2,334,gates_1,1,136,119,0.875,0.7272727272727273,1.0
blood,2,334,gates_2,1,79,72,0.9113924050632912,0.4224598930481283,1.0
blood,2,334,gates_4,1,74,67,0.9054054054054054,0.3957219251336898,1.0
blood,2,334,gates_8,1,27,27,1.0,0.1443850267379679,1.0
blood,2,536,gates_1,0,136,17,0.125,0.7272727272727273,1.0
blood,2,536,gates_2,0,100,17,0.17,0.5347593582887701,1.0
blood,2,536,gates_4,0,61,13,0.2131147540983606,0.3262032085561497,1.0
blood,2,536,gates_8,0,8,1,0.125,0.0427807486631016,1.0
blood,2,573,gates_1,1,136,119,0.875,0.7272727272727273,1.0
blood,2,573,gates_2,1,67,54,0.8059701492537313,0.3582887700534759,1.0
blood,2,573,gates_4,1,30,24,0.8,0.160427807486631,1.0
blood,2,573,gates_8,1,15,14,0.9333333333333332,0.0802139037433155,1.0
blood,2,585,gates_1,1,136,119,0.875,0.7272727272727273,1.0
blood,2,585,gates_2,1,67,54,0.8059701492537313,0.3582887700534759,1.0
blood,2,585,gates_4,1,30,24,0.8,0.160427807486631,1.0
blood,2,585,gates_8,1,15,14,0.9333333333333332,0.0802139037433155,1.0
blood,2,617,gates_1,1,136,119,0.875,0.7272727272727273,1.0
blood,2,617,gates_2,1,131,114,0.8702290076335878,0.7005347593582888,1.0
blood,2,617,gates_4,1,30,24,0.8,0.160427807486631,1.0
blood,2,617,gates_8,1,30,24,0.8,0.160427807486631,1.0
blood,2,668,gates_1,1,136,119,0.875,0.7272727272727273,1.0
blood,2,668,gates_2,1,58,48,0.8275862068965517,0.3101604278074866,1.0
blood,2,668,gates_4,1,40,33,0.825,0.213903743315508,1.0
blood,2,668,gates_8,1,9,9,1.0,0.0481283422459893,1.0
blood,2,702,gates_1,1,136,119,0.875,0.7272727272727273,1.0
blood,2,702,gates_2,1,79,72,0.9113924050632912,0.4224598930481283,1.0
blood,2,702,gates_4,1,74,67,0.9054054054054054,0.3957219251336898,1.0
blood,2,702,gates_8,1,27,27,1.0,0.1443850267379679,1.0
blood,2,719,gates_1,1,90,88,0.9777777777777776,0.481283422459893,1.0
blood,2,719,gates_2,1,73,72,0.9863013698630136,0.3903743315508021,1.0
blood,2,719,gates_4,1,23,22,0.9565217391304348,0.1229946524064171,1.0
blood,2,719,gates_8,1,15,15,1.0,0.0802139037433155,1.0
blood,2,729,gates_1,1,136,119,0.875,0.7272727272727273,1.0
blood,2,729,gates_2,1,79,72,0.9113924050632912,0.4224598930481283,1.0
blood,2,729,gates_4,1,11,11,1.0,0.0588235294117647,1.0
blood,2,729,gates_8,1,6,6,1.0,0.0320855614973262,1.0
blood,3,77,gates_1,1,19,19,1.0,0.1016042780748663,1.0
blood,3,77,gates_2,1,8,8,1.0,0.0427807486631016,1.0
blood,3,77,gates_4,1,8,8,1.0,0.0427807486631016,1.0
blood,3,77,gates_8,1,7,7,1.0,0.0374331550802139,1.0
blood,3,89,gates_1,1,89,64,0.7191011235955056,0.4759358288770053,1.0
blood,3,89,gates_2,1,66,41,0.6212121212121212,0.3529411764705882,1.0
blood,3,89,gates_4,1,14,9,0.6428571428571429,0.0748663101604278,1.0
blood,3,89,gates_8,1,13,8,0.6153846153846154,0.0695187165775401,1.0
blood,3,174,gates_1,1,19,19,1.0,0.1016042780748663,1.0
blood,3,174,gates_2,1,8,8,1.0,0.0427807486631016,1.0
blood,3,174,gates_4,1,8,8,1.0,0.0427807486631016,1.0
blood,3,174,gates_8,1,7,7,1.0,0.0374331550802139,1.0
blood,3,207,gates_1,1,163,139,0.852760736196319,0.8716577540106952,1.0
blood,3,207,gates_2,1,21,21,1.0,0.1122994652406417,1.0
blood,3,207,gates_4,1,8,8,1.0,0.0427807486631016,1.0
blood,3,207,gates_8,1,8,8,1.0,0.0427807486631016,1.0
blood,3,250,gates_1,1,109,108,0.9908256880733946,0.5828877005347594,1.0
blood,3,250,gates_2,1,55,55,1.0,0.2941176470588235,1.0
blood,3,250,gates_4,1,26,26,1.0,0.1390374331550802,1.0
blood,3,250,gates_8,1,13,13,1.0,0.0695187165775401,1.0
blood,3,256,gates_1,1,30,30,1.0,0.160427807486631,1.0
blood,3,256,gates_2,1,1,1,1.0,0.0053475935828877,1.0
blood,3,256,gates_4,1,0,0,,0.0,0.0
blood,3,256,gates_8,1,0,0,,0.0,0.0
blood,3,268,gates_1,1,163,139,0.852760736196319,0.8716577540106952,1.0
blood,3,268,gates_2,1,21,21,1.0,0.1122994652406417,1.0
blood,3,268,gates_4,1,4,4,1.0,0.0213903743315508,1.0
blood,3,268,gates_8,1,2,2,1.0,0.0106951871657754,1.0
blood,3,289,gates_1,1,109,108,0.9908256880733946,0.5828877005347594,1.0
blood,3,289,gates_2,1,55,55,1.0,0.2941176470588235,1.0
blood,3,289,gates_4,1,26,26,1.0,0.1390374331550802,1.0
blood,3,289,gates_8,1,26,26,1.0,0.1390374331550802,1.0
blood,3,305,gates_1,1,105,90,0.8571428571428571,0.5614973262032086,1.0
blood,3,305,gates_2,1,97,89,0.9175257731958762,0.5187165775401069,1.0
blood,3,305,gates_4,1,39,39,1.0,0.2085561497326203,1.0
blood,3,305,gates_8,1,32,32,1.0,0.1711229946524064,1.0
blood,3,399,gates_1,1,30,30,1.0,0.160427807486631,1.0
blood,3,399,gates_2,1,30,30,1.0,0.160427807486631,1.0
blood,3,399,gates_4,1,25,25,1.0,0.1336898395721925,1.0
blood,3,399,gates_8,1,25,25,1.0,0.1336898395721925,1.0
blood,3,482,gates_1,1,30,30,1.0,0.160427807486631,1.0
blood,3,482,gates_2,1,30,30,1.0,0.160427807486631,1.0
blood,3,482,gates_4,1,25,25,1.0,0.1336898395721925,1.0
blood,3,482,gates_8,1,25,25,1.0,0.1336898395721925,1.0
blood,3,501,gates_1,1,105,90,0.8571428571428571,0.5614973262032086,1.0
blood,3,501,gates_2,1,35,20,0.5714285714285714,0.1871657754010695,1.0
blood,3,501,gates_4,1,27,19,0.7037037037037037,0.1443850267379679,1.0
blood,3,501,gates_8,1,2,2,1.0,0.0106951871657754,1.0
blood,3,563,gates_1,1,89,64,0.7191011235955056,0.4759358288770053,1.0
blood,3,563,gates_2,1,79,58,0.7341772151898734,0.4224598930481283,1.0
blood,3,563,gates_4,1,4,4,1.0,0.0213903743315508,1.0
blood,3,563,gates_8,1,4,4,1.0,0.0213903743315508,1.0
blood,3,615,gates_1,1,19,19,1.0,0.1016042780748663,1.0
blood,3,615,gates_2,1,19,19,1.0,0.1016042780748663,1.0
blood,3,615,gates_4,1,19,19,1.0,0.1016042780748663,1.0
blood,3,615,gates_8,1,18,18,1.0,0.0962566844919786,1.0
blood,3,635,gates_1,1,89,64,0.7191011235955056,0.4759358288770053,1.0
blood,3,635,gates_2,1,27,17,0.6296296296296297,0.1443850267379679,1.0
blood,3,635,gates_4,1,16,12,0.75,0.0855614973262032,1.0
blood,3,635,gates_8,1,0,0,,0.0,0.0
blood,3,649,gates_1,1,50,27,0.54,0.267379679144385,1.0
blood,3,649,gates_2,1,30,13,0.4333333333333333,0.160427807486631,1.0
blood,3,649,gates_4,1,19,10,0.5263157894736842,0.1016042780748663,1.0
blood,3,649,gates_8,1,0,0,,0.0,0.0
blood,3,657,gates_1,1,163,139,0.852760736196319,0.8716577540106952,1.0
blood,3,657,gates_2,1,82,73,0.8902439024390244,0.4385026737967914,1.0
blood,3,657,gates_4,1,7,7,1.0,0.0374331550802139,1.0
blood,3,657,gates_8,1,1,1,1.0,0.0053475935828877,1.0
blood,3,689,gates_1,1,109,108,0.9908256880733946,0.5828877005347594,1.0
blood,3,689,gates_2,1,55,55,1.0,0.2941176470588235,1.0
blood,3,689,gates_4,1,26,26,1.0,0.1390374331550802,1.0
blood,3,689,gates_8,1,13,13,1.0,0.0695187165775401,1.0
blood,3,709,gates_1,1,30,30,1.0,0.160427807486631,1.0
blood,3,709,gates_2,1,26,26,1.0,0.1390374331550802,1.0
blood,3,709,gates_4,1,4,4,1.0,0.0213903743315508,1.0
blood,3,709,gates_8,1,4,4,1.0,0.0213903743315508,1.0
blood,3,730,gates_1,1,30,30,1.0,0.160427807486631,1.0
blood,3,730,gates_2,1,6,6,1.0,0.0320855614973262,1.0
blood,3,730,gates_4,1,6,6,1.0,0.0320855614973262,1.0
blood,3,730,gates_8,1,6,6,1.0,0.0320855614973262,1.0
blood,4,23,gates_1,0,39,23,0.5897435897435898,0.2085561497326203,1.0
blood,4,23,gates_2,0,17,12,0.7058823529411765,0.0909090909090909,1.0
blood,4,23,gates_4,0,15,12,0.8,0.0802139037433155,1.0
blood,4,23,gates_8,0,12,11,0.9166666666666666,0.0641711229946524,1.0
blood,4,25,gates_1,0,115,13,0.1130434782608695,0.6149732620320856,1.0
blood,4,25,gates_2,0,73,11,0.1506849315068493,0.3903743315508021,1.0
blood,4,25,gates_4,0,17,10,0.5882352941176471,0.0909090909090909,1.0
blood,4,25,gates_8,0,15,9,0.6,0.0802139037433155,1.0
blood,4,108,gates_1,1,97,96,0.9896907216494846,0.5187165775401069,1.0
blood,4,108,gates_2,1,89,89,1.0,0.4759358288770053,1.0
blood,4,108,gates_4,1,77,77,1.0,0.4117647058823529,1.0
blood,4,108,gates_8,1,8,8,1.0,0.0427807486631016,1.0
blood,4,123,gates_1,1,121,108,0.8925619834710744,0.6470588235294118,1.0
blood,4,123,gates_2,1,109,104,0.9541284403669724,0.5828877005347594,1.0
blood,4,123,gates_4,1,35,33,0.9428571428571428,0.1871657754010695,1.0
blood,4,123,gates_8,1,33,31,0.9393939393939394,0.1764705882352941,1.0
blood,4,141,gates_1,0,115,13,0.1130434782608695,0.6149732620320856,1.0
blood,4,141,gates_2,0,98,5,0.0510204081632653,0.5240641711229946,1.0
blood,4,141,gates_4,0,40,3,0.075,0.213903743315508,1.0
blood,4,141,gates_8,0,10,3,0.3,0.053475935828877,1.0
blood,4,155,gates_1,1,129,125,0.9689922480620154,0.6898395721925134,1.0
blood,4,155,gates_2,1,86,82,0.9534883720930232,0.4598930481283422,1.0
blood,4,155,gates_4,1,77,77,1.0,0.4117647058823529,1.0
blood,4,155,gates_8,1,54,54,1.0,0.2887700534759358,1.0
blood,4,198,gates_1,1,111,106,0.954954954954955,0.5935828877005348,1.0
blood,4,198,gates_2,1,63,60,0.9523809523809524,0.3368983957219251,1.0
blood,4,198,gates_4,1,56,53,0.9464285714285714,0.2994652406417112,1.0
blood,4,198,gates_8,1,16,16,1.0,0.0855614973262032,1.0
blood,4,228,gates_1,1,129,125,0.9689922480620154,0.6898395721925134,1.0
blood,4,228,gates_2,1,86,82,0.9534883720930232,0.4598930481283422,1.0
blood,4,228,gates_4,1,77,77,1.0,0.4117647058823529,1.0
blood,4,228,gates_8,1,54,54,1.0,0.2887700534759358,1.0
blood,4,240,gates_1,1,111,106,0.954954954954955,0.5935828877005348,1.0
blood,4,240,gates_2,1,77,77,1.0,0.4117647058823529,1.0
blood,4,240,gates_4,1,24,24,1.0,0.1283422459893048,1.0
blood,4,240,gates_8,1,0,0,,0.0,0.0
blood,4,269,gates_1,1,115,102,0.8869565217391304,0.6149732620320856,1.0
blood,4,269,gates_2,1,64,63,0.984375,0.3422459893048128,1.0
blood,4,269,gates_4,1,28,27,0.9642857142857144,0.1497326203208556,1.0
blood,4,269,gates_8,1,24,24,1.0,0.1283422459893048,1.0
blood,4,310,gates_1,1,121,108,0.8925619834710744,0.6470588235294118,1.0
blood,4,310,gates_2,1,117,104,0.8888888888888888,0.6256684491978609,1.0
blood,4,310,gates_4,1,13,12,0.9230769230769232,0.0695187165775401,1.0
blood,4,310,gates_8,1,8,8,1.0,0.0427807486631016,1.0
blood,4,449,gates_1,1,123,109,0.8861788617886179,0.6577540106951871,1.0
blood,4,449,gates_2,1,117,104,0.8888888888888888,0.6256684491978609,1.0
blood,4,449,gates_4,1,2,2,1.0,0.0106951871657754,1.0
blood,4,449,gates_8,1,2,2,1.0,0.0106951871657754,1.0
blood,4,529,gates_1,0,129,4,0.0310077519379844,0.6898395721925134,1.0
blood,4,529,gates_2,0,108,4,0.037037037037037,0.5775401069518716,1.0
blood,4,529,gates_4,0,7,4,0.5714285714285714,0.0374331550802139,1.0
blood,4,529,gates_8,0,2,1,0.5,0.0106951871657754,1.0
blood,4,581,gates_1,1,129,125,0.9689922480620154,0.6898395721925134,1.0
blood,4,581,gates_2,1,86,82,0.9534883720930232,0.4598930481283422,1.0
blood,4,581,gates_4,1,77,77,1.0,0.4117647058823529,1.0
blood,4,581,gates_8,1,54,54,1.0,0.2887700534759358,1.0
blood,4,604,gates_1,1,97,96,0.9896907216494846,0.5187165775401069,1.0
blood,4,604,gates_2,1,89,89,1.0,0.4759358288770053,1.0
blood,4,604,gates_4,1,77,77,1.0,0.4117647058823529,1.0
blood,4,604,gates_8,1,8,8,1.0,0.0427807486631016,1.0
blood,4,605,gates_1,1,111,106,0.954954954954955,0.5935828877005348,1.0
blood,4,605,gates_2,1,40,37,0.925,0.213903743315508,1.0
blood,4,605,gates_4,1,40,37,0.925,0.213903743315508,1.0
blood,4,605,gates_8,1,3,3,1.0,0.0160427807486631,1.0
blood,4,679,gates_1,1,115,102,0.8869565217391304,0.6149732620320856,1.0
blood,4,679,gates_2,1,65,65,1.0,0.3475935828877005,1.0
blood,4,679,gates_4,1,56,56,1.0,0.2994652406417112,1.0
blood,4,679,gates_8,1,47,47,1.0,0.2513368983957219,1.0
blood,4,705,gates_1,1,115,102,0.8869565217391304,0.6149732620320856,1.0
blood,4,705,gates_2,1,65,65,1.0,0.3475935828877005,1.0
blood,4,705,gates_4,1,24,24,1.0,0.1283422459893048,1.0
blood,4,705,gates_8,1,24,24,1.0,0.1283422459893048,1.0
blood,4,720,gates_1,1,129,125,0.9689922480620154,0.6898395721925134,1.0
blood,4,720,gates_2,1,108,104,0.9629629629629628,0.5775401069518716,1.0
blood,4,720,gates_4,1,51,51,1.0,0.2727272727272727,1.0
blood,4,720,gates_8,1,2,2,1.0,0.0106951871657754,1.0
blood,4,727,gates_1,1,115,102,0.8869565217391304,0.6149732620320856,1.0
blood,4,727,gates_2,1,65,65,1.0,0.3475935828877005,1.0
blood,4,727,gates_4,1,56,56,1.0,0.2994652406417112,1.0
blood,4,727,gates_8,1,47,47,1.0,0.2513368983957219,1.0
diabetes,0,17,gates_1,1,88,48,0.5454545454545454,0.4583333333333333,1.0
diabetes,0,17,gates_2,1,41,14,0.3414634146341463,0.2135416666666666,1.0
diabetes,0,17,gates_4,1,9,5,0.5555555555555556,0.046875,1.0
diabetes,0,17,gates_8,1,5,4,0.8,0.0260416666666666,1.0
diabetes,0,47,gates_1,1,108,78,0.7222222222222222,0.5625,1.0
diabetes,0,47,gates_2,1,84,67,0.7976190476190477,0.4375,1.0
diabetes,0,47,gates_4,1,22,19,0.8636363636363636,0.1145833333333333,1.0
diabetes,0,47,gates_8,1,3,3,1.0,0.015625,1.0
diabetes,0,87,gates_1,1,86,39,0.4534883720930232,0.4479166666666667,1.0
diabetes,0,87,gates_2,1,69,32,0.463768115942029,0.359375,1.0
diabetes,0,87,gates_4,1,18,17,0.9444444444444444,0.09375,1.0
diabetes,0,87,gates_8,1,2,2,1.0,0.0104166666666666,1.0
diabetes,0,96,gates_1,1,86,39,0.4534883720930232,0.4479166666666667,1.0
diabetes,0,96,gates_2,1,59,28,0.4745762711864407,0.3072916666666667,1.0
diabetes,0,96,gates_4,1,28,18,0.6428571428571429,0.1458333333333333,1.0
diabetes,0,96,gates_8,1,5,4,0.8,0.0260416666666666,1.0
diabetes,0,142,gates_1,1,118,83,0.7033898305084746,0.6145833333333334,1.0
diabetes,0,142,gates_2,1,98,71,0.7244897959183674,0.5104166666666666,1.0
diabetes,0,142,gates_4,1,36,32,0.8888888888888888,0.1875,1.0
diabetes,0,142,gates_8,1,20,19,0.95,0.1041666666666666,1.0
diabetes,0,171,gates_1,1,108,78,0.7222222222222222,0.5625,1.0
diabetes,0,171,gates_2,1,52,38,0.7307692307692307,0.2708333333333333,1.0
diabetes,0,171,gates_4,1,16,11,0.6875,0.0833333333333333,1.0
diabetes,0,171,gates_8,1,0,0,,0.0,0.0
diabetes,0,381,gates_1,1,118,83,0.7033898305084746,0.6145833333333334,1.0
diabetes,0,381,gates_2,1,62,55,0.8870967741935484,0.3229166666666667,1.0
diabetes,0,381,gates_4,1,16,16,1.0,0.0833333333333333,1.0
diabetes,0,381,gates_8,1,0,0,,0.0,0.0
diabetes,0,444,gates_1,1,118,83,0.7033898305084746,0.6145833333333334,1.0
diabetes,0,444,gates_2,1,23,13,0.5652173913043478,0.1197916666666666,1.0
diabetes,0,444,gates_4,1,15,11,0.7333333333333333,0.078125,1.0
diabetes,0,444,gates_8,1,5,3,0.6,0.0260416666666666,1.0
diabetes,0,452,gates_1,1,118,83,0.7033898305084746,0.6145833333333334,1.0
diabetes,0,452,gates_2,1,34,16,0.4705882352941176,0.1770833333333333,1.0
diabetes,0,452,gates_4,1,15,8,0.5333333333333333,0.078125,1.0
diabetes,0,452,gates_8,1,1,1,1.0,0.0052083333333333,1.0
diabetes,0,481,gates_1,1,86,39,0.4534883720930232,0.4479166666666667,1.0
diabetes,0,481,gates_2,1,59,28,0.4745762711864407,0.3072916666666667,1.0
diabetes,0,481,gates_4,1,44,21,0.4772727272727273,0.2291666666666666,1.0
diabetes,0,481,gates_8,1,6,2,0.3333333333333333,0.03125,1.0
diabetes,0,482,gates_1,1,152,95,0.625,0.7916666666666666,1.0
diabetes,0,482,gates_2,1,98,71,0.7244897959183674,0.5104166666666666,1.0
diabetes,0,482,gates_4,1,23,18,0.782608695652174,0.1197916666666666,1.0
diabetes,0,482,gates_8,1,0,0,,0.0,0.0
diabetes,0,496,gates_1,1,88,48,0.5454545454545454,0.4583333333333333,1.0
diabetes,0,496,gates_2,1,41,14,0.3414634146341463,0.2135416666666666,1.0
diabetes,0,496,gates_4,1,4,2,0.5,0.0208333333333333,1.0
diabetes,0,496,gates_8,1,0,0,,0.0,0.0
diabetes,0,508,gates_1,1,100,45,0.45,0.5208333333333334,1.0
diabetes,0,508,gates_2,1,54,31,0.5740740740740741,0.28125,1.0
diabetes,0,508,gates_4,1,20,8,0.4,0.1041666666666666,1.0
diabetes,0,508,gates_8,1,6,5,0.8333333333333334,0.03125,1.0
diabetes,0,546,gates_1,0,73,34,0.4657534246575342,0.3802083333333333,1.0
diabetes,0,546,gates_2,0,56,26,0.4642857142857143,0.2916666666666667,1.0
diabetes,0,546,gates_4,0,22,9,0.4090909090909091,0.1145833333333333,1.0
diabetes,0,546,gates_8,0,1,1,1.0,0.0052083333333333,1.0
diabetes,0,588,gates_1,0,143,54,0.3776223776223776,0.7447916666666666,1.0
diabetes,0,588,gates_2,0,54,24,0.4444444444444444,0.28125,1.0
diabetes,0,588,gates_4,0,35,14,0.4,0.1822916666666666,1.0
diabetes,0,588,gates_8,0,0,0,,0.0,0.0
diabetes,0,623,gates_1,1,118,83,0.7033898305084746,0.6145833333333334,1.0
diabetes,0,623,gates_2,1,112,79,0.7053571428571429,0.5833333333333334,1.0
diabetes,0,623,gates_4,1,48,45,0.9375,0.25,1.0
diabetes,0,623,gates_8,1,1,1,1.0,0.0052083333333333,1.0
diabetes,0,662,gates_1,0,152,57,0.375,0.7916666666666666,1.0
diabetes,0,662,gates_2,0,57,35,0.6140350877192983,0.296875,1.0
diabetes,0,662,gates_4,0,13,7,0.5384615384615384,0.0677083333333333,1.0
diabetes,0,662,gates_8,0,0,0,,0.0,0.0
diabetes,0,670,gates_1,0,73,34,0.4657534246575342,0.3802083333333333,1.0
diabetes,0,670,gates_2,0,50,21,0.42,0.2604166666666667,1.0
diabetes,0,670,gates_4,0,11,5,0.4545454545454545,0.0572916666666666,1.0
diabetes,0,670,gates_8,0,1,0,0.0,0.0052083333333333,1.0
diabetes,0,703,gates_1,0,77,47,0.6103896103896104,0.4010416666666667,1.0
diabetes,0,703,gates_2,0,64,41,0.640625,0.3333333333333333,1.0
diabetes,0,703,gates_4,0,18,16,0.8888888888888888,0.09375,1.0
diabetes,0,703,gates_8,0,2,1,0.5,0.0104166666666666,1.0
diabetes,0,761,gates_1,0,86,47,0.5465116279069767,0.4479166666666667,1.0
diabetes,0,761,gates_2,0,59,31,0.5254237288135594,0.3072916666666667,1.0
diabetes,0,761,gates_4,0,14,12,0.8571428571428571,0.0729166666666666,1.0
diabetes,0,761,gates_8,0,0,0,,0.0,0.0
diabetes,1,139,gates_1,1,103,73,0.7087378640776699,0.5364583333333334,1.0
diabetes,1,139,gates_2,1,82,65,0.7926829268292683,0.4270833333333333,1.0
diabetes,1,139,gates_4,1,46,45,0.9782608695652174,0.2395833333333333,1.0
diabetes,1,139,gates_8,1,4,4,1.0,0.0208333333333333,1.0
diabetes,1,151,gates_1,1,53,26,0.490566037735849,0.2760416666666667,1.0
diabetes,1,151,gates_2,1,32,15,0.46875,0.1666666666666666,1.0
diabetes,1,151,gates_4,1,2,2,1.0,0.0104166666666666,1.0
diabetes,1,151,gates_8,1,2,2,1.0,0.0104166666666666,1.0
diabetes,1,166,gates_1,1,67,41,0.6119402985074627,0.3489583333333333,1.0
diabetes,1,166,gates_2,1,44,29,0.6590909090909091,0.2291666666666666,1.0
diabetes,1,166,gates_4,1,0,0,,0.0,0.0
diabetes,1,166,gates_8,1,0,0,,0.0,0.0
diabetes,1,174,gates_1,1,103,73,0.7087378640776699,0.5364583333333334,1.0
diabetes,1,174,gates_2,1,61,49,0.8032786885245902,0.3177083333333333,1.0
diabetes,1,174,gates_4,1,43,39,0.9069767441860463,0.2239583333333333,1.0
diabetes,1,174,gates_8,1,11,10,0.9090909090909092,0.0572916666666666,1.0
diabetes,1,203,gates_1,1,103,73,0.7087378640776699,0.5364583333333334,1.0
diabetes,1,203,gates_2,1,61,49,0.8032786885245902,0.3177083333333333,1.0
diabetes,1,203,gates_4,1,54,46,0.8518518518518519,0.28125,1.0
diabetes,1,203,gates_8,1,28,27,0.9642857142857144,0.1458333333333333,1.0
diabetes,1,242,gates_1,1,67,41,0.6119402985074627,0.3489583333333333,1.0
diabetes,1,242,gates_2,1,44,29,0.6590909090909091,0.2291666666666666,1.0
diabetes,1,242,gates_4,1,12,10,0.8333333333333334,0.0625,1.0
diabetes,1,242,gates_8,1,1,1,1.0,0.0052083333333333,1.0
diabetes,1,257,gates_1,1,103,73,0.7087378640776699,0.5364583333333334,1.0
diabetes,1,257,gates_2,1,15,6,0.4,0.078125,1.0
diabetes,1,257,gates_4,1,9,5,0.5555555555555556,0.046875,1.0
diabetes,1,257,gates_8,1,0,0,,0.0,0.0
diabetes,1,281,gates_1,0,66,33,0.5,0.34375,1.0
diabetes,1,281,gates_2,0,23,19,0.8260869565217391,0.1197916666666666,1.0
diabetes,1,281,gates_4,0,12,11,0.9166666666666666,0.0625,1.0
diabetes,1,281,gates_8,0,2,2,1.0,0.0104166666666666,1.0
diabetes,1,328,gates_1,1,103,73,0.7087378640776699,0.5364583333333334,1.0
diabetes,1,328,gates_2,1,44,29,0.6590909090909091,0.2291666666666666,1.0
diabetes,1,328,gates_4,1,34,24,0.7058823529411765,0.1770833333333333,1.0
diabetes,1,328,gates_8,1,16,15,0.9375,0.0833333333333333,1.0
diabetes,1,331,gates_1,1,103,73,0.7087378640776699,0.5364583333333334,1.0
diabetes,1,331,gates_2,1,61,49,0.8032786885245902,0.3177083333333333,1.0
diabetes,1,331,gates_4,1,43,39,0.9069767441860463,0.2239583333333333,1.0
diabetes,1,331,gates_8,1,28,27,0.9642857142857144,0.1458333333333333,1.0
diabetes,1,419,gates_1,1,110,78,0.7090909090909091,0.5729166666666666,1.0
diabetes,1,419,gates_2,1,83,63,0.7590361445783133,0.4322916666666667,1.0
diabetes,1,419,gates_4,1,53,48,0.9056603773584906,0.2760416666666667,1.0
diabetes,1,419,gates_8,1,28,27,0.9642857142857144,0.1458333333333333,1.0
diabetes,1,424,gates_1,0,59,32,0.5423728813559322,0.3072916666666667,1.0
diabetes,1,424,gates_2,0,24,15,0.625,0.125,1.0
diabetes,1,424,gates_4,0,11,11,1.0,0.0572916666666666,1.0
diabetes,1,424,gates_8,0,4,4,1.0,0.0208333333333333,1.0
diabetes,1,475,gates_1,1,53,26,0.490566037735849,0.2760416666666667,1.0
diabetes,1,475,gates_2,1,31,14,0.4516129032258064,0.1614583333333333,1.0
diabetes,1,475,gates_4,1,3,1,0.3333333333333333,0.015625,1.0
diabetes,1,475,gates_8,1,0,0,,0.0,0.0
diabetes,1,496,gates_1,0,67,26,0.3880597014925373,0.3489583333333333,1.0
diabetes,1,496,gates_2,0,37,6,0.1621621621621621,0.1927083333333333,1.0
diabetes,1,496,gates_4,0,11,2,0.1818181818181818,0.0572916666666666,1.0
diabetes,1,496,gates_8,0,7,1,0.1428571428571428,0.0364583333333333,1.0
diabetes,1,497,gates_1,1,103,73,0.7087378640776699,0.5364583333333334,1.0
diabetes,1,497,gates_2,1,43,29,0.6744186046511628,0.2239583333333333,1.0
diabetes,1,497,gates_4,1,14,12,0.8571428571428571,0.0729166666666666,1.0
diabetes,1,497,gates_8,1,6,6,1.0,0.03125,1.0
diabetes,1,509,gates_1,1,53,26,0.490566037735849,0.2760416666666667,1.0
diabetes,1,509,gates_2,1,31,14,0.4516129032258064,0.1614583333333333,1.0
diabetes,1,509,gates_4,1,11,2,0.1818181818181818,0.0572916666666666,1.0
diabetes,1,509,gates_8,1,1,1,1.0,0.0052083333333333,1.0
diabetes,1,626,gates_1,1,67,41,0.6119402985074627,0.3489583333333333,1.0
diabetes,1,626,gates_2,1,44,29,0.6590909090909091,0.2291666666666666,1.0
diabetes,1,626,gates_4,1,12,9,0.75,0.0625,1.0
diabetes,1,626,gates_8,1,2,2,1.0,0.0104166666666666,1.0
diabetes,1,683,gates_1,0,53,27,0.5094339622641509,0.2760416666666667,1.0
diabetes,1,683,gates_2,0,34,13,0.3823529411764705,0.1770833333333333,1.0
diabetes,1,683,gates_4,0,10,5,0.5,0.0520833333333333,1.0
diabetes,1,683,gates_8,0,0,0,,0.0,0.0
diabetes,1,715,gates_1,0,66,33,0.5,0.34375,1.0
diabetes,1,715,gates_2,0,35,14,0.4,0.1822916666666666,1.0
diabetes,1,715,gates_4,0,10,1,0.1,0.0520833333333333,1.0
diabetes,1,715,gates_8,0,1,0,0.0,0.0052083333333333,1.0
diabetes,1,749,gates_1,1,53,26,0.490566037735849,0.2760416666666667,1.0
diabetes,1,749,gates_2,1,32,15,0.46875,0.1666666666666666,1.0
diabetes,1,749,gates_4,1,13,4,0.3076923076923077,0.0677083333333333,1.0
diabetes,1,749,gates_8,1,0,0,,0.0,0.0
diabetes,2,29,gates_1,1,139,109,0.7841726618705036,0.7239583333333334,1.0
diabetes,2,29,gates_2,1,46,33,0.717391304347826,0.2395833333333333,1.0
diabetes,2,29,gates_4,1,34,26,0.7647058823529411,0.1770833333333333,1.0
diabetes,2,29,gates_8,1,4,4,1.0,0.0208333333333333,1.0
diabetes,2,84,gates_1,0,57,24,0.4210526315789473,0.296875,1.0
diabetes,2,84,gates_2,0,33,21,0.6363636363636364,0.171875,1.0
diabetes,2,84,gates_4,0,1,0,0.0,0.0052083333333333,1.0
diabetes,2,84,gates_8,0,0,0,,0.0,0.0
diabetes,2,134,gates_1,1,86,80,0.9302325581395348,0.4479166666666667,1.0
diabetes,2,134,gates_2,1,36,33,0.9166666666666666,0.1875,1.0
diabetes,2,134,gates_4,1,31,29,0.935483870967742,0.1614583333333333,1.0
diabetes,2,134,gates_8,1,15,15,1.0,0.078125,1.0
diabetes,2,146,gates_1,1,70,54,0.7714285714285715,0.3645833333333333,1.0
diabetes,2,146,gates_2,1,27,20,0.7407407407407407,0.140625,1.0
diabetes,2,146,gates_4,1,17,17,1.0,0.0885416666666666,1.0
diabetes,2,146,gates_8,1,4,4,1.0,0.0208333333333333,1.0
diabetes,2,155,gates_1,1,61,39,0.639344262295082,0.3177083333333333,1.0
diabetes,2,155,gates_2,1,24,16,0.6666666666666666,0.125,1.0
diabetes,2,155,gates_4,1,11,10,0.9090909090909092,0.0572916666666666,1.0
diabetes,2,155,gates_8,1,1,0,0.0,0.0052083333333333,1.0
diabetes,2,166,gates_1,0,59,35,0.5932203389830508,0.3072916666666667,1.0
diabetes,2,166,gates_2,0,33,21,0.6363636363636364,0.171875,1.0
diabetes,2,166,gates_4,0,10,9,0.9,0.0520833333333333,1.0
diabetes,2,166,gates_8,0,0,0,,0.0,0.0
diabetes,2,253,gates_1,1,139,109,0.7841726618705036,0.7239583333333334,1.0
diabetes,2,253,gates_2,1,99,82,0.8282828282828283,0.515625,1.0
diabetes,2,253,gates_4,1,69,65,0.9420289855072465,0.359375,1.0
diabetes,2,253,gates_8,1,17,16,0.9411764705882352,0.0885416666666666,1.0
diabetes,2,262,gates_1,1,139,109,0.7841726618705036,0.7239583333333334,1.0
diabetes,2,262,gates_2,1,81,76,0.9382716049382716,0.421875,1.0
diabetes,2,262,gates_4,1,29,26,0.896551724137931,0.1510416666666666,1.0
diabetes,2,262,gates_8,1,7,7,1.0,0.0364583333333333,1.0
diabetes,2,293,gates_1,0,139,30,0.2158273381294964,0.7239583333333334,1.0
diabetes,2,293,gates_2,0,27,18,0.6666666666666666,0.140625,1.0
diabetes,2,293,gates_4,0,9,6,0.6666666666666666,0.046875,1.0
diabetes,2,293,gates_8,0,0,0,,0.0,0.0
diabetes,2,302,gates_1,1,67,53,0.7910447761194029,0.3489583333333333,1.0
diabetes,2,302,gates_2,1,27,20,0.7407407407407407,0.140625,1.0
diabetes,2,302,gates_4,1,17,17,1.0,0.0885416666666666,1.0
diabetes,2,302,gates_8,1,5,5,1.0,0.0260416666666666,1.0
diabetes,2,353,gates_1,1,86,80,0.9302325581395348,0.4479166666666667,1.0
diabetes,2,353,gates_2,1,36,33,0.9166666666666666,0.1875,1.0
diabetes,2,353,gates_4,1,29,28,0.9655172413793104,0.1510416666666666,1.0
diabetes,2,353,gates_8,1,22,22,1.0,0.1145833333333333,1.0
diabetes,2,383,gates_1,1,86,80,0.9302325581395348,0.4479166666666667,1.0
diabetes,2,383,gates_2,1,36,33,0.9166666666666666,0.1875,1.0
diabetes,2,383,gates_4,1,26,26,1.0,0.1354166666666666,1.0
diabetes,2,383,gates_8,1,20,20,1.0,0.1041666666666666,1.0
diabetes,2,385,gates_1,1,86,80,0.9302325581395348,0.4479166666666667,1.0
diabetes,2,385,gates_2,1,71,68,0.9577464788732394,0.3697916666666667,1.0
diabetes,2,385,gates_4,1,58,57,0.9827586206896552,0.3020833333333333,1.0
diabetes,2,385,gates_8,1,51,50,0.9803921568627452,0.265625,1.0
diabetes,2,466,gates_1,1,86,80,0.9302325581395348,0.4479166666666667,1.0
diabetes,2,466,gates_2,1,71,67,0.943661971830986,0.3697916666666667,1.0
diabetes,2,466,gates_4,1,56,54,0.9642857142857144,0.2916666666666667,1.0
diabetes,2,466,gates_8,1,31,31,1.0,0.1614583333333333,1.0
diabetes,2,472,gates_1,0,139,30,0.2158273381294964,0.7239583333333334,1.0
diabetes,2,472,gates_2,0,99,17,0.1717171717171717,0.515625,1.0
diabetes,2,472,gates_4,0,74,8,0.1081081081081081,0.3854166666666667,1.0
diabetes,2,472,gates_8,0,0,0,,0.0,0.0
diabetes,2,560,gates_1,1,139,109,0.7841726618705036,0.7239583333333334,1.0
diabetes,2,560,gates_2,1,45,34,0.7555555555555555,0.234375,1.0
diabetes,2,560,gates_4,1,2,2,1.0,0.0104166666666666,1.0
diabetes,2,560,gates_8,1,0,0,,0.0,0.0
diabetes,2,595,gates_1,0,31,7,0.2258064516129032,0.1614583333333333,1.0
diabetes,2,595,gates_2,0,19,2,0.1052631578947368,0.0989583333333333,1.0
diabetes,2,595,gates_4,0,3,2,0.6666666666666666,0.015625,1.0
diabetes,2,595,gates_8,0,0,0,,0.0,0.0
diabetes,2,630,gates_1,0,86,6,0.0697674418604651,0.4479166666666667,1.0
diabetes,2,630,gates_2,0,30,3,0.1,0.15625,1.0
diabetes,2,630,gates_4,0,21,1,0.0476190476190476,0.109375,1.0
diabetes,2,630,gates_8,0,2,0,0.0,0.0104166666666666,1.0
diabetes,2,642,gates_1,1,139,109,0.7841726618705036,0.7239583333333334,1.0
diabetes,2,642,gates_2,1,45,34,0.7555555555555555,0.234375,1.0
diabetes,2,642,gates_4,1,4,1,0.25,0.0208333333333333,1.0
diabetes,2,642,gates_8,1,3,1,0.3333333333333333,0.015625,1.0
diabetes,2,654,gates_1,1,139,109,0.7841726618705036,0.7239583333333334,1.0
diabetes,2,654,gates_2,1,120,98,0.8166666666666667,0.625,1.0
diabetes,2,654,gates_4,1,81,73,0.9012345679012346,0.421875,1.0
diabetes,2,654,gates_8,1,4,4,1.0,0.0208333333333333,1.0
diabetes,3,33,gates_1,1,73,69,0.9452054794520548,0.3802083333333333,1.0
diabetes,3,33,gates_2,1,33,32,0.9696969696969696,0.171875,1.0
diabetes,3,33,gates_4,1,19,18,0.9473684210526316,0.0989583333333333,1.0
diabetes,3,33,gates_8,1,9,9,1.0,0.046875,1.0
diabetes,3,47,gates_1,1,33,27,0.8181818181818182,0.171875,1.0
diabetes,3,47,gates_2,1,15,11,0.7333333333333333,0.078125,1.0
diabetes,3,47,gates_4,1,1,1,1.0,0.0052083333333333,1.0
diabetes,3,47,gates_8,1,1,1,1.0,0.0052083333333333,1.0
diabetes,3,94,gates_1,1,165,120,0.7272727272727273,0.859375,1.0
diabetes,3,94,gates_2,1,54,49,0.9074074074074074,0.28125,1.0
diabetes,3,94,gates_4,1,0,0,,0.0,0.0
diabetes,3,94,gates_8,1,0,0,,0.0,0.0
diabetes,3,165,gates_1,1,165,120,0.7272727272727273,0.859375,1.0
diabetes,3,165,gates_2,1,70,56,0.8,0.3645833333333333,1.0
diabetes,3,165,gates_4,1,29,20,0.6896551724137931,0.1510416666666666,1.0
diabetes,3,165,gates_8,1,2,0,0.0,0.0104166666666666,1.0
diabetes,3,175,gates_1,0,165,45,0.2727272727272727,0.859375,1.0
diabetes,3,175,gates_2,0,115,30,0.2608695652173913,0.5989583333333334,1.0
diabetes,3,175,gates_4,0,16,10,0.625,0.0833333333333333,1.0
diabetes,3,175,gates_8,0,0,0,,0.0,0.0
diabetes,3,186,gates_1,0,82,39,0.4756097560975609,0.4270833333333333,1.0
diabetes,3,186,gates_2,0,29,21,0.7241379310344828,0.1510416666666666,1.0
diabetes,3,186,gates_4,0,8,6,0.75,0.0416666666666666,1.0
diabetes,3,186,gates_8,0,3,2,0.6666666666666666,0.015625,1.0
diabetes,3,200,gates_1,1,73,69,0.9452054794520548,0.3802083333333333,1.0
diabetes,3,200,gates_2,1,39,39,1.0,0.203125,1.0
diabetes,3,200,gates_4,1,8,8,1.0,0.0416666666666666,1.0
diabetes,3,200,gates_8,1,0,0,,0.0,0.0
diabetes,3,342,gates_1,1,61,55,0.9016393442622952,0.3177083333333333,1.0
diabetes,3,342,gates_2,1,7,7,1.0,0.0364583333333333,1.0
diabetes,3,342,gates_4,1,1,1,1.0,0.0052083333333333,1.0
diabetes,3,342,gates_8,1,1,1,1.0,0.0052083333333333,1.0
diabetes,3,370,gates_1,1,125,88,0.704,0.6510416666666666,1.0
diabetes,3,370,gates_2,1,42,27,0.6428571428571429,0.21875,1.0
diabetes,3,370,gates_4,1,29,19,0.6551724137931034,0.1510416666666666,1.0
diabetes,3,370,gates_8,1,1,1,1.0,0.0052083333333333,1.0
diabetes,3,403,gates_1,1,33,27,0.8181818181818182,0.171875,1.0
diabetes,3,403,gates_2,1,7,7,1.0,0.0364583333333333,1.0
diabetes,3,403,gates_4,1,4,4,1.0,0.0208333333333333,1.0
diabetes,3,403,gates_8,1,1,1,1.0,0.0052083333333333,1.0
diabetes,3,409,gates_1,1,125,88,0.704,0.6510416666666666,1.0
diabetes,3,409,gates_2,1,41,26,0.6341463414634146,0.2135416666666666,1.0
diabetes,3,409,gates_4,1,23,18,0.782608695652174,0.1197916666666666,1.0
diabetes,3,409,gates_8,1,6,5,0.8333333333333334,0.03125,1.0
diabetes,3,413,gates_1,1,73,69,0.9452054794520548,0.3802083333333333,1.0
diabetes,3,413,gates_2,1,39,39,1.0,0.203125,1.0
diabetes,3,413,gates_4,1,29,29,1.0,0.1510416666666666,1.0
diabetes,3,413,gates_8,1,1,1,1.0,0.0052083333333333,1.0
diabetes,3,436,gates_1,1,105,79,0.7523809523809524,0.546875,1.0
diabetes,3,436,gates_2,1,91,67,0.7362637362637363,0.4739583333333333,1.0
diabetes,3,436,gates_4,1,9,2,0.2222222222222222,0.046875,1.0
diabetes,3,436,gates_8,1,6,1,0.1666666666666666,0.03125,1.0
diabetes,3,501,gates_1,1,33,27,0.8181818181818182,0.171875,1.0
diabetes,3,501,gates_2,1,10,9,0.9,0.0520833333333333,1.0
diabetes,3,501,gates_4,1,10,9,0.9,0.0520833333333333,1.0
diabetes,3,501,gates_8,1,7,6,0.8571428571428571,0.0364583333333333,1.0
diabetes,3,533,gates_1,1,33,27,0.8181818181818182,0.171875,1.0
diabetes,3,533,gates_2,1,15,11,0.7333333333333333,0.078125,1.0
diabetes,3,533,gates_4,1,3,2,0.6666666666666666,0.015625,1.0
diabetes,3,533,gates_8,1,3,2,0.6666666666666666,0.015625,1.0
diabetes,3,541,gates_1,1,165,120,0.7272727272727273,0.859375,1.0
diabetes,3,541,gates_2,1,115,85,0.7391304347826086,0.5989583333333334,1.0
diabetes,3,541,gates_4,1,39,30,0.7692307692307693,0.203125,1.0
diabetes,3,541,gates_8,1,7,7,1.0,0.0364583333333333,1.0
diabetes,3,566,gates_1,1,73,69,0.9452054794520548,0.3802083333333333,1.0
diabetes,3,566,gates_2,1,73,69,0.9452054794520548,0.3802083333333333,1.0
diabetes,3,566,gates_4,1,33,32,0.9696969696969696,0.171875,1.0
diabetes,3,566,gates_8,1,1,1,1.0,0.0052083333333333,1.0
diabetes,3,581,gates_1,1,33,27,0.8181818181818182,0.171875,1.0
diabetes,3,581,gates_2,1,29,23,0.7931034482758621,0.1510416666666666,1.0
diabetes,3,581,gates_4,1,21,17,0.8095238095238095,0.109375,1.0
diabetes,3,581,gates_8,1,1,1,1.0,0.0052083333333333,1.0
diabetes,3,612,gates_1,0,98,26,0.2653061224489796,0.5104166666666666,1.0
diabetes,3,612,gates_2,0,76,23,0.3026315789473684,0.3958333333333333,1.0
diabetes,3,612,gates_4,0,7,6,0.8571428571428571,0.0364583333333333,1.0
diabetes,3,612,gates_8,0,1,1,1.0,0.0052083333333333,1.0
diabetes,3,645,gates_1,0,125,37,0.296,0.6510416666666666,1.0
diabetes,3,645,gates_2,0,61,9,0.1475409836065573,0.3177083333333333,1.0
diabetes,3,645,gates_4,0,13,4,0.3076923076923077,0.0677083333333333,1.0
diabetes,3,645,gates_8,0,2,1,0.5,0.0104166666666666,1.0
diabetes,4,11,gates_1,0,53,36,0.6792452830188679,0.2760416666666667,1.0
diabetes,4,11,gates_2,0,22,18,0.8181818181818182,0.1145833333333333,1.0
diabetes,4,11,gates_4,0,17,15,0.8823529411764706,0.0885416666666666,1.0
diabetes,4,11,gates_8,0,2,2,1.0,0.0104166666666666,1.0
diabetes,4,19,gates_1,0,96,10,0.1041666666666666,0.5,1.0
diabetes,4,19,gates_2,0,45,5,0.1111111111111111,0.234375,1.0
diabetes,4,19,gates_4,0,4,2,0.5,0.0208333333333333,1.0
diabetes,4,19,gates_8,0,2,2,1.0,0.0104166666666666,1.0
diabetes,4,46,gates_1,0,154,48,0.3116883116883117,0.8020833333333334,1.0
diabetes,4,46,gates_2,0,91,10,0.1098901098901098,0.4739583333333333,1.0
diabetes,4,46,gates_4,0,64,4,0.0625,0.3333333333333333,1.0
diabetes,4,46,gates_8,0,42,3,0.0714285714285714,0.21875,1.0
diabetes,4,48,gates_1,1,67,44,0.6567164179104478,0.3489583333333333,1.0
diabetes,4,48,gates_2,1,52,36,0.6923076923076923,0.2708333333333333,1.0
diabetes,4,48,gates_4,1,5,5,1.0,0.0260416666666666,1.0
diabetes,4,48,gates_8,1,1,1,1.0,0.0052083333333333,1.0
diabetes,4,83,gates_1,1,110,74,0.6727272727272727,0.5729166666666666,1.0
diabetes,4,83,gates_2,1,63,49,0.7777777777777778,0.328125,1.0
diabetes,4,83,gates_4,1,38,30,0.7894736842105263,0.1979166666666666,1.0
diabetes,4,83,gates_8,1,23,17,0.7391304347826086,0.1197916666666666,1.0
diabetes,4,119,gates_1,1,50,40,0.8,0.2604166666666667,1.0
diabetes,4,119,gates_2,1,44,36,0.8181818181818182,0.2291666666666666,1.0
diabetes,4,119,gates_4,1,7,5,0.7142857142857143,0.0364583333333333,1.0
diabetes,4,119,gates_8,1,3,2,0.6666666666666666,0.015625,1.0
diabetes,4,160,gates_1,0,121,45,0.371900826446281,0.6302083333333334,1.0
diabetes,4,160,gates_2,0,69,37,0.5362318840579711,0.359375,1.0
diabetes,4,160,gates_4,0,20,13,0.65,0.1041666666666666,1.0
diabetes,4,160,gates_8,0,0,0,,0.0,0.0
diabetes,4,175,gates_1,0,167,60,0.3592814371257485,0.8697916666666666,1.0
diabetes,4,175,gates_2,0,104,52,0.5,0.5416666666666666,1.0
diabetes,4,175,gates_4,0,34,12,0.3529411764705882,0.1770833333333333,1.0
diabetes,4,175,gates_8,0,10,5,0.5,0.0520833333333333,1.0
diabetes,4,277,gates_1,1,78,51,0.6538461538461539,0.40625,1.0
diabetes,4,277,gates_2,1,57,43,0.7543859649122807,0.296875,1.0
diabetes,4,277,gates_4,1,35,30,0.8571428571428571,0.1822916666666666,1.0
diabetes,4,277,gates_8,1,22,20,0.9090909090909092,0.1145833333333333,1.0
diabetes,4,287,gates_1,0,53,36,0.6792452830188679,0.2760416666666667,1.0
diabetes,4,287,gates_2,0,11,10,0.9090909090909092,0.0572916666666666,1.0
diabetes,4,287,gates_4,0,0,0,,0.0,0.0
diabetes,4,287,gates_8,0,0,0,,0.0,0.0
diabetes,4,331,gates_1,1,110,74,0.6727272727272727,0.5729166666666666,1.0
diabetes,4,331,gates_2,1,35,27,0.7714285714285715,0.1822916666666666,1.0
diabetes,4,331,gates_4,1,9,9,1.0,0.046875,1.0
diabetes,4,331,gates_8,1,3,3,1.0,0.015625,1.0
diabetes,4,351,gates_1,1,110,74,0.6727272727272727,0.5729166666666666,1.0
diabetes,4,351,gates_2,1,77,58,0.7532467532467533,0.4010416666666667,1.0
diabetes,4,351,gates_4,1,13,13,1.0,0.0677083333333333,1.0
diabetes,4,351,gates_8,1,6,6,1.0,0.03125,1.0
diabetes,4,475,gates_1,0,102,47,0.4607843137254901,0.53125,1.0
diabetes,4,475,gates_2,0,12,10,0.8333333333333334,0.0625,1.0
diabetes,4,475,gates_4,0,6,4,0.6666666666666666,0.03125,1.0
diabetes,4,475,gates_8,0,3,2,0.6666666666666666,0.015625,1.0
diabetes,4,539,gates_1,0,130,37,0.2846153846153846,0.6770833333333334,1.0
diabetes,4,539,gates_2,0,73,15,0.2054794520547945,0.3802083333333333,1.0
diabetes,4,539,gates_4,0,22,1,0.0454545454545454,0.1145833333333333,1.0
diabetes,4,539,gates_8,0,2,1,0.5,0.0104166666666666,1.0
diabetes,4,562,gates_1,1,130,93,0.7153846153846154,0.6770833333333334,1.0
diabetes,4,562,gates_2,1,87,59,0.6781609195402298,0.453125,1.0
diabetes,4,562,gates_4,1,19,18,0.9473684210526316,0.0989583333333333,1.0
diabetes,4,562,gates_8,1,11,11,1.0,0.0572916666666666,1.0
diabetes,4,621,gates_1,1,64,47,0.734375,0.3333333333333333,1.0
diabetes,4,621,gates_2,1,43,30,0.6976744186046512,0.2239583333333333,1.0
diabetes,4,621,gates_4,1,18,16,0.8888888888888888,0.09375,1.0
diabetes,4,621,gates_8,1,2,2,1.0,0.0104166666666666,1.0
diabetes,4,704,gates_1,1,110,74,0.6727272727272727,0.5729166666666666,1.0
diabetes,4,704,gates_2,1,63,49,0.7777777777777778,0.328125,1.0
diabetes,4,704,gates_4,1,15,9,0.6,0.078125,1.0
diabetes,4,704,gates_8,1,6,4,0.6666666666666666,0.03125,1.0
diabetes,4,708,gates_1,0,63,39,0.6190476190476191,0.328125,1.0
diabetes,4,708,gates_2,0,39,27,0.6923076923076923,0.203125,1.0
diabetes,4,708,gates_4,0,27,20,0.7407407407407407,0.140625,1.0
diabetes,4,708,gates_8,0,3,3,1.0,0.015625,1.0
diabetes,4,751,gates_1,1,106,64,0.6037735849056604,0.5520833333333334,1.0
diabetes,4,751,gates_2,1,77,51,0.6623376623376623,0.4010416666666667,1.0
diabetes,4,751,gates_4,1,7,5,0.7142857142857143,0.0364583333333333,1.0
diabetes,4,751,gates_8,1,3,3,1.0,0.015625,1.0
diabetes,4,756,gates_1,0,80,21,0.2625,0.4166666666666667,1.0
diabetes,4,756,gates_2,0,55,16,0.2909090909090909,0.2864583333333333,1.0
diabetes,4,756,gates_4,0,3,0,0.0,0.015625,1.0
diabetes,4,756,gates_8,0,0,0,,0.0,0.0
ionosphere,0,3,gates_1,1,36,19,0.5277777777777778,0.4090909090909091,1.0
ionosphere,0,3,gates_2,1,23,15,0.6521739130434783,0.2613636363636363,1.0
ionosphere,0,3,gates_4,1,6,3,0.5,0.0681818181818181,1.0
ionosphere,0,3,gates_8,1,4,1,0.25,0.0454545454545454,1.0
ionosphere,0,16,gates_1,1,51,44,0.8627450980392157,0.5795454545454546,1.0
ionosphere,0,16,gates_2,1,35,32,0.9142857142857144,0.3977272727272727,1.0
ionosphere,0,16,gates_4,1,19,19,1.0,0.2159090909090909,1.0
ionosphere,0,16,gates_8,1,19,19,1.0,0.2159090909090909,1.0
ionosphere,0,24,gates_1,1,26,10,0.3846153846153846,0.2954545454545454,1.0
ionosphere,0,24,gates_2,1,11,7,0.6363636363636364,0.125,1.0
ionosphere,0,24,gates_4,1,5,4,0.8,0.0568181818181818,1.0
ionosphere,0,24,gates_8,1,1,1,1.0,0.0113636363636363,1.0
ionosphere,0,36,gates_1,1,40,36,0.9,0.4545454545454545,1.0
ionosphere,0,36,gates_2,1,31,30,0.967741935483871,0.3522727272727273,1.0
ionosphere,0,36,gates_4,1,22,21,0.9545454545454546,0.25,1.0
ionosphere,0,36,gates_8,1,6,6,1.0,0.0681818181818181,1.0
ionosphere,0,88,gates_1,1,40,36,0.9,0.4545454545454545,1.0
ionosphere,0,88,gates_2,1,12,10,0.8333333333333334,0.1363636363636363,1.0
ionosphere,0,88,gates_4,1,2,1,0.5,0.0227272727272727,1.0
ionosphere,0,88,gates_8,1,0,0,,0.0,0.0
ionosphere,0,104,gates_1,0,43,21,0.4883720930232558,0.4886363636363636,1.0
ionosphere,0,104,gates_2,0,16,13,0.8125,0.1818181818181818,1.0
ionosphere,0,104,gates_4,0,3,3,1.0,0.034090909090909,1.0
ionosphere,0,104,gates_8,0,3,3,1.0,0.034090909090909,1.0
ionosphere,0,128,gates_1,0,26,16,0.6153846153846154,0.2954545454545454,1.0
ionosphere,0,128,gates_2,0,13,11,0.8461538461538461,0.1477272727272727,1.0
ionosphere,0,128,gates_4,0,9,9,1.0,0.1022727272727272,1.0
ionosphere,0,128,gates_8,0,3,3,1.0,0.034090909090909,1.0
ionosphere,0,131,gates_1,1,43,22,0.5116279069767442,0.4886363636363636,1.0
ionosphere,0,131,gates_2,1,12,5,0.4166666666666667,0.1363636363636363,1.0
ionosphere,0,131,gates_4,1,6,3,0.5,0.0681818181818181,1.0
ionosphere,0,131,gates_8,1,1,0,0.0,0.0113636363636363,1.0
ionosphere,0,148,gates_1,1,36,19,0.5277777777777778,0.4090909090909091,1.0
ionosphere,0,148,gates_2,1,23,15,0.6521739130434783,0.2613636363636363,1.0
ionosphere,0,148,gates_4,1,5,5,1.0,0.0568181818181818,1.0
ionosphere,0,148,gates_8,1,2,2,1.0,0.0227272727272727,1.0
ionosphere,0,163,gates_1,1,33,18,0.5454545454545454,0.375,1.0
ionosphere,0,163,gates_2,1,13,5,0.3846153846153846,0.1477272727272727,1.0
ionosphere,0,163,gates_4,1,7,5,0.7142857142857143,0.0795454545454545,1.0
ionosphere,0,163,gates_8,1,5,4,0.8,0.0568181818181818,1.0
ionosphere,0,169,gates_1,1,40,36,0.9,0.4545454545454545,1.0
ionosphere,0,169,gates_2,1,15,15,1.0,0.1704545454545454,1.0
ionosphere,0,169,gates_4,1,13,13,1.0,0.1477272727272727,1.0
ionosphere,0,169,gates_8,1,2,2,1.0,0.0227272727272727,1.0
ionosphere,0,180,gates_1,0,43,21,0.4883720930232558,0.4886363636363636,1.0
ionosphere,0,180,gates_2,0,16,13,0.8125,0.1818181818181818,1.0
ionosphere,0,180,gates_4,0,8,8,1.0,0.0909090909090909,1.0
ionosphere,0,180,gates_8,0,5,5,1.0,0.0568181818181818,1.0
ionosphere,0,214,gates_1,0,40,13,0.325,0.4545454545454545,1.0
ionosphere,0,214,gates_2,0,16,8,0.5,0.1818181818181818,1.0
ionosphere,0,214,gates_4,0,1,1,1.0,0.0113636363636363,1.0
ionosphere,0,214,gates_8,0,0,0,,0.0,0.0
ionosphere,0,217,gates_1,1,42,21,0.5,0.4772727272727273,1.0
ionosphere,0,217,gates_2,1,23,20,0.8695652173913043,0.2613636363636363,1.0
ionosphere,0,217,gates_4,1,10,9,0.9,0.1136363636363636,1.0
ionosphere,0,217,gates_8,1,5,5,1.0,0.0568181818181818,1.0
ionosphere,0,239,gates_1,1,42,21,0.5,0.4772727272727273,1.0
ionosphere,0,239,gates_2,1,10,9,0.9,0.1136363636363636,1.0
ionosphere,0,239,gates_4,1,4,4,1.0,0.0454545454545454,1.0
ionosphere,0,239,gates_8,1,3,3,1.0,0.034090909090909,1.0
ionosphere,0,273,gates_1,1,26,10,0.3846153846153846,0.2954545454545454,1.0
ionosphere,0,273,gates_2,1,12,5,0.4166666666666667,0.1363636363636363,1.0
ionosphere,0,273,gates_4,1,5,3,0.6,0.0568181818181818,1.0
ionosphere,0,273,gates_8,1,1,1,1.0,0.0113636363636363,1.0
ionosphere,0,306,gates_1,1,26,10,0.3846153846153846,0.2954545454545454,1.0
ionosphere,0,306,gates_2,1,13,2,0.1538461538461538,0.1477272727272727,1.0
ionosphere,0,306,gates_4,1,3,1,0.3333333333333333,0.034090909090909,1.0
ionosphere,0,306,gates_8,1,0,0,,0.0,0.0
ionosphere,0,319,gates_1,1,51,44,0.8627450980392157,0.5795454545454546,1.0
ionosphere,0,319,gates_2,1,35,32,0.9142857142857144,0.3977272727272727,1.0
ionosphere,0,319,gates_4,1,19,19,1.0,0.2159090909090909,1.0
ionosphere,0,319,gates_8,1,19,19,1.0,0.2159090909090909,1.0
ionosphere,1,20,gates_1,1,38,23,0.6052631578947368,0.4318181818181818,1.0
ionosphere,1,20,gates_2,1,26,12,0.4615384615384615,0.2954545454545454,1.0
ionosphere,1,20,gates_4,1,15,12,0.8,0.1704545454545454,1.0
ionosphere,1,20,gates_8,1,13,10,0.7692307692307693,0.1477272727272727,1.0
ionosphere,1,57,gates_1,0,37,19,0.5135135135135135,0.4204545454545454,1.0
ionosphere,1,57,gates_2,0,13,12,0.9230769230769232,0.1477272727272727,1.0
ionosphere,1,57,gates_4,0,10,10,1.0,0.1136363636363636,1.0
ionosphere,1,57,gates_8,0,3,3,1.0,0.034090909090909,1.0
ionosphere,1,67,gates_1,0,37,19,0.5135135135135135,0.4204545454545454,1.0
ionosphere,1,67,gates_2,0,24,12,0.5,0.2727272727272727,1.0
ionosphere,1,67,gates_4,0,5,5,1.0,0.0568181818181818,1.0
ionosphere,1,67,gates_8,0,2,2,1.0,0.0227272727272727,1.0
ionosphere,1,94,gates_1,1,31,26,0.8387096774193549,0.3522727272727273,1.0
ionosphere,1,94,gates_2,1,21,17,0.8095238095238095,0.2386363636363636,1.0
ionosphere,1,94,gates_4,1,9,8,0.8888888888888888,0.1022727272727272,1.0
ionosphere,1,94,gates_8,1,7,6,0.8571428571428571,0.0795454545454545,1.0
ionosphere,1,135,gates_1,1,31,26,0.8387096774193549,0.3522727272727273,1.0
ionosphere,1,135,gates_2,1,22,21,0.9545454545454546,0.25,1.0
ionosphere,1,135,gates_4,1,13,13,1.0,0.1477272727272727,1.0
ionosphere,1,135,gates_8,1,4,4,1.0,0.0454545454545454,1.0
ionosphere,1,184,gates_1,0,28,11,0.3928571428571428,0.3181818181818182,1.0
ionosphere,1,184,gates_2,0,22,10,0.4545454545454545,0.25,1.0
ionosphere,1,184,gates_4,0,6,6,1.0,0.0681818181818181,1.0
ionosphere,1,184,gates_8,0,1,1,1.0,0.0113636363636363,1.0
ionosphere,1,187,gates_1,1,31,26,0.8387096774193549,0.3522727272727273,1.0
ionosphere,1,187,gates_2,1,7,3,0.4285714285714285,0.0795454545454545,1.0
ionosphere,1,187,gates_4,1,0,0,,0.0,0.0
ionosphere,1,187,gates_8,1,0,0,,0.0,0.0
ionosphere,1,191,gates_1,0,56,11,0.1964285714285714,0.6363636363636364,1.0
ionosphere,1,191,gates_2,0,26,8,0.3076923076923077,0.2954545454545454,1.0
ionosphere,1,191,gates_4,0,10,7,0.7,0.1136363636363636,1.0
ionosphere,1,191,gates_8,0,0,0,,0.0,0.0
ionosphere,1,204,gates_1,0,37,19,0.5135135135135135,0.4204545454545454,1.0
ionosphere,1,204,gates_2,0,31,17,0.5483870967741935,0.3522727272727273,1.0
ionosphere,1,204,gates_4,0,10,7,0.7,0.1136363636363636,1.0
ionosphere,1,204,gates_8,0,1,1,1.0,0.0113636363636363,1.0
ionosphere,1,222,gates_1,0,56,11,0.1964285714285714,0.6363636363636364,1.0
ionosphere,1,222,gates_2,0,26,8,0.3076923076923077,0.2954545454545454,1.0
ionosphere,1,222,gates_4,0,7,2,0.2857142857142857,0.0795454545454545,1.0
ionosphere,1,222,gates_8,0,4,1,0.25,0.0454545454545454,1.0
ionosphere,1,226,gates_1,0,35,15,0.4285714285714285,0.3977272727272727,1.0
ionosphere,1,226,gates_2,0,27,15,0.5555555555555556,0.3068181818181818,1.0
ionosphere,1,226,gates_4,0,8,8,1.0,0.0909090909090909,1.0
ionosphere,1,226,gates_8,0,0,0,,0.0,0.0
ionosphere,1,239,gates_1,1,56,45,0.8035714285714286,0.6363636363636364,1.0
ionosphere,1,239,gates_2,1,45,40,0.8888888888888888,0.5113636363636364,1.0
ionosphere,1,239,gates_4,1,36,34,0.9444444444444444,0.4090909090909091,1.0
ionosphere,1,239,gates_8,1,8,7,0.875,0.0909090909090909,1.0
ionosphere,1,246,gates_1,1,28,17,0.6071428571428571,0.3181818181818182,1.0
ionosphere,1,246,gates_2,1,20,13,0.65,0.2272727272727272,1.0
ionosphere,1,246,gates_4,1,16,11,0.6875,0.1818181818181818,1.0
ionosphere,1,246,gates_8,1,4,4,1.0,0.0454545454545454,1.0
ionosphere,1,262,gates_1,1,28,17,0.6071428571428571,0.3181818181818182,1.0
ionosphere,1,262,gates_2,1,20,13,0.65,0.2272727272727272,1.0
ionosphere,1,262,gates_4,1,10,8,0.8,0.1136363636363636,1.0
ionosphere,1,262,gates_8,1,5,5,1.0,0.0568181818181818,1.0
ionosphere,1,296,gates_1,1,31,26,0.8387096774193549,0.3522727272727273,1.0
ionosphere,1,296,gates_2,1,22,21,0.9545454545454546,0.25,1.0
ionosphere,1,296,gates_4,1,13,13,1.0,0.1477272727272727,1.0
ionosphere,1,296,gates_8,1,7,7,1.0,0.0795454545454545,1.0
ionosphere,1,312,gates_1,1,56,45,0.8035714285714286,0.6363636363636364,1.0
ionosphere,1,312,gates_2,1,23,14,0.6086956521739131,0.2613636363636363,1.0
ionosphere,1,312,gates_4,1,18,14,0.7777777777777778,0.2045454545454545,1.0
ionosphere,1,312,gates_8,1,11,9,0.8181818181818182,0.125,1.0
ionosphere,1,341,gates_1,1,56,45,0.8035714285714286,0.6363636363636364,1.0
ionosphere,1,341,gates_2,1,45,40,0.8888888888888888,0.5113636363636364,1.0
ionosphere,1,341,gates_4,1,18,18,1.0,0.2045454545454545,1.0
ionosphere,1,341,gates_8,1,6,6,1.0,0.0681818181818181,1.0
ionosphere,1,342,gates_1,1,56,45,0.8035714285714286,0.6363636363636364,1.0
ionosphere,1,342,gates_2,1,45,40,0.8888888888888888,0.5113636363636364,1.0
ionosphere,1,342,gates_4,1,22,18,0.8181818181818182,0.25,1.0
ionosphere,1,342,gates_8,1,7,5,0.7142857142857143,0.0795454545454545,1.0
ionosphere,2,6,gates_1,1,40,23,0.575,0.4545454545454545,1.0
ionosphere,2,6,gates_2,1,27,12,0.4444444444444444,0.3068181818181818,1.0
ionosphere,2,6,gates_4,1,7,7,1.0,0.0795454545454545,1.0
ionosphere,2,6,gates_8,1,3,3,1.0,0.034090909090909,1.0
ionosphere,2,14,gates_1,1,61,49,0.8032786885245902,0.6931818181818182,1.0
ionosphere,2,14,gates_2,1,31,22,0.7096774193548387,0.3522727272727273,1.0
ionosphere,2,14,gates_4,1,7,6,0.8571428571428571,0.0795454545454545,1.0
ionosphere,2,14,gates_8,1,5,4,0.8,0.0568181818181818,1.0
ionosphere,2,39,gates_1,1,39,22,0.5641025641025641,0.4431818181818182,1.0
ionosphere,2,39,gates_2,1,31,22,0.7096774193548387,0.3522727272727273,1.0
ionosphere,2,39,gates_4,1,4,4,1.0,0.0454545454545454,1.0
ionosphere,2,39,gates_8,1,0,0,,0.0,0.0
ionosphere,2,42,gates_1,1,61,49,0.8032786885245902,0.6931818181818182,1.0
ionosphere,2,42,gates_2,1,31,22,0.7096774193548387,0.3522727272727273,1.0
ionosphere,2,42,gates_4,1,18,17,0.9444444444444444,0.2045454545454545,1.0
ionosphere,2,42,gates_8,1,1,0,0.0,0.0113636363636363,1.0
ionosphere,2,52,gates_1,1,39,22,0.5641025641025641,0.4431818181818182,1.0
ionosphere,2,52,gates_2,1,18,3,0.1666666666666666,0.2045454545454545,1.0
ionosphere,2,52,gates_4,1,12,0,0.0,0.1363636363636363,1.0
ionosphere,2,52,gates_8,1,0,0,,0.0,0.0
ionosphere,2,65,gates_1,1,39,22,0.5641025641025641,0.4431818181818182,1.0
ionosphere,2,65,gates_2,1,20,5,0.25,0.2272727272727272,1.0
ionosphere,2,65,gates_4,1,3,2,0.6666666666666666,0.034090909090909,1.0
ionosphere,2,65,gates_8,1,3,2,0.6666666666666666,0.034090909090909,1.0
ionosphere,2,91,gates_1,0,40,16,0.4,0.4545454545454545,1.0
ionosphere,2,91,gates_2,0,32,14,0.4375,0.3636363636363636,1.0
ionosphere,2,91,gates_4,0,12,12,1.0,0.1363636363636363,1.0
ionosphere,2,91,gates_8,0,0,0,,0.0,0.0
ionosphere,2,92,gates_1,1,61,49,0.8032786885245902,0.6931818181818182,1.0
ionosphere,2,92,gates_2,1,29,27,0.9310344827586208,0.3295454545454545,1.0
ionosphere,2,92,gates_4,1,23,22,0.9565217391304348,0.2613636363636363,1.0
ionosphere,2,92,gates_8,1,0,0,,0.0,0.0
ionosphere,2,128,gates_1,0,40,17,0.425,0.4545454545454545,1.0
ionosphere,2,128,gates_2,0,27,15,0.5555555555555556,0.3068181818181818,1.0
ionosphere,2,128,gates_4,0,11,11,1.0,0.125,1.0
ionosphere,2,128,gates_8,0,10,10,1.0,0.1136363636363636,1.0
ionosphere,2,154,gates_1,0,40,17,0.425,0.4545454545454545,1.0
ionosphere,2,154,gates_2,0,32,14,0.4375,0.3636363636363636,1.0
ionosphere,2,154,gates_4,0,11,8,0.7272727272727273,0.125,1.0
ionosphere,2,154,gates_8,0,4,4,1.0,0.0454545454545454,1.0
ionosphere,2,171,gates_1,1,40,23,0.575,0.4545454545454545,1.0
ionosphere,2,171,gates_2,1,22,19,0.8636363636363636,0.25,1.0
ionosphere,2,171,gates_4,1,16,15,0.9375,0.1818181818181818,1.0
ionosphere,2,171,gates_8,1,13,12,0.9230769230769232,0.1477272727272727,1.0
ionosphere,2,204,gates_1,0,40,17,0.425,0.4545454545454545,1.0
ionosphere,2,204,gates_2,0,24,11,0.4583333333333333,0.2727272727272727,1.0
ionosphere,2,204,gates_4,0,11,9,0.8181818181818182,0.125,1.0
ionosphere,2,204,gates_8,0,1,1,1.0,0.0113636363636363,1.0
ionosphere,2,209,gates_1,1,61,49,0.8032786885245902,0.6931818181818182,1.0
ionosphere,2,209,gates_2,1,29,27,0.9310344827586208,0.3295454545454545,1.0
ionosphere,2,209,gates_4,1,22,21,0.9545454545454546,0.25,1.0
ionosphere,2,209,gates_8,1,8,7,0.875,0.0909090909090909,1.0
ionosphere,2,251,gates_1,1,61,49,0.8032786885245902,0.6931818181818182,1.0
ionosphere,2,251,gates_2,1,54,49,0.9074074074074074,0.6136363636363636,1.0
ionosphere,2,251,gates_4,1,6,5,0.8333333333333334,0.0681818181818181,1.0
ionosphere,2,251,gates_8,1,1,1,1.0,0.0113636363636363,1.0
ionosphere,2,255,gates_1,1,61,49,0.8032786885245902,0.6931818181818182,1.0
ionosphere,2,255,gates_2,1,28,25,0.8928571428571429,0.3181818181818182,1.0
ionosphere,2,255,gates_4,1,9,8,0.8888888888888888,0.1022727272727272,1.0
ionosphere,2,255,gates_8,1,0,0,,0.0,0.0
ionosphere,2,260,gates_1,1,61,49,0.8032786885245902,0.6931818181818182,1.0
ionosphere,2,260,gates_2,1,23,13,0.5652173913043478,0.2613636363636363,1.0
ionosphere,2,260,gates_4,1,4,4,1.0,0.0454545454545454,1.0
ionosphere,2,260,gates_8,1,0,0,,0.0,0.0
ionosphere,2,293,gates_1,1,47,43,0.9148936170212766,0.5340909090909091,1.0
ionosphere,2,293,gates_2,1,44,41,0.9318181818181818,0.5,1.0
ionosphere,2,293,gates_4,1,38,36,0.9473684210526316,0.4318181818181818,1.0
ionosphere,2,293,gates_8,1,22,21,0.9545454545454546,0.25,1.0
ionosphere,2,340,gates_1,1,40,24,0.6,0.4545454545454545,1.0
ionosphere,2,340,gates_2,1,23,15,0.6521739130434783,0.2613636363636363,1.0
ionosphere,2,340,gates_4,1,8,2,0.25,0.0909090909090909,1.0
ionosphere,2,340,gates_8,1,1,0,0.0,0.0113636363636363,1.0
ionosphere,3,4,gates_1,1,28,10,0.3571428571428571,0.3181818181818182,1.0
ionosphere,3,4,gates_2,1,12,7,0.5833333333333334,0.1363636363636363,1.0
ionosphere,3,4,gates_4,1,2,2,1.0,0.0227272727272727,1.0
ionosphere,3,4,gates_8,1,0,0,,0.0,0.0
ionosphere,3,5,gates_1,0,23,11,0.4782608695652174,0.2613636363636363,1.0
ionosphere,3,5,gates_2,0,11,5,0.4545454545454545,0.125,1.0
ionosphere,3,5,gates_4,0,2,2,1.0,0.0227272727272727,1.0
ionosphere,3,5,gates_8,0,1,1,1.0,0.0113636363636363,1.0
ionosphere,3,7,gates_1,0,23,11,0.4782608695652174,0.2613636363636363,1.0
ionosphere,3,7,gates_2,0,11,5,0.4545454545454545,0.125,1.0
ionosphere,3,7,gates_4,0,2,2,1.0,0.0227272727272727,1.0
ionosphere,3,7,gates_8,0,0,0,,0.0,0.0
ionosphere,3,25,gates_1,1,54,39,0.7222222222222222,0.6136363636363636,1.0
ionosphere,3,25,gates_2,1,11,6,0.5454545454545454,0.125,1.0
ionosphere,3,25,gates_4,1,5,4,0.8,0.0568181818181818,1.0
ionosphere,3,25,gates_8,1,1,1,1.0,0.0113636363636363,1.0
ionosphere,3,63,gates_1,0,23,11,0.4782608695652174,0.2613636363636363,1.0
ionosphere,3,63,gates_2,0,13,8,0.6153846153846154,0.1477272727272727,1.0
ionosphere,3,63,gates_4,0,2,2,1.0,0.0227272727272727,1.0
ionosphere,3,63,gates_8,0,0,0,,0.0,0.0
ionosphere,3,95,gates_1,1,37,24,0.6486486486486487,0.4204545454545454,1.0
ionosphere,3,95,gates_2,1,8,5,0.625,0.0909090909090909,1.0
ionosphere,3,95,gates_4,1,2,1,0.5,0.0227272727272727,1.0
ionosphere,3,95,gates_8,1,0,0,,0.0,0.0
ionosphere,3,107,gates_1,1,54,39,0.7222222222222222,0.6136363636363636,1.0
ionosphere,3,107,gates_2,1,40,34,0.85,0.4545454545454545,1.0
ionosphere,3,107,gates_4,1,25,23,0.92,0.2840909090909091,1.0
ionosphere,3,107,gates_8,1,17,17,1.0,0.1931818181818181,1.0
ionosphere,3,141,gates_1,1,54,39,0.7222222222222222,0.6136363636363636,1.0
ionosphere,3,141,gates_2,1,36,28,0.7777777777777778,0.4090909090909091,1.0
ionosphere,3,141,gates_4,1,26,23,0.8846153846153846,0.2954545454545454,1.0
ionosphere,3,141,gates_8,1,19,19,1.0,0.2159090909090909,1.0
ionosphere,3,157,gates_1,1,37,24,0.6486486486486487,0.4204545454545454,1.0
ionosphere,3,157,gates_2,1,14,4,0.2857142857142857,0.1590909090909091,1.0
ionosphere,3,157,gates_4,1,4,0,0.0,0.0454545454545454,1.0
ionosphere,3,157,gates_8,1,0,0,,0.0,0.0
ionosphere,3,188,gates_1,0,23,11,0.4782608695652174,0.2613636363636363,1.0
ionosphere,3,188,gates_2,0,11,5,0.4545454545454545,0.125,1.0
ionosphere,3,188,gates_4,0,2,2,1.0,0.0227272727272727,1.0
ionosphere,3,188,gates_8,0,2,2,1.0,0.0227272727272727,1.0
ionosphere,3,193,gates_1,1,23,12,0.5217391304347826,0.2613636363636363,1.0
ionosphere,3,193,gates_2,1,8,5,0.625,0.0909090909090909,1.0
ionosphere,3,193,gates_4,1,1,1,1.0,0.0113636363636363,1.0
ionosphere,3,193,gates_8,1,1,1,1.0,0.0113636363636363,1.0
ionosphere,3,199,gates_1,1,23,12,0.5217391304347826,0.2613636363636363,1.0
ionosphere,3,199,gates_2,1,16,10,0.625,0.1818181818181818,1.0
ionosphere,3,199,gates_4,1,9,8,0.8888888888888888,0.1022727272727272,1.0
ionosphere,3,199,gates_8,1,6,6,1.0,0.0681818181818181,1.0
ionosphere,3,246,gates_1,0,54,15,0.2777777777777778,0.6136363636363636,1.0
ionosphere,3,246,gates_2,0,20,10,0.5,0.2272727272727272,1.0
ionosphere,3,246,gates_4,0,6,6,1.0,0.0681818181818181,1.0
ionosphere,3,246,gates_8,0,3,3,1.0,0.034090909090909,1.0
ionosphere,3,294,gates_1,0,54,15,0.2777777777777778,0.6136363636363636,1.0
ionosphere,3,294,gates_2,0,36,8,0.2222222222222222,0.4090909090909091,1.0
ionosphere,3,294,gates_4,0,20,3,0.15,0.2272727272727272,1.0
ionosphere,3,294,gates_8,0,17,0,0.0,0.1931818181818181,1.0
ionosphere,3,297,gates_1,1,37,24,0.6486486486486487,0.4204545454545454,1.0
ionosphere,3,297,gates_2,1,27,18,0.6666666666666666,0.3068181818181818,1.0
ionosphere,3,297,gates_4,1,13,8,0.6153846153846154,0.1477272727272727,1.0
ionosphere,3,297,gates_8,1,6,6,1.0,0.0681818181818181,1.0
ionosphere,3,299,gates_1,1,37,24,0.6486486486486487,0.4204545454545454,1.0
ionosphere,3,299,gates_2,1,27,18,0.6666666666666666,0.3068181818181818,1.0
ionosphere,3,299,gates_4,1,13,8,0.6153846153846154,0.1477272727272727,1.0
ionosphere,3,299,gates_8,1,6,6,1.0,0.0681818181818181,1.0
ionosphere,3,303,gates_1,1,54,39,0.7222222222222222,0.6136363636363636,1.0
ionosphere,3,303,gates_2,1,36,28,0.7777777777777778,0.4090909090909091,1.0
ionosphere,3,303,gates_4,1,26,23,0.8846153846153846,0.2954545454545454,1.0
ionosphere,3,303,gates_8,1,19,19,1.0,0.2159090909090909,1.0
ionosphere,3,306,gates_1,1,54,39,0.7222222222222222,0.6136363636363636,1.0
ionosphere,3,306,gates_2,1,40,34,0.85,0.4545454545454545,1.0
ionosphere,3,306,gates_4,1,35,32,0.9142857142857144,0.3977272727272727,1.0
ionosphere,3,306,gates_8,1,0,0,,0.0,0.0
ionosphere,4,18,gates_1,1,44,29,0.6590909090909091,0.5,1.0
ionosphere,4,18,gates_2,1,19,12,0.631578947368421,0.2159090909090909,1.0
ionosphere,4,18,gates_4,1,4,2,0.5,0.0454545454545454,1.0
ionosphere,4,18,gates_8,1,1,1,1.0,0.0113636363636363,1.0
ionosphere,4,45,gates_1,0,34,19,0.5588235294117647,0.3863636363636363,1.0
ionosphere,4,45,gates_2,0,12,8,0.6666666666666666,0.1363636363636363,1.0
ionosphere,4,45,gates_4,0,5,4,0.8,0.0568181818181818,1.0
ionosphere,4,45,gates_8,0,0,0,,0.0,0.0
ionosphere,4,46,gates_1,1,67,49,0.7313432835820896,0.7613636363636364,1.0
ionosphere,4,46,gates_2,1,40,38,0.95,0.4545454545454545,1.0
ionosphere,4,46,gates_4,1,15,14,0.9333333333333332,0.1704545454545454,1.0
ionosphere,4,46,gates_8,1,7,7,1.0,0.0795454545454545,1.0
ionosphere,4,75,gates_1,1,38,22,0.5789473684210527,0.4318181818181818,1.0
ionosphere,4,75,gates_2,1,21,12,0.5714285714285714,0.2386363636363636,1.0
ionosphere,4,75,gates_4,1,3,3,1.0,0.034090909090909,1.0
ionosphere,4,75,gates_8,1,0,0,,0.0,0.0
ionosphere,4,106,gates_1,0,28,19,0.6785714285714286,0.3181818181818182,1.0
ionosphere,4,106,gates_2,0,20,13,0.65,0.2272727272727272,1.0
ionosphere,4,106,gates_4,0,3,1,0.3333333333333333,0.034090909090909,1.0
ionosphere,4,106,gates_8,0,1,1,1.0,0.0113636363636363,1.0
ionosphere,4,149,gates_1,1,44,29,0.6590909090909091,0.5,1.0
ionosphere,4,149,gates_2,1,28,20,0.7142857142857143,0.3181818181818182,1.0
ionosphere,4,149,gates_4,1,11,11,1.0,0.125,1.0
ionosphere,4,149,gates_8,1,10,10,1.0,0.1136363636363636,1.0
ionosphere,4,150,gates_1,0,36,19,0.5277777777777778,0.4090909090909091,1.0
ionosphere,4,150,gates_2,0,26,11,0.4230769230769231,0.2954545454545454,1.0
ionosphere,4,150,gates_4,0,11,8,0.7272727272727273,0.125,1.0
ionosphere,4,150,gates_8,0,3,2,0.6666666666666666,0.034090909090909,1.0
ionosphere,4,154,gates_1,0,38,16,0.4210526315789473,0.4318181818181818,1.0
ionosphere,4,154,gates_2,0,26,11,0.4230769230769231,0.2954545454545454,1.0
ionosphere,4,154,gates_4,0,11,8,0.7272727272727273,0.125,1.0
ionosphere,4,154,gates_8,0,3,1,0.3333333333333333,0.034090909090909,1.0
ionosphere,4,184,gates_1,0,47,18,0.3829787234042553,0.5340909090909091,1.0
ionosphere,4,184,gates_2,0,35,10,0.2857142857142857,0.3977272727272727,1.0
ionosphere,4,184,gates_4,0,0,0,,0.0,0.0
ionosphere,4,184,gates_8,0,0,0,,0.0,0.0
ionosphere,4,191,gates_1,0,47,18,0.3829787234042553,0.5340909090909091,1.0
ionosphere,4,191,gates_2,0,15,13,0.8666666666666667,0.1704545454545454,1.0
ionosphere,4,191,gates_4,0,8,7,0.875,0.0909090909090909,1.0
ionosphere,4,191,gates_8,0,0,0,,0.0,0.0
ionosphere,4,205,gates_1,1,44,29,0.6590909090909091,0.5,1.0
ionosphere,4,205,gates_2,1,28,20,0.7142857142857143,0.3181818181818182,1.0
ionosphere,4,205,gates_4,1,16,15,0.9375,0.1818181818181818,1.0
ionosphere,4,205,gates_8,1,4,4,1.0,0.0454545454545454,1.0
ionosphere,4,235,gates_1,1,67,49,0.7313432835820896,0.7613636363636364,1.0
ionosphere,4,235,gates_2,1,35,25,0.7142857142857143,0.3977272727272727,1.0
ionosphere,4,235,gates_4,1,23,23,1.0,0.2613636363636363,1.0
ionosphere,4,235,gates_8,1,5,5,1.0,0.0568181818181818,1.0
ionosphere,4,248,gates_1,0,47,18,0.3829787234042553,0.5340909090909091,1.0
ionosphere,4,248,gates_2,0,18,12,0.6666666666666666,0.2045454545454545,1.0
ionosphere,4,248,gates_4,0,5,3,0.6,0.0568181818181818,1.0
ionosphere,4,248,gates_8,0,1,1,1.0,0.0113636363636363,1.0
ionosphere,4,265,gates_1,1,38,22,0.5789473684210527,0.4318181818181818,1.0
ionosphere,4,265,gates_2,1,26,15,0.5769230769230769,0.2954545454545454,1.0
ionosphere,4,265,gates_4,1,9,6,0.6666666666666666,0.1022727272727272,1.0
ionosphere,4,265,gates_8,1,6,6,1.0,0.0681818181818181,1.0
ionosphere,4,279,gates_1,1,38,22,0.5789473684210527,0.4318181818181818,1.0
ionosphere,4,279,gates_2,1,26,15,0.5769230769230769,0.2954545454545454,1.0
ionosphere,4,279,gates_4,1,9,6,0.6666666666666666,0.1022727272727272,1.0
ionosphere,4,279,gates_8,1,3,3,1.0,0.034090909090909,1.0
ionosphere,4,285,gates_1,1,44,29,0.6590909090909091,0.5,1.0
ionosphere,4,285,gates_2,1,28,20,0.7142857142857143,0.3181818181818182,1.0
ionosphere,4,285,gates_4,1,20,17,0.85,0.2272727272727272,1.0
ionosphere,4,285,gates_8,1,8,7,0.875,0.0909090909090909,1.0
ionosphere,4,317,gates_1,1,67,49,0.7313432835820896,0.7613636363636364,1.0
ionosphere,4,317,gates_2,1,28,20,0.7142857142857143,0.3181818181818182,1.0
ionosphere,4,317,gates_4,1,16,15,0.9375,0.1818181818181818,1.0
ionosphere,4,317,gates_8,1,6,6,1.0,0.0681818181818181,1.0
ionosphere,4,346,gates_1,1,67,49,0.7313432835820896,0.7613636363636364,1.0
ionosphere,4,346,gates_2,1,40,38,0.95,0.4545454545454545,1.0
ionosphere,4,346,gates_4,1,13,13,1.0,0.1477272727272727,1.0
ionosphere,4,346,gates_8,1,13,13,1.0,0.1477272727272727,1.0
sonar,0,6,gates_1,1,37,28,0.7567567567567568,0.7115384615384616,1.0
sonar,0,6,gates_2,1,16,15,0.9375,0.3076923076923077,1.0
sonar,0,6,gates_4,1,3,3,1.0,0.0576923076923076,1.0
sonar,0,6,gates_8,1,1,1,1.0,0.0192307692307692,1.0
sonar,0,18,gates_1,0,28,14,0.5,0.5384615384615384,1.0
sonar,0,18,gates_2,0,14,10,0.7142857142857143,0.2692307692307692,1.0
sonar,0,18,gates_4,0,8,7,0.875,0.1538461538461538,1.0
sonar,0,18,gates_8,0,3,3,1.0,0.0576923076923076,1.0
sonar,0,63,gates_1,0,25,13,0.52,0.4807692307692308,1.0
sonar,0,63,gates_2,0,16,11,0.6875,0.3076923076923077,1.0
sonar,0,63,gates_4,0,8,8,1.0,0.1538461538461538,1.0
sonar,0,63,gates_8,0,1,1,1.0,0.0192307692307692,1.0
sonar,0,66,gates_1,0,23,7,0.3043478260869565,0.4423076923076923,1.0
sonar,0,66,gates_2,0,18,4,0.2222222222222222,0.3461538461538461,1.0
sonar,0,66,gates_4,0,4,2,0.5,0.0769230769230769,1.0
sonar,0,66,gates_8,0,0,0,,0.0,0.0
sonar,0,84,gates_1,1,37,28,0.7567567567567568,0.7115384615384616,1.0
sonar,0,84,gates_2,1,17,16,0.9411764705882352,0.3269230769230769,1.0
sonar,0,84,gates_4,1,13,13,1.0,0.25,1.0
sonar,0,84,gates_8,1,1,1,1.0,0.0192307692307692,1.0
sonar,0,108,gates_1,1,19,18,0.9473684210526316,0.3653846153846153,1.0
sonar,0,108,gates_2,1,17,16,0.9411764705882352,0.3269230769230769,1.0
sonar,0,108,gates_4,1,1,1,1.0,0.0192307692307692,1.0
sonar,0,108,gates_8,1,0,0,,0.0,0.0
sonar,0,113,gates_1,1,19,18,0.9473684210526316,0.3653846153846153,1.0
sonar,0,113,gates_2,1,17,16,0.9411764705882352,0.3269230769230769,1.0
sonar,0,113,gates_4,1,5,5,1.0,0.0961538461538461,1.0
sonar,0,113,gates_8,1,0,0,,0.0,0.0
sonar,0,117,gates_1,1,25,12,0.48,0.4807692307692308,1.0
sonar,0,117,gates_2,1,11,6,0.5454545454545454,0.2115384615384615,1.0
sonar,0,117,gates_4,1,5,2,0.4,0.0961538461538461,1.0
sonar,0,117,gates_8,1,0,0,,0.0,0.0
sonar,0,176,gates_1,1,27,18,0.6666666666666666,0.5192307692307693,1.0
sonar,0,176,gates_2,1,22,15,0.6818181818181818,0.4230769230769231,1.0
sonar,0,176,gates_4,1,14,10,0.7142857142857143,0.2692307692307692,1.0
sonar,0,176,gates_8,1,1,1,1.0,0.0192307692307692,1.0
sonar,0,181,gates_1,1,27,18,0.6666666666666666,0.5192307692307693,1.0
sonar,0,181,gates_2,1,22,15,0.6818181818181818,0.4230769230769231,1.0
sonar,0,181,gates_4,1,6,6,1.0,0.1153846153846153,1.0
sonar,0,181,gates_8,1,1,1,1.0,0.0192307692307692,1.0
sonar,0,206,gates_1,1,32,14,0.4375,0.6153846153846154,1.0
sonar,0,206,gates_2,1,25,9,0.36,0.4807692307692308,1.0
sonar,0,206,gates_4,1,4,2,0.5,0.0769230769230769,1.0
sonar,0,206,gates_8,1,1,1,1.0,0.0192307692307692,1.0
sonar,1,3,gates_1,0,26,6,0.2307692307692307,0.5,1.0
sonar,1,3,gates_2,0,21,4,0.1904761904761904,0.4038461538461538,1.0
sonar,1,3,gates_4,0,6,3,0.5,0.1153846153846153,1.0
sonar,1,3,gates_8,0,1,0,0.0,0.0192307692307692,1.0
sonar,1,10,gates_1,0,29,18,0.6206896551724138,0.5576923076923077,1.0
sonar,1,10,gates_2,0,20,16,0.8,0.3846153846153846,1.0
sonar,1,10,gates_4,0,12,11,0.9166666666666666,0.2307692307692307,1.0
sonar,1,10,gates_8,0,9,9,1.0,0.173076923076923,1.0
sonar,1,34,gates_1,0,29,18,0.6206896551724138,0.5576923076923077,1.0
sonar,1,34,gates_2,0,22,16,0.7272727272727273,0.4230769230769231,1.0
sonar,1,34,gates_4,0,10,8,0.8,0.1923076923076923,1.0
sonar,1,34,gates_8,0,5,5,1.0,0.0961538461538461,1.0
sonar,1,58,gates_1,0,28,13,0.4642857142857143,0.5384615384615384,1.0
sonar,1,58,gates_2,0,18,7,0.3888888888888889,0.3461538461538461,1.0
sonar,1,58,gates_4,0,7,7,1.0,0.1346153846153846,1.0
sonar,1,58,gates_8,0,3,3,1.0,0.0576923076923076,1.0
sonar,1,87,gates_1,0,28,13,0.4642857142857143,0.5384615384615384,1.0
sonar,1,87,gates_2,0,17,10,0.5882352941176471,0.3269230769230769,1.0
sonar,1,87,gates_4,0,3,1,0.3333333333333333,0.0576923076923076,1.0
sonar,1,87,gates_8,0,0,0,,0.0,0.0
sonar,1,107,gates_1,1,23,16,0.6956521739130435,0.4423076923076923,1.0
sonar,1,107,gates_2,1,10,5,0.5,0.1923076923076923,1.0
sonar,1,107,gates_4,1,3,1,0.3333333333333333,0.0576923076923076,1.0
sonar,1,107,gates_8,1,0,0,,0.0,0.0
sonar,1,112,gates_1,1,23,16,0.6956521739130435,0.4423076923076923,1.0
sonar,1,112,gates_2,1,20,14,0.7,0.3846153846153846,1.0
sonar,1,112,gates_4,1,5,3,0.6,0.0961538461538461,1.0
sonar,1,112,gates_8,1,2,1,0.5,0.0384615384615384,1.0
sonar,1,154,gates_1,0,28,13,0.4642857142857143,0.5384615384615384,1.0
sonar,1,154,gates_2,0,14,2,0.1428571428571428,0.2692307692307692,1.0
sonar,1,154,gates_4,0,0,0,,0.0,0.0
sonar,1,154,gates_8,0,0,0,,0.0,0.0
sonar,1,170,gates_1,1,31,11,0.3548387096774194,0.5961538461538461,1.0
sonar,1,170,gates_2,1,18,8,0.4444444444444444,0.3461538461538461,1.0
sonar,1,170,gates_4,1,6,4,0.6666666666666666,0.1153846153846153,1.0
sonar,1,170,gates_8,1,1,1,1.0,0.0192307692307692,1.0
sonar,1,175,gates_1,1,23,16,0.6956521739130435,0.4423076923076923,1.0
sonar,1,175,gates_2,1,13,11,0.8461538461538461,0.25,1.0
sonar,1,175,gates_4,1,6,6,1.0,0.1153846153846153,1.0
sonar,1,175,gates_8,1,2,2,1.0,0.0384615384615384,1.0
sonar,1,179,gates_1,1,29,26,0.896551724137931,0.5576923076923077,1.0
sonar,1,179,gates_2,1,12,10,0.8333333333333334,0.2307692307692307,1.0
sonar,1,179,gates_4,1,0,0,,0.0,0.0
sonar,1,179,gates_8,1,0,0,,0.0,0.0
sonar,2,14,gates_1,0,28,8,0.2857142857142857,0.5384615384615384,1.0
sonar,2,14,gates_2,0,11,7,0.6363636363636364,0.2115384615384615,1.0
sonar,2,14,gates_4,0,3,2,0.6666666666666666,0.0576923076923076,1.0
sonar,2,14,gates_8,0,0,0,,0.0,0.0
sonar,2,26,gates_1,0,32,12,0.375,0.6153846153846154,1.0
sonar,2,26,gates_2,0,18,10,0.5555555555555556,0.3461538461538461,1.0
sonar,2,26,gates_4,0,4,3,0.75,0.0769230769230769,1.0
sonar,2,26,gates_8,0,0,0,,0.0,0.0
sonar,2,35,gates_1,1,28,20,0.7142857142857143,0.5384615384615384,1.0
sonar,2,35,gates_2,1,11,7,0.6363636363636364,0.2115384615384615,1.0
sonar,2,35,gates_4,1,4,1,0.25,0.0769230769230769,1.0
sonar,2,35,gates_8,1,2,0,0.0,0.0384615384615384,1.0
sonar,2,47,gates_1,1,32,20,0.625,0.6153846153846154,1.0
sonar,2,47,gates_2,1,16,11,0.6875,0.3076923076923077,1.0
sonar,2,47,gates_4,1,1,0,0.0,0.0192307692307692,1.0
sonar,2,47,gates_8,1,0,0,,0.0,0.0
sonar,2,49,gates_1,1,28,18,0.6428571428571429,0.5384615384615384,1.0
sonar,2,49,gates_2,1,10,5,0.5,0.1923076923076923,1.0
sonar,2,49,gates_4,1,6,2,0.3333333333333333,0.1153846153846153,1.0
sonar,2,49,gates_8,1,2,1,0.5,0.0384615384615384,1.0
sonar,2,98,gates_1,1,28,18,0.6428571428571429,0.5384615384615384,1.0
sonar,2,98,gates_2,1,14,6,0.4285714285714285,0.2692307692307692,1.0
sonar,2,98,gates_4,1,3,1,0.3333333333333333,0.0576923076923076,1.0
sonar,2,98,gates_8,1,1,1,1.0,0.0192307692307692,1.0
sonar,2,129,gates_1,1,28,20,0.7142857142857143,0.5384615384615384,1.0
sonar,2,129,gates_2,1,20,13,0.65,0.3846153846153846,1.0
sonar,2,129,gates_4,1,10,6,0.6,0.1923076923076923,1.0
sonar,2,129,gates_8,1,2,2,1.0,0.0384615384615384,1.0
sonar,2,148,gates_1,1,28,20,0.7142857142857143,0.5384615384615384,1.0
sonar,2,148,gates_2,1,11,7,0.6363636363636364,0.2115384615384615,1.0
sonar,2,148,gates_4,1,3,0,0.0,0.0576923076923076,1.0
sonar,2,148,gates_8,1,1,0,0.0,0.0192307692307692,1.0
sonar,2,165,gates_1,0,26,8,0.3076923076923077,0.5,1.0
sonar,2,165,gates_2,0,22,5,0.2272727272727272,0.4230769230769231,1.0
sonar,2,165,gates_4,0,4,2,0.5,0.0769230769230769,1.0
sonar,2,165,gates_8,0,1,1,1.0,0.0192307692307692,1.0
sonar,2,187,gates_1,1,26,18,0.6923076923076923,0.5,1.0
sonar,2,187,gates_2,1,22,17,0.7727272727272727,0.4230769230769231,1.0
sonar,2,187,gates_4,1,6,5,0.8333333333333334,0.1153846153846153,1.0
sonar,2,187,gates_8,1,1,1,1.0,0.0192307692307692,1.0
sonar,2,193,gates_1,1,32,20,0.625,0.6153846153846154,1.0
sonar,2,193,gates_2,1,22,17,0.7727272727272727,0.4230769230769231,1.0
sonar,2,193,gates_4,1,9,6,0.6666666666666666,0.173076923076923,1.0
sonar,2,193,gates_8,1,2,1,0.5,0.0384615384615384,1.0
sonar,3,15,gates_1,0,28,14,0.5,0.5384615384615384,1.0
sonar,3,15,gates_2,0,8,6,0.75,0.1538461538461538,1.0
sonar,3,15,gates_4,0,5,3,0.6,0.0961538461538461,1.0
sonar,3,15,gates_8,0,1,1,1.0,0.0192307692307692,1.0
sonar,3,17,gates_1,1,24,12,0.5,0.4615384615384615,1.0
sonar,3,17,gates_2,1,4,1,0.25,0.0769230769230769,1.0
sonar,3,17,gates_4,1,2,1,0.5,0.0384615384615384,1.0
sonar,3,17,gates_8,1,1,1,1.0,0.0192307692307692,1.0
sonar,3,25,gates_1,0,27,20,0.7407407407407407,0.5192307692307693,1.0
sonar,3,25,gates_2,0,13,7,0.5384615384615384,0.25,1.0
sonar,3,25,gates_4,0,2,2,1.0,0.0384615384615384,1.0
sonar,3,25,gates_8,0,2,2,1.0,0.0384615384615384,1.0
sonar,3,36,gates_1,0,27,20,0.7407407407407407,0.5192307692307693,1.0
sonar,3,36,gates_2,0,12,8,0.6666666666666666,0.2307692307692307,1.0
sonar,3,36,gates_4,0,6,3,0.5,0.1153846153846153,1.0
sonar,3,36,gates_8,0,3,3,1.0,0.0576923076923076,1.0
sonar,3,75,gates_1,0,24,12,0.5,0.4615384615384615,1.0
sonar,3,75,gates_2,0,10,9,0.9,0.1923076923076923,1.0
sonar,3,75,gates_4,0,2,2,1.0,0.0384615384615384,1.0
sonar,3,75,gates_8,0,1,1,1.0,0.0192307692307692,1.0
sonar,3,106,gates_1,0,24,12,0.5,0.4615384615384615,1.0
sonar,3,106,gates_2,0,10,9,0.9,0.1923076923076923,1.0
sonar,3,106,gates_4,0,1,1,1.0,0.0192307692307692,1.0
sonar,3,106,gates_8,0,1,1,1.0,0.0192307692307692,1.0
sonar,3,113,gates_1,1,27,7,0.2592592592592592,0.5192307692307693,1.0
sonar,3,113,gates_2,1,10,1,0.1,0.1923076923076923,1.0
sonar,3,113,gates_4,1,2,0,0.0,0.0384615384615384,1.0
sonar,3,113,gates_8,1,2,0,0.0,0.0384615384615384,1.0
sonar,3,121,gates_1,1,24,12,0.5,0.4615384615384615,1.0
sonar,3,121,gates_2,1,10,1,0.1,0.1923076923076923,1.0
sonar,3,121,gates_4,1,0,0,,0.0,0.0
sonar,3,121,gates_8,1,0,0,,0.0,0.0
sonar,3,142,gates_1,1,25,18,0.72,0.4807692307692308,1.0
sonar,3,142,gates_2,1,24,18,0.75,0.4615384615384615,1.0
sonar,3,142,gates_4,1,3,3,1.0,0.0576923076923076,1.0
sonar,3,142,gates_8,1,0,0,,0.0,0.0
sonar,3,165,gates_1,0,27,20,0.7407407407407407,0.5192307692307693,1.0
sonar,3,165,gates_2,0,12,8,0.6666666666666666,0.2307692307692307,1.0
sonar,3,165,gates_4,0,3,1,0.3333333333333333,0.0576923076923076,1.0
sonar,3,165,gates_8,0,1,1,1.0,0.0192307692307692,1.0
sonar,3,202,gates_1,1,28,14,0.5,0.5384615384615384,1.0
sonar,3,202,gates_2,1,16,11,0.6875,0.3076923076923077,1.0
sonar,3,202,gates_4,1,6,6,1.0,0.1153846153846153,1.0
sonar,3,202,gates_8,1,4,4,1.0,0.0769230769230769,1.0
sonar,4,1,gates_1,0,23,6,0.2608695652173913,0.4423076923076923,1.0
sonar,4,1,gates_2,0,11,3,0.2727272727272727,0.2115384615384615,1.0
sonar,4,1,gates_4,0,6,1,0.1666666666666666,0.1153846153846153,1.0
sonar,4,1,gates_8,0,1,1,1.0,0.0192307692307692,1.0
sonar,4,34,gates_1,0,26,4,0.1538461538461538,0.5,1.0
sonar,4,34,gates_2,0,11,3,0.2727272727272727,0.2115384615384615,1.0
sonar,4,34,gates_4,0,5,0,0.0,0.0961538461538461,1.0
sonar,4,34,gates_8,0,1,0,0.0,0.0192307692307692,1.0
sonar,4,55,gates_1,1,22,19,0.8636363636363636,0.4230769230769231,1.0
sonar,4,55,gates_2,1,9,6,0.6666666666666666,0.173076923076923,1.0
sonar,4,55,gates_4,1,5,4,0.8,0.0961538461538461,1.0
sonar,4,55,gates_8,1,2,2,1.0,0.0384615384615384,1.0
sonar,4,71,gates_1,0,22,3,0.1363636363636363,0.4230769230769231,1.0
sonar,4,71,gates_2,0,9,2,0.2222222222222222,0.173076923076923,1.0
sonar,4,71,gates_4,0,4,2,0.5,0.0769230769230769,1.0
sonar,4,71,gates_8,0,2,1,0.5,0.0384615384615384,1.0
sonar,4,91,gates_1,0,22,12,0.5454545454545454,0.4230769230769231,1.0
sonar,4,91,gates_2,0,10,3,0.3,0.1923076923076923,1.0
sonar,4,91,gates_4,0,2,1,0.5,0.0384615384615384,1.0
sonar,4,91,gates_8,0,0,0,,0.0,0.0
sonar,4,114,gates_1,1,32,29,0.90625,0.6153846153846154,1.0
sonar,4,114,gates_2,1,15,15,1.0,0.2884615384615384,1.0
sonar,4,114,gates_4,1,5,5,1.0,0.0961538461538461,1.0
sonar,4,114,gates_8,1,4,4,1.0,0.0769230769230769,1.0
sonar,4,135,gates_1,1,32,29,0.90625,0.6153846153846154,1.0
sonar,4,135,gates_2,1,19,19,1.0,0.3653846153846153,1.0
sonar,4,135,gates_4,1,19,19,1.0,0.3653846153846153,1.0
sonar,4,135,gates_8,1,5,5,1.0,0.0961538461538461,1.0
sonar,4,138,gates_1,1,32,29,0.90625,0.6153846153846154,1.0
sonar,4,138,gates_2,1,15,15,1.0,0.2884615384615384,1.0
sonar,4,138,gates_4,1,9,9,1.0,0.173076923076923,1.0
sonar,4,138,gates_8,1,4,4,1.0,0.0769230769230769,1.0
sonar,4,154,gates_1,0,22,3,0.1363636363636363,0.4230769230769231,1.0
sonar,4,154,gates_2,0,9,3,0.3333333333333333,0.173076923076923,1.0
sonar,4,154,gates_4,0,4,1,0.25,0.0769230769230769,1.0
sonar,4,154,gates_8,0,1,0,0.0,0.0192307692307692,1.0
sonar,4,177,gates_1,1,22,10,0.4545454545454545,0.4230769230769231,1.0
sonar,4,177,gates_2,1,10,9,0.9,0.1923076923076923,1.0
sonar,4,177,gates_4,1,5,4,0.8,0.0961538461538461,1.0
sonar,4,177,gates_8,1,0,0,,0.0,0.0
sonar,4,204,gates_1,1,22,19,0.8636363636363636,0.4230769230769231,1.0
sonar,4,204,gates_2,1,9,6,0.6666666666666666,0.173076923076923,1.0
sonar,4,204,gates_4,1,4,4,1.0,0.0769230769230769,1.0
sonar,4,204,gates_8,1,2,2,1.0,0.0384615384615384,1.0
