dataset,seed,depth,query_index,class,full_length,k,chosen_split,eligible_siblings,ref_error_present,selected_ref_supported,selected_error_share,uniform_error_share,excess_share,top_error_hit
breast_cancer,0,4,39,1,3,1,2,2,1,1,0.7142857142857143,0.5,0.2142857142857143,1.0
breast_cancer,0,4,68,1,3,1,2,2,1,1,0.7142857142857143,0.5,0.2142857142857143,1.0
breast_cancer,0,8,39,1,3,1,2,2,1,1,0.7142857142857143,0.5,0.2142857142857143,1.0
breast_cancer,0,8,68,1,3,1,2,2,1,1,0.7142857142857143,0.5,0.2142857142857143,1.0
breast_cancer,1,4,141,1,3,1,2,2,1,1,1.0,0.5,0.5,1.0
breast_cancer,1,4,145,1,4,1,1,2,1,1,1.0,0.5,0.5,1.0
breast_cancer,1,4,179,1,4,1,1,2,1,1,1.0,0.5,0.5,1.0
breast_cancer,1,4,216,1,4,1,1,2,1,1,1.0,0.5,0.5,1.0
breast_cancer,1,4,220,1,4,1,1,2,1,1,1.0,0.5,0.5,1.0
breast_cancer,1,4,301,1,4,1,1,2,1,1,1.0,0.5,0.5,1.0
breast_cancer,1,4,312,1,4,1,1,2,1,1,1.0,0.5,0.5,1.0
breast_cancer,1,4,334,1,4,1,1,2,1,1,1.0,0.5,0.5,1.0
breast_cancer,1,4,378,1,4,1,1,2,1,1,1.0,0.5,0.5,1.0
breast_cancer,1,4,395,1,4,1,1,2,1,1,1.0,0.5,0.5,1.0
breast_cancer,1,4,458,1,4,1,1,2,1,1,1.0,0.5,0.5,1.0
breast_cancer,1,4,540,1,4,1,1,2,1,1,1.0,0.5,0.5,1.0
breast_cancer,1,4,550,1,4,1,1,2,1,1,1.0,0.5,0.5,1.0
breast_cancer,1,8,141,1,3,1,1,2,1,1,0.3333333333333333,0.5,-0.16666666666666669,0.0
breast_cancer,1,8,145,1,5,1,1,3,1,1,0.6666666666666666,0.3333333333333333,0.3333333333333333,1.0
breast_cancer,1,8,145,1,5,2,3,2,1,1,0.5,0.5,0.0,1.0
breast_cancer,1,8,145,1,5,3,3,2,1,1,0.5,0.5,0.0,1.0
breast_cancer,1,8,179,1,5,1,1,3,1,1,0.6666666666666666,0.3333333333333333,0.3333333333333333,1.0
breast_cancer,1,8,179,1,5,2,3,2,1,1,0.5,0.5,0.0,1.0
breast_cancer,1,8,179,1,5,3,3,2,1,1,0.5,0.5,0.0,1.0
breast_cancer,1,8,216,1,5,1,1,3,1,1,0.6666666666666666,0.3333333333333333,0.3333333333333333,1.0
breast_cancer,1,8,216,1,5,2,3,2,1,1,0.5,0.5,0.0,1.0
breast_cancer,1,8,216,1,5,3,3,2,1,1,0.5,0.5,0.0,1.0
breast_cancer,1,8,220,1,5,1,1,3,1,1,0.6666666666666666,0.3333333333333333,0.3333333333333333,1.0
breast_cancer,1,8,220,1,5,2,3,2,1,1,0.5,0.5,0.0,1.0
breast_cancer,1,8,220,1,5,3,3,2,1,1,0.5,0.5,0.0,1.0
breast_cancer,1,8,301,1,5,1,1,3,1,1,0.6666666666666666,0.3333333333333333,0.3333333333333333,1.0
breast_cancer,1,8,301,1,5,2,3,2,1,1,0.5,0.5,0.0,1.0
breast_cancer,1,8,301,1,5,3,3,2,1,1,0.5,0.5,0.0,1.0
breast_cancer,1,8,312,1,5,1,1,3,1,1,0.6666666666666666,0.3333333333333333,0.3333333333333333,1.0
breast_cancer,1,8,312,1,5,2,3,2,1,1,0.5,0.5,0.0,1.0
breast_cancer,1,8,312,1,5,3,3,2,1,1,0.5,0.5,0.0,1.0
breast_cancer,1,8,334,1,5,1,1,3,1,1,0.6666666666666666,0.3333333333333333,0.3333333333333333,1.0
breast_cancer,1,8,334,1,5,2,3,2,1,1,0.5,0.5,0.0,1.0
breast_cancer,1,8,334,1,5,3,3,2,1,1,0.5,0.5,0.0,1.0
breast_cancer,1,8,378,1,5,1,1,3,1,1,0.6666666666666666,0.3333333333333333,0.3333333333333333,1.0
breast_cancer,1,8,378,1,5,2,3,2,1,1,0.5,0.5,0.0,1.0
breast_cancer,1,8,378,1,5,3,3,2,1,1,0.5,0.5,0.0,1.0
breast_cancer,1,8,395,1,5,1,1,3,1,1,0.6666666666666666,0.3333333333333333,0.3333333333333333,1.0
breast_cancer,1,8,395,1,5,2,3,2,1,1,0.5,0.5,0.0,1.0
breast_cancer,1,8,395,1,5,3,3,2,1,1,0.5,0.5,0.0,1.0
breast_cancer,1,8,458,1,5,1,1,3,1,1,0.6666666666666666,0.3333333333333333,0.3333333333333333,1.0
breast_cancer,1,8,458,1,5,2,3,2,1,1,0.5,0.5,0.0,1.0
breast_cancer,1,8,458,1,5,3,3,2,1,1,0.5,0.5,0.0,1.0
breast_cancer,1,8,540,1,5,1,1,3,1,1,0.6666666666666666,0.3333333333333333,0.3333333333333333,1.0
breast_cancer,1,8,540,1,5,2,3,2,1,1,0.5,0.5,0.0,1.0
breast_cancer,1,8,540,1,5,3,3,2,1,1,0.5,0.5,0.0,1.0
breast_cancer,1,8,550,1,5,1,1,3,1,1,0.6666666666666666,0.3333333333333333,0.3333333333333333,1.0
breast_cancer,1,8,550,1,5,2,3,2,1,1,0.5,0.5,0.0,1.0
breast_cancer,1,8,550,1,5,3,3,2,1,1,0.5,0.5,0.0,1.0
breast_cancer,2,4,74,1,4,1,1,2,1,1,1.0,0.5,0.5,1.0
breast_cancer,2,4,124,1,4,1,1,2,1,1,1.0,0.5,0.5,1.0
breast_cancer,2,4,153,1,4,1,1,2,1,1,1.0,0.5,0.5,1.0
breast_cancer,2,4,175,1,4,1,1,2,1,1,1.0,0.5,0.5,1.0
breast_cancer,2,4,288,1,4,1,1,2,1,1,1.0,0.5,0.5,1.0
breast_cancer,2,4,398,1,4,1,1,2,1,1,1.0,0.5,0.5,1.0
breast_cancer,2,4,415,1,4,1,1,2,1,1,1.0,0.5,0.5,1.0
breast_cancer,2,4,459,1,4,1,1,2,1,1,1.0,0.5,0.5,1.0
breast_cancer,2,4,500,1,4,1,1,2,1,1,1.0,0.5,0.5,1.0
breast_cancer,2,4,502,1,4,1,1,2,1,1,1.0,0.5,0.5,1.0
breast_cancer,2,4,504,1,4,1,1,2,1,1,1.0,0.5,0.5,1.0
breast_cancer,2,4,546,1,4,1,1,2,1,1,1.0,0.5,0.5,1.0
breast_cancer,2,8,74,1,5,1,1,3,1,1,0.5833333333333334,0.3333333333333333,0.25000000000000006,1.0
breast_cancer,2,8,74,1,5,2,3,2,1,1,0.4,0.5,-0.09999999999999998,0.0
breast_cancer,2,8,74,1,5,3,3,2,1,1,0.4,0.5,-0.09999999999999998,0.0
breast_cancer,2,8,124,1,5,1,1,3,1,1,0.5833333333333334,0.3333333333333333,0.25000000000000006,1.0
breast_cancer,2,8,124,1,5,2,3,2,1,1,0.4,0.5,-0.09999999999999998,0.0
breast_cancer,2,8,124,1,5,3,3,2,1,1,0.4,0.5,-0.09999999999999998,0.0
breast_cancer,2,8,153,1,5,1,1,3,1,1,0.5833333333333334,0.3333333333333333,0.25000000000000006,1.0
breast_cancer,2,8,153,1,5,2,3,2,1,1,0.4,0.5,-0.09999999999999998,0.0
breast_cancer,2,8,153,1,5,3,3,2,1,1,0.4,0.5,-0.09999999999999998,0.0
breast_cancer,2,8,175,1,5,1,1,3,1,1,0.5833333333333334,0.3333333333333333,0.25000000000000006,1.0
breast_cancer,2,8,175,1,5,2,3,2,1,1,0.4,0.5,-0.09999999999999998,0.0
breast_cancer,2,8,175,1,5,3,3,2,1,1,0.4,0.5,-0.09999999999999998,0.0
breast_cancer,2,8,288,1,5,1,1,2,1,1,0.5833333333333334,0.4166666666666667,0.16666666666666669,1.0
breast_cancer,2,8,398,1,5,1,1,3,1,1,0.5833333333333334,0.3333333333333333,0.25000000000000006,1.0
breast_cancer,2,8,398,1,5,2,3,2,1,1,0.4,0.5,-0.09999999999999998,0.0
breast_cancer,2,8,398,1,5,3,3,2,1,1,0.4,0.5,-0.09999999999999998,0.0
breast_cancer,2,8,415,1,5,1,1,3,1,1,0.5833333333333334,0.3333333333333333,0.25000000000000006,1.0
breast_cancer,2,8,415,1,5,2,3,2,1,1,0.4,0.5,-0.09999999999999998,0.0
breast_cancer,2,8,415,1,5,3,3,2,1,1,0.4,0.5,-0.09999999999999998,0.0
breast_cancer,2,8,459,1,6,1,1,3,1,1,0.5833333333333334,0.25,0.33333333333333337,1.0
breast_cancer,2,8,459,1,6,2,3,2,1,1,0.4,0.2,0.2,0.0
breast_cancer,2,8,459,1,6,3,3,2,1,1,0.4,0.2,0.2,0.0
breast_cancer,2,8,500,1,5,1,1,2,1,1,0.5833333333333334,0.4166666666666667,0.16666666666666669,1.0
breast_cancer,2,8,502,1,5,1,1,3,1,1,0.5833333333333334,0.3333333333333333,0.25000000000000006,1.0
breast_cancer,2,8,502,1,5,2,3,2,1,1,0.4,0.5,-0.09999999999999998,0.0
breast_cancer,2,8,502,1,5,3,3,2,1,1,0.4,0.5,-0.09999999999999998,0.0
breast_cancer,2,8,504,0,6,1,3,3,1,1,0.9318181818181818,0.3333333333333333,0.5984848484848484,1.0
breast_cancer,2,8,504,0,6,2,3,2,1,1,0.9534883720930233,0.5,0.4534883720930233,1.0
breast_cancer,2,8,504,0,6,3,3,2,1,1,0.9534883720930233,0.5,0.4534883720930233,1.0
breast_cancer,2,8,546,1,5,1,1,3,1,1,0.5833333333333334,0.3333333333333333,0.25000000000000006,1.0
breast_cancer,2,8,546,1,5,2,3,2,1,1,0.4,0.5,-0.09999999999999998,0.0
breast_cancer,2,8,546,1,5,3,3,2,1,1,0.4,0.5,-0.09999999999999998,0.0
breast_cancer,3,8,125,1,6,1,1,2,1,1,0.7142857142857143,0.5,0.2142857142857143,1.0
breast_cancer,3,8,185,1,6,1,1,2,1,1,0.7142857142857143,0.5,0.2142857142857143,1.0
breast_cancer,3,8,331,1,6,1,1,2,1,1,0.7142857142857143,0.5,0.2142857142857143,1.0
breast_cancer,3,8,342,1,6,1,1,2,1,1,0.7142857142857143,0.5,0.2142857142857143,1.0
breast_cancer,3,8,466,1,6,1,1,2,1,1,0.7142857142857143,0.5,0.2142857142857143,1.0
breast_cancer,3,8,467,1,6,1,1,2,1,1,0.7142857142857143,0.5,0.2142857142857143,1.0
breast_cancer,3,8,504,1,6,1,1,2,1,1,0.7142857142857143,0.5,0.2142857142857143,1.0
breast_cancer,3,8,513,1,6,1,1,2,1,1,0.7142857142857143,0.35714285714285715,0.35714285714285715,1.0
breast_cancer,3,8,529,1,6,1,1,2,1,1,0.7142857142857143,0.5,0.2142857142857143,1.0
breast_cancer,3,8,553,1,6,1,1,2,1,1,0.7142857142857143,0.5,0.2142857142857143,1.0
breast_cancer,4,8,215,1,6,1,3,2,1,1,0.0,0.0,0.0,0.0
breast_cancer,4,8,215,1,6,2,3,2,1,1,0.0,0.0,0.0,0.0
breast_cancer,4,8,215,1,6,3,3,2,1,1,0.0,0.0,0.0,0.0
breast_cancer,4,8,469,1,6,1,3,2,1,1,0.0,0.0,0.0,0.0
breast_cancer,4,8,469,1,6,2,3,2,1,1,0.0,0.0,0.0,0.0
breast_cancer,4,8,469,1,6,3,3,2,1,1,0.0,0.0,0.0,0.0
breast_cancer,5,4,465,0,4,1,1,2,1,1,0.8,0.4,0.4,1.0
breast_cancer,5,8,465,0,4,1,1,2,1,1,0.75,0.375,0.375,1.0
breast_cancer,7,4,421,0,4,1,2,2,1,1,0.9523809523809523,0.5,0.45238095238095233,1.0
breast_cancer,7,4,465,0,4,1,1,2,1,1,0.9523809523809523,0.47619047619047616,0.47619047619047616,1.0
breast_cancer,7,4,485,0,4,1,3,2,1,1,0.9523809523809523,0.5,0.45238095238095233,1.0
breast_cancer,7,8,421,0,4,1,2,2,1,1,0.9418604651162791,0.5,0.4418604651162791,1.0
breast_cancer,7,8,465,0,5,1,1,2,1,1,0.9418604651162791,0.47093023255813954,0.47093023255813954,1.0
breast_cancer,7,8,485,1,5,1,1,2,1,1,0.875,0.5,0.375,1.0
breast_cancer,8,8,51,1,5,1,1,2,1,1,0.6666666666666666,0.375,0.29166666666666663,1.0
breast_cancer,8,8,93,1,5,1,1,2,1,1,0.6666666666666666,0.375,0.29166666666666663,1.0
breast_cancer,8,8,124,1,5,1,1,2,1,1,0.6666666666666666,0.375,0.29166666666666663,1.0
breast_cancer,8,8,149,1,5,1,1,2,1,1,0.6666666666666666,0.375,0.29166666666666663,1.0
breast_cancer,8,8,276,1,5,1,1,2,1,1,0.6666666666666666,0.375,0.29166666666666663,1.0
breast_cancer,8,8,281,1,5,1,1,2,1,1,0.6666666666666666,0.375,0.29166666666666663,1.0
breast_cancer,8,8,308,1,5,1,1,2,1,1,0.6666666666666666,0.375,0.29166666666666663,1.0
breast_cancer,8,8,326,1,5,1,1,2,1,1,0.6666666666666666,0.375,0.29166666666666663,1.0
breast_cancer,8,8,336,1,5,1,1,2,1,1,0.6666666666666666,0.375,0.29166666666666663,1.0
breast_cancer,8,8,416,1,5,1,1,2,1,1,0.6666666666666666,0.375,0.29166666666666663,1.0
breast_cancer,8,8,510,1,5,1,1,2,1,1,0.6666666666666666,0.375,0.29166666666666663,1.0
breast_cancer,8,8,529,1,5,1,1,2,1,1,0.6666666666666666,0.375,0.29166666666666663,1.0
breast_cancer,9,8,169,0,6,1,4,2,1,1,0.9487179487179487,0.47435897435897434,0.47435897435897434,1.0
digits-35,4,4,339,1,3,1,1,2,1,1,1.0,0.5,0.5,1.0
digits-35,4,8,339,1,3,1,1,2,1,1,1.0,0.5,0.5,1.0
synthetic_d8,0,4,41,1,4,1,1,2,1,1,0.96875,0.484375,0.484375,1.0
synthetic_d8,0,4,72,1,4,1,2,3,1,1,0.5625,0.3333333333333333,0.22916666666666669,1.0
synthetic_d8,0,4,72,1,4,2,2,2,1,1,0.5806451612903226,0.5,0.08064516129032262,1.0
synthetic_d8,0,4,103,0,4,1,1,3,1,1,0.8666666666666667,0.3333333333333333,0.5333333333333334,1.0
synthetic_d8,0,4,103,0,4,2,3,2,1,1,0.8333333333333334,0.5,0.33333333333333337,1.0
synthetic_d8,0,4,200,0,4,1,1,2,1,1,0.8666666666666667,0.4888888888888889,0.3777777777777778,1.0
synthetic_d8,0,4,339,0,4,1,1,2,1,1,0.8666666666666667,0.4888888888888889,0.3777777777777778,1.0
synthetic_d8,0,4,378,0,4,1,1,2,1,1,0.8666666666666667,0.4888888888888889,0.3777777777777778,1.0
synthetic_d8,0,4,471,0,4,1,1,2,1,1,0.8666666666666667,0.4888888888888889,0.3777777777777778,1.0
synthetic_d8,0,8,41,1,5,1,1,2,1,1,1.0,0.5,0.5,1.0
synthetic_d8,0,8,72,1,6,1,2,3,1,1,0.8235294117647058,0.33333333333333337,0.4901960784313725,1.0
synthetic_d8,0,8,72,1,6,2,2,2,1,1,0.8235294117647058,0.5,0.32352941176470584,1.0
synthetic_d8,0,8,103,0,8,1,1,3,1,1,0.6666666666666666,0.2777777777777778,0.38888888888888884,1.0
synthetic_d8,0,8,103,0,8,2,3,2,1,1,0.25,0.25,0.0,0.0
synthetic_d8,0,8,200,0,6,1,1,2,1,1,0.6666666666666666,0.4583333333333333,0.20833333333333331,1.0
synthetic_d8,0,8,339,0,6,1,1,2,1,1,0.6666666666666666,0.4583333333333333,0.20833333333333331,1.0
synthetic_d8,0,8,378,0,6,1,1,2,1,1,0.6666666666666666,0.4583333333333333,0.20833333333333331,1.0
synthetic_d8,0,8,471,0,6,1,1,2,1,1,0.6666666666666666,0.4583333333333333,0.20833333333333331,1.0
synthetic_d8,1,4,16,1,4,1,1,2,1,1,0.5555555555555556,0.45555555555555555,0.10000000000000003,1.0
synthetic_d8,1,4,87,1,4,1,1,2,1,1,0.5555555555555556,0.45555555555555555,0.10000000000000003,1.0
synthetic_d8,1,4,90,0,4,1,1,2,1,1,0.48936170212765956,0.48936170212765956,0.0,1.0
synthetic_d8,1,4,96,0,4,1,2,2,1,1,0.9583333333333334,0.5,0.45833333333333337,1.0
synthetic_d8,1,4,200,0,4,1,1,2,1,1,0.48936170212765956,0.48936170212765956,0.0,1.0
synthetic_d8,1,4,251,0,4,1,2,2,1,1,0.9583333333333334,0.5,0.45833333333333337,1.0
synthetic_d8,1,4,303,0,4,1,3,3,1,1,0.9583333333333334,0.3333333333333333,0.625,1.0
synthetic_d8,1,4,303,0,4,2,3,2,1,1,1.0,0.5,0.5,1.0
synthetic_d8,1,4,324,1,4,1,1,2,1,1,0.5555555555555556,0.45555555555555555,0.10000000000000003,1.0
synthetic_d8,1,4,401,1,4,1,2,2,1,1,1.0,0.5,0.5,1.0
synthetic_d8,1,4,454,0,4,1,2,2,1,1,0.9583333333333334,0.5,0.45833333333333337,1.0
synthetic_d8,1,4,458,1,4,1,1,2,1,1,0.5555555555555556,0.45555555555555555,0.10000000000000003,1.0
synthetic_d8,1,4,479,0,4,1,1,2,1,1,0.48936170212765956,0.48936170212765956,0.0,1.0
synthetic_d8,1,8,16,1,7,1,1,2,1,1,0.5217391304347826,0.43478260869565216,0.08695652173913043,1.0
synthetic_d8,1,8,87,1,7,1,1,2,1,1,0.5217391304347826,0.43478260869565216,0.08695652173913043,1.0
synthetic_d8,1,8,90,0,5,1,1,2,1,1,0.6764705882352942,0.47058823529411764,0.20588235294117652,1.0
synthetic_d8,1,8,96,0,4,1,2,2,1,1,0.9130434782608695,0.5,0.4130434782608695,1.0
synthetic_d8,1,8,200,0,5,1,1,2,1,1,0.6764705882352942,0.47058823529411764,0.20588235294117652,1.0
synthetic_d8,1,8,251,0,4,1,2,2,1,1,0.9130434782608695,0.5,0.4130434782608695,1.0
synthetic_d8,1,8,303,0,4,1,3,3,1,1,0.9130434782608695,0.33333333333333337,0.5797101449275361,1.0
synthetic_d8,1,8,303,0,4,2,3,2,1,1,1.0,0.5,0.5,1.0
synthetic_d8,1,8,324,1,7,1,1,2,1,1,0.5217391304347826,0.43478260869565216,0.08695652173913043,1.0
synthetic_d8,1,8,401,0,6,1,1,2,1,1,0.6764705882352942,0.36764705882352944,0.3088235294117647,1.0
synthetic_d8,1,8,454,0,4,1,2,2,1,1,0.9130434782608695,0.5,0.4130434782608695,1.0
synthetic_d8,1,8,458,1,7,1,1,2,1,1,0.5217391304347826,0.43478260869565216,0.08695652173913043,1.0
synthetic_d8,1,8,479,1,5,1,4,3,1,1,0.36363636363636365,0.3333333333333333,0.03030303030303033,0.0
synthetic_d8,1,8,479,1,5,2,4,2,1,1,0.36363636363636365,0.5,-0.13636363636363635,0.0
synthetic_d8,2,4,39,1,3,1,1,2,1,1,0.9565217391304348,0.5,0.4565217391304348,1.0
synthetic_d8,2,4,40,1,3,1,1,2,1,1,0.9565217391304348,0.5,0.4565217391304348,1.0
synthetic_d8,2,4,83,1,3,1,1,2,1,1,0.9565217391304348,0.5,0.4565217391304348,1.0
synthetic_d8,2,4,95,1,4,1,2,2,1,1,0.9565217391304348,0.5,0.4565217391304348,1.0
synthetic_d8,2,4,151,0,4,1,1,2,1,1,0.8823529411764706,0.49019607843137253,0.39215686274509803,1.0
synthetic_d8,2,4,163,1,3,1,1,2,1,1,0.9565217391304348,0.5,0.4565217391304348,1.0
synthetic_d8,2,4,173,1,4,1,2,2,1,1,0.9565217391304348,0.5,0.4565217391304348,1.0
synthetic_d8,2,4,312,1,4,1,1,2,1,1,0.9565217391304348,0.4782608695652174,0.4782608695652174,1.0
synthetic_d8,2,4,433,0,4,1,1,2,1,1,0.8823529411764706,0.49019607843137253,0.39215686274509803,1.0
synthetic_d8,2,4,454,0,4,1,1,2,1,1,0.8823529411764706,0.49019607843137253,0.39215686274509803,1.0
synthetic_d8,2,4,489,0,4,1,1,2,1,1,0.8823529411764706,0.49019607843137253,0.39215686274509803,1.0
synthetic_d8,2,8,39,1,3,1,1,2,1,1,0.96,0.5,0.45999999999999996,1.0
synthetic_d8,2,8,40,1,3,1,1,2,1,1,0.96,0.5,0.45999999999999996,1.0
synthetic_d8,2,8,83,1,3,1,1,2,1,1,0.96,0.5,0.45999999999999996,1.0
synthetic_d8,2,8,95,1,4,1,2,2,1,1,0.88,0.46,0.42,1.0
synthetic_d8,2,8,151,0,8,1,1,3,1,1,0.9183673469387755,0.32653061224489793,0.5918367346938775,1.0
synthetic_d8,2,8,151,0,8,2,2,2,1,1,0.75,0.375,0.375,1.0
synthetic_d8,2,8,163,1,3,1,1,2,1,1,0.96,0.5,0.45999999999999996,1.0
synthetic_d8,2,8,173,1,4,1,2,2,1,1,0.88,0.46,0.42,1.0
synthetic_d8,2,8,312,1,4,1,1,2,1,1,0.96,0.48,0.48,1.0
synthetic_d8,2,8,381,0,6,1,3,2,1,1,0.3333333333333333,0.16666666666666666,0.16666666666666666,1.0
synthetic_d8,2,8,381,0,6,2,3,2,1,1,0.5,0.25,0.25,1.0
synthetic_d8,2,8,381,0,6,3,3,2,1,1,1.0,0.5,0.5,1.0
synthetic_d8,2,8,433,0,6,1,1,2,1,1,0.9183673469387755,0.4897959183673469,0.4285714285714286,1.0
synthetic_d8,2,8,440,0,5,1,4,2,1,1,0.3333333333333333,0.16666666666666666,0.16666666666666666,1.0
synthetic_d8,2,8,440,0,5,2,4,2,1,1,0.5,0.25,0.25,1.0
synthetic_d8,2,8,440,0,5,3,4,2,1,1,1.0,0.5,0.5,1.0
synthetic_d8,2,8,445,0,5,1,4,2,1,1,0.3333333333333333,0.16666666666666666,0.16666666666666666,1.0
synthetic_d8,2,8,445,0,5,2,4,2,1,1,0.5,0.25,0.25,1.0
synthetic_d8,2,8,445,0,5,3,4,2,1,1,1.0,0.5,0.5,1.0
synthetic_d8,2,8,454,0,6,1,1,2,1,1,0.9183673469387755,0.4897959183673469,0.4285714285714286,1.0
synthetic_d8,2,8,489,0,6,1,1,2,1,1,0.9183673469387755,0.4897959183673469,0.4285714285714286,1.0
synthetic_d8,3,4,0,1,4,1,1,3,1,1,0.8260869565217391,0.33333333333333337,0.49275362318840576,1.0
synthetic_d8,3,4,0,1,4,2,2,2,1,1,1.0,0.5,0.5,1.0
synthetic_d8,3,4,45,1,4,1,1,3,1,1,0.8260869565217391,0.33333333333333337,0.49275362318840576,1.0
synthetic_d8,3,4,45,1,4,2,3,2,1,1,1.0,0.5,0.5,1.0
synthetic_d8,3,4,97,1,4,1,1,2,1,1,0.8260869565217391,0.5,0.32608695652173914,1.0
synthetic_d8,3,4,131,0,4,1,1,2,1,1,0.7719298245614035,0.39473684210526316,0.3771929824561403,1.0
synthetic_d8,3,4,191,0,4,1,2,2,1,1,0.7719298245614035,0.5,0.27192982456140347,1.0
synthetic_d8,3,4,232,1,4,1,1,2,1,1,0.8260869565217391,0.5,0.32608695652173914,1.0
synthetic_d8,3,4,276,1,4,1,1,2,1,1,0.8260869565217391,0.5,0.32608695652173914,1.0
synthetic_d8,3,4,278,0,4,1,1,2,1,1,0.7719298245614035,0.49122807017543857,0.2807017543859649,1.0
synthetic_d8,3,4,294,0,4,1,1,2,1,1,0.7719298245614035,0.49122807017543857,0.2807017543859649,1.0
synthetic_d8,3,4,314,0,4,1,1,2,1,1,0.7719298245614035,0.49122807017543857,0.2807017543859649,1.0
synthetic_d8,3,4,354,1,4,1,1,2,1,1,0.8260869565217391,0.5,0.32608695652173914,1.0
synthetic_d8,3,4,359,0,4,1,1,2,1,1,0.7719298245614035,0.49122807017543857,0.2807017543859649,1.0
synthetic_d8,3,4,394,1,4,1,3,3,1,1,0.34782608695652173,0.33333333333333337,0.01449275362318836,0.0
synthetic_d8,3,4,394,1,4,2,3,2,1,1,0.42105263157894735,0.5,-0.07894736842105265,0.0
synthetic_d8,3,4,399,1,4,1,3,3,1,1,0.34782608695652173,0.33333333333333337,0.01449275362318836,0.0
synthetic_d8,3,4,399,1,4,2,3,2,1,1,0.42105263157894735,0.5,-0.07894736842105265,0.0
synthetic_d8,3,4,400,1,4,1,1,2,1,1,0.8260869565217391,0.5,0.32608695652173914,1.0
synthetic_d8,3,8,0,0,5,1,3,3,1,1,0.6721311475409836,0.3224043715846995,0.3497267759562841,1.0
synthetic_d8,3,8,0,0,5,2,3,2,1,1,0.9534883720930233,0.47674418604651164,0.47674418604651164,1.0
synthetic_d8,3,8,45,1,4,1,1,3,1,1,0.7368421052631579,0.3333333333333333,0.40350877192982454,1.0
synthetic_d8,3,8,45,1,4,2,3,2,1,1,0.8,0.5,0.30000000000000004,1.0
synthetic_d8,3,8,97,1,5,1,1,3,1,1,0.7368421052631579,0.3157894736842105,0.42105263157894735,1.0
synthetic_d8,3,8,97,1,5,2,2,2,1,1,0.8,0.4,0.4,1.0
synthetic_d8,3,8,131,0,6,1,1,2,1,1,0.7049180327868853,0.36065573770491804,0.3442622950819672,1.0
synthetic_d8,3,8,191,0,5,1,2,2,1,1,0.7049180327868853,0.5,0.20491803278688525,1.0
synthetic_d8,3,8,232,1,5,1,1,3,1,1,0.7368421052631579,0.3157894736842105,0.42105263157894735,1.0
synthetic_d8,3,8,232,1,5,2,2,2,1,1,0.8,0.4,0.4,1.0
synthetic_d8,3,8,276,1,5,1,1,3,1,1,0.7368421052631579,0.3157894736842105,0.42105263157894735,1.0
synthetic_d8,3,8,276,1,5,2,2,2,1,1,0.8,0.4,0.4,1.0
synthetic_d8,3,8,278,0,5,1,1,2,1,1,0.7049180327868853,0.4918032786885246,0.21311475409836067,1.0
synthetic_d8,3,8,294,0,5,1,1,2,1,1,0.7049180327868853,0.4918032786885246,0.21311475409836067,1.0
synthetic_d8,3,8,314,0,5,1,1,2,1,1,0.7049180327868853,0.4918032786885246,0.21311475409836067,1.0
synthetic_d8,3,8,354,1,5,1,1,3,1,1,0.7368421052631579,0.3157894736842105,0.42105263157894735,1.0
synthetic_d8,3,8,354,1,5,2,2,2,1,1,0.8,0.4,0.4,1.0
synthetic_d8,3,8,359,0,5,1,1,2,1,1,0.7049180327868853,0.4918032786885246,0.21311475409836067,1.0
synthetic_d8,3,8,394,1,4,1,3,3,1,1,0.15789473684210525,0.3333333333333333,-0.17543859649122806,0.0
synthetic_d8,3,8,394,1,4,2,3,2,1,1,0.21428571428571427,0.5,-0.2857142857142857,0.0
synthetic_d8,3,8,399,1,4,1,3,3,1,1,0.15789473684210525,0.3333333333333333,-0.17543859649122806,0.0
synthetic_d8,3,8,399,1,4,2,3,2,1,1,0.21428571428571427,0.5,-0.2857142857142857,0.0
synthetic_d8,3,8,400,1,6,1,1,3,1,1,0.7368421052631579,0.3157894736842105,0.42105263157894735,1.0
synthetic_d8,3,8,400,1,6,2,2,2,1,1,0.8,0.4,0.4,1.0
synthetic_d8,4,4,24,0,4,1,1,2,1,1,0.6363636363636364,0.5,0.13636363636363635,1.0
synthetic_d8,4,4,35,0,4,1,1,2,1,1,0.7446808510638298,0.425531914893617,0.3191489361702127,1.0
synthetic_d8,4,4,43,0,4,1,1,2,1,1,0.6363636363636364,0.5,0.13636363636363635,1.0
synthetic_d8,4,4,44,1,4,1,3,3,1,1,1.0,0.33333333333333337,0.6666666666666666,1.0
synthetic_d8,4,4,44,1,4,2,3,2,1,1,1.0,0.5,0.5,1.0
synthetic_d8,4,4,117,0,4,1,1,2,1,1,0.6363636363636364,0.5,0.13636363636363635,1.0
synthetic_d8,4,4,119,1,4,1,2,3,1,1,0.717948717948718,0.3333333333333333,0.38461538461538464,1.0
synthetic_d8,4,4,119,1,4,2,2,2,1,1,0.7777777777777778,0.5,0.2777777777777778,1.0
synthetic_d8,4,4,129,0,4,1,1,2,1,1,0.6363636363636364,0.5,0.13636363636363635,1.0
synthetic_d8,4,4,191,0,4,1,1,3,1,1,0.6363636363636364,0.3333333333333333,0.30303030303030304,1.0
synthetic_d8,4,4,191,0,4,2,2,2,1,1,1.0,0.5,0.5,1.0
synthetic_d8,4,4,324,1,4,1,2,3,1,1,0.717948717948718,0.3333333333333333,0.38461538461538464,1.0
synthetic_d8,4,4,324,1,4,2,2,2,1,1,0.7777777777777778,0.5,0.2777777777777778,1.0
synthetic_d8,4,4,326,0,4,1,1,2,1,1,0.6363636363636364,0.5,0.13636363636363635,1.0
synthetic_d8,4,4,350,1,3,1,2,2,1,1,1.0,0.5,0.5,1.0
synthetic_d8,4,4,361,0,4,1,1,2,1,1,0.6363636363636364,0.5,0.13636363636363635,1.0
synthetic_d8,4,4,459,0,4,1,1,2,1,1,0.6363636363636364,0.5,0.13636363636363635,1.0
synthetic_d8,4,8,24,0,4,1,1,2,1,1,0.7777777777777778,0.5,0.2777777777777778,1.0
synthetic_d8,4,8,35,0,6,1,1,3,1,1,0.6730769230769231,0.2948717948717949,0.37820512820512825,1.0
synthetic_d8,4,8,35,0,6,2,2,2,1,1,0.29411764705882354,0.3235294117647059,-0.02941176470588236,0.0
synthetic_d8,4,8,43,0,4,1,1,2,1,1,0.7777777777777778,0.5,0.2777777777777778,1.0
synthetic_d8,4,8,44,1,5,1,3,3,1,1,0.9565217391304348,0.3188405797101449,0.6376811594202899,1.0
synthetic_d8,4,8,44,1,5,2,3,2,1,1,0.9565217391304348,0.4782608695652174,0.4782608695652174,1.0
synthetic_d8,4,8,117,0,4,1,1,2,1,1,0.7777777777777778,0.5,0.2777777777777778,1.0
synthetic_d8,4,8,119,1,5,1,2,3,1,1,0.6829268292682927,0.3170731707317073,0.3658536585365854,1.0
synthetic_d8,4,8,119,1,5,2,2,2,1,1,0.7368421052631579,0.47368421052631576,0.2631578947368421,1.0
synthetic_d8,4,8,129,0,4,1,1,2,1,1,0.7777777777777778,0.5,0.2777777777777778,1.0
synthetic_d8,4,8,191,1,5,1,3,3,1,1,0.6341463414634146,0.3170731707317073,0.3170731707317073,1.0
synthetic_d8,4,8,191,1,5,2,3,2,1,1,0.6842105263157895,0.47368421052631576,0.21052631578947373,1.0
synthetic_d8,4,8,324,0,6,1,1,3,1,1,0.7777777777777778,0.2592592592592593,0.5185185185185185,1.0
synthetic_d8,4,8,324,0,6,2,2,2,1,1,0.0,0.0,0.0,0.0
synthetic_d8,4,8,326,0,4,1,1,2,1,1,0.7777777777777778,0.5,0.2777777777777778,1.0
synthetic_d8,4,8,350,1,3,1,2,2,1,1,1.0,0.5,0.5,1.0
synthetic_d8,4,8,361,0,4,1,1,2,1,1,0.7777777777777778,0.5,0.2777777777777778,1.0
synthetic_d8,4,8,459,0,4,1,1,2,1,1,0.7777777777777778,0.5,0.2777777777777778,1.0
synthetic_d8,5,4,52,1,4,1,2,3,1,1,0.6,0.3333333333333333,0.26666666666666666,1.0
synthetic_d8,5,4,52,1,4,2,2,2,1,1,0.6,0.5,0.09999999999999998,1.0
synthetic_d8,5,4,245,1,4,1,2,3,1,1,0.6,0.3333333333333333,0.26666666666666666,1.0
synthetic_d8,5,4,245,1,4,2,2,2,1,1,0.6,0.5,0.09999999999999998,1.0
synthetic_d8,5,4,255,1,4,1,2,2,1,1,0.7948717948717948,0.5,0.2948717948717948,1.0
synthetic_d8,5,4,255,1,4,2,2,2,1,1,0.7948717948717948,0.5,0.2948717948717948,1.0
synthetic_d8,5,4,312,1,4,1,1,2,1,1,1.0,0.5,0.5,1.0
synthetic_d8,5,4,362,1,4,1,2,2,1,1,0.7948717948717948,0.5,0.2948717948717948,1.0
synthetic_d8,5,4,362,1,4,2,2,2,1,1,0.7948717948717948,0.5,0.2948717948717948,1.0
synthetic_d8,5,4,377,0,4,1,3,2,1,1,0.6875,0.34375,0.34375,1.0
synthetic_d8,5,4,377,0,4,2,3,2,1,1,1.0,0.5,0.5,1.0
synthetic_d8,5,4,399,1,4,1,2,3,1,1,0.6,0.3333333333333333,0.26666666666666666,1.0
synthetic_d8,5,4,399,1,4,2,2,2,1,1,0.6,0.5,0.09999999999999998,1.0
synthetic_d8,5,4,400,1,4,1,2,3,1,1,0.6,0.3333333333333333,0.26666666666666666,1.0
synthetic_d8,5,4,400,1,4,2,2,2,1,1,0.6,0.5,0.09999999999999998,1.0
synthetic_d8,5,4,423,1,4,1,2,2,1,1,0.7948717948717948,0.5,0.2948717948717948,1.0
synthetic_d8,5,4,423,1,4,2,2,2,1,1,0.7948717948717948,0.5,0.2948717948717948,1.0
synthetic_d8,5,8,52,1,6,1,2,3,1,1,0.6666666666666666,0.3055555555555555,0.3611111111111111,1.0
synthetic_d8,5,8,52,1,6,2,2,2,1,1,0.6666666666666666,0.4583333333333333,0.20833333333333331,1.0
synthetic_d8,5,8,204,0,6,1,2,2,1,1,0.5384615384615384,0.2692307692307692,0.2692307692307692,1.0
synthetic_d8,5,8,204,0,6,2,2,2,1,1,0.875,0.4375,0.4375,1.0
synthetic_d8,5,8,245,1,6,1,2,3,1,1,0.6666666666666666,0.3055555555555555,0.3611111111111111,1.0
synthetic_d8,5,8,245,1,6,2,2,2,1,1,0.6666666666666666,0.4583333333333333,0.20833333333333331,1.0
synthetic_d8,5,8,255,0,6,1,2,2,1,1,0.07692307692307693,0.038461538461538464,0.038461538461538464,0.0
synthetic_d8,5,8,255,0,6,2,2,2,1,1,0.125,0.0625,0.0625,0.0
synthetic_d8,5,8,312,1,4,1,1,2,1,1,1.0,0.5,0.5,1.0
synthetic_d8,5,8,362,1,6,1,2,2,1,1,0.7142857142857143,0.4523809523809524,0.2619047619047619,1.0
synthetic_d8,5,8,362,1,6,2,2,2,1,1,0.7142857142857143,0.4523809523809524,0.2619047619047619,1.0
synthetic_d8,5,8,377,0,4,1,3,2,1,1,0.5384615384615384,0.3076923076923077,0.23076923076923073,1.0
synthetic_d8,5,8,377,0,4,2,3,2,1,1,0.875,0.5,0.375,1.0
synthetic_d8,5,8,399,1,6,1,2,3,1,1,0.6666666666666666,0.3055555555555555,0.3611111111111111,1.0
synthetic_d8,5,8,399,1,6,2,2,2,1,1,0.6666666666666666,0.4583333333333333,0.20833333333333331,1.0
synthetic_d8,5,8,400,1,6,1,2,3,1,1,0.6666666666666666,0.3055555555555555,0.3611111111111111,1.0
synthetic_d8,5,8,400,1,6,2,2,2,1,1,0.6666666666666666,0.4583333333333333,0.20833333333333331,1.0
synthetic_d8,5,8,423,0,6,1,4,3,1,1,0.5384615384615384,0.20512820512820512,0.3333333333333333,1.0
synthetic_d8,5,8,423,0,6,2,4,3,1,1,0.875,0.3333333333333333,0.5416666666666667,1.0
synthetic_d8,5,8,423,0,6,3,4,2,1,1,1.0,0.5,0.5,1.0
synthetic_d8,6,4,44,1,4,1,3,2,1,1,0.896551724137931,0.5,0.39655172413793105,1.0
synthetic_d8,6,4,100,0,4,1,1,2,1,1,0.7543859649122807,0.49122807017543857,0.26315789473684215,1.0
synthetic_d8,6,4,122,0,4,1,1,2,1,1,0.7543859649122807,0.49122807017543857,0.26315789473684215,1.0
synthetic_d8,6,4,140,0,4,1,1,2,1,1,0.7543859649122807,0.49122807017543857,0.26315789473684215,1.0
synthetic_d8,6,4,256,0,4,1,1,2,1,1,0.7543859649122807,0.49122807017543857,0.26315789473684215,1.0
synthetic_d8,6,4,277,0,4,1,1,2,1,1,0.7543859649122807,0.49122807017543857,0.26315789473684215,1.0
synthetic_d8,6,4,384,0,4,1,1,2,1,1,0.7543859649122807,0.49122807017543857,0.26315789473684215,1.0
synthetic_d8,6,4,489,0,4,1,1,2,1,1,0.7543859649122807,0.49122807017543857,0.26315789473684215,1.0
synthetic_d8,6,8,11,1,6,1,1,2,1,1,0.8666666666666667,0.43333333333333335,0.43333333333333335,1.0
synthetic_d8,6,8,44,1,7,1,3,2,1,1,0.7666666666666667,0.45,0.3166666666666667,1.0
synthetic_d8,6,8,100,0,6,1,1,3,1,1,0.75,0.3273809523809524,0.4226190476190476,1.0
synthetic_d8,6,8,100,0,6,2,3,2,1,1,0.7142857142857143,0.4642857142857143,0.25,1.0
synthetic_d8,6,8,100,0,6,3,3,2,1,1,0.7692307692307693,0.5,0.2692307692307693,1.0
synthetic_d8,6,8,122,0,7,1,1,3,1,1,0.75,0.3095238095238095,0.4404761904761905,1.0
synthetic_d8,6,8,122,0,7,2,3,2,1,1,0.7142857142857143,0.35714285714285715,0.35714285714285715,1.0
synthetic_d8,6,8,122,0,7,3,3,2,1,1,0.7692307692307693,0.38461538461538464,0.38461538461538464,1.0
synthetic_d8,6,8,140,0,6,1,1,3,1,1,0.75,0.3273809523809524,0.4226190476190476,1.0
synthetic_d8,6,8,140,0,6,2,3,2,1,1,0.7142857142857143,0.4642857142857143,0.25,1.0
synthetic_d8,6,8,140,0,6,3,3,2,1,1,0.7692307692307693,0.5,0.2692307692307693,1.0
synthetic_d8,6,8,256,0,6,1,1,3,1,1,0.75,0.3273809523809524,0.4226190476190476,1.0
synthetic_d8,6,8,256,0,6,2,3,2,1,1,0.7142857142857143,0.4642857142857143,0.25,1.0
synthetic_d8,6,8,256,0,6,3,3,2,1,1,0.7692307692307693,0.5,0.2692307692307693,1.0
synthetic_d8,6,8,277,0,6,1,1,3,1,1,0.75,0.3273809523809524,0.4226190476190476,1.0
synthetic_d8,6,8,277,0,6,2,3,2,1,1,0.7142857142857143,0.4642857142857143,0.25,1.0
synthetic_d8,6,8,277,0,6,3,3,2,1,1,0.7692307692307693,0.5,0.2692307692307693,1.0
synthetic_d8,6,8,384,0,6,1,1,3,1,1,0.75,0.3273809523809524,0.4226190476190476,1.0
synthetic_d8,6,8,384,0,6,2,3,2,1,1,0.7142857142857143,0.4642857142857143,0.25,1.0
synthetic_d8,6,8,384,0,6,3,3,2,1,1,0.7692307692307693,0.5,0.2692307692307693,1.0
synthetic_d8,6,8,478,0,3,1,2,2,1,1,1.0,0.5,0.5,1.0
synthetic_d8,6,8,489,1,7,1,5,4,1,1,0.5666666666666667,0.24166666666666667,0.32499999999999996,1.0
synthetic_d8,6,8,489,1,7,2,5,3,1,1,0.6538461538461539,0.32051282051282054,0.3333333333333333,1.0
synthetic_d8,6,8,489,1,7,3,5,3,1,1,0.6538461538461539,0.32051282051282054,0.3333333333333333,1.0
synthetic_d8,6,8,489,1,7,4,5,2,1,1,0.7391304347826086,0.4782608695652174,0.26086956521739124,1.0
synthetic_d8,7,4,6,1,4,1,3,2,1,1,0.9629629629629629,0.5,0.4629629629629629,1.0
synthetic_d8,7,4,29,1,4,1,2,2,1,1,0.9629629629629629,0.5,0.4629629629629629,1.0
synthetic_d8,7,4,105,1,4,1,3,2,1,1,0.9629629629629629,0.5,0.4629629629629629,1.0
synthetic_d8,7,4,160,1,4,1,2,2,1,1,0.9629629629629629,0.5,0.4629629629629629,1.0
synthetic_d8,7,4,240,0,4,1,1,2,1,1,0.873015873015873,0.4603174603174603,0.41269841269841273,1.0
synthetic_d8,7,4,270,0,4,1,1,2,1,1,0.873015873015873,0.4603174603174603,0.41269841269841273,1.0
synthetic_d8,7,4,330,1,4,1,1,2,1,1,0.9629629629629629,0.48148148148148145,0.48148148148148145,1.0
synthetic_d8,7,4,339,1,4,1,1,2,1,1,0.9629629629629629,0.48148148148148145,0.48148148148148145,1.0
synthetic_d8,7,4,379,1,4,1,1,2,1,1,0.9629629629629629,0.48148148148148145,0.48148148148148145,1.0
synthetic_d8,7,4,402,0,4,1,1,2,1,1,0.873015873015873,0.4603174603174603,0.41269841269841273,1.0
synthetic_d8,7,4,433,0,4,1,1,2,1,1,0.873015873015873,0.4603174603174603,0.41269841269841273,1.0
synthetic_d8,7,8,6,1,5,1,3,2,1,1,0.7222222222222222,0.4722222222222222,0.25,1.0
synthetic_d8,7,8,29,1,4,1,2,2,1,1,0.75,0.4861111111111111,0.2638888888888889,1.0
synthetic_d8,7,8,105,1,5,1,3,2,1,1,0.7222222222222222,0.4722222222222222,0.25,1.0
synthetic_d8,7,8,160,1,4,1,2,2,1,1,0.75,0.4861111111111111,0.2638888888888889,1.0
synthetic_d8,7,8,240,0,4,1,1,2,1,1,0.8888888888888888,0.46296296296296297,0.4259259259259259,1.0
synthetic_d8,7,8,270,0,4,1,1,2,1,1,0.8888888888888888,0.46296296296296297,0.4259259259259259,1.0
synthetic_d8,7,8,330,0,6,1,3,2,1,1,0.7777777777777778,0.4444444444444444,0.33333333333333337,1.0
synthetic_d8,7,8,339,0,6,1,3,2,1,1,0.7777777777777778,0.4444444444444444,0.33333333333333337,1.0
synthetic_d8,7,8,379,1,6,1,1,2,1,1,0.7777777777777778,0.4305555555555556,0.3472222222222222,1.0
synthetic_d8,7,8,402,0,4,1,1,2,1,1,0.8888888888888888,0.46296296296296297,0.4259259259259259,1.0
synthetic_d8,7,8,433,0,4,1,1,2,1,1,0.8888888888888888,0.46296296296296297,0.4259259259259259,1.0
synthetic_d8,8,4,5,0,4,1,1,3,1,1,0.6071428571428571,0.33333333333333337,0.2738095238095237,1.0
synthetic_d8,8,4,5,0,4,2,2,2,1,1,0.3181818181818182,0.5,-0.18181818181818182,0.0
synthetic_d8,8,4,15,1,4,1,3,3,1,1,1.0,0.3333333333333333,0.6666666666666667,1.0
synthetic_d8,8,4,15,1,4,2,3,2,1,1,1.0,0.5,0.5,1.0
synthetic_d8,8,4,116,1,4,1,2,3,1,1,0.84375,0.3333333333333333,0.5104166666666667,1.0
synthetic_d8,8,4,116,1,4,2,2,2,1,1,0.8709677419354839,0.5,0.3709677419354839,1.0
synthetic_d8,8,4,244,0,4,1,2,3,1,1,0.47368421052631576,0.3333333333333333,0.14035087719298245,0.0
synthetic_d8,8,4,244,0,4,2,2,2,1,1,1.0,0.5,0.5,1.0
synthetic_d8,8,4,309,0,4,1,2,3,1,1,0.47368421052631576,0.3333333333333333,0.14035087719298245,0.0
synthetic_d8,8,4,309,0,4,2,2,2,1,1,1.0,0.5,0.5,1.0
synthetic_d8,8,4,347,1,4,1,2,3,1,1,1.0,0.3333333333333333,0.6666666666666667,1.0
synthetic_d8,8,4,347,1,4,2,2,2,1,1,1.0,0.5,0.5,1.0
synthetic_d8,8,4,349,0,4,1,1,3,1,1,0.6071428571428571,0.33333333333333337,0.2738095238095237,1.0
synthetic_d8,8,4,349,0,4,2,2,2,1,1,0.3181818181818182,0.5,-0.18181818181818182,0.0
synthetic_d8,8,4,369,0,4,1,2,3,1,1,0.47368421052631576,0.3333333333333333,0.14035087719298245,0.0
synthetic_d8,8,4,369,0,4,2,2,2,1,1,1.0,0.5,0.5,1.0
synthetic_d8,8,4,375,0,4,1,2,3,1,1,0.47368421052631576,0.3333333333333333,0.14035087719298245,0.0
synthetic_d8,8,4,375,0,4,2,2,2,1,1,1.0,0.5,0.5,1.0
synthetic_d8,8,4,410,1,4,1,1,2,1,1,1.0,0.5,0.5,1.0
synthetic_d8,8,4,421,0,4,1,3,3,1,1,0.47368421052631576,0.3333333333333333,0.14035087719298245,0.0
synthetic_d8,8,4,421,0,4,2,3,2,1,1,1.0,0.5,0.5,1.0
synthetic_d8,8,4,459,0,4,1,2,3,1,1,0.47368421052631576,0.3333333333333333,0.14035087719298245,0.0
synthetic_d8,8,4,459,0,4,2,2,2,1,1,1.0,0.5,0.5,1.0
synthetic_d8,8,8,5,0,5,1,1,3,1,1,0.6415094339622641,0.3081761006289308,0.3333333333333333,1.0
synthetic_d8,8,8,5,0,5,2,2,2,1,1,0.2631578947368421,0.39473684210526316,-0.13157894736842107,0.0
synthetic_d8,8,8,15,1,5,1,3,3,1,1,0.6666666666666666,0.25396825396825395,0.4126984126984127,1.0
synthetic_d8,8,8,15,1,5,2,3,2,1,1,0.6666666666666666,0.38095238095238093,0.2857142857142857,1.0
synthetic_d8,8,8,116,1,5,1,2,3,1,1,0.7575757575757576,0.30303030303030304,0.45454545454545453,1.0
synthetic_d8,8,8,116,1,5,2,2,2,1,1,0.78125,0.453125,0.328125,1.0
synthetic_d8,8,8,244,0,4,1,2,3,1,1,0.3333333333333333,0.3333333333333333,0.0,0.0
synthetic_d8,8,8,244,0,4,2,2,2,1,1,0.75,0.5,0.25,1.0
synthetic_d8,8,8,309,0,4,1,2,3,1,1,0.3333333333333333,0.3333333333333333,0.0,0.0
synthetic_d8,8,8,309,0,4,2,2,2,1,1,0.75,0.5,0.25,1.0
synthetic_d8,8,8,347,1,6,1,2,3,1,1,0.9047619047619048,0.30158730158730157,0.6031746031746033,1.0
synthetic_d8,8,8,347,1,6,2,2,2,1,1,0.9047619047619048,0.4523809523809524,0.4523809523809524,1.0
synthetic_d8,8,8,349,0,5,1,1,3,1,1,0.6415094339622641,0.3081761006289308,0.3333333333333333,1.0
synthetic_d8,8,8,349,0,5,2,2,2,1,1,0.2631578947368421,0.39473684210526316,-0.13157894736842107,0.0
synthetic_d8,8,8,369,0,4,1,2,3,1,1,0.3333333333333333,0.3333333333333333,0.0,0.0
synthetic_d8,8,8,369,0,4,2,2,2,1,1,0.75,0.5,0.25,1.0
synthetic_d8,8,8,375,0,4,1,2,3,1,1,0.3333333333333333,0.3333333333333333,0.0,0.0
synthetic_d8,8,8,375,0,4,2,2,2,1,1,0.75,0.5,0.25,1.0
synthetic_d8,8,8,410,1,4,1,1,2,1,1,1.0,0.5,0.5,1.0
synthetic_d8,8,8,421,0,4,1,3,3,1,1,0.3333333333333333,0.3333333333333333,0.0,0.0
synthetic_d8,8,8,421,0,4,2,3,2,1,1,0.75,0.5,0.25,1.0
synthetic_d8,8,8,459,0,4,1,2,3,1,1,0.3333333333333333,0.3333333333333333,0.0,0.0
synthetic_d8,8,8,459,0,4,2,2,2,1,1,0.75,0.5,0.25,1.0
synthetic_d8,9,4,146,0,4,1,1,3,1,1,0.8604651162790697,0.33333333333333337,0.5271317829457364,1.0
synthetic_d8,9,4,146,0,4,2,3,2,1,1,1.0,0.5,0.5,1.0
synthetic_d8,9,4,147,1,4,1,2,3,1,1,0.5333333333333333,0.3333333333333333,0.2,1.0
synthetic_d8,9,4,147,1,4,2,2,2,1,1,0.5714285714285714,0.5,0.0714285714285714,1.0
synthetic_d8,9,4,194,0,4,1,1,2,1,1,0.8604651162790697,0.5,0.36046511627906974,1.0
synthetic_d8,9,4,315,1,4,1,2,3,1,1,0.5333333333333333,0.3333333333333333,0.2,1.0
synthetic_d8,9,4,315,1,4,2,2,2,1,1,0.5714285714285714,0.5,0.0714285714285714,1.0
synthetic_d8,9,4,343,0,4,1,2,2,1,1,0.8372093023255814,0.4883720930232558,0.34883720930232565,1.0
synthetic_d8,9,4,365,0,4,1,1,3,1,1,0.8604651162790697,0.33333333333333337,0.5271317829457364,1.0
synthetic_d8,9,4,365,0,4,2,2,2,1,1,1.0,0.5,0.5,1.0
synthetic_d8,9,8,18,0,4,1,3,2,1,1,0.4444444444444444,0.2777777777777778,0.16666666666666663,1.0
synthetic_d8,9,8,18,0,4,2,3,2,1,1,0.8,0.5,0.30000000000000004,1.0
synthetic_d8,9,8,34,1,6,1,2,2,1,1,0.6744186046511628,0.46511627906976744,0.20930232558139533,1.0
synthetic_d8,9,8,34,1,6,2,2,2,1,1,0.6744186046511628,0.46511627906976744,0.20930232558139533,1.0
synthetic_d8,9,8,129,1,5,1,3,2,1,1,0.6511627906976745,0.4883720930232558,0.16279069767441867,1.0
synthetic_d8,9,8,129,1,5,2,3,2,1,1,0.6511627906976745,0.4883720930232558,0.16279069767441867,1.0
synthetic_d8,9,8,146,0,6,1,1,4,1,1,0.6727272727272727,0.25,0.42272727272727273,1.0
synthetic_d8,9,8,146,0,6,2,3,3,1,1,0.3333333333333333,0.3333333333333333,0.0,0.0
synthetic_d8,9,8,146,0,6,3,3,2,1,1,0.46153846153846156,0.5,-0.038461538461538436,0.0
synthetic_d8,9,8,147,1,5,1,2,3,1,1,0.6111111111111112,0.3333333333333333,0.27777777777777785,1.0
synthetic_d8,9,8,147,1,5,2,2,2,1,1,0.6875,0.5,0.1875,1.0
synthetic_d8,9,8,194,0,4,1,1,2,1,1,0.6727272727272727,0.45454545454545453,0.2181818181818182,1.0
synthetic_d8,9,8,272,0,4,1,3,2,1,1,0.4444444444444444,0.2777777777777778,0.16666666666666663,1.0
synthetic_d8,9,8,272,0,4,2,3,2,1,1,0.8,0.5,0.30000000000000004,1.0
synthetic_d8,9,8,315,1,5,1,2,3,1,1,0.6111111111111112,0.3333333333333333,0.27777777777777785,1.0
synthetic_d8,9,8,315,1,5,2,2,2,1,1,0.6875,0.5,0.1875,1.0
synthetic_d8,9,8,343,1,4,1,1,2,1,1,0.8888888888888888,0.4444444444444444,0.4444444444444444,1.0
synthetic_d8,9,8,365,1,6,1,3,3,1,1,0.4444444444444444,0.2777777777777778,0.16666666666666663,1.0
synthetic_d8,9,8,365,1,6,2,3,2,1,1,0.5,0.40625,0.09375,1.0
synthetic_d8,9,8,463,0,7,1,5,3,1,1,0.4444444444444444,0.1851851851851852,0.2592592592592592,1.0
synthetic_d8,9,8,463,0,7,2,5,3,1,1,0.8,0.33333333333333337,0.4666666666666667,1.0
synthetic_d8,9,8,463,0,7,3,5,2,1,1,1.0,0.5,0.5,1.0
synthetic_d20,0,4,1,0,4,1,1,3,1,1,0.825,0.33333333333333337,0.4916666666666666,1.0
synthetic_d20,0,4,1,0,4,2,2,2,1,1,1.0,0.5,0.5,1.0
synthetic_d20,0,4,20,0,4,1,1,3,1,1,0.825,0.33333333333333337,0.4916666666666666,1.0
synthetic_d20,0,4,20,0,4,2,2,2,1,1,1.0,0.5,0.5,1.0
synthetic_d20,0,4,24,0,4,1,1,3,1,1,0.825,0.33333333333333337,0.4916666666666666,1.0
synthetic_d20,0,4,24,0,4,2,2,2,1,1,1.0,0.5,0.5,1.0
synthetic_d20,0,4,61,1,4,1,1,2,1,1,0.9528301886792453,0.4858490566037736,0.4669811320754717,1.0
synthetic_d20,0,4,173,0,4,1,1,3,1,1,0.825,0.33333333333333337,0.4916666666666666,1.0
synthetic_d20,0,4,173,0,4,2,2,2,1,1,1.0,0.5,0.5,1.0
synthetic_d20,0,4,410,0,4,1,1,3,1,1,0.825,0.33333333333333337,0.4916666666666666,1.0
synthetic_d20,0,4,410,0,4,2,2,2,1,1,1.0,0.5,0.5,1.0
synthetic_d20,0,4,420,0,4,1,1,3,1,1,0.825,0.33333333333333337,0.4916666666666666,1.0
synthetic_d20,0,4,420,0,4,2,2,2,1,1,1.0,0.5,0.5,1.0
synthetic_d20,0,4,524,0,4,1,1,3,1,1,0.825,0.33333333333333337,0.4916666666666666,1.0
synthetic_d20,0,4,524,0,4,2,2,2,1,1,1.0,0.5,0.5,1.0
synthetic_d20,0,4,607,0,4,1,1,3,1,1,0.825,0.33333333333333337,0.4916666666666666,1.0
synthetic_d20,0,4,607,0,4,2,2,2,1,1,1.0,0.5,0.5,1.0
synthetic_d20,0,4,608,1,4,1,2,2,1,1,0.9150943396226415,0.4811320754716981,0.4339622641509434,1.0
synthetic_d20,0,4,666,1,4,1,2,2,1,1,0.9150943396226415,0.4811320754716981,0.4339622641509434,1.0
synthetic_d20,0,8,1,0,8,1,1,4,1,1,0.49206349206349204,0.24603174603174602,0.24603174603174602,1.0
synthetic_d20,0,8,1,0,8,2,3,3,1,1,0.75,0.3229166666666667,0.4270833333333333,1.0
synthetic_d20,0,8,1,0,8,3,3,2,1,1,0.96,0.48,0.48,1.0
synthetic_d20,0,8,20,0,7,1,1,3,1,1,0.49206349206349204,0.3280423280423281,0.16402116402116396,1.0
synthetic_d20,0,8,20,0,7,2,3,2,1,1,0.75,0.484375,0.265625,1.0
synthetic_d20,0,8,24,0,7,1,1,4,1,1,0.49206349206349204,0.24206349206349206,0.24999999999999997,1.0
synthetic_d20,0,8,24,0,7,2,4,3,1,1,0.6875,0.3125,0.375,1.0
synthetic_d20,0,8,24,0,7,3,4,2,1,1,0.88,0.46,0.42,1.0
synthetic_d20,0,8,61,1,4,1,1,2,1,1,0.9156626506024096,0.4819277108433735,0.4337349397590361,1.0
synthetic_d20,0,8,173,0,7,1,1,4,1,1,0.49206349206349204,0.24603174603174602,0.24603174603174602,1.0
synthetic_d20,0,8,173,0,7,2,3,3,1,1,0.75,0.3229166666666667,0.4270833333333333,1.0
synthetic_d20,0,8,173,0,7,3,3,2,1,1,0.96,0.48,0.48,1.0
synthetic_d20,0,8,410,0,8,1,1,6,1,1,0.49206349206349204,0.1560846560846561,0.33597883597883593,1.0
synthetic_d20,0,8,410,0,8,2,5,5,1,1,0.53125,0.175,0.35625,1.0
synthetic_d20,0,8,410,0,8,3,5,4,1,1,0.68,0.21,0.4700000000000001,1.0
synthetic_d20,0,8,410,0,8,4,5,3,1,1,0.7083333333333334,0.2777777777777778,0.4305555555555556,1.0
synthetic_d20,0,8,410,0,8,5,5,2,1,1,0.7727272727272727,0.4090909090909091,0.3636363636363636,1.0
synthetic_d20,0,8,420,0,7,1,1,3,1,1,0.49206349206349204,0.3280423280423281,0.16402116402116396,1.0
synthetic_d20,0,8,420,0,7,2,3,2,1,1,0.75,0.484375,0.265625,1.0
synthetic_d20,0,8,524,0,7,1,1,3,1,1,0.49206349206349204,0.3280423280423281,0.16402116402116396,1.0
synthetic_d20,0,8,524,0,7,2,3,2,1,1,0.75,0.484375,0.265625,1.0
synthetic_d20,0,8,607,0,8,1,1,6,1,1,0.49206349206349204,0.1560846560846561,0.33597883597883593,1.0
synthetic_d20,0,8,607,0,8,2,5,5,1,1,0.53125,0.175,0.35625,1.0
synthetic_d20,0,8,607,0,8,3,5,4,1,1,0.68,0.21,0.4700000000000001,1.0
synthetic_d20,0,8,607,0,8,4,5,3,1,1,0.7083333333333334,0.2777777777777778,0.4305555555555556,1.0
synthetic_d20,0,8,607,0,8,5,5,2,1,1,0.7727272727272727,0.4090909090909091,0.3636363636363636,1.0
synthetic_d20,0,8,608,1,5,1,2,2,1,1,0.8674698795180723,0.4759036144578313,0.391566265060241,1.0
synthetic_d20,0,8,666,1,5,1,2,2,1,1,0.8674698795180723,0.4759036144578313,0.391566265060241,1.0
synthetic_d20,1,4,226,0,4,1,1,3,1,1,0.8571428571428571,0.33333333333333337,0.5238095238095237,1.0
synthetic_d20,1,4,226,0,4,2,2,2,1,1,1.0,0.5,0.5,1.0
synthetic_d20,1,4,242,0,4,1,1,2,1,1,0.5333333333333333,0.26666666666666666,0.26666666666666666,1.0
synthetic_d20,1,4,254,0,4,1,1,2,1,1,0.5333333333333333,0.26666666666666666,0.26666666666666666,1.0
synthetic_d20,1,4,256,0,4,1,1,3,1,1,0.8571428571428571,0.33333333333333337,0.5238095238095237,1.0
synthetic_d20,1,4,256,0,4,2,2,2,1,1,1.0,0.5,0.5,1.0
synthetic_d20,1,4,263,1,4,1,2,2,1,1,0.9852941176470589,0.5,0.4852941176470589,1.0
synthetic_d20,1,4,374,1,3,1,2,2,1,1,0.9016393442622951,0.5,0.4016393442622951,1.0
synthetic_d20,1,4,381,1,4,1,2,2,1,1,0.9852941176470589,0.5,0.4852941176470589,1.0
synthetic_d20,1,4,417,0,4,1,1,2,1,1,0.5333333333333333,0.26666666666666666,0.26666666666666666,1.0
synthetic_d20,1,4,440,1,3,1,2,2,1,1,0.9016393442622951,0.5,0.4016393442622951,1.0
synthetic_d20,1,4,454,0,4,1,1,2,1,1,0.5333333333333333,0.26666666666666666,0.26666666666666666,1.0
synthetic_d20,1,4,462,0,4,1,1,3,1,1,0.8571428571428571,0.33333333333333337,0.5238095238095237,1.0
synthetic_d20,1,4,462,0,4,2,2,2,1,1,1.0,0.5,0.5,1.0
synthetic_d20,1,4,676,1,3,1,2,2,1,1,0.9016393442622951,0.5,0.4016393442622951,1.0
synthetic_d20,1,4,724,1,4,1,2,2,1,1,0.9852941176470589,0.5,0.4852941176470589,1.0
synthetic_d20,1,8,226,1,8,1,3,5,1,1,0.16129032258064516,0.18064516129032257,-0.019354838709677413,0.0
synthetic_d20,1,8,226,1,8,2,3,4,1,1,0.2,0.22,-0.01999999999999999,0.0
synthetic_d20,1,8,226,1,8,3,3,3,1,1,0.2,0.29333333333333333,-0.09333333333333332,0.0
synthetic_d20,1,8,226,1,8,4,4,2,1,1,0.6,0.425,0.175,1.0
synthetic_d20,1,8,242,1,8,1,3,3,1,1,0.4827586206896552,0.27011494252873564,0.21264367816091956,1.0
synthetic_d20,1,8,242,1,8,2,3,2,1,1,0.509090909090909,0.4,0.10909090909090902,1.0
synthetic_d20,1,8,242,1,8,3,3,2,1,1,0.509090909090909,0.4,0.10909090909090902,1.0
synthetic_d20,1,8,254,0,8,1,5,3,1,1,0.28,0.21333333333333332,0.06666666666666671,1.0
synthetic_d20,1,8,254,0,8,2,5,2,1,1,0.3684210526315789,0.2631578947368421,0.10526315789473684,1.0
synthetic_d20,1,8,254,0,8,3,5,2,1,1,0.5833333333333334,0.4166666666666667,0.16666666666666669,1.0
synthetic_d20,1,8,256,0,7,1,1,5,1,1,0.5581395348837209,0.19069767441860463,0.3674418604651163,1.0
synthetic_d20,1,8,256,0,7,2,4,4,1,1,0.5,0.2236842105263158,0.2763157894736842,1.0
synthetic_d20,1,8,256,0,7,3,4,3,1,1,0.6333333333333333,0.28888888888888886,0.34444444444444444,1.0
synthetic_d20,1,8,256,0,7,4,4,2,1,1,0.6551724137931034,0.43103448275862066,0.22413793103448276,1.0
synthetic_d20,1,8,263,1,4,1,2,2,1,1,0.9482758620689655,0.5,0.4482758620689655,1.0
synthetic_d20,1,8,374,1,3,1,2,2,1,1,0.8064516129032258,0.5,0.30645161290322576,1.0
synthetic_d20,1,8,381,1,4,1,2,2,1,1,0.9482758620689655,0.5,0.4482758620689655,1.0
synthetic_d20,1,8,417,1,8,1,3,3,1,1,0.4827586206896552,0.27011494252873564,0.21264367816091956,1.0
synthetic_d20,1,8,417,1,8,2,3,2,1,1,0.509090909090909,0.4,0.10909090909090902,1.0
synthetic_d20,1,8,417,1,8,3,3,2,1,1,0.509090909090909,0.4,0.10909090909090902,1.0
synthetic_d20,1,8,440,1,3,1,2,2,1,1,0.8064516129032258,0.5,0.30645161290322576,1.0
synthetic_d20,1,8,454,0,6,1,3,2,1,1,0.36,0.3,0.06,1.0
synthetic_d20,1,8,462,0,8,1,1,6,1,1,0.5581395348837209,0.15891472868217055,0.3992248062015504,1.0
synthetic_d20,1,8,462,0,8,2,4,5,1,1,0.5,0.17894736842105263,0.32105263157894737,1.0
synthetic_d20,1,8,462,0,8,3,4,4,1,1,0.6333333333333333,0.21666666666666667,0.41666666666666663,1.0
synthetic_d20,1,8,462,0,8,4,4,3,1,1,0.6551724137931034,0.2873563218390805,0.36781609195402293,1.0
synthetic_d20,1,8,462,0,8,5,7,2,1,1,0.2,0.3,-0.09999999999999998,0.0
synthetic_d20,1,8,676,1,3,1,2,2,1,1,0.8064516129032258,0.5,0.30645161290322576,1.0
synthetic_d20,1,8,724,1,4,1,2,2,1,1,0.9482758620689655,0.5,0.4482758620689655,1.0
synthetic_d20,2,4,30,0,4,1,2,3,1,1,0.35714285714285715,0.33333333333333337,0.02380952380952378,0.0
synthetic_d20,2,4,30,0,4,2,2,2,1,1,1.0,0.5,0.5,1.0
synthetic_d20,2,4,180,0,4,1,2,3,1,1,0.35714285714285715,0.33333333333333337,0.02380952380952378,0.0
synthetic_d20,2,4,180,0,4,2,2,2,1,1,1.0,0.5,0.5,1.0
synthetic_d20,2,4,316,0,4,1,2,3,1,1,0.35714285714285715,0.33333333333333337,0.02380952380952378,0.0
synthetic_d20,2,4,316,0,4,2,2,2,1,1,1.0,0.5,0.5,1.0
synthetic_d20,2,4,380,0,4,1,3,3,1,1,0.35714285714285715,0.33333333333333337,0.02380952380952378,0.0
synthetic_d20,2,4,380,0,4,2,3,2,1,1,1.0,0.5,0.5,1.0
synthetic_d20,2,4,460,0,4,1,2,3,1,1,0.35714285714285715,0.33333333333333337,0.02380952380952378,0.0
synthetic_d20,2,4,460,0,4,2,2,2,1,1,1.0,0.5,0.5,1.0
synthetic_d20,2,4,475,0,4,1,2,3,1,1,0.35714285714285715,0.33333333333333337,0.02380952380952378,0.0
synthetic_d20,2,4,475,0,4,2,2,2,1,1,1.0,0.5,0.5,1.0
synthetic_d20,2,4,490,0,4,1,2,3,1,1,0.35714285714285715,0.33333333333333337,0.02380952380952378,0.0
synthetic_d20,2,4,490,0,4,2,2,2,1,1,1.0,0.5,0.5,1.0
synthetic_d20,2,4,513,0,4,1,2,3,1,1,0.35714285714285715,0.33333333333333337,0.02380952380952378,0.0
synthetic_d20,2,4,513,0,4,2,2,2,1,1,1.0,0.5,0.5,1.0
synthetic_d20,2,4,691,0,4,1,2,3,1,1,0.35714285714285715,0.33333333333333337,0.02380952380952378,0.0
synthetic_d20,2,4,691,0,4,2,2,2,1,1,1.0,0.5,0.5,1.0
synthetic_d20,2,4,755,0,4,1,2,3,1,1,0.35714285714285715,0.33333333333333337,0.02380952380952378,0.0
synthetic_d20,2,4,755,0,4,2,2,2,1,1,1.0,0.5,0.5,1.0
synthetic_d20,2,4,769,0,4,1,2,3,1,1,0.35714285714285715,0.33333333333333337,0.02380952380952378,0.0
synthetic_d20,2,4,769,0,4,2,2,2,1,1,1.0,0.5,0.5,1.0
synthetic_d20,2,4,785,0,4,1,2,3,1,1,0.35714285714285715,0.33333333333333337,0.02380952380952378,0.0
synthetic_d20,2,4,785,0,4,2,2,2,1,1,1.0,0.5,0.5,1.0
synthetic_d20,2,8,30,1,7,1,6,6,1,1,0.6551724137931034,0.16666666666666666,0.4885057471264368,1.0
synthetic_d20,2,8,30,1,7,2,6,5,1,1,0.6867469879518072,0.2,0.4867469879518072,1.0
synthetic_d20,2,8,30,1,7,3,6,4,1,1,0.6867469879518072,0.25,0.4367469879518072,1.0
synthetic_d20,2,8,30,1,7,4,6,3,1,1,0.7702702702702703,0.33333333333333337,0.4369369369369369,1.0
synthetic_d20,2,8,30,1,7,5,6,2,1,1,0.8636363636363636,0.5,0.36363636363636365,1.0
synthetic_d20,2,8,180,1,7,1,3,4,1,1,0.8505747126436781,0.23563218390804597,0.6149425287356322,1.0
synthetic_d20,2,8,180,1,7,2,3,3,1,1,0.891566265060241,0.3132530120481928,0.5783132530120482,1.0
synthetic_d20,2,8,180,1,7,3,3,2,1,1,0.891566265060241,0.46987951807228917,0.4216867469879518,1.0
synthetic_d20,2,8,239,0,8,1,1,2,1,1,0.5441176470588235,0.38235294117647056,0.16176470588235292,1.0
synthetic_d20,2,8,296,1,6,1,4,3,1,1,0.625,0.20833333333333334,0.41666666666666663,1.0
synthetic_d20,2,8,296,1,6,2,4,2,1,1,0.625,0.3125,0.3125,1.0
synthetic_d20,2,8,316,0,8,1,2,6,1,1,0.20689655172413793,0.16666666666666666,0.04022988505747127,0.0
synthetic_d20,2,8,316,0,8,2,2,5,1,1,0.3,0.2,0.09999999999999998,0.0
synthetic_d20,2,8,316,0,8,3,3,4,1,1,0.5714285714285714,0.25,0.3214285714285714,1.0
synthetic_d20,2,8,316,0,8,4,4,3,1,1,0.0,0.3333333333333333,-0.3333333333333333,0.0
synthetic_d20,2,8,316,0,8,5,5,2,1,1,1.0,0.5,0.5,1.0
synthetic_d20,2,8,319,0,8,1,1,3,1,1,0.5441176470588235,0.2549019607843137,0.2892156862745098,1.0
synthetic_d20,2,8,319,0,8,2,2,2,1,1,0.4838709677419355,0.24193548387096775,0.24193548387096775,1.0
synthetic_d20,2,8,380,1,4,1,2,2,1,1,0.9540229885057471,0.5,0.45402298850574707,1.0
synthetic_d20,2,8,383,0,7,1,1,3,1,1,0.5441176470588235,0.2696078431372549,0.2745098039215686,1.0
synthetic_d20,2,8,383,0,7,2,2,2,1,1,0.4838709677419355,0.2903225806451613,0.1935483870967742,1.0
synthetic_d20,2,8,420,0,6,1,1,3,1,1,0.5441176470588235,0.27941176470588236,0.2647058823529411,1.0
synthetic_d20,2,8,420,0,6,2,2,2,1,1,0.4838709677419355,0.3225806451612903,0.16129032258064518,1.0
synthetic_d20,2,8,460,1,7,1,3,4,1,1,0.8505747126436781,0.23850574712643677,0.6120689655172413,1.0
synthetic_d20,2,8,460,1,7,2,3,3,1,1,0.891566265060241,0.3172690763052209,0.5742971887550201,1.0
synthetic_d20,2,8,460,1,7,3,3,2,1,1,0.891566265060241,0.4759036144578313,0.41566265060240964,1.0
synthetic_d20,2,8,475,0,8,1,2,6,1,1,0.20689655172413793,0.16666666666666666,0.04022988505747127,0.0
synthetic_d20,2,8,475,0,8,2,2,5,1,1,0.3,0.2,0.09999999999999998,0.0
synthetic_d20,2,8,475,0,8,3,3,4,1,1,0.5714285714285714,0.25,0.3214285714285714,1.0
synthetic_d20,2,8,475,0,8,4,4,3,1,1,0.0,0.3333333333333333,-0.3333333333333333,0.0
synthetic_d20,2,8,475,0,8,5,5,2,1,1,1.0,0.5,0.5,1.0
synthetic_d20,2,8,490,0,8,1,2,6,1,1,0.20689655172413793,0.16666666666666666,0.04022988505747127,0.0
synthetic_d20,2,8,490,0,8,2,2,5,1,1,0.3,0.2,0.09999999999999998,0.0
synthetic_d20,2,8,490,0,8,3,3,4,1,1,0.5714285714285714,0.25,0.3214285714285714,1.0
synthetic_d20,2,8,490,0,8,4,4,3,1,1,0.0,0.3333333333333333,-0.3333333333333333,0.0
synthetic_d20,2,8,490,0,8,5,5,2,1,1,1.0,0.5,0.5,1.0
synthetic_d20,2,8,513,1,6,1,3,4,1,1,0.8505747126436781,0.23563218390804597,0.6149425287356322,1.0
synthetic_d20,2,8,513,1,6,2,3,3,1,1,0.891566265060241,0.3132530120481928,0.5783132530120482,1.0
synthetic_d20,2,8,513,1,6,3,3,2,1,1,0.891566265060241,0.46987951807228917,0.4216867469879518,1.0
synthetic_d20,2,8,649,1,8,1,6,3,1,1,0.375,0.125,0.25,1.0
synthetic_d20,2,8,649,1,8,2,6,2,1,1,0.375,0.1875,0.1875,1.0
synthetic_d20,2,8,691,1,8,1,5,6,1,1,0.6551724137931034,0.16283524904214558,0.49233716475095785,1.0
synthetic_d20,2,8,691,1,8,2,5,5,1,1,0.6867469879518072,0.19518072289156627,0.4915662650602409,1.0
synthetic_d20,2,8,691,1,8,3,5,4,1,1,0.6867469879518072,0.24397590361445784,0.44277108433734935,1.0
synthetic_d20,2,8,691,1,8,4,5,3,1,1,0.7702702702702703,0.32432432432432434,0.44594594594594594,1.0
synthetic_d20,2,8,691,1,8,5,5,2,1,1,0.8636363636363636,0.48484848484848486,0.3787878787878788,1.0
synthetic_d20,2,8,717,1,8,1,6,3,1,1,0.375,0.125,0.25,1.0
synthetic_d20,2,8,717,1,8,2,6,2,1,1,0.375,0.1875,0.1875,1.0
synthetic_d20,2,8,755,0,8,1,2,6,1,1,0.20689655172413793,0.16666666666666666,0.04022988505747127,0.0
synthetic_d20,2,8,755,0,8,2,2,5,1,1,0.3,0.2,0.09999999999999998,0.0
synthetic_d20,2,8,755,0,8,3,3,4,1,1,0.5714285714285714,0.25,0.3214285714285714,1.0
synthetic_d20,2,8,755,0,8,4,4,3,1,1,0.0,0.3333333333333333,-0.3333333333333333,0.0
synthetic_d20,2,8,755,0,8,5,5,2,1,1,1.0,0.5,0.5,1.0
synthetic_d20,2,8,769,0,8,1,2,6,1,1,0.20689655172413793,0.16666666666666666,0.04022988505747127,0.0
synthetic_d20,2,8,769,0,8,2,2,5,1,1,0.3,0.2,0.09999999999999998,0.0
synthetic_d20,2,8,769,0,8,3,3,4,1,1,0.5714285714285714,0.25,0.3214285714285714,1.0
synthetic_d20,2,8,769,0,8,4,4,3,1,1,0.0,0.3333333333333333,-0.3333333333333333,0.0
synthetic_d20,2,8,769,0,8,5,5,2,1,1,1.0,0.5,0.5,1.0
synthetic_d20,2,8,785,0,8,1,2,6,1,1,0.20689655172413793,0.16666666666666666,0.04022988505747127,0.0
synthetic_d20,2,8,785,0,8,2,2,5,1,1,0.3,0.2,0.09999999999999998,0.0
synthetic_d20,2,8,785,0,8,3,3,4,1,1,0.5714285714285714,0.25,0.3214285714285714,1.0
synthetic_d20,2,8,785,0,8,4,4,3,1,1,0.0,0.3333333333333333,-0.3333333333333333,0.0
synthetic_d20,2,8,785,0,8,5,5,2,1,1,1.0,0.5,0.5,1.0
synthetic_d20,3,4,88,1,4,1,1,3,1,1,0.5833333333333334,0.3333333333333333,0.25000000000000006,1.0
synthetic_d20,3,4,88,1,4,2,2,2,1,1,1.0,0.5,0.5,1.0
synthetic_d20,3,4,91,0,4,1,1,3,1,1,0.7142857142857143,0.33333333333333337,0.38095238095238093,1.0
synthetic_d20,3,4,91,0,4,2,2,2,1,1,1.0,0.5,0.5,1.0
synthetic_d20,3,4,118,1,4,1,1,3,1,1,0.5833333333333334,0.3333333333333333,0.25000000000000006,1.0
synthetic_d20,3,4,118,1,4,2,2,2,1,1,1.0,0.5,0.5,1.0
synthetic_d20,3,4,132,0,4,1,2,3,1,1,0.7142857142857143,0.33333333333333337,0.38095238095238093,1.0
synthetic_d20,3,4,132,0,4,2,2,2,1,1,1.0,0.5,0.5,1.0
synthetic_d20,3,4,157,0,4,1,1,3,1,1,0.7142857142857143,0.33333333333333337,0.38095238095238093,1.0
synthetic_d20,3,4,157,0,4,2,2,2,1,1,1.0,0.5,0.5,1.0
synthetic_d20,3,4,164,0,4,1,2,3,1,1,0.7142857142857143,0.33333333333333337,0.38095238095238093,1.0
synthetic_d20,3,4,164,0,4,2,2,2,1,1,1.0,0.5,0.5,1.0
synthetic_d20,3,4,271,0,4,1,2,3,1,1,0.7142857142857143,0.33333333333333337,0.38095238095238093,1.0
synthetic_d20,3,4,271,0,4,2,2,2,1,1,1.0,0.5,0.5,1.0
synthetic_d20,3,4,341,0,4,1,2,3,1,1,0.7142857142857143,0.33333333333333337,0.38095238095238093,1.0
synthetic_d20,3,4,341,0,4,2,2,2,1,1,1.0,0.5,0.5,1.0
synthetic_d20,3,4,349,0,4,1,2,3,1,1,0.7142857142857143,0.33333333333333337,0.38095238095238093,1.0
synthetic_d20,3,4,349,0,4,2,2,2,1,1,1.0,0.5,0.5,1.0
synthetic_d20,3,4,376,1,4,1,1,3,1,1,0.5833333333333334,0.3333333333333333,0.25000000000000006,1.0
synthetic_d20,3,4,376,1,4,2,2,2,1,1,1.0,0.5,0.5,1.0
synthetic_d20,3,4,474,0,4,1,1,3,1,1,0.7142857142857143,0.33333333333333337,0.38095238095238093,1.0
synthetic_d20,3,4,474,0,4,2,2,2,1,1,1.0,0.5,0.5,1.0
synthetic_d20,3,4,514,1,4,1,1,3,1,1,0.5833333333333334,0.3333333333333333,0.25000000000000006,1.0
synthetic_d20,3,4,514,1,4,2,2,2,1,1,1.0,0.5,0.5,1.0
synthetic_d20,3,4,534,1,3,1,2,2,1,1,0.38461538461538464,0.5,-0.11538461538461536,0.0
synthetic_d20,3,4,573,0,4,1,1,3,1,1,0.7142857142857143,0.33333333333333337,0.38095238095238093,1.0
synthetic_d20,3,4,573,0,4,2,2,2,1,1,1.0,0.5,0.5,1.0
synthetic_d20,3,4,612,1,4,1,1,3,1,1,0.5833333333333334,0.3333333333333333,0.25000000000000006,1.0
synthetic_d20,3,4,612,1,4,2,2,2,1,1,1.0,0.5,0.5,1.0
synthetic_d20,3,4,671,0,4,1,2,3,1,1,0.7142857142857143,0.33333333333333337,0.38095238095238093,1.0
synthetic_d20,3,4,671,0,4,2,2,2,1,1,1.0,0.5,0.5,1.0
synthetic_d20,3,4,793,1,4,1,1,2,1,1,0.38461538461538464,0.4951923076923077,-0.11057692307692307,0.0
synthetic_d20,3,8,88,1,8,1,3,3,1,1,0.15789473684210525,0.2456140350877193,-0.08771929824561406,0.0
synthetic_d20,3,8,88,1,8,2,3,2,1,1,0.25,0.2916666666666667,-0.041666666666666685,0.0
synthetic_d20,3,8,91,0,7,1,1,4,1,1,0.7105263157894737,0.2236842105263158,0.48684210526315785,1.0
synthetic_d20,3,8,91,0,7,2,4,3,1,1,0.18181818181818182,0.21212121212121213,-0.030303030303030304,0.0
synthetic_d20,3,8,91,0,7,3,4,2,1,1,0.3333333333333333,0.16666666666666666,0.16666666666666666,0.0
synthetic_d20,3,8,118,1,8,1,1,5,1,1,0.3684210526315789,0.19999999999999998,0.16842105263157894,1.0
synthetic_d20,3,8,118,1,8,2,2,4,1,1,0.3333333333333333,0.25,0.08333333333333331,0.0
synthetic_d20,3,8,118,1,8,3,6,3,1,1,0.375,0.3333333333333333,0.041666666666666685,0.0
synthetic_d20,3,8,118,1,8,4,6,2,1,1,1.0,0.5,0.5,1.0
synthetic_d20,3,8,132,0,5,1,3,3,1,1,0.39473684210526316,0.3157894736842105,0.07894736842105265,1.0
synthetic_d20,3,8,132,0,5,2,3,2,1,1,0.5555555555555556,0.46296296296296297,0.09259259259259262,1.0
synthetic_d20,3,8,157,0,7,1,1,4,1,1,0.7105263157894737,0.2236842105263158,0.48684210526315785,1.0
synthetic_d20,3,8,157,0,7,2,4,3,1,1,0.18181818181818182,0.21212121212121213,-0.030303030303030304,0.0
synthetic_d20,3,8,157,0,7,3,4,2,1,1,0.3333333333333333,0.16666666666666666,0.16666666666666666,0.0
synthetic_d20,3,8,164,0,6,1,4,4,1,1,0.3157894736842105,0.23026315789473684,0.08552631578947367,1.0
synthetic_d20,3,8,164,0,6,2,4,3,1,1,0.4444444444444444,0.2962962962962963,0.14814814814814814,1.0
synthetic_d20,3,8,164,0,6,3,4,2,1,1,0.7058823529411765,0.4117647058823529,0.2941176470588236,1.0
synthetic_d20,3,8,271,0,6,1,4,4,1,1,0.3157894736842105,0.23026315789473684,0.08552631578947367,1.0
synthetic_d20,3,8,271,0,6,2,4,3,1,1,0.4444444444444444,0.2962962962962963,0.14814814814814814,1.0
synthetic_d20,3,8,271,0,6,3,4,2,1,1,0.7058823529411765,0.4117647058823529,0.2941176470588236,1.0
synthetic_d20,3,8,341,0,8,1,2,4,1,1,0.2631578947368421,0.20394736842105263,0.05921052631578946,0.0
synthetic_d20,3,8,341,0,8,2,2,3,1,1,0.37037037037037035,0.2469135802469136,0.12345679012345676,1.0
synthetic_d20,3,8,341,0,8,3,5,2,1,1,0.47058823529411764,0.29411764705882354,0.1764705882352941,1.0
synthetic_d20,3,8,349,0,8,1,2,4,1,1,0.2631578947368421,0.20394736842105263,0.05921052631578946,0.0
synthetic_d20,3,8,349,0,8,2,2,3,1,1,0.37037037037037035,0.2469135802469136,0.12345679012345676,1.0
synthetic_d20,3,8,349,0,8,3,5,2,1,1,0.47058823529411764,0.29411764705882354,0.1764705882352941,1.0
synthetic_d20,3,8,376,1,8,1,3,3,1,1,0.15789473684210525,0.2456140350877193,-0.08771929824561406,0.0
synthetic_d20,3,8,376,1,8,2,3,2,1,1,0.25,0.2916666666666667,-0.041666666666666685,0.0
synthetic_d20,3,8,474,0,6,1,1,3,1,1,0.7105263157894737,0.3333333333333333,0.37719298245614036,1.0
synthetic_d20,3,8,474,0,6,2,3,2,1,1,0.5454545454545454,0.5,0.045454545454545414,1.0
synthetic_d20,3,8,514,0,8,1,7,4,1,1,0.6031746031746031,0.25,0.35317460317460314,1.0
synthetic_d20,3,8,514,0,8,2,7,3,1,1,0.6031746031746031,0.3333333333333333,0.2698412698412698,1.0
synthetic_d20,3,8,514,0,8,3,7,2,1,1,0.6333333333333333,0.5,0.1333333333333333,1.0
synthetic_d20,3,8,534,1,3,1,1,2,1,1,0.7125,0.5,0.21250000000000002,1.0
synthetic_d20,3,8,573,0,7,1,1,4,1,1,0.7105263157894737,0.2236842105263158,0.48684210526315785,1.0
synthetic_d20,3,8,573,0,7,2,4,3,1,1,0.18181818181818182,0.21212121212121213,-0.030303030303030304,0.0
synthetic_d20,3,8,573,0,7,3,4,2,1,1,0.3333333333333333,0.16666666666666666,0.16666666666666666,0.0
synthetic_d20,3,8,612,0,6,1,3,5,1,1,0.6031746031746031,0.19999999999999998,0.4031746031746032,1.0
synthetic_d20,3,8,612,0,6,2,3,4,1,1,0.6031746031746031,0.25,0.35317460317460314,1.0
synthetic_d20,3,8,612,0,6,3,3,3,1,1,0.6333333333333333,0.3333333333333333,0.3,1.0
synthetic_d20,3,8,612,0,6,4,4,2,1,1,0.6818181818181818,0.5,0.18181818181818177,1.0
synthetic_d20,3,8,671,1,7,1,1,4,1,1,0.7125,0.234375,0.478125,1.0
synthetic_d20,3,8,671,1,7,2,3,3,1,1,0.5217391304347826,0.2608695652173913,0.2608695652173913,1.0
synthetic_d20,3,8,671,1,7,3,3,2,1,1,0.5217391304347826,0.391304347826087,0.13043478260869562,1.0
synthetic_d20,3,8,793,1,4,1,2,2,1,1,0.7125,0.5,0.21250000000000002,1.0
synthetic_d20,4,4,47,0,4,1,2,3,1,1,0.7368421052631579,0.3333333333333333,0.40350877192982454,1.0
synthetic_d20,4,4,47,0,4,2,2,2,1,1,1.0,0.5,0.5,1.0
synthetic_d20,4,4,54,0,4,1,2,3,1,1,0.7368421052631579,0.3333333333333333,0.40350877192982454,1.0
synthetic_d20,4,4,54,0,4,2,2,2,1,1,1.0,0.5,0.5,1.0
synthetic_d20,4,4,90,1,4,1,2,3,1,1,0.8860759493670886,0.3333333333333333,0.5527426160337552,1.0
synthetic_d20,4,4,90,1,4,2,2,2,1,1,0.8974358974358975,0.5,0.39743589743589747,1.0
synthetic_d20,4,4,288,1,4,1,2,3,1,1,0.8860759493670886,0.3333333333333333,0.5527426160337552,1.0
synthetic_d20,4,4,288,1,4,2,2,2,1,1,0.8974358974358975,0.5,0.39743589743589747,1.0
synthetic_d20,4,4,448,0,4,1,2,3,1,1,0.7368421052631579,0.3333333333333333,0.40350877192982454,1.0
synthetic_d20,4,4,448,0,4,2,2,2,1,1,1.0,0.5,0.5,1.0
synthetic_d20,4,4,452,1,4,1,2,3,1,1,0.8860759493670886,0.3333333333333333,0.5527426160337552,1.0
synthetic_d20,4,4,452,1,4,2,2,2,1,1,0.8974358974358975,0.5,0.39743589743589747,1.0
synthetic_d20,4,4,489,0,4,1,3,3,1,1,0.7368421052631579,0.3333333333333333,0.40350877192982454,1.0
synthetic_d20,4,4,489,0,4,2,3,2,1,1,1.0,0.5,0.5,1.0
synthetic_d20,4,4,540,0,4,1,2,3,1,1,0.7368421052631579,0.3333333333333333,0.40350877192982454,1.0
synthetic_d20,4,4,540,0,4,2,2,2,1,1,1.0,0.5,0.5,1.0
synthetic_d20,4,4,629,0,4,1,3,2,1,1,0.9230769230769231,0.4807692307692308,0.44230769230769235,1.0
synthetic_d20,4,4,657,1,4,1,2,3,1,1,0.8860759493670886,0.3333333333333333,0.5527426160337552,1.0
synthetic_d20,4,4,657,1,4,2,2,2,1,1,0.8974358974358975,0.5,0.39743589743589747,1.0
synthetic_d20,4,8,47,0,8,1,2,5,1,1,0.3617021276595745,0.1829787234042553,0.17872340425531918,1.0
synthetic_d20,4,8,47,0,8,2,2,4,1,1,0.53125,0.21875,0.3125,1.0
synthetic_d20,4,8,47,0,8,3,3,3,1,1,0.4,0.24444444444444444,0.15555555555555559,1.0
synthetic_d20,4,8,47,0,8,4,6,2,1,1,0.5555555555555556,0.2777777777777778,0.2777777777777778,1.0
synthetic_d20,4,8,54,0,8,1,2,4,1,1,0.3617021276595745,0.22340425531914893,0.13829787234042556,1.0
synthetic_d20,4,8,54,0,8,2,2,3,1,1,0.53125,0.28125,0.25,1.0
synthetic_d20,4,8,54,0,8,3,3,2,1,1,0.6,0.3333333333333333,0.26666666666666666,1.0
synthetic_d20,4,8,90,0,7,1,4,5,1,1,0.1276595744680851,0.1872340425531915,-0.05957446808510641,0.0
synthetic_d20,4,8,90,0,7,2,4,4,1,1,0.1875,0.2265625,-0.0390625,0.0
synthetic_d20,4,8,90,0,7,3,4,3,1,1,0.35294117647058826,0.27450980392156865,0.0784313725490196,0.0
synthetic_d20,4,8,90,0,7,4,4,2,1,1,0.35294117647058826,0.4117647058823529,-0.05882352941176466,0.0
synthetic_d20,4,8,288,0,8,1,5,6,1,1,0.10638297872340426,0.16312056737588654,-0.05673758865248228,0.0
synthetic_d20,4,8,288,0,8,2,5,5,1,1,0.15625,0.19375,-0.037500000000000006,0.0
synthetic_d20,4,8,288,0,8,3,5,4,1,1,0.29411764705882354,0.23529411764705882,0.05882352941176472,0.0
synthetic_d20,4,8,288,0,8,4,5,3,1,1,0.29411764705882354,0.3137254901960784,-0.019607843137254888,0.0
synthetic_d20,4,8,288,0,8,5,5,2,1,1,0.8333333333333334,0.4166666666666667,0.4166666666666667,1.0
synthetic_d20,4,8,448,0,6,1,2,4,1,1,0.3617021276595745,0.25,0.11170212765957449,1.0
synthetic_d20,4,8,448,0,6,2,2,3,1,1,0.53125,0.3333333333333333,0.19791666666666669,1.0
synthetic_d20,4,8,448,0,6,3,4,2,1,1,0.6,0.5,0.09999999999999998,1.0
synthetic_d20,4,8,452,1,7,1,2,5,1,1,0.6179775280898876,0.19101123595505617,0.4269662921348314,1.0
synthetic_d20,4,8,452,1,7,2,2,4,1,1,0.625,0.23863636363636365,0.38636363636363635,1.0
synthetic_d20,4,8,452,1,7,3,4,3,1,1,0.6060606060606061,0.29292929292929293,0.31313131313131315,1.0
synthetic_d20,4,8,452,1,7,4,4,2,1,1,0.8,0.42,0.38000000000000006,1.0
synthetic_d20,4,8,489,0,5,1,3,3,1,1,0.3617021276595745,0.3333333333333333,0.028368794326241176,1.0
synthetic_d20,4,8,489,0,5,2,3,2,1,1,0.53125,0.5,0.03125,1.0
synthetic_d20,4,8,540,1,8,1,3,4,1,1,0.4157303370786517,0.23876404494382023,0.17696629213483148,1.0
synthetic_d20,4,8,540,1,8,2,3,3,1,1,0.42045454545454547,0.3181818181818182,0.10227272727272729,1.0
synthetic_d20,4,8,540,1,8,3,3,2,1,1,0.6727272727272727,0.4636363636363636,0.2090909090909091,1.0
synthetic_d20,4,8,629,1,5,1,1,2,1,1,0.5333333333333333,0.26666666666666666,0.26666666666666666,1.0
synthetic_d20,4,8,657,1,7,1,2,5,1,1,0.6179775280898876,0.19101123595505617,0.4269662921348314,1.0
synthetic_d20,4,8,657,1,7,2,2,4,1,1,0.625,0.23863636363636365,0.38636363636363635,1.0
synthetic_d20,4,8,657,1,7,3,5,3,1,1,0.48484848484848486,0.29292929292929293,0.19191919191919193,1.0
synthetic_d20,4,8,657,1,7,4,5,2,1,1,0.64,0.42,0.22000000000000003,1.0
synthetic_d20,5,4,0,0,4,1,1,2,1,1,0.5,0.5,0.0,1.0
synthetic_d20,5,4,2,0,4,1,1,3,1,1,0.6413043478260869,0.33333333333333337,0.30797101449275355,1.0
synthetic_d20,5,4,2,0,4,2,3,2,1,1,0.8484848484848485,0.5,0.3484848484848485,1.0
synthetic_d20,5,4,174,0,4,1,1,2,1,1,0.5,0.5,0.0,1.0
synthetic_d20,5,4,187,1,4,1,2,2,1,1,0.8108108108108109,0.4527027027027027,0.35810810810810817,1.0
synthetic_d20,5,4,219,0,4,1,2,2,1,1,0.5,0.5,0.0,1.0
synthetic_d20,5,4,318,0,4,1,1,2,1,1,0.5,0.5,0.0,1.0
synthetic_d20,5,4,390,0,4,1,1,2,1,1,0.5,0.5,0.0,1.0
synthetic_d20,5,4,392,0,4,1,1,3,1,1,0.5,0.3333333333333333,0.16666666666666669,1.0
synthetic_d20,5,4,392,0,4,2,3,2,1,1,1.0,0.5,0.5,1.0
synthetic_d20,5,4,500,0,4,1,1,3,1,1,0.6413043478260869,0.33333333333333337,0.30797101449275355,1.0
synthetic_d20,5,4,500,0,4,2,3,2,1,1,0.8484848484848485,0.5,0.3484848484848485,1.0
synthetic_d20,5,4,511,1,4,1,3,3,1,1,0.8333333333333334,0.3333333333333333,0.5,1.0
synthetic_d20,5,4,511,1,4,2,3,2,1,1,0.9090909090909091,0.5,0.40909090909090906,1.0
synthetic_d20,5,4,592,0,4,1,1,3,1,1,0.6413043478260869,0.33333333333333337,0.30797101449275355,1.0
synthetic_d20,5,4,592,0,4,2,3,2,1,1,0.8484848484848485,0.5,0.3484848484848485,1.0
synthetic_d20,5,4,626,0,4,1,1,2,1,1,0.5,0.5,0.0,1.0
synthetic_d20,5,4,667,1,4,1,3,3,1,1,0.8333333333333334,0.3333333333333333,0.5,1.0
synthetic_d20,5,4,667,1,4,2,3,2,1,1,0.9090909090909091,0.5,0.40909090909090906,1.0
synthetic_d20,5,4,723,1,4,1,3,3,1,1,0.8333333333333334,0.3333333333333333,0.5,1.0
synthetic_d20,5,4,723,1,4,2,3,2,1,1,0.9090909090909091,0.5,0.40909090909090906,1.0
synthetic_d20,5,4,787,1,4,1,3,3,1,1,0.8333333333333334,0.3333333333333333,0.5,1.0
synthetic_d20,5,4,787,1,4,2,3,2,1,1,0.9090909090909091,0.5,0.40909090909090906,1.0
synthetic_d20,5,8,0,0,6,1,1,4,1,1,0.39285714285714285,0.25,0.14285714285714285,1.0
synthetic_d20,5,8,0,0,6,2,5,3,1,1,0.4117647058823529,0.33333333333333337,0.07843137254901955,1.0
synthetic_d20,5,8,0,0,6,3,5,2,1,1,0.7,0.5,0.19999999999999996,1.0
synthetic_d20,5,8,0,0,6,4,5,2,1,1,0.7,0.5,0.19999999999999996,1.0
synthetic_d20,5,8,2,0,4,1,1,3,1,1,0.7397260273972602,0.3333333333333333,0.4063926940639269,1.0
synthetic_d20,5,8,2,0,4,2,3,2,1,1,0.7368421052631579,0.5,0.23684210526315785,1.0
synthetic_d20,5,8,174,0,6,1,1,4,1,1,0.39285714285714285,0.25,0.14285714285714285,1.0
synthetic_d20,5,8,174,0,6,2,5,3,1,1,0.4117647058823529,0.33333333333333337,0.07843137254901955,1.0
synthetic_d20,5,8,174,0,6,3,5,2,1,1,0.7,0.5,0.19999999999999996,1.0
synthetic_d20,5,8,174,0,6,4,5,2,1,1,0.7,0.5,0.19999999999999996,1.0
synthetic_d20,5,8,187,1,7,1,2,2,1,1,0.7352941176470589,0.41911764705882354,0.31617647058823534,1.0
synthetic_d20,5,8,219,0,4,1,1,2,1,1,0.6071428571428571,0.5,0.1071428571428571,1.0
synthetic_d20,5,8,318,0,6,1,1,4,1,1,0.39285714285714285,0.25,0.14285714285714285,1.0
synthetic_d20,5,8,318,0,6,2,4,3,1,1,0.4117647058823529,0.33333333333333337,0.07843137254901955,1.0
synthetic_d20,5,8,318,0,6,3,4,2,1,1,0.7,0.5,0.19999999999999996,1.0
synthetic_d20,5,8,318,0,6,4,4,2,1,1,0.7,0.5,0.19999999999999996,1.0
synthetic_d20,5,8,390,0,8,1,1,6,1,1,0.39285714285714285,0.16666666666666669,0.22619047619047616,1.0
synthetic_d20,5,8,390,0,8,2,7,5,1,1,0.17647058823529413,0.19999999999999998,-0.023529411764705854,0.0
synthetic_d20,5,8,390,0,8,3,7,4,1,1,0.3,0.25,0.04999999999999999,0.0
synthetic_d20,5,8,390,0,8,4,7,4,1,1,0.3,0.25,0.04999999999999999,0.0
synthetic_d20,5,8,390,0,8,5,7,3,1,1,0.42857142857142855,0.33333333333333337,0.09523809523809518,0.0
synthetic_d20,5,8,390,0,8,6,7,2,1,1,0.42857142857142855,0.5,-0.07142857142857145,0.0
synthetic_d20,5,8,392,0,5,1,1,3,1,1,0.39285714285714285,0.32142857142857145,0.0714285714285714,1.0
synthetic_d20,5,8,392,0,5,2,2,2,1,1,0.5882352941176471,0.47058823529411764,0.11764705882352944,1.0
synthetic_d20,5,8,500,0,4,1,1,3,1,1,0.7397260273972602,0.3333333333333333,0.4063926940639269,1.0
synthetic_d20,5,8,500,0,4,2,3,2,1,1,0.7368421052631579,0.5,0.23684210526315785,1.0
synthetic_d20,5,8,511,1,7,1,4,5,1,1,0.12903225806451613,0.2,-0.07096774193548389,0.0
synthetic_d20,5,8,511,1,7,2,4,4,1,1,0.16,0.25,-0.09,0.0
synthetic_d20,5,8,511,1,7,3,4,3,1,1,0.16666666666666666,0.3333333333333333,-0.16666666666666666,0.0
synthetic_d20,5,8,511,1,7,4,4,2,1,1,0.2857142857142857,0.5,-0.2142857142857143,0.0
synthetic_d20,5,8,592,0,4,1,1,3,1,1,0.7397260273972602,0.3333333333333333,0.4063926940639269,1.0
synthetic_d20,5,8,592,0,4,2,3,2,1,1,0.7368421052631579,0.5,0.23684210526315785,1.0
synthetic_d20,5,8,626,1,8,1,4,6,1,1,0.3382352941176471,0.16666666666666669,0.1715686274509804,1.0
synthetic_d20,5,8,626,1,8,2,4,5,1,1,0.3770491803278688,0.19999999999999998,0.17704918032786884,1.0
synthetic_d20,5,8,626,1,8,3,4,4,1,1,0.46,0.25,0.21000000000000002,1.0
synthetic_d20,5,8,626,1,8,4,4,4,1,1,0.46,0.25,0.21000000000000002,1.0
synthetic_d20,5,8,626,1,8,5,7,3,1,1,0.5185185185185185,0.3333333333333333,0.18518518518518517,1.0
synthetic_d20,5,8,626,1,8,6,7,2,1,1,0.9333333333333333,0.5,0.43333333333333335,1.0
synthetic_d20,5,8,667,0,8,1,1,4,1,1,0.7397260273972602,0.23972602739726026,0.5,1.0
synthetic_d20,5,8,667,0,8,2,4,3,1,1,0.5789473684210527,0.2807017543859649,0.29824561403508776,1.0
synthetic_d20,5,8,667,0,8,3,4,2,1,1,0.7857142857142857,0.39285714285714285,0.39285714285714285,1.0
synthetic_d20,5,8,723,1,7,1,4,5,1,1,0.12903225806451613,0.2,-0.07096774193548389,0.0
synthetic_d20,5,8,723,1,7,2,4,4,1,1,0.16,0.25,-0.09,0.0
synthetic_d20,5,8,723,1,7,3,4,3,1,1,0.16666666666666666,0.3333333333333333,-0.16666666666666666,0.0
synthetic_d20,5,8,723,1,7,4,4,2,1,1,0.2857142857142857,0.5,-0.2142857142857143,0.0
synthetic_d20,5,8,787,1,8,1,4,4,1,1,0.12903225806451613,0.1693548387096774,-0.04032258064516128,0.0
synthetic_d20,5,8,787,1,8,2,4,3,1,1,0.16,0.2,-0.04000000000000001,0.0
synthetic_d20,5,8,787,1,8,3,4,2,1,1,0.16666666666666666,0.2916666666666667,-0.12500000000000003,0.0
synthetic_d20,6,4,36,0,4,1,1,3,1,1,0.53125,0.3333333333333333,0.19791666666666669,1.0
synthetic_d20,6,4,36,0,4,2,3,2,1,1,1.0,0.5,0.5,1.0
synthetic_d20,6,4,50,0,4,1,1,3,1,1,0.53125,0.3333333333333333,0.19791666666666669,1.0
synthetic_d20,6,4,50,0,4,2,2,2,1,1,1.0,0.5,0.5,1.0
synthetic_d20,6,4,293,0,4,1,1,3,1,1,0.53125,0.3333333333333333,0.19791666666666669,1.0
synthetic_d20,6,4,293,0,4,2,2,2,1,1,1.0,0.5,0.5,1.0
synthetic_d20,6,4,336,0,4,1,1,3,1,1,0.53125,0.3333333333333333,0.19791666666666669,1.0
synthetic_d20,6,4,336,0,4,2,2,2,1,1,1.0,0.5,0.5,1.0
synthetic_d20,6,4,390,0,4,1,1,3,1,1,0.53125,0.3333333333333333,0.19791666666666669,1.0
synthetic_d20,6,4,390,0,4,2,2,2,1,1,1.0,0.5,0.5,1.0
synthetic_d20,6,4,416,0,4,1,2,2,1,1,0.9852941176470589,0.5,0.4852941176470589,1.0
synthetic_d20,6,4,471,1,4,1,2,3,1,1,0.9204545454545454,0.3333333333333333,0.5871212121212122,1.0
synthetic_d20,6,4,471,1,4,2,2,2,1,1,0.9529411764705882,0.5,0.4529411764705882,1.0
synthetic_d20,6,4,549,0,4,1,2,2,1,1,0.9852941176470589,0.5,0.4852941176470589,1.0
synthetic_d20,6,4,631,0,4,1,1,3,1,1,0.53125,0.3333333333333333,0.19791666666666669,1.0
synthetic_d20,6,4,631,0,4,2,2,2,1,1,1.0,0.5,0.5,1.0
synthetic_d20,6,4,739,0,4,1,1,3,1,1,0.53125,0.3333333333333333,0.19791666666666669,1.0
synthetic_d20,6,4,739,0,4,2,2,2,1,1,1.0,0.5,0.5,1.0
synthetic_d20,6,4,796,1,4,1,2,3,1,1,0.9204545454545454,0.3333333333333333,0.5871212121212122,1.0
synthetic_d20,6,4,796,1,4,2,2,2,1,1,0.9529411764705882,0.5,0.4529411764705882,1.0
synthetic_d20,6,4,797,0,4,1,1,3,1,1,0.53125,0.3333333333333333,0.19791666666666669,1.0
synthetic_d20,6,4,797,0,4,2,2,2,1,1,1.0,0.5,0.5,1.0
synthetic_d20,6,8,6,1,6,1,1,2,1,1,0.3125,0.21875,0.09375,0.0
synthetic_d20,6,8,36,1,5,1,2,4,1,1,0.922077922077922,0.25,0.672077922077922,1.0
synthetic_d20,6,8,36,1,5,2,2,3,1,1,0.9466666666666667,0.3333333333333333,0.6133333333333333,1.0
synthetic_d20,6,8,36,1,5,3,4,2,1,1,0.75,0.5,0.25,1.0
synthetic_d20,6,8,50,0,7,1,1,5,1,1,0.4186046511627907,0.19069767441860463,0.22790697674418608,1.0
synthetic_d20,6,8,50,0,7,2,2,4,1,1,0.6,0.23,0.37,1.0
synthetic_d20,6,8,50,0,7,3,3,3,1,1,0.3,0.26666666666666666,0.033333333333333326,0.0
synthetic_d20,6,8,86,1,6,1,1,2,1,1,0.3125,0.21875,0.09375,0.0
synthetic_d20,6,8,237,1,6,1,1,2,1,1,0.3125,0.21875,0.09375,0.0
synthetic_d20,6,8,293,0,8,1,1,4,1,1,0.4186046511627907,0.23255813953488372,0.186046511627907,1.0
synthetic_d20,6,8,293,0,8,2,2,3,1,1,0.6,0.29333333333333333,0.30666666666666664,1.0
synthetic_d20,6,8,293,0,8,3,3,2,1,1,0.7,0.35,0.35,1.0
synthetic_d20,6,8,336,0,7,1,1,4,1,1,0.4186046511627907,0.2441860465116279,0.17441860465116282,1.0
synthetic_d20,6,8,336,0,7,2,2,3,1,1,0.6,0.32,0.27999999999999997,1.0
synthetic_d20,6,8,336,0,7,3,3,2,1,1,0.7,0.45,0.24999999999999994,1.0
synthetic_d20,6,8,362,1,7,1,1,3,1,1,0.3125,0.1875,0.125,0.0
synthetic_d20,6,8,362,1,7,2,5,2,1,1,0.18181818181818182,0.18181818181818182,0.0,0.0
synthetic_d20,6,8,362,1,7,3,5,2,1,1,0.4,0.4,0.0,1.0
synthetic_d20,6,8,362,1,7,4,5,2,1,1,0.5,0.5,0.0,1.0
synthetic_d20,6,8,390,0,8,1,1,4,1,1,0.4186046511627907,0.23255813953488372,0.186046511627907,1.0
synthetic_d20,6,8,390,0,8,2,2,3,1,1,0.6,0.29333333333333333,0.30666666666666664,1.0
synthetic_d20,6,8,390,0,8,3,3,2,1,1,0.7,0.35,0.35,1.0
synthetic_d20,6,8,393,1,7,1,1,3,1,1,0.3125,0.1875,0.125,0.0
synthetic_d20,6,8,393,1,7,2,5,2,1,1,0.18181818181818182,0.18181818181818182,0.0,0.0
synthetic_d20,6,8,393,1,7,3,5,2,1,1,0.4,0.4,0.0,1.0
synthetic_d20,6,8,393,1,7,4,5,2,1,1,0.5,0.5,0.0,1.0
synthetic_d20,6,8,416,0,4,1,2,2,1,1,0.984375,0.5,0.484375,1.0
synthetic_d20,6,8,471,1,6,1,2,3,1,1,0.922077922077922,0.32900432900432897,0.5930735930735931,1.0
synthetic_d20,6,8,471,1,6,2,2,2,1,1,0.9466666666666667,0.49333333333333335,0.4533333333333333,1.0
synthetic_d20,6,8,531,0,6,1,5,3,1,1,0.59375,0.3333333333333333,0.2604166666666667,1.0
synthetic_d20,6,8,531,0,6,2,5,2,1,1,0.6031746031746031,0.5,0.10317460317460314,1.0
synthetic_d20,6,8,531,0,6,3,5,2,1,1,0.6031746031746031,0.5,0.10317460317460314,1.0
synthetic_d20,6,8,531,0,6,4,5,2,1,1,0.6031746031746031,0.5,0.10317460317460314,1.0
synthetic_d20,6,8,549,0,4,1,2,2,1,1,0.984375,0.5,0.484375,1.0
synthetic_d20,6,8,631,0,7,1,1,4,1,1,0.4186046511627907,0.2441860465116279,0.17441860465116282,1.0
synthetic_d20,6,8,631,0,7,2,2,3,1,1,0.6,0.32,0.27999999999999997,1.0
synthetic_d20,6,8,631,0,7,3,3,2,1,1,0.7,0.45,0.24999999999999994,1.0
synthetic_d20,6,8,739,0,7,1,1,4,1,1,0.4186046511627907,0.25,0.16860465116279072,1.0
synthetic_d20,6,8,739,0,7,2,2,3,1,1,0.6,0.33333333333333337,0.2666666666666666,1.0
synthetic_d20,6,8,739,0,7,3,3,2,1,1,0.3,0.5,-0.2,0.0
synthetic_d20,6,8,764,1,7,1,1,3,1,1,0.3125,0.1875,0.125,0.0
synthetic_d20,6,8,764,1,7,2,5,2,1,1,0.18181818181818182,0.18181818181818182,0.0,0.0
synthetic_d20,6,8,764,1,7,3,5,2,1,1,0.4,0.4,0.0,1.0
synthetic_d20,6,8,764,1,7,4,5,2,1,1,0.5,0.5,0.0,1.0
synthetic_d20,6,8,796,0,5,1,1,4,1,1,0.4186046511627907,0.25,0.16860465116279072,1.0
synthetic_d20,6,8,796,0,5,2,4,3,1,1,0.56,0.33333333333333337,0.22666666666666668,1.0
synthetic_d20,6,8,796,0,5,3,4,2,1,1,0.9333333333333333,0.5,0.43333333333333335,1.0
synthetic_d20,6,8,797,0,8,1,1,5,1,1,0.4186046511627907,0.16744186046511628,0.25116279069767444,1.0
synthetic_d20,6,8,797,0,8,2,2,4,1,1,0.6,0.18,0.42,1.0
synthetic_d20,6,8,797,0,8,3,3,3,1,1,0.3,0.1,0.19999999999999998,0.0
synthetic_d20,7,4,102,0,4,1,1,3,1,1,0.7333333333333333,0.3333333333333333,0.39999999999999997,1.0
synthetic_d20,7,4,102,0,4,2,2,2,1,1,1.0,0.5,0.5,1.0
synthetic_d20,7,4,157,0,4,1,1,3,1,1,0.7333333333333333,0.3333333333333333,0.39999999999999997,1.0
synthetic_d20,7,4,157,0,4,2,2,2,1,1,1.0,0.5,0.5,1.0
synthetic_d20,7,4,211,0,4,1,1,3,1,1,0.7333333333333333,0.3333333333333333,0.39999999999999997,1.0
synthetic_d20,7,4,211,0,4,2,2,2,1,1,1.0,0.5,0.5,1.0
synthetic_d20,7,4,230,0,4,1,1,3,1,1,0.7333333333333333,0.3333333333333333,0.39999999999999997,1.0
synthetic_d20,7,4,230,0,4,2,2,2,1,1,1.0,0.5,0.5,1.0
synthetic_d20,7,4,237,1,3,1,2,2,1,1,0.84,0.5,0.33999999999999997,1.0
synthetic_d20,7,4,255,0,4,1,1,3,1,1,0.7333333333333333,0.3333333333333333,0.39999999999999997,1.0
synthetic_d20,7,4,255,0,4,2,2,2,1,1,1.0,0.5,0.5,1.0
synthetic_d20,7,4,265,1,4,1,3,3,1,1,0.84,0.33333333333333337,0.5066666666666666,1.0
synthetic_d20,7,4,265,1,4,2,3,2,1,1,1.0,0.5,0.5,1.0
synthetic_d20,7,4,301,0,4,1,1,3,1,1,0.7333333333333333,0.3333333333333333,0.39999999999999997,1.0
synthetic_d20,7,4,301,0,4,2,2,2,1,1,1.0,0.5,0.5,1.0
synthetic_d20,7,4,412,1,3,1,2,2,1,1,0.84,0.5,0.33999999999999997,1.0
synthetic_d20,7,4,415,1,4,1,1,2,1,1,1.0,0.5,0.5,1.0
synthetic_d20,7,4,453,0,4,1,1,3,1,1,0.7333333333333333,0.3333333333333333,0.39999999999999997,1.0
synthetic_d20,7,4,453,0,4,2,2,2,1,1,1.0,0.5,0.5,1.0
synthetic_d20,7,4,491,1,3,1,2,2,1,1,0.84,0.5,0.33999999999999997,1.0
synthetic_d20,7,4,620,1,4,1,3,3,1,1,0.84,0.33333333333333337,0.5066666666666666,1.0
synthetic_d20,7,4,620,1,4,2,3,2,1,1,1.0,0.5,0.5,1.0
synthetic_d20,7,4,723,0,4,1,1,3,1,1,0.45054945054945056,0.3333333333333333,0.11721611721611724,1.0
synthetic_d20,7,4,723,0,4,2,3,2,1,1,0.66,0.5,0.16000000000000003,1.0
synthetic_d20,7,4,739,0,4,1,1,3,1,1,0.7333333333333333,0.3333333333333333,0.39999999999999997,1.0
synthetic_d20,7,4,739,0,4,2,2,2,1,1,1.0,0.5,0.5,1.0
synthetic_d20,7,4,740,0,4,1,1,3,1,1,0.7333333333333333,0.3333333333333333,0.39999999999999997,1.0
synthetic_d20,7,4,740,0,4,2,2,2,1,1,1.0,0.5,0.5,1.0
synthetic_d20,7,8,102,0,7,1,1,4,1,1,0.5,0.225,0.275,1.0
synthetic_d20,7,8,102,0,7,2,2,3,1,1,0.4,0.26666666666666666,0.13333333333333336,1.0
synthetic_d20,7,8,102,0,7,3,3,2,1,1,0.6666666666666666,0.3333333333333333,0.3333333333333333,1.0
synthetic_d20,7,8,157,1,6,1,3,4,1,1,0.859375,0.2421875,0.6171875,1.0
synthetic_d20,7,8,157,1,6,2,3,3,1,1,0.873015873015873,0.32275132275132273,0.5502645502645502,1.0
synthetic_d20,7,8,157,1,6,3,3,2,1,1,0.8870967741935484,0.4838709677419355,0.4032258064516129,1.0
synthetic_d20,7,8,211,0,6,1,1,4,1,1,0.5,0.2375,0.2625,1.0
synthetic_d20,7,8,211,0,6,2,2,3,1,1,0.4,0.3,0.10000000000000003,1.0
synthetic_d20,7,8,211,0,6,3,3,2,1,1,0.3333333333333333,0.4166666666666667,-0.08333333333333337,0.0
synthetic_d20,7,8,230,0,8,1,1,4,1,1,0.5,0.2,0.3,1.0
synthetic_d20,7,8,230,0,8,2,2,3,1,1,0.4,0.2,0.2,1.0
synthetic_d20,7,8,230,0,8,3,3,2,1,1,0.3333333333333333,0.16666666666666666,0.16666666666666666,0.0
synthetic_d20,7,8,237,1,3,1,2,2,1,1,0.8157894736842105,0.5,0.3157894736842105,1.0
synthetic_d20,7,8,255,0,8,1,1,4,1,1,0.5,0.2,0.3,1.0
synthetic_d20,7,8,255,0,8,2,2,3,1,1,0.4,0.2,0.2,1.0
synthetic_d20,7,8,255,0,8,3,3,2,1,1,0.3333333333333333,0.16666666666666666,0.16666666666666666,0.0
synthetic_d20,7,8,265,1,8,1,3,4,1,1,0.5,0.21052631578947367,0.2894736842105263,1.0
synthetic_d20,7,8,265,1,8,2,3,3,1,1,0.6129032258064516,0.2688172043010753,0.3440860215053763,1.0
synthetic_d20,7,8,265,1,8,3,3,2,1,1,0.6129032258064516,0.4032258064516129,0.20967741935483875,1.0
synthetic_d20,7,8,301,1,6,1,3,4,1,1,0.859375,0.2421875,0.6171875,1.0
synthetic_d20,7,8,301,1,6,2,3,3,1,1,0.873015873015873,0.32275132275132273,0.5502645502645502,1.0
synthetic_d20,7,8,301,1,6,3,3,2,1,1,0.8870967741935484,0.4838709677419355,0.4032258064516129,1.0
synthetic_d20,7,8,412,1,3,1,2,2,1,1,0.8157894736842105,0.5,0.3157894736842105,1.0
synthetic_d20,7,8,415,1,5,1,1,2,1,1,0.984375,0.5,0.484375,1.0
synthetic_d20,7,8,453,0,6,1,1,4,1,1,0.5,0.2375,0.2625,1.0
synthetic_d20,7,8,453,0,6,2,2,3,1,1,0.4,0.3,0.10000000000000003,1.0
synthetic_d20,7,8,453,0,6,3,3,2,1,1,0.3333333333333333,0.4166666666666667,-0.08333333333333337,0.0
synthetic_d20,7,8,491,1,3,1,2,2,1,1,0.8157894736842105,0.5,0.3157894736842105,1.0
synthetic_d20,7,8,620,1,8,1,3,5,1,1,0.5,0.19999999999999998,0.30000000000000004,1.0
synthetic_d20,7,8,620,1,8,2,3,4,1,1,0.6129032258064516,0.25,0.3629032258064516,1.0
synthetic_d20,7,8,620,1,8,3,3,3,1,1,0.6129032258064516,0.33333333333333337,0.27956989247311825,1.0
synthetic_d20,7,8,620,1,8,4,6,2,1,1,0.5,0.5,0.0,1.0
synthetic_d20,7,8,620,1,8,5,6,2,1,1,0.5,0.5,0.0,1.0
synthetic_d20,7,8,723,0,6,1,1,3,1,1,0.48717948717948717,0.3247863247863248,0.16239316239316237,1.0
synthetic_d20,7,8,723,0,6,2,3,2,1,1,0.525,0.475,0.050000000000000044,1.0
synthetic_d20,7,8,739,0,6,1,1,3,1,1,0.5,0.3,0.2,1.0
synthetic_d20,7,8,739,0,6,2,2,2,1,1,0.4,0.4,0.0,1.0
synthetic_d20,7,8,740,0,6,1,1,4,1,1,0.5,0.2375,0.2625,1.0
synthetic_d20,7,8,740,0,6,2,2,3,1,1,0.4,0.3,0.10000000000000003,1.0
synthetic_d20,7,8,740,0,6,3,3,2,1,1,0.3333333333333333,0.4166666666666667,-0.08333333333333337,0.0
synthetic_d20,8,4,140,1,4,1,1,2,1,1,0.625,0.4375,0.1875,1.0
synthetic_d20,8,4,141,0,4,1,1,3,1,1,0.6842105263157895,0.3333333333333333,0.3508771929824562,1.0
synthetic_d20,8,4,141,0,4,2,2,2,1,1,1.0,0.5,0.5,1.0
synthetic_d20,8,4,187,1,4,1,2,2,1,1,0.9795918367346939,0.4897959183673469,0.4897959183673469,1.0
synthetic_d20,8,4,203,0,4,1,1,3,1,1,0.6842105263157895,0.3333333333333333,0.3508771929824562,1.0
synthetic_d20,8,4,203,0,4,2,2,2,1,1,1.0,0.5,0.5,1.0
synthetic_d20,8,4,224,1,4,1,1,2,1,1,0.625,0.4375,0.1875,1.0
synthetic_d20,8,4,241,1,4,1,1,2,1,1,0.625,0.4375,0.1875,1.0
synthetic_d20,8,4,253,0,4,1,1,3,1,1,0.6842105263157895,0.3333333333333333,0.3508771929824562,1.0
synthetic_d20,8,4,253,0,4,2,2,2,1,1,1.0,0.5,0.5,1.0
synthetic_d20,8,4,261,0,4,1,1,3,1,1,0.6842105263157895,0.3333333333333333,0.3508771929824562,1.0
synthetic_d20,8,4,261,0,4,2,2,2,1,1,1.0,0.5,0.5,1.0
synthetic_d20,8,4,287,1,4,1,2,2,1,1,0.25,0.3125,-0.0625,0.0
synthetic_d20,8,4,333,0,4,1,1,3,1,1,0.76,0.3333333333333333,0.4266666666666667,1.0
synthetic_d20,8,4,333,0,4,2,3,2,1,1,0.7222222222222222,0.5,0.2222222222222222,1.0
synthetic_d20,8,4,335,1,4,1,1,3,1,1,0.625,0.3333333333333333,0.2916666666666667,1.0
synthetic_d20,8,4,335,1,4,2,3,2,1,1,0.6666666666666666,0.5,0.16666666666666663,1.0
synthetic_d20,8,4,388,0,4,1,1,3,1,1,0.6842105263157895,0.3333333333333333,0.3508771929824562,1.0
synthetic_d20,8,4,388,0,4,2,2,2,1,1,1.0,0.5,0.5,1.0
synthetic_d20,8,4,520,0,4,1,1,3,1,1,0.6842105263157895,0.3333333333333333,0.3508771929824562,1.0
synthetic_d20,8,4,520,0,4,2,2,2,1,1,1.0,0.5,0.5,1.0
synthetic_d20,8,4,567,0,4,1,1,3,1,1,0.6842105263157895,0.3333333333333333,0.3508771929824562,1.0
synthetic_d20,8,4,567,0,4,2,2,2,1,1,1.0,0.5,0.5,1.0
synthetic_d20,8,4,582,0,4,1,1,3,1,1,0.6842105263157895,0.3333333333333333,0.3508771929824562,1.0
synthetic_d20,8,4,582,0,4,2,2,2,1,1,1.0,0.5,0.5,1.0
synthetic_d20,8,4,662,0,4,1,1,3,1,1,0.6842105263157895,0.3333333333333333,0.3508771929824562,1.0
synthetic_d20,8,4,662,0,4,2,2,2,1,1,1.0,0.5,0.5,1.0
synthetic_d20,8,4,765,0,4,1,1,3,1,1,0.6842105263157895,0.3333333333333333,0.3508771929824562,1.0
synthetic_d20,8,4,765,0,4,2,2,2,1,1,1.0,0.5,0.5,1.0
synthetic_d20,8,4,788,0,4,1,1,3,1,1,0.6842105263157895,0.3333333333333333,0.3508771929824562,1.0
synthetic_d20,8,4,788,0,4,2,2,2,1,1,1.0,0.5,0.5,1.0
synthetic_d20,8,4,792,0,4,1,1,3,1,1,0.6842105263157895,0.3333333333333333,0.3508771929824562,1.0
synthetic_d20,8,4,792,0,4,2,2,2,1,1,1.0,0.5,0.5,1.0
synthetic_d20,8,8,140,1,5,1,1,2,1,1,0.65,0.45,0.2,1.0
synthetic_d20,8,8,141,1,5,1,4,4,1,1,0.7721518987341772,0.25,0.5221518987341772,1.0
synthetic_d20,8,8,141,1,5,2,4,3,1,1,0.7721518987341772,0.3333333333333333,0.4388185654008439,1.0
synthetic_d20,8,8,141,1,5,3,4,2,1,1,0.7721518987341772,0.5,0.2721518987341772,1.0
synthetic_d20,8,8,187,1,4,1,2,2,1,1,1.0,0.5,0.5,1.0
synthetic_d20,8,8,203,1,8,1,5,5,1,1,0.6455696202531646,0.2,0.44556962025316454,1.0
synthetic_d20,8,8,203,1,8,2,5,4,1,1,0.6455696202531646,0.25,0.39556962025316456,1.0
synthetic_d20,8,8,203,1,8,3,5,3,1,1,0.6455696202531646,0.3333333333333333,0.31223628691983124,1.0
synthetic_d20,8,8,203,1,8,4,5,2,1,1,0.8360655737704918,0.5,0.33606557377049184,1.0
synthetic_d20,8,8,203,1,8,5,5,2,1,1,0.8360655737704918,0.5,0.33606557377049184,1.0
synthetic_d20,8,8,224,1,5,1,1,2,1,1,0.65,0.45,0.2,1.0
synthetic_d20,8,8,241,1,5,1,1,2,1,1,0.65,0.45,0.2,1.0
synthetic_d20,8,8,253,0,8,1,1,4,1,1,0.34210526315789475,0.21052631578947367,0.13157894736842107,1.0
synthetic_d20,8,8,253,0,8,2,3,3,1,1,0.36,0.2533333333333333,0.10666666666666669,1.0
synthetic_d20,8,8,253,0,8,3,3,2,1,1,0.5294117647058824,0.3235294117647059,0.20588235294117646,1.0
synthetic_d20,8,8,261,1,5,1,4,4,1,1,0.7721518987341772,0.25,0.5221518987341772,1.0
synthetic_d20,8,8,261,1,5,2,4,3,1,1,0.7721518987341772,0.3333333333333333,0.4388185654008439,1.0
synthetic_d20,8,8,261,1,5,3,4,2,1,1,0.7721518987341772,0.5,0.2721518987341772,1.0
synthetic_d20,8,8,287,0,5,1,1,2,1,1,0.8412698412698413,0.49206349206349204,0.34920634920634924,1.0
synthetic_d20,8,8,333,0,4,1,1,3,1,1,0.8412698412698413,0.3333333333333333,0.5079365079365079,1.0
synthetic_d20,8,8,333,0,4,2,3,2,1,1,0.9,0.5,0.4,1.0
synthetic_d20,8,8,335,1,7,1,1,3,1,1,0.65,0.2833333333333333,0.3666666666666667,1.0
synthetic_d20,8,8,335,1,7,2,3,2,1,1,0.2857142857142857,0.2857142857142857,0.0,1.0
synthetic_d20,8,8,388,0,6,1,1,4,1,1,0.34210526315789475,0.21710526315789475,0.125,1.0
synthetic_d20,8,8,388,0,6,2,2,3,1,1,0.32,0.26666666666666666,0.053333333333333344,1.0
synthetic_d20,8,8,388,0,6,3,5,2,1,1,0.23529411764705882,0.35294117647058826,-0.11764705882352944,0.0
synthetic_d20,8,8,520,0,8,1,1,4,1,1,0.34210526315789475,0.21052631578947367,0.13157894736842107,1.0
synthetic_d20,8,8,520,0,8,2,3,3,1,1,0.36,0.2533333333333333,0.10666666666666669,1.0
synthetic_d20,8,8,520,0,8,3,3,2,1,1,0.5294117647058824,0.3235294117647059,0.20588235294117646,1.0
synthetic_d20,8,8,567,0,8,1,1,3,1,1,0.34210526315789475,0.25438596491228066,0.08771929824561409,1.0
synthetic_d20,8,8,567,0,8,2,2,2,1,1,0.32,0.32,0.0,1.0
synthetic_d20,8,8,582,0,8,1,1,4,1,1,0.34210526315789475,0.21052631578947367,0.13157894736842107,1.0
synthetic_d20,8,8,582,0,8,2,3,3,1,1,0.36,0.2533333333333333,0.10666666666666669,1.0
synthetic_d20,8,8,582,0,8,3,3,2,1,1,0.5294117647058824,0.3235294117647059,0.20588235294117646,1.0
synthetic_d20,8,8,662,0,8,1,1,4,1,1,0.34210526315789475,0.21052631578947367,0.13157894736842107,1.0
synthetic_d20,8,8,662,0,8,2,3,3,1,1,0.36,0.2533333333333333,0.10666666666666669,1.0
synthetic_d20,8,8,662,0,8,3,3,2,1,1,0.5294117647058824,0.3235294117647059,0.20588235294117646,1.0
synthetic_d20,8,8,765,0,6,1,1,4,1,1,0.34210526315789475,0.21710526315789475,0.125,1.0
synthetic_d20,8,8,765,0,6,2,2,3,1,1,0.32,0.26666666666666666,0.053333333333333344,1.0
synthetic_d20,8,8,765,0,6,3,5,2,1,1,0.23529411764705882,0.35294117647058826,-0.11764705882352944,0.0
synthetic_d20,8,8,788,0,8,1,1,4,1,1,0.34210526315789475,0.21052631578947367,0.13157894736842107,1.0
synthetic_d20,8,8,788,0,8,2,3,3,1,1,0.36,0.2533333333333333,0.10666666666666669,1.0
synthetic_d20,8,8,788,0,8,3,3,2,1,1,0.5294117647058824,0.3235294117647059,0.20588235294117646,1.0
synthetic_d20,8,8,792,0,8,1,1,4,1,1,0.34210526315789475,0.21052631578947367,0.13157894736842107,1.0
synthetic_d20,8,8,792,0,8,2,3,3,1,1,0.36,0.2533333333333333,0.10666666666666669,1.0
synthetic_d20,8,8,792,0,8,3,3,2,1,1,0.5294117647058824,0.3235294117647059,0.20588235294117646,1.0
synthetic_d20,9,4,23,0,4,1,1,3,1,1,0.6153846153846154,0.3333333333333333,0.2820512820512821,1.0
synthetic_d20,9,4,23,0,4,2,3,2,1,1,0.7,0.5,0.19999999999999996,1.0
synthetic_d20,9,4,84,0,4,1,1,2,1,1,0.6153846153846154,0.4423076923076923,0.17307692307692313,1.0
synthetic_d20,9,4,104,0,4,1,1,2,1,1,0.6153846153846154,0.4423076923076923,0.17307692307692313,1.0
synthetic_d20,9,4,114,0,4,1,1,2,1,1,0.6153846153846154,0.4423076923076923,0.17307692307692313,1.0
synthetic_d20,9,4,150,0,4,1,2,2,1,1,0.9649122807017544,0.5,0.4649122807017544,1.0
synthetic_d20,9,4,158,1,4,1,2,2,1,1,0.9534883720930233,0.4941860465116279,0.4593023255813954,1.0
synthetic_d20,9,4,257,0,4,1,1,2,1,1,0.6153846153846154,0.4423076923076923,0.17307692307692313,1.0
synthetic_d20,9,4,339,0,4,1,1,3,1,1,0.9649122807017544,0.3333333333333333,0.631578947368421,1.0
synthetic_d20,9,4,339,0,4,2,2,2,1,1,1.0,0.5,0.5,1.0
synthetic_d20,9,4,418,0,4,1,1,2,1,1,0.6153846153846154,0.4423076923076923,0.17307692307692313,1.0
synthetic_d20,9,4,425,0,4,1,1,2,1,1,0.6153846153846154,0.4423076923076923,0.17307692307692313,1.0
synthetic_d20,9,4,456,0,4,1,1,3,1,1,0.9649122807017544,0.3333333333333333,0.631578947368421,1.0
synthetic_d20,9,4,456,0,4,2,2,2,1,1,1.0,0.5,0.5,1.0
synthetic_d20,9,4,498,0,4,1,1,2,1,1,0.6153846153846154,0.4423076923076923,0.17307692307692313,1.0
synthetic_d20,9,4,517,0,4,1,1,2,1,1,0.6153846153846154,0.4423076923076923,0.17307692307692313,1.0
synthetic_d20,9,4,546,0,4,1,1,3,1,1,0.9649122807017544,0.3333333333333333,0.631578947368421,1.0
synthetic_d20,9,4,546,0,4,2,2,2,1,1,1.0,0.5,0.5,1.0
synthetic_d20,9,4,563,0,4,1,1,3,1,1,0.9649122807017544,0.3333333333333333,0.631578947368421,1.0
synthetic_d20,9,4,563,0,4,2,2,2,1,1,1.0,0.5,0.5,1.0
synthetic_d20,9,8,23,0,4,1,1,3,1,1,0.3902439024390244,0.3333333333333333,0.05691056910569109,0.0
synthetic_d20,9,8,23,0,4,2,2,2,1,1,0.72,0.5,0.21999999999999997,1.0
synthetic_d20,9,8,84,0,8,1,1,4,1,1,0.3902439024390244,0.22560975609756098,0.16463414634146342,1.0
synthetic_d20,9,8,84,0,8,2,6,3,1,1,0.56,0.28,0.28,1.0
synthetic_d20,9,8,84,0,8,3,6,2,1,1,0.7777777777777778,0.3888888888888889,0.3888888888888889,1.0
synthetic_d20,9,8,84,0,8,4,6,2,1,1,0.9333333333333333,0.4666666666666667,0.4666666666666667,1.0
synthetic_d20,9,8,104,0,8,1,1,5,1,1,0.3902439024390244,0.18536585365853658,0.20487804878048782,1.0
synthetic_d20,9,8,104,0,8,2,7,4,1,1,0.56,0.22,0.3400000000000001,1.0
synthetic_d20,9,8,104,0,8,3,7,3,1,1,0.7777777777777778,0.2777777777777778,0.5,1.0
synthetic_d20,9,8,104,0,8,4,7,3,1,1,0.9333333333333333,0.3333333333333333,0.6000000000000001,1.0
synthetic_d20,9,8,104,0,8,5,7,2,1,1,0.9333333333333333,0.5,0.43333333333333335,1.0
synthetic_d20,9,8,104,0,8,6,7,2,1,1,0.9333333333333333,0.5,0.43333333333333335,1.0
synthetic_d20,9,8,111,1,5,1,1,2,1,1,0.7777777777777778,0.42592592592592593,0.35185185185185186,1.0
synthetic_d20,9,8,114,0,8,1,1,4,1,1,0.3902439024390244,0.22560975609756098,0.16463414634146342,1.0
synthetic_d20,9,8,114,0,8,2,6,3,1,1,0.56,0.28,0.28,1.0
synthetic_d20,9,8,114,0,8,3,6,2,1,1,0.7777777777777778,0.3888888888888889,0.3888888888888889,1.0
synthetic_d20,9,8,114,0,8,4,6,2,1,1,0.9333333333333333,0.4666666666666667,0.4666666666666667,1.0
synthetic_d20,9,8,150,0,4,1,2,2,1,1,0.9180327868852459,0.4918032786885246,0.42622950819672134,1.0
synthetic_d20,9,8,158,1,4,1,2,2,1,1,0.9436619718309859,0.49295774647887325,0.45070422535211263,1.0
synthetic_d20,9,8,238,1,5,1,1,2,1,1,0.7777777777777778,0.42592592592592593,0.35185185185185186,1.0
synthetic_d20,9,8,257,0,5,1,1,3,1,1,0.3902439024390244,0.30894308943089427,0.08130081300813014,1.0
synthetic_d20,9,8,257,0,5,2,4,2,1,1,0.6,0.44,0.15999999999999998,1.0
synthetic_d20,9,8,280,1,5,1,1,2,1,1,0.7777777777777778,0.42592592592592593,0.35185185185185186,1.0
synthetic_d20,9,8,339,0,7,1,1,5,1,1,0.9344262295081968,0.19344262295081968,0.740983606557377,1.0
synthetic_d20,9,8,339,0,7,2,2,4,1,1,0.0,0.125,-0.125,0.0
synthetic_d20,9,8,339,0,7,3,5,3,1,1,0.5,0.16666666666666666,0.33333333333333337,1.0
synthetic_d20,9,8,339,0,7,4,5,2,1,1,0.5,0.25,0.25,1.0
synthetic_d20,9,8,339,0,7,5,5,2,1,1,1.0,0.5,0.5,1.0
synthetic_d20,9,8,418,0,8,1,1,4,1,1,0.3902439024390244,0.22560975609756098,0.16463414634146342,1.0
synthetic_d20,9,8,418,0,8,2,6,3,1,1,0.56,0.28,0.28,1.0
synthetic_d20,9,8,418,0,8,3,6,2,1,1,0.7777777777777778,0.3888888888888889,0.3888888888888889,1.0
synthetic_d20,9,8,418,0,8,4,6,2,1,1,0.9333333333333333,0.4666666666666667,0.4666666666666667,1.0
synthetic_d20,9,8,425,0,8,1,1,4,1,1,0.3902439024390244,0.22560975609756098,0.16463414634146342,1.0
synthetic_d20,9,8,425,0,8,2,6,3,1,1,0.56,0.28,0.28,1.0
synthetic_d20,9,8,425,0,8,3,6,2,1,1,0.7777777777777778,0.3888888888888889,0.3888888888888889,1.0
synthetic_d20,9,8,425,0,8,4,6,2,1,1,0.9333333333333333,0.4666666666666667,0.4666666666666667,1.0
synthetic_d20,9,8,456,1,7,1,3,4,1,1,0.25925925925925924,0.25,0.009259259259259245,0.0
synthetic_d20,9,8,456,1,7,2,3,3,1,1,0.3333333333333333,0.3333333333333333,0.0,0.0
synthetic_d20,9,8,456,1,7,3,3,2,1,1,0.3684210526315789,0.5,-0.13157894736842107,0.0
synthetic_d20,9,8,498,0,8,1,1,4,1,1,0.3902439024390244,0.22560975609756098,0.16463414634146342,1.0
synthetic_d20,9,8,498,0,8,2,6,3,1,1,0.56,0.28,0.28,1.0
synthetic_d20,9,8,498,0,8,3,6,2,1,1,0.7777777777777778,0.3888888888888889,0.3888888888888889,1.0
synthetic_d20,9,8,498,0,8,4,6,2,1,1,0.9333333333333333,0.4666666666666667,0.4666666666666667,1.0
synthetic_d20,9,8,517,0,8,1,1,4,1,1,0.3902439024390244,0.22560975609756098,0.16463414634146342,1.0
synthetic_d20,9,8,517,0,8,2,6,3,1,1,0.56,0.28,0.28,1.0
synthetic_d20,9,8,517,0,8,3,6,2,1,1,0.7777777777777778,0.3888888888888889,0.3888888888888889,1.0
synthetic_d20,9,8,517,0,8,4,6,2,1,1,0.9333333333333333,0.4666666666666667,0.4666666666666667,1.0
synthetic_d20,9,8,546,0,7,1,1,5,1,1,0.9344262295081968,0.19344262295081968,0.740983606557377,1.0
synthetic_d20,9,8,546,0,7,2,2,4,1,1,0.0,0.125,-0.125,0.0
synthetic_d20,9,8,546,0,7,3,5,3,1,1,0.5,0.16666666666666666,0.33333333333333337,1.0
synthetic_d20,9,8,546,0,7,4,5,2,1,1,0.5,0.25,0.25,1.0
synthetic_d20,9,8,546,0,7,5,5,2,1,1,1.0,0.5,0.5,1.0
synthetic_d20,9,8,563,1,8,1,3,4,1,1,0.25925925925925924,0.16666666666666666,0.09259259259259259,1.0
synthetic_d20,9,8,563,1,8,2,3,3,1,1,0.3333333333333333,0.19047619047619047,0.14285714285714285,1.0
synthetic_d20,9,8,563,1,8,3,3,2,1,1,0.3684210526315789,0.2631578947368421,0.10526315789473684,1.0
synthetic_d20,9,8,733,1,5,1,1,2,1,1,0.7777777777777778,0.42592592592592593,0.35185185185185186,1.0
synthetic_d50,0,4,29,1,4,1,1,2,1,1,0.8028169014084507,0.4788732394366197,0.32394366197183105,1.0
synthetic_d50,0,4,37,0,4,1,1,2,1,1,0.5555555555555556,0.3333333333333333,0.22222222222222227,1.0
synthetic_d50,0,4,82,0,4,1,1,3,1,1,0.6761904761904762,0.3333333333333333,0.3428571428571429,1.0
synthetic_d50,0,4,82,0,4,2,2,2,1,1,1.0,0.5,0.5,1.0
synthetic_d50,0,4,135,0,4,1,1,3,1,1,0.6761904761904762,0.3333333333333333,0.3428571428571429,1.0
synthetic_d50,0,4,135,0,4,2,2,2,1,1,1.0,0.5,0.5,1.0
synthetic_d50,0,4,181,0,4,1,1,2,1,1,0.5555555555555556,0.4444444444444444,0.11111111111111116,1.0
synthetic_d50,0,4,270,0,4,1,1,2,1,1,0.5555555555555556,0.3333333333333333,0.22222222222222227,1.0
synthetic_d50,0,4,278,1,4,1,1,2,1,1,0.8028169014084507,0.4788732394366197,0.32394366197183105,1.0
synthetic_d50,0,4,313,1,4,1,1,2,1,1,0.8028169014084507,0.4788732394366197,0.32394366197183105,1.0
synthetic_d50,0,4,357,0,4,1,1,3,1,1,0.6761904761904762,0.3333333333333333,0.3428571428571429,1.0
synthetic_d50,0,4,357,0,4,2,2,2,1,1,1.0,0.5,0.5,1.0
synthetic_d50,0,4,400,0,4,1,1,2,1,1,0.5555555555555556,0.4444444444444444,0.11111111111111116,1.0
synthetic_d50,0,4,407,1,4,1,2,3,1,1,0.6901408450704225,0.33333333333333337,0.35680751173708913,1.0
synthetic_d50,0,4,407,1,4,2,2,2,1,1,0.8596491228070176,0.5,0.35964912280701755,1.0
synthetic_d50,0,4,408,0,4,1,1,2,1,1,0.5555555555555556,0.3333333333333333,0.22222222222222227,1.0
synthetic_d50,0,4,410,0,4,1,1,2,1,1,0.5555555555555556,0.4444444444444444,0.11111111111111116,1.0
synthetic_d50,0,4,464,1,4,1,1,2,1,1,0.8028169014084507,0.4788732394366197,0.32394366197183105,1.0
synthetic_d50,0,4,495,1,4,1,2,3,1,1,0.875,0.33333333333333337,0.5416666666666666,1.0
synthetic_d50,0,4,495,1,4,2,2,2,1,1,0.875,0.5,0.375,1.0
synthetic_d50,0,4,548,0,4,1,1,3,1,1,0.6761904761904762,0.3333333333333333,0.3428571428571429,1.0
synthetic_d50,0,4,548,0,4,2,2,2,1,1,1.0,0.5,0.5,1.0
synthetic_d50,0,4,551,0,4,1,1,2,1,1,0.5555555555555556,0.4444444444444444,0.11111111111111116,1.0
synthetic_d50,0,4,557,1,4,1,1,2,1,1,0.8028169014084507,0.4788732394366197,0.32394366197183105,1.0
synthetic_d50,0,4,662,1,4,1,2,3,1,1,0.6901408450704225,0.33333333333333337,0.35680751173708913,1.0
synthetic_d50,0,4,662,1,4,2,2,2,1,1,0.8596491228070176,0.5,0.35964912280701755,1.0
synthetic_d50,0,4,844,1,4,1,1,2,1,1,0.8028169014084507,0.4788732394366197,0.32394366197183105,1.0
synthetic_d50,0,8,29,0,8,1,5,4,1,1,0.41414141414141414,0.24494949494949494,0.1691919191919192,1.0
synthetic_d50,0,8,29,0,8,2,5,3,1,1,0.6612903225806451,0.3225806451612903,0.3387096774193548,1.0
synthetic_d50,0,8,29,0,8,3,5,2,1,1,0.7735849056603774,0.4811320754716981,0.2924528301886793,1.0
synthetic_d50,0,8,29,0,8,4,5,2,1,1,0.7884615384615384,0.49038461538461536,0.2980769230769231,1.0
synthetic_d50,0,8,29,0,8,5,5,2,1,1,0.7884615384615384,0.49038461538461536,0.2980769230769231,1.0
synthetic_d50,0,8,37,0,5,1,1,2,1,1,0.5555555555555556,0.4166666666666667,0.1388888888888889,1.0
synthetic_d50,0,8,82,0,8,1,1,5,1,1,0.6262626262626263,0.197979797979798,0.42828282828282827,1.0
synthetic_d50,0,8,82,0,8,2,2,4,1,1,0.7837837837837838,0.24324324324324326,0.5405405405405406,1.0
synthetic_d50,0,8,82,0,8,3,5,3,1,1,0.875,0.2916666666666667,0.5833333333333333,1.0
synthetic_d50,0,8,82,0,8,4,5,2,1,1,0.875,0.4375,0.4375,1.0
synthetic_d50,0,8,135,0,6,1,1,3,1,1,0.6262626262626263,0.3333333333333333,0.292929292929293,1.0
synthetic_d50,0,8,135,0,6,2,2,2,1,1,0.7837837837837838,0.5,0.28378378378378377,1.0
synthetic_d50,0,8,181,0,6,1,1,2,1,1,0.5555555555555556,0.3611111111111111,0.19444444444444448,1.0
synthetic_d50,0,8,270,0,5,1,1,2,1,1,0.5555555555555556,0.4166666666666667,0.1388888888888889,1.0
synthetic_d50,0,8,278,0,8,1,5,4,1,1,0.41414141414141414,0.24494949494949494,0.1691919191919192,1.0
synthetic_d50,0,8,278,0,8,2,5,3,1,1,0.6612903225806451,0.3225806451612903,0.3387096774193548,1.0
synthetic_d50,0,8,278,0,8,3,5,2,1,1,0.7735849056603774,0.4811320754716981,0.2924528301886793,1.0
synthetic_d50,0,8,278,0,8,4,5,2,1,1,0.7884615384615384,0.49038461538461536,0.2980769230769231,1.0
synthetic_d50,0,8,278,0,8,5,5,2,1,1,0.7884615384615384,0.49038461538461536,0.2980769230769231,1.0
synthetic_d50,0,8,313,1,7,1,1,3,1,1,0.7012987012987013,0.3203463203463204,0.38095238095238093,1.0
synthetic_d50,0,8,313,1,7,2,5,2,1,1,0.43478260869565216,0.43478260869565216,0.0,1.0
synthetic_d50,0,8,357,0,8,1,1,5,1,1,0.6262626262626263,0.197979797979798,0.42828282828282827,1.0
synthetic_d50,0,8,357,0,8,2,2,4,1,1,0.7837837837837838,0.24324324324324326,0.5405405405405406,1.0
synthetic_d50,0,8,357,0,8,3,5,3,1,1,0.875,0.2916666666666667,0.5833333333333333,1.0
synthetic_d50,0,8,357,0,8,4,5,2,1,1,0.875,0.4375,0.4375,1.0
synthetic_d50,0,8,400,0,6,1,1,2,1,1,0.5555555555555556,0.3611111111111111,0.19444444444444448,1.0
synthetic_d50,0,8,407,1,7,1,2,3,1,1,0.5324675324675324,0.30303030303030304,0.22943722943722938,1.0
synthetic_d50,0,8,407,1,7,2,2,2,1,1,0.7592592592592593,0.4351851851851852,0.3240740740740741,1.0
synthetic_d50,0,8,408,0,5,1,1,2,1,1,0.5555555555555556,0.4166666666666667,0.1388888888888889,1.0
synthetic_d50,0,8,410,0,6,1,1,2,1,1,0.5555555555555556,0.3611111111111111,0.19444444444444448,1.0
synthetic_d50,0,8,464,1,7,1,1,3,1,1,0.7012987012987013,0.3203463203463204,0.38095238095238093,1.0
synthetic_d50,0,8,464,1,7,2,5,2,1,1,0.43478260869565216,0.43478260869565216,0.0,1.0
synthetic_d50,0,8,495,1,5,1,2,3,1,1,0.8214285714285714,0.3154761904761905,0.5059523809523809,1.0
synthetic_d50,0,8,495,1,5,2,2,2,1,1,0.8214285714285714,0.4732142857142857,0.3482142857142857,1.0
synthetic_d50,0,8,548,0,8,1,1,5,1,1,0.6262626262626263,0.197979797979798,0.42828282828282827,1.0
synthetic_d50,0,8,548,0,8,2,2,4,1,1,0.7837837837837838,0.24324324324324326,0.5405405405405406,1.0
synthetic_d50,0,8,548,0,8,3,5,3,1,1,0.875,0.2916666666666667,0.5833333333333333,1.0
synthetic_d50,0,8,548,0,8,4,5,2,1,1,0.875,0.4375,0.4375,1.0
synthetic_d50,0,8,551,0,6,1,1,2,1,1,0.5555555555555556,0.3611111111111111,0.19444444444444448,1.0
synthetic_d50,0,8,557,1,7,1,1,3,1,1,0.7012987012987013,0.3203463203463204,0.38095238095238093,1.0
synthetic_d50,0,8,557,1,7,2,5,2,1,1,0.43478260869565216,0.43478260869565216,0.0,1.0
synthetic_d50,0,8,662,1,7,1,2,3,1,1,0.5324675324675324,0.30303030303030304,0.22943722943722938,1.0
synthetic_d50,0,8,662,1,7,2,2,2,1,1,0.7592592592592593,0.4351851851851852,0.3240740740740741,1.0
synthetic_d50,0,8,844,1,7,1,1,3,1,1,0.7012987012987013,0.3203463203463204,0.38095238095238093,1.0
synthetic_d50,0,8,844,1,7,2,5,2,1,1,0.43478260869565216,0.43478260869565216,0.0,1.0
synthetic_d50,1,4,195,1,4,1,3,3,1,1,0.6326530612244898,0.3333333333333333,0.2993197278911565,1.0
synthetic_d50,1,4,195,1,4,2,3,2,1,1,0.6595744680851063,0.5,0.15957446808510634,1.0
synthetic_d50,1,4,327,0,4,1,3,3,1,1,0.5892857142857143,0.33333333333333337,0.25595238095238093,1.0
synthetic_d50,1,4,327,0,4,2,3,2,1,1,0.9850746268656716,0.5,0.4850746268656716,1.0
synthetic_d50,1,4,333,0,4,1,3,3,1,1,0.5892857142857143,0.33333333333333337,0.25595238095238093,1.0
synthetic_d50,1,4,333,0,4,2,3,2,1,1,0.9850746268656716,0.5,0.4850746268656716,1.0
synthetic_d50,1,4,338,0,4,1,3,3,1,1,0.5892857142857143,0.33333333333333337,0.25595238095238093,1.0
synthetic_d50,1,4,338,0,4,2,3,2,1,1,0.9850746268656716,0.5,0.4850746268656716,1.0
synthetic_d50,1,4,357,1,4,1,3,3,1,1,0.6326530612244898,0.3333333333333333,0.2993197278911565,1.0
synthetic_d50,1,4,357,1,4,2,3,2,1,1,0.6595744680851063,0.5,0.15957446808510634,1.0
synthetic_d50,1,4,396,0,4,1,1,2,1,1,0.8666666666666667,0.5,0.3666666666666667,1.0
synthetic_d50,1,4,408,0,4,1,1,2,1,1,0.8666666666666667,0.43333333333333335,0.43333333333333335,1.0
synthetic_d50,1,4,417,0,4,1,1,2,1,1,0.8666666666666667,0.43333333333333335,0.43333333333333335,1.0
synthetic_d50,1,4,422,0,4,1,1,2,1,1,0.8666666666666667,0.5,0.3666666666666667,1.0
synthetic_d50,1,4,434,1,4,1,1,2,1,1,0.9591836734693877,0.47959183673469385,0.47959183673469385,1.0
synthetic_d50,1,4,446,1,4,1,1,2,1,1,0.9591836734693877,0.47959183673469385,0.47959183673469385,1.0
synthetic_d50,1,4,555,1,4,1,2,3,1,1,0.6326530612244898,0.3333333333333333,0.2993197278911565,1.0
synthetic_d50,1,4,555,1,4,2,2,2,1,1,0.6595744680851063,0.5,0.15957446808510634,1.0
synthetic_d50,1,4,577,1,4,1,3,3,1,1,0.6326530612244898,0.3333333333333333,0.2993197278911565,1.0
synthetic_d50,1,4,577,1,4,2,3,2,1,1,0.6595744680851063,0.5,0.15957446808510634,1.0
synthetic_d50,1,4,632,1,4,1,1,3,1,1,0.8378378378378378,0.33333333333333337,0.5045045045045045,1.0
synthetic_d50,1,4,632,1,4,2,2,2,1,1,0.6666666666666666,0.5,0.16666666666666663,1.0
synthetic_d50,1,4,639,0,4,1,1,2,1,1,0.8666666666666667,0.43333333333333335,0.43333333333333335,1.0
synthetic_d50,1,4,678,1,4,1,1,2,1,1,0.9591836734693877,0.47959183673469385,0.47959183673469385,1.0
synthetic_d50,1,4,697,1,4,1,2,3,1,1,0.6326530612244898,0.3333333333333333,0.2993197278911565,1.0
synthetic_d50,1,4,697,1,4,2,2,2,1,1,0.6595744680851063,0.5,0.15957446808510634,1.0
synthetic_d50,1,4,863,0,4,1,1,2,1,1,0.8666666666666667,0.5,0.3666666666666667,1.0
synthetic_d50,1,4,924,0,4,1,2,2,1,1,0.8666666666666667,0.5,0.3666666666666667,1.0
synthetic_d50,1,4,942,0,4,1,1,2,1,1,0.8666666666666667,0.5,0.3666666666666667,1.0
synthetic_d50,1,8,195,1,8,1,6,6,1,1,0.1111111111111111,0.16137566137566137,-0.05026455026455026,0.0
synthetic_d50,1,8,195,1,8,2,6,5,1,1,0.11666666666666667,0.19333333333333333,-0.07666666666666666,0.0
synthetic_d50,1,8,195,1,8,3,6,4,1,1,0.1590909090909091,0.23863636363636365,-0.07954545454545456,0.0
synthetic_d50,1,8,195,1,8,4,6,3,1,1,0.3181818181818182,0.30303030303030304,0.015151515151515138,0.0
synthetic_d50,1,8,195,1,8,5,6,2,1,1,0.3684210526315789,0.4473684210526316,-0.07894736842105265,0.0
synthetic_d50,1,8,327,1,6,1,3,5,1,1,0.3492063492063492,0.19999999999999998,0.1492063492063492,1.0
synthetic_d50,1,8,327,1,6,2,3,4,1,1,0.36666666666666664,0.25,0.11666666666666664,1.0
synthetic_d50,1,8,327,1,6,3,3,3,1,1,0.5,0.3333333333333333,0.16666666666666669,1.0
synthetic_d50,1,8,327,1,6,4,5,2,1,1,1.0,0.5,0.5,1.0
synthetic_d50,1,8,333,0,8,1,1,4,1,1,0.4489795918367347,0.24489795918367346,0.20408163265306123,1.0
synthetic_d50,1,8,333,0,8,2,3,3,1,1,0.8148148148148148,0.32098765432098764,0.49382716049382713,1.0
synthetic_d50,1,8,333,0,8,3,3,2,1,1,0.8301886792452831,0.4811320754716981,0.34905660377358494,1.0
synthetic_d50,1,8,338,1,8,1,3,5,1,1,0.3492063492063492,0.19999999999999998,0.1492063492063492,1.0
synthetic_d50,1,8,338,1,8,2,3,4,1,1,0.36666666666666664,0.25,0.11666666666666664,1.0
synthetic_d50,1,8,338,1,8,3,3,3,1,1,0.5,0.3333333333333333,0.16666666666666669,1.0
synthetic_d50,1,8,338,1,8,4,7,2,1,1,1.0,0.5,0.5,1.0
synthetic_d50,1,8,357,1,8,1,6,6,1,1,0.1111111111111111,0.16137566137566137,-0.05026455026455026,0.0
synthetic_d50,1,8,357,1,8,2,6,5,1,1,0.11666666666666667,0.19333333333333333,-0.07666666666666666,0.0
synthetic_d50,1,8,357,1,8,3,6,4,1,1,0.1590909090909091,0.23863636363636365,-0.07954545454545456,0.0
synthetic_d50,1,8,357,1,8,4,6,3,1,1,0.3181818181818182,0.30303030303030304,0.015151515151515138,0.0
synthetic_d50,1,8,357,1,8,5,6,2,1,1,0.3684210526315789,0.4473684210526316,-0.07894736842105265,0.0
synthetic_d50,1,8,396,0,7,1,1,2,1,1,0.7037037037037037,0.46296296296296297,0.24074074074074076,1.0
synthetic_d50,1,8,408,0,7,1,1,2,1,1,0.7037037037037037,0.3888888888888889,0.3148148148148148,1.0
synthetic_d50,1,8,417,1,5,1,2,3,1,1,0.7580645161290323,0.33333333333333337,0.4247311827956989,1.0
synthetic_d50,1,8,417,1,5,2,2,2,1,1,0.8392857142857143,0.5,0.3392857142857143,1.0
synthetic_d50,1,8,422,0,7,1,1,2,1,1,0.7037037037037037,0.46296296296296297,0.24074074074074076,1.0
synthetic_d50,1,8,434,1,5,1,1,2,1,1,0.9523809523809523,0.47619047619047616,0.47619047619047616,1.0
synthetic_d50,1,8,446,1,4,1,1,2,1,1,0.9523809523809523,0.48412698412698413,0.4682539682539682,1.0
synthetic_d50,1,8,555,0,5,1,2,3,1,1,0.5408163265306123,0.3333333333333333,0.20748299319727898,1.0
synthetic_d50,1,8,555,0,5,2,2,2,1,1,0.9814814814814815,0.5,0.4814814814814815,1.0
synthetic_d50,1,8,577,1,7,1,5,6,1,1,0.14285714285714285,0.16666666666666666,-0.023809523809523808,0.0
synthetic_d50,1,8,577,1,7,2,5,5,1,1,0.15,0.2,-0.05000000000000002,0.0
synthetic_d50,1,8,577,1,7,3,5,4,1,1,0.20454545454545456,0.25,-0.04545454545454544,0.0
synthetic_d50,1,8,577,1,7,4,5,3,1,1,0.4090909090909091,0.3333333333333333,0.0757575757575758,0.0
synthetic_d50,1,8,577,1,7,5,5,2,1,1,0.47368421052631576,0.5,-0.026315789473684237,0.0
synthetic_d50,1,8,632,1,4,1,1,3,1,1,0.9032258064516129,0.33333333333333337,0.5698924731182795,1.0
synthetic_d50,1,8,632,1,4,2,2,2,1,1,1.0,0.5,0.5,1.0
synthetic_d50,1,8,639,0,7,1,1,2,1,1,0.7037037037037037,0.3888888888888889,0.3148148148148148,1.0
synthetic_d50,1,8,678,1,4,1,1,2,1,1,0.9523809523809523,0.48412698412698413,0.4682539682539682,1.0
synthetic_d50,1,8,697,1,5,1,2,3,1,1,0.6984126984126984,0.3280423280423281,0.3703703703703703,1.0
synthetic_d50,1,8,697,1,5,2,2,2,1,1,0.7333333333333333,0.49166666666666664,0.24166666666666664,1.0
synthetic_d50,1,8,863,0,7,1,1,2,1,1,0.7037037037037037,0.46296296296296297,0.24074074074074076,1.0
synthetic_d50,1,8,924,0,5,1,2,2,1,1,0.6296296296296297,0.46296296296296297,0.16666666666666669,1.0
synthetic_d50,1,8,942,0,7,1,1,2,1,1,0.7037037037037037,0.46296296296296297,0.24074074074074076,1.0
synthetic_d50,2,4,56,0,4,1,1,3,1,1,0.6097560975609756,0.3333333333333333,0.2764227642276423,1.0
synthetic_d50,2,4,56,0,4,2,2,2,1,1,1.0,0.5,0.5,1.0
synthetic_d50,2,4,98,0,4,1,1,3,1,1,0.6097560975609756,0.3333333333333333,0.2764227642276423,1.0
synthetic_d50,2,4,98,0,4,2,3,2,1,1,1.0,0.5,0.5,1.0
synthetic_d50,2,4,186,0,4,1,1,3,1,1,0.6097560975609756,0.3333333333333333,0.2764227642276423,1.0
synthetic_d50,2,4,186,0,4,2,2,2,1,1,1.0,0.5,0.5,1.0
synthetic_d50,2,4,306,1,4,1,2,3,1,1,0.6122448979591837,0.3333333333333333,0.27891156462585037,1.0
synthetic_d50,2,4,306,1,4,2,2,2,1,1,0.8,0.5,0.30000000000000004,1.0
synthetic_d50,2,4,325,1,4,1,1,2,1,1,0.7653061224489796,0.49489795918367346,0.2704081632653061,1.0
synthetic_d50,2,4,368,1,4,1,1,3,1,1,0.42424242424242425,0.3333333333333333,0.09090909090909094,1.0
synthetic_d50,2,4,368,1,4,2,2,2,1,1,0.42105263157894735,0.5,-0.07894736842105265,0.0
synthetic_d50,2,4,389,0,4,1,1,3,1,1,0.6097560975609756,0.3333333333333333,0.2764227642276423,1.0
synthetic_d50,2,4,389,0,4,2,2,2,1,1,1.0,0.5,0.5,1.0
synthetic_d50,2,4,464,1,4,1,1,2,1,1,0.7653061224489796,0.49489795918367346,0.2704081632653061,1.0
synthetic_d50,2,4,516,1,4,1,1,2,1,1,0.7653061224489796,0.49489795918367346,0.2704081632653061,1.0
synthetic_d50,2,4,517,0,4,1,1,3,1,1,0.6097560975609756,0.3333333333333333,0.2764227642276423,1.0
synthetic_d50,2,4,517,0,4,2,2,2,1,1,1.0,0.5,0.5,1.0
synthetic_d50,2,4,518,0,4,1,2,2,1,1,0.6666666666666666,0.4230769230769231,0.24358974358974356,1.0
synthetic_d50,2,4,532,0,4,1,1,3,1,1,0.6097560975609756,0.3333333333333333,0.2764227642276423,1.0
synthetic_d50,2,4,532,0,4,2,2,2,1,1,1.0,0.5,0.5,1.0
synthetic_d50,2,4,735,0,4,1,1,3,1,1,0.8205128205128205,0.3333333333333333,0.48717948717948717,1.0
synthetic_d50,2,4,735,0,4,2,3,2,1,1,1.0,0.5,0.5,1.0
synthetic_d50,2,4,751,1,4,1,1,3,1,1,0.42424242424242425,0.3333333333333333,0.09090909090909094,1.0
synthetic_d50,2,4,751,1,4,2,2,2,1,1,0.42105263157894735,0.5,-0.07894736842105265,0.0
synthetic_d50,2,4,790,0,4,1,3,3,1,1,0.6666666666666666,0.3333333333333333,0.3333333333333333,1.0
synthetic_d50,2,4,790,0,4,2,3,2,1,1,0.8125,0.5,0.3125,1.0
synthetic_d50,2,4,797,1,4,1,1,3,1,1,0.42424242424242425,0.3333333333333333,0.09090909090909094,1.0
synthetic_d50,2,4,797,1,4,2,2,2,1,1,0.42105263157894735,0.5,-0.07894736842105265,0.0
synthetic_d50,2,4,853,0,4,1,1,3,1,1,0.8205128205128205,0.3333333333333333,0.48717948717948717,1.0
synthetic_d50,2,4,853,0,4,2,3,2,1,1,1.0,0.5,0.5,1.0
synthetic_d50,2,4,867,0,4,1,1,3,1,1,0.6097560975609756,0.3333333333333333,0.2764227642276423,1.0
synthetic_d50,2,4,867,0,4,2,2,2,1,1,1.0,0.5,0.5,1.0
synthetic_d50,2,4,890,0,4,1,1,3,1,1,0.6097560975609756,0.3333333333333333,0.2764227642276423,1.0
synthetic_d50,2,4,890,0,4,2,2,2,1,1,1.0,0.5,0.5,1.0
synthetic_d50,2,4,908,1,4,1,1,3,1,1,0.42424242424242425,0.3333333333333333,0.09090909090909094,1.0
synthetic_d50,2,4,908,1,4,2,2,2,1,1,0.42105263157894735,0.5,-0.07894736842105265,0.0
synthetic_d50,2,8,56,0,8,1,1,3,1,1,0.6222222222222222,0.3259259259259259,0.29629629629629634,1.0
synthetic_d50,2,8,56,0,8,2,2,2,1,1,0.7058823529411765,0.47058823529411764,0.23529411764705888,1.0
synthetic_d50,2,8,98,0,5,1,1,3,1,1,0.6222222222222222,0.31851851851851853,0.3037037037037037,1.0
synthetic_d50,2,8,98,0,5,2,3,2,1,1,0.5882352941176471,0.4411764705882353,0.1470588235294118,1.0
synthetic_d50,2,8,186,0,8,1,1,3,1,1,0.6222222222222222,0.3259259259259259,0.29629629629629634,1.0
synthetic_d50,2,8,186,0,8,2,2,2,1,1,0.7058823529411765,0.47058823529411764,0.23529411764705888,1.0
synthetic_d50,2,8,306,0,5,1,1,4,1,1,0.6222222222222222,0.25,0.37222222222222223,1.0
synthetic_d50,2,8,306,0,5,2,4,3,1,1,0.5882352941176471,0.33333333333333337,0.2549019607843137,1.0
synthetic_d50,2,8,306,0,5,3,4,2,1,1,0.8333333333333334,0.5,0.33333333333333337,1.0
synthetic_d50,2,8,325,1,8,1,1,2,1,1,0.7872340425531915,0.4734042553191489,0.3138297872340426,1.0
synthetic_d50,2,8,368,1,7,1,1,4,1,1,0.5161290322580645,0.23387096774193547,0.282258064516129,1.0
synthetic_d50,2,8,368,1,7,2,2,3,1,1,0.4666666666666667,0.28888888888888886,0.1777777777777778,1.0
synthetic_d50,2,8,368,1,7,3,3,2,1,1,0.625,0.375,0.25,1.0
synthetic_d50,2,8,389,1,6,1,3,3,1,1,0.5,0.3049645390070922,0.1950354609929078,1.0
synthetic_d50,2,8,389,1,6,2,3,2,1,1,0.6351351351351351,0.44594594594594594,0.18918918918918914,1.0
synthetic_d50,2,8,464,1,8,1,1,2,1,1,0.7872340425531915,0.4734042553191489,0.3138297872340426,1.0
synthetic_d50,2,8,516,1,8,1,1,3,1,1,0.7872340425531915,0.31560283687943264,0.4716312056737589,1.0
synthetic_d50,2,8,516,1,8,2,2,2,1,1,0.75,0.375,0.375,1.0
synthetic_d50,2,8,517,0,8,1,1,3,1,1,0.6222222222222222,0.3259259259259259,0.29629629629629634,1.0
synthetic_d50,2,8,517,0,8,2,2,2,1,1,0.7058823529411765,0.47058823529411764,0.23529411764705888,1.0
synthetic_d50,2,8,518,1,5,1,1,3,1,1,0.5161290322580645,0.33333333333333337,0.18279569892473113,1.0
synthetic_d50,2,8,518,1,5,2,2,2,1,1,0.5333333333333333,0.5,0.033333333333333326,1.0
synthetic_d50,2,8,532,0,8,1,1,3,1,1,0.6222222222222222,0.3259259259259259,0.29629629629629634,1.0
synthetic_d50,2,8,532,0,8,2,2,2,1,1,0.7058823529411765,0.47058823529411764,0.23529411764705888,1.0
synthetic_d50,2,8,735,0,5,1,1,3,1,1,0.85,0.325,0.5249999999999999,1.0
synthetic_d50,2,8,735,0,5,2,3,2,1,1,0.8333333333333334,0.4166666666666667,0.4166666666666667,1.0
synthetic_d50,2,8,751,1,7,1,1,4,1,1,0.5161290322580645,0.23387096774193547,0.282258064516129,1.0
synthetic_d50,2,8,751,1,7,2,2,3,1,1,0.4666666666666667,0.28888888888888886,0.1777777777777778,1.0
synthetic_d50,2,8,751,1,7,3,3,2,1,1,0.625,0.375,0.25,1.0
synthetic_d50,2,8,790,1,6,1,1,3,1,1,0.5161290322580645,0.27956989247311825,0.23655913978494625,1.0
synthetic_d50,2,8,790,1,6,2,2,2,1,1,0.4666666666666667,0.3333333333333333,0.13333333333333336,1.0
synthetic_d50,2,8,797,1,7,1,1,4,1,1,0.5161290322580645,0.23387096774193547,0.282258064516129,1.0
synthetic_d50,2,8,797,1,7,2,2,3,1,1,0.4666666666666667,0.28888888888888886,0.1777777777777778,1.0
synthetic_d50,2,8,797,1,7,3,3,2,1,1,0.625,0.375,0.25,1.0
synthetic_d50,2,8,853,1,5,1,1,4,1,1,0.4838709677419355,0.25,0.2338709677419355,1.0
synthetic_d50,2,8,853,1,5,2,4,3,1,1,0.25,0.3333333333333333,-0.08333333333333331,0.0
synthetic_d50,2,8,853,1,5,3,4,2,1,1,0.5,0.5,0.0,1.0
synthetic_d50,2,8,867,0,8,1,1,3,1,1,0.6222222222222222,0.3259259259259259,0.29629629629629634,1.0
synthetic_d50,2,8,867,0,8,2,2,2,1,1,0.7058823529411765,0.47058823529411764,0.23529411764705888,1.0
synthetic_d50,2,8,890,0,8,1,1,3,1,1,0.6222222222222222,0.3259259259259259,0.29629629629629634,1.0
synthetic_d50,2,8,890,0,8,2,2,2,1,1,0.7058823529411765,0.47058823529411764,0.23529411764705888,1.0
synthetic_d50,2,8,908,1,7,1,1,4,1,1,0.5161290322580645,0.23387096774193547,0.282258064516129,1.0
synthetic_d50,2,8,908,1,7,2,2,3,1,1,0.4666666666666667,0.28888888888888886,0.1777777777777778,1.0
synthetic_d50,2,8,908,1,7,3,3,2,1,1,0.625,0.375,0.25,1.0
synthetic_d50,3,4,6,1,4,1,1,3,1,1,0.5714285714285714,0.33333333333333337,0.23809523809523803,1.0
synthetic_d50,3,4,6,1,4,2,2,2,1,1,0.3333333333333333,0.5,-0.16666666666666669,0.0
synthetic_d50,3,4,60,0,4,1,2,3,1,1,0.9074074074074074,0.3333333333333333,0.5740740740740742,1.0
synthetic_d50,3,4,60,0,4,2,2,2,1,1,0.9074074074074074,0.5,0.40740740740740744,1.0
synthetic_d50,3,4,267,1,4,1,1,3,1,1,0.5714285714285714,0.33333333333333337,0.23809523809523803,1.0
synthetic_d50,3,4,267,1,4,2,2,2,1,1,0.3333333333333333,0.5,-0.16666666666666669,0.0
synthetic_d50,3,4,296,1,4,1,3,3,1,1,0.5346534653465347,0.3333333333333333,0.20132013201320137,1.0
synthetic_d50,3,4,296,1,4,2,3,2,1,1,0.5684210526315789,0.5,0.06842105263157894,1.0
synthetic_d50,3,4,375,1,4,1,1,3,1,1,0.5714285714285714,0.33333333333333337,0.23809523809523803,1.0
synthetic_d50,3,4,375,1,4,2,2,2,1,1,0.3333333333333333,0.5,-0.16666666666666669,0.0
synthetic_d50,3,4,399,0,4,1,1,3,1,1,0.5308641975308642,0.3333333333333333,0.1975308641975309,1.0
synthetic_d50,3,4,399,0,4,2,3,2,1,1,0.8421052631578947,0.5,0.3421052631578947,1.0
synthetic_d50,3,4,427,1,4,1,1,3,1,1,0.5714285714285714,0.33333333333333337,0.23809523809523803,1.0
synthetic_d50,3,4,427,1,4,2,2,2,1,1,0.3333333333333333,0.5,-0.16666666666666669,0.0
synthetic_d50,3,4,481,1,4,1,2,3,1,1,0.5346534653465347,0.3333333333333333,0.20132013201320137,1.0
synthetic_d50,3,4,481,1,4,2,2,2,1,1,0.5684210526315789,0.5,0.06842105263157894,1.0
synthetic_d50,3,4,523,0,4,1,1,3,1,1,0.5308641975308642,0.3333333333333333,0.1975308641975309,1.0
synthetic_d50,3,4,523,0,4,2,2,2,1,1,0.8421052631578947,0.5,0.3421052631578947,1.0
synthetic_d50,3,4,531,1,4,1,1,3,1,1,0.9405940594059405,0.3333333333333333,0.6072607260726073,1.0
synthetic_d50,3,4,531,1,4,2,2,2,1,1,1.0,0.5,0.5,1.0
synthetic_d50,3,4,646,1,4,1,1,3,1,1,0.5714285714285714,0.33333333333333337,0.23809523809523803,1.0
synthetic_d50,3,4,646,1,4,2,2,2,1,1,0.6666666666666666,0.5,0.16666666666666663,1.0
synthetic_d50,3,4,649,1,4,1,3,3,1,1,0.5346534653465347,0.3333333333333333,0.20132013201320137,1.0
synthetic_d50,3,4,649,1,4,2,3,2,1,1,0.5684210526315789,0.5,0.06842105263157894,1.0
synthetic_d50,3,4,656,1,4,1,2,3,1,1,0.5346534653465347,0.3333333333333333,0.20132013201320137,1.0
synthetic_d50,3,4,656,1,4,2,2,2,1,1,0.5684210526315789,0.5,0.06842105263157894,1.0
synthetic_d50,3,4,679,0,4,1,1,3,1,1,0.5308641975308642,0.3333333333333333,0.1975308641975309,1.0
synthetic_d50,3,4,679,0,4,2,2,2,1,1,0.8421052631578947,0.5,0.3421052631578947,1.0
synthetic_d50,3,4,713,1,4,1,1,3,1,1,0.5714285714285714,0.33333333333333337,0.23809523809523803,1.0
synthetic_d50,3,4,713,1,4,2,2,2,1,1,0.3333333333333333,0.5,-0.16666666666666669,0.0
synthetic_d50,3,4,731,1,4,1,1,3,1,1,0.9405940594059405,0.3333333333333333,0.6072607260726073,1.0
synthetic_d50,3,4,731,1,4,2,2,2,1,1,1.0,0.5,0.5,1.0
synthetic_d50,3,4,762,0,4,1,1,3,1,1,0.5308641975308642,0.3333333333333333,0.1975308641975309,1.0
synthetic_d50,3,4,762,0,4,2,2,2,1,1,0.8421052631578947,0.5,0.3421052631578947,1.0
synthetic_d50,3,4,763,1,4,1,1,3,1,1,0.5714285714285714,0.33333333333333337,0.23809523809523803,1.0
synthetic_d50,3,4,763,1,4,2,2,2,1,1,0.3333333333333333,0.5,-0.16666666666666669,0.0
synthetic_d50,3,4,893,1,4,1,1,3,1,1,0.5714285714285714,0.33333333333333337,0.23809523809523803,1.0
synthetic_d50,3,4,893,1,4,2,2,2,1,1,0.3333333333333333,0.5,-0.16666666666666669,0.0
synthetic_d50,3,8,6,1,8,1,1,3,1,1,0.5333333333333333,0.28888888888888886,0.24444444444444446,1.0
synthetic_d50,3,8,6,1,8,2,2,2,1,1,0.5714285714285714,0.35714285714285715,0.21428571428571425,1.0
synthetic_d50,3,8,60,0,5,1,2,3,1,1,0.9433962264150944,0.33333333333333337,0.610062893081761,1.0
synthetic_d50,3,8,60,0,5,2,2,2,1,1,0.9433962264150944,0.5,0.44339622641509435,1.0
synthetic_d50,3,8,267,0,8,1,6,4,1,1,0.8301886792452831,0.2358490566037736,0.5943396226415094,1.0
synthetic_d50,3,8,267,0,8,2,6,3,1,1,0.8301886792452831,0.3144654088050315,0.5157232704402516,1.0
synthetic_d50,3,8,267,0,8,3,6,2,1,1,0.88,0.47,0.41000000000000003,1.0
synthetic_d50,3,8,296,0,5,1,1,3,1,1,0.5142857142857142,0.3238095238095238,0.1904761904761904,1.0
synthetic_d50,3,8,296,0,5,2,2,2,1,1,0.7941176470588235,0.47058823529411764,0.32352941176470584,1.0
synthetic_d50,3,8,375,1,8,1,1,3,1,1,0.5333333333333333,0.28888888888888886,0.24444444444444446,1.0
synthetic_d50,3,8,375,1,8,2,2,2,1,1,0.5714285714285714,0.35714285714285715,0.21428571428571425,1.0
synthetic_d50,3,8,399,0,7,1,1,4,1,1,0.5142857142857142,0.2392857142857143,0.2749999999999999,1.0
synthetic_d50,3,8,399,0,7,2,2,3,1,1,0.20588235294117646,0.303921568627451,-0.09803921568627455,0.0
synthetic_d50,3,8,399,0,7,3,5,2,1,1,0.2222222222222222,0.4444444444444444,-0.2222222222222222,0.0
synthetic_d50,3,8,427,1,8,1,1,3,1,1,0.5333333333333333,0.28888888888888886,0.24444444444444446,1.0
synthetic_d50,3,8,427,1,8,2,2,2,1,1,0.5714285714285714,0.35714285714285715,0.21428571428571425,1.0
synthetic_d50,3,8,481,1,7,1,2,5,1,1,0.4732142857142857,0.1982142857142857,0.275,1.0
synthetic_d50,3,8,481,1,7,2,2,4,1,1,0.5353535353535354,0.2474747474747475,0.28787878787878785,1.0
synthetic_d50,3,8,481,1,7,3,3,3,1,1,0.6956521739130435,0.32608695652173914,0.3695652173913043,1.0
synthetic_d50,3,8,481,1,7,4,5,2,1,1,0.5714285714285714,0.4642857142857143,0.1071428571428571,1.0
synthetic_d50,3,8,523,0,8,1,1,4,1,1,0.5142857142857142,0.25,0.26428571428571423,1.0
synthetic_d50,3,8,523,0,8,2,2,3,1,1,0.7941176470588235,0.33333333333333337,0.4607843137254901,1.0
synthetic_d50,3,8,523,0,8,3,6,2,1,1,0.7142857142857143,0.5,0.2142857142857143,1.0
synthetic_d50,3,8,531,1,5,1,1,3,1,1,0.8839285714285714,0.33333333333333337,0.550595238095238,1.0
synthetic_d50,3,8,531,1,5,2,2,2,1,1,0.38461538461538464,0.5,-0.11538461538461536,0.0
synthetic_d50,3,8,646,1,5,1,2,3,1,1,0.2,0.28888888888888886,-0.08888888888888885,0.0
synthetic_d50,3,8,646,1,5,2,2,2,1,1,0.42857142857142855,0.35714285714285715,0.0714285714285714,1.0
synthetic_d50,3,8,649,0,5,1,1,3,1,1,0.5142857142857142,0.3238095238095238,0.1904761904761904,1.0
synthetic_d50,3,8,649,0,5,2,2,2,1,1,0.7941176470588235,0.47058823529411764,0.32352941176470584,1.0
synthetic_d50,3,8,656,1,7,1,2,4,1,1,0.4732142857142857,0.23883928571428573,0.23437499999999997,1.0
synthetic_d50,3,8,656,1,7,2,2,3,1,1,0.5353535353535354,0.3164983164983165,0.21885521885521886,1.0
synthetic_d50,3,8,656,1,7,3,3,2,1,1,0.6956521739130435,0.44565217391304346,0.25,1.0
synthetic_d50,3,8,679,0,8,1,1,4,1,1,0.5142857142857142,0.25,0.26428571428571423,1.0
synthetic_d50,3,8,679,0,8,2,2,3,1,1,0.7941176470588235,0.33333333333333337,0.4607843137254901,1.0
synthetic_d50,3,8,679,0,8,3,6,2,1,1,0.7142857142857143,0.5,0.2142857142857143,1.0
synthetic_d50,3,8,713,1,8,1,1,3,1,1,0.5333333333333333,0.28888888888888886,0.24444444444444446,1.0
synthetic_d50,3,8,713,1,8,2,2,2,1,1,0.5714285714285714,0.35714285714285715,0.21428571428571425,1.0
synthetic_d50,3,8,731,1,5,1,1,3,1,1,0.8839285714285714,0.33333333333333337,0.550595238095238,1.0
synthetic_d50,3,8,731,1,5,2,2,2,1,1,0.38461538461538464,0.5,-0.11538461538461536,0.0
synthetic_d50,3,8,762,1,6,1,5,4,1,1,0.4375,0.25,0.1875,1.0
synthetic_d50,3,8,762,1,6,2,5,3,1,1,0.494949494949495,0.3333333333333333,0.16161616161616166,1.0
synthetic_d50,3,8,762,1,6,3,5,2,1,1,0.9245283018867925,0.5,0.42452830188679247,1.0
synthetic_d50,3,8,763,1,8,1,1,3,1,1,0.5333333333333333,0.28888888888888886,0.24444444444444446,1.0
synthetic_d50,3,8,763,1,8,2,2,2,1,1,0.5714285714285714,0.35714285714285715,0.21428571428571425,1.0
synthetic_d50,3,8,893,1,8,1,1,3,1,1,0.5333333333333333,0.28888888888888886,0.24444444444444446,1.0
synthetic_d50,3,8,893,1,8,2,2,2,1,1,0.5714285714285714,0.35714285714285715,0.21428571428571425,1.0
synthetic_d50,4,4,17,1,4,1,2,3,1,1,0.6285714285714286,0.3333333333333333,0.29523809523809524,1.0
synthetic_d50,4,4,17,1,4,2,2,2,1,1,0.6285714285714286,0.5,0.12857142857142856,1.0
synthetic_d50,4,4,337,0,4,1,3,3,1,1,0.36363636363636365,0.3333333333333333,0.03030303030303033,0.0
synthetic_d50,4,4,337,0,4,2,3,2,1,1,0.39215686274509803,0.5,-0.10784313725490197,0.0
synthetic_d50,4,4,358,1,4,1,2,3,1,1,0.5789473684210527,0.33333333333333337,0.24561403508771928,1.0
synthetic_d50,4,4,358,1,4,2,2,2,1,1,0.8461538461538461,0.5,0.34615384615384615,1.0
synthetic_d50,4,4,364,1,4,1,2,3,1,1,0.5789473684210527,0.33333333333333337,0.24561403508771928,1.0
synthetic_d50,4,4,364,1,4,2,2,2,1,1,0.8461538461538461,0.5,0.34615384615384615,1.0
synthetic_d50,4,4,374,0,4,1,2,3,1,1,0.36363636363636365,0.3333333333333333,0.03030303030303033,0.0
synthetic_d50,4,4,374,0,4,2,2,2,1,1,0.39215686274509803,0.5,-0.10784313725490197,0.0
synthetic_d50,4,4,388,1,4,1,3,3,1,1,0.5789473684210527,0.33333333333333337,0.24561403508771928,1.0
synthetic_d50,4,4,388,1,4,2,3,2,1,1,0.8461538461538461,0.5,0.34615384615384615,1.0
synthetic_d50,4,4,621,0,4,1,1,3,1,1,0.35384615384615387,0.33333333333333337,0.020512820512820495,0.0
synthetic_d50,4,4,621,0,4,2,2,2,1,1,0.6666666666666666,0.5,0.16666666666666663,1.0
synthetic_d50,4,4,723,0,4,1,3,3,1,1,0.36363636363636365,0.3333333333333333,0.03030303030303033,0.0
synthetic_d50,4,4,723,0,4,2,3,2,1,1,0.39215686274509803,0.5,-0.10784313725490197,0.0
synthetic_d50,4,4,765,0,4,1,3,3,1,1,0.36363636363636365,0.3333333333333333,0.03030303030303033,0.0
synthetic_d50,4,4,765,0,4,2,3,2,1,1,0.39215686274509803,0.5,-0.10784313725490197,0.0
synthetic_d50,4,4,810,0,4,1,2,3,1,1,0.36363636363636365,0.3333333333333333,0.03030303030303033,0.0
synthetic_d50,4,4,810,0,4,2,2,2,1,1,0.39215686274509803,0.5,-0.10784313725490197,0.0
synthetic_d50,4,4,846,1,4,1,2,3,1,1,0.6285714285714286,0.3333333333333333,0.29523809523809524,1.0
synthetic_d50,4,4,846,1,4,2,2,2,1,1,0.6285714285714286,0.5,0.12857142857142856,1.0
synthetic_d50,4,4,861,0,4,1,1,3,1,1,0.35384615384615387,0.33333333333333337,0.020512820512820495,0.0
synthetic_d50,4,4,861,0,4,2,2,2,1,1,0.6666666666666666,0.5,0.16666666666666663,1.0
synthetic_d50,4,4,874,1,4,1,2,3,1,1,0.5789473684210527,0.33333333333333337,0.24561403508771928,1.0
synthetic_d50,4,4,874,1,4,2,2,2,1,1,0.8461538461538461,0.5,0.34615384615384615,1.0
synthetic_d50,4,4,947,1,4,1,2,3,1,1,0.6285714285714286,0.3333333333333333,0.29523809523809524,1.0
synthetic_d50,4,4,947,1,4,2,2,2,1,1,0.6285714285714286,0.5,0.12857142857142856,1.0
synthetic_d50,4,8,17,1,7,1,2,4,1,1,0.6666666666666666,0.22916666666666666,0.4375,1.0
synthetic_d50,4,8,17,1,7,2,2,3,1,1,0.6666666666666666,0.3055555555555556,0.36111111111111105,1.0
synthetic_d50,4,8,17,1,7,3,3,2,1,1,0.75,0.375,0.375,1.0
synthetic_d50,4,8,129,0,6,1,1,2,1,1,0.8571428571428571,0.4603174603174603,0.3968253968253968,1.0
synthetic_d50,4,8,290,1,6,1,1,2,1,1,0.7126436781609196,0.5,0.21264367816091956,1.0
synthetic_d50,4,8,337,0,8,1,2,5,1,1,0.42857142857142855,0.1873015873015873,0.24126984126984125,1.0
synthetic_d50,4,8,337,0,8,2,2,4,1,1,0.5,0.23148148148148148,0.2685185185185185,1.0
synthetic_d50,4,8,337,0,8,3,3,3,1,1,0.5555555555555556,0.2839506172839506,0.271604938271605,1.0
synthetic_d50,4,8,337,0,8,4,5,2,1,1,0.6666666666666666,0.3333333333333333,0.3333333333333333,1.0
synthetic_d50,4,8,358,1,7,1,2,4,1,1,0.5517241379310345,0.25,0.3017241379310345,1.0
synthetic_d50,4,8,358,1,7,2,2,3,1,1,0.7741935483870968,0.33333333333333337,0.4408602150537634,1.0
synthetic_d50,4,8,358,1,7,3,3,2,1,1,0.5714285714285714,0.5,0.0714285714285714,1.0
synthetic_d50,4,8,364,1,7,1,2,4,1,1,0.5517241379310345,0.25,0.3017241379310345,1.0
synthetic_d50,4,8,364,1,7,2,2,3,1,1,0.7741935483870968,0.33333333333333337,0.4408602150537634,1.0
synthetic_d50,4,8,364,1,7,3,3,2,1,1,0.5714285714285714,0.5,0.0714285714285714,1.0
synthetic_d50,4,8,374,0,5,1,2,3,1,1,0.42857142857142855,0.32275132275132273,0.10582010582010581,1.0
synthetic_d50,4,8,374,0,5,2,2,2,1,1,0.5,0.48148148148148145,0.018518518518518545,1.0
synthetic_d50,4,8,388,0,6,1,2,5,1,1,0.42857142857142855,0.19999999999999998,0.22857142857142856,1.0
synthetic_d50,4,8,388,0,6,2,2,4,1,1,0.5,0.25,0.25,1.0
synthetic_d50,4,8,388,0,6,3,4,3,1,1,0.4444444444444444,0.3333333333333333,0.1111111111111111,1.0
synthetic_d50,4,8,388,0,6,4,4,2,1,1,0.8,0.5,0.30000000000000004,1.0
synthetic_d50,4,8,621,0,5,1,1,3,1,1,0.359375,0.3177083333333333,0.041666666666666685,0.0
synthetic_d50,4,8,621,0,5,2,2,2,1,1,0.7073170731707317,0.4634146341463415,0.24390243902439018,1.0
synthetic_d50,4,8,723,0,8,1,2,5,1,1,0.42857142857142855,0.1746031746031746,0.25396825396825395,1.0
synthetic_d50,4,8,723,0,8,2,2,4,1,1,0.5,0.21296296296296297,0.28703703703703703,1.0
synthetic_d50,4,8,723,0,8,3,3,3,1,1,0.5555555555555556,0.2345679012345679,0.3209876543209877,1.0
synthetic_d50,4,8,723,0,8,4,5,2,1,1,0.3333333333333333,0.16666666666666666,0.16666666666666666,0.0
synthetic_d50,4,8,765,0,5,1,2,4,1,1,0.42857142857142855,0.25,0.17857142857142855,1.0
synthetic_d50,4,8,765,0,5,2,2,3,1,1,0.5,0.3333333333333333,0.16666666666666669,1.0
synthetic_d50,4,8,765,0,5,3,3,2,1,1,0.5555555555555556,0.5,0.05555555555555558,1.0
synthetic_d50,4,8,810,0,5,1,2,3,1,1,0.42857142857142855,0.32275132275132273,0.10582010582010581,1.0
synthetic_d50,4,8,810,0,5,2,2,2,1,1,0.5,0.48148148148148145,0.018518518518518545,1.0
synthetic_d50,4,8,846,1,7,1,2,4,1,1,0.6666666666666666,0.22916666666666666,0.4375,1.0
synthetic_d50,4,8,846,1,7,2,2,3,1,1,0.6666666666666666,0.3055555555555556,0.36111111111111105,1.0
synthetic_d50,4,8,846,1,7,3,3,2,1,1,0.75,0.375,0.375,1.0
synthetic_d50,4,8,861,0,5,1,1,3,1,1,0.359375,0.3177083333333333,0.041666666666666685,0.0
synthetic_d50,4,8,861,0,5,2,2,2,1,1,0.7073170731707317,0.4634146341463415,0.24390243902439018,1.0
synthetic_d50,4,8,874,1,7,1,2,4,1,1,0.5517241379310345,0.25,0.3017241379310345,1.0
synthetic_d50,4,8,874,1,7,2,2,3,1,1,0.7741935483870968,0.33333333333333337,0.4408602150537634,1.0
synthetic_d50,4,8,874,1,7,3,3,2,1,1,0.5714285714285714,0.5,0.0714285714285714,1.0
synthetic_d50,4,8,947,0,6,1,1,4,1,1,0.359375,0.24609375,0.11328125,0.0
synthetic_d50,4,8,947,0,6,2,4,3,1,1,0.5853658536585366,0.3252032520325203,0.26016260162601623,1.0
synthetic_d50,4,8,947,0,6,3,4,2,1,1,0.8275862068965517,0.4827586206896552,0.3448275862068965,1.0
synthetic_d50,5,4,153,0,4,1,2,2,1,1,0.5692307692307692,0.4230769230769231,0.14615384615384613,1.0
synthetic_d50,5,4,179,1,4,1,1,3,1,1,0.8910891089108911,0.3333333333333333,0.5577557755775577,1.0
synthetic_d50,5,4,179,1,4,2,2,2,1,1,1.0,0.5,0.5,1.0
synthetic_d50,5,4,198,1,4,1,2,2,1,1,0.5294117647058824,0.4117647058823529,0.11764705882352944,1.0
synthetic_d50,5,4,259,1,4,1,1,3,1,1,0.8910891089108911,0.3333333333333333,0.5577557755775577,1.0
synthetic_d50,5,4,259,1,4,2,3,2,1,1,1.0,0.5,0.5,1.0
synthetic_d50,5,4,269,1,4,1,3,3,1,1,0.5445544554455446,0.3333333333333333,0.21122112211221128,1.0
synthetic_d50,5,4,269,1,4,2,3,2,1,1,0.6111111111111112,0.5,0.11111111111111116,1.0
synthetic_d50,5,4,315,0,4,1,1,2,1,1,0.7230769230769231,0.4846153846153846,0.23846153846153845,1.0
synthetic_d50,5,4,316,1,4,1,2,3,1,1,0.5445544554455446,0.3333333333333333,0.21122112211221128,1.0
synthetic_d50,5,4,316,1,4,2,2,2,1,1,0.6111111111111112,0.5,0.11111111111111116,1.0
synthetic_d50,5,4,350,1,4,1,1,3,1,1,0.8910891089108911,0.3333333333333333,0.5577557755775577,1.0
synthetic_d50,5,4,350,1,4,2,2,2,1,1,1.0,0.5,0.5,1.0
synthetic_d50,5,4,371,0,4,1,1,3,1,1,0.7230769230769231,0.33333333333333337,0.3897435897435897,1.0
synthetic_d50,5,4,371,0,4,2,3,2,1,1,0.8888888888888888,0.5,0.38888888888888884,1.0
synthetic_d50,5,4,448,0,4,1,1,3,1,1,0.7230769230769231,0.33333333333333337,0.3897435897435897,1.0
synthetic_d50,5,4,448,0,4,2,3,2,1,1,0.8888888888888888,0.5,0.38888888888888884,1.0
synthetic_d50,5,4,455,0,4,1,1,2,1,1,0.7230769230769231,0.4846153846153846,0.23846153846153845,1.0
synthetic_d50,5,4,464,1,4,1,2,2,1,1,0.5294117647058824,0.4117647058823529,0.11764705882352944,1.0
synthetic_d50,5,4,673,0,4,1,1,3,1,1,0.7230769230769231,0.33333333333333337,0.3897435897435897,1.0
synthetic_d50,5,4,673,0,4,2,3,2,1,1,0.8888888888888888,0.5,0.38888888888888884,1.0
synthetic_d50,5,4,715,0,4,1,2,2,1,1,0.5692307692307692,0.4230769230769231,0.14615384615384613,1.0
synthetic_d50,5,4,727,0,4,1,1,3,1,1,0.7230769230769231,0.33333333333333337,0.3897435897435897,1.0
synthetic_d50,5,4,727,0,4,2,3,2,1,1,0.8888888888888888,0.5,0.38888888888888884,1.0
synthetic_d50,5,4,867,1,4,1,1,3,1,1,0.8910891089108911,0.3333333333333333,0.5577557755775577,1.0
synthetic_d50,5,4,867,1,4,2,2,2,1,1,1.0,0.5,0.5,1.0
synthetic_d50,5,4,909,0,4,1,2,2,1,1,0.5692307692307692,0.4230769230769231,0.14615384615384613,1.0
synthetic_d50,5,4,977,1,4,1,2,3,1,1,0.5445544554455446,0.3333333333333333,0.21122112211221128,1.0
synthetic_d50,5,4,977,1,4,2,2,2,1,1,0.6111111111111112,0.5,0.11111111111111116,1.0
synthetic_d50,5,8,153,0,6,1,2,2,1,1,0.4032258064516129,0.4032258064516129,0.0,1.0
synthetic_d50,5,8,179,1,6,1,1,3,1,1,0.7980769230769231,0.32051282051282054,0.4775641025641026,1.0
synthetic_d50,5,8,179,1,6,2,2,2,1,1,0.42857142857142855,0.40476190476190477,0.02380952380952378,1.0
synthetic_d50,5,8,198,1,7,1,2,3,1,1,0.4,0.2533333333333333,0.14666666666666672,1.0
synthetic_d50,5,8,198,1,7,2,2,2,1,1,0.5263157894736842,0.34210526315789475,0.18421052631578944,1.0
synthetic_d50,5,8,259,1,4,1,1,3,1,1,0.7980769230769231,0.3333333333333333,0.4647435897435898,1.0
synthetic_d50,5,8,259,1,4,2,2,2,1,1,0.5714285714285714,0.5,0.0714285714285714,1.0
synthetic_d50,5,8,269,1,4,1,3,3,1,1,0.5096153846153846,0.3333333333333333,0.17628205128205127,1.0
synthetic_d50,5,8,269,1,4,2,3,2,1,1,0.6385542168674698,0.5,0.13855421686746983,1.0
synthetic_d50,5,8,315,0,8,1,1,2,1,1,0.5967741935483871,0.46774193548387094,0.12903225806451618,1.0
synthetic_d50,5,8,316,1,8,1,2,4,1,1,0.5096153846153846,0.24278846153846154,0.266826923076923,1.0
synthetic_d50,5,8,316,1,8,2,2,3,1,1,0.6385542168674698,0.321285140562249,0.31726907630522083,1.0
synthetic_d50,5,8,316,1,8,3,3,2,1,1,0.9,0.45,0.45,1.0
synthetic_d50,5,8,350,0,6,1,1,5,1,1,0.4032258064516129,0.2,0.20322580645161287,1.0
synthetic_d50,5,8,350,0,6,2,3,4,1,1,0.5675675675675675,0.25,0.31756756756756754,1.0
synthetic_d50,5,8,350,0,6,3,3,3,1,1,0.84,0.33333333333333337,0.5066666666666666,1.0
synthetic_d50,5,8,350,0,6,4,5,2,1,1,0.75,0.5,0.25,1.0
synthetic_d50,5,8,371,0,8,1,1,5,1,1,0.5967741935483871,0.1903225806451613,0.40645161290322585,1.0
synthetic_d50,5,8,371,0,8,2,3,4,1,1,0.52,0.22,0.30000000000000004,1.0
synthetic_d50,5,8,371,0,8,3,3,3,1,1,0.6190476190476191,0.2857142857142857,0.33333333333333337,1.0
synthetic_d50,5,8,371,0,8,4,6,2,1,1,0.625,0.3125,0.3125,1.0
synthetic_d50,5,8,371,0,8,5,6,2,1,1,0.7142857142857143,0.35714285714285715,0.35714285714285715,1.0
synthetic_d50,5,8,371,0,8,6,6,2,1,1,1.0,0.5,0.5,1.0
synthetic_d50,5,8,448,0,8,1,1,5,1,1,0.5967741935483871,0.1903225806451613,0.40645161290322585,1.0
synthetic_d50,5,8,448,0,8,2,3,4,1,1,0.52,0.22,0.30000000000000004,1.0
synthetic_d50,5,8,448,0,8,3,3,3,1,1,0.6190476190476191,0.2857142857142857,0.33333333333333337,1.0
synthetic_d50,5,8,448,0,8,4,6,2,1,1,0.625,0.3125,0.3125,1.0
synthetic_d50,5,8,448,0,8,5,6,2,1,1,0.7142857142857143,0.35714285714285715,0.35714285714285715,1.0
synthetic_d50,5,8,448,0,8,6,6,2,1,1,1.0,0.5,0.5,1.0
synthetic_d50,5,8,455,0,8,1,1,2,1,1,0.5967741935483871,0.46774193548387094,0.12903225806451618,1.0
synthetic_d50,5,8,464,1,7,1,2,3,1,1,0.4,0.2533333333333333,0.14666666666666672,1.0
synthetic_d50,5,8,464,1,7,2,2,2,1,1,0.5263157894736842,0.34210526315789475,0.18421052631578944,1.0
synthetic_d50,5,8,673,1,8,1,2,4,1,1,0.5096153846153846,0.24519230769230768,0.26442307692307687,1.0
synthetic_d50,5,8,673,1,8,2,2,3,1,1,0.6385542168674698,0.3253012048192771,0.3132530120481927,1.0
synthetic_d50,5,8,673,1,8,3,6,2,1,1,0.8333333333333334,0.4666666666666667,0.3666666666666667,1.0
synthetic_d50,5,8,715,0,6,1,2,2,1,1,0.4032258064516129,0.4032258064516129,0.0,1.0
synthetic_d50,5,8,727,0,8,1,1,5,1,1,0.5967741935483871,0.1903225806451613,0.40645161290322585,1.0
synthetic_d50,5,8,727,0,8,2,3,4,1,1,0.52,0.22,0.30000000000000004,1.0
synthetic_d50,5,8,727,0,8,3,3,3,1,1,0.6190476190476191,0.2857142857142857,0.33333333333333337,1.0
synthetic_d50,5,8,727,0,8,4,6,2,1,1,0.625,0.3125,0.3125,1.0
synthetic_d50,5,8,727,0,8,5,6,2,1,1,0.7142857142857143,0.35714285714285715,0.35714285714285715,1.0
synthetic_d50,5,8,727,0,8,6,6,2,1,1,1.0,0.5,0.5,1.0
synthetic_d50,5,8,867,1,6,1,1,3,1,1,0.7980769230769231,0.32051282051282054,0.4775641025641026,1.0
synthetic_d50,5,8,867,1,6,2,2,2,1,1,0.42857142857142855,0.40476190476190477,0.02380952380952378,1.0
synthetic_d50,5,8,909,0,6,1,2,2,1,1,0.4032258064516129,0.4032258064516129,0.0,1.0
synthetic_d50,5,8,977,1,6,1,2,3,1,1,0.5096153846153846,0.3237179487179487,0.1858974358974359,1.0
synthetic_d50,5,8,977,1,6,2,2,2,1,1,0.6385542168674698,0.4819277108433735,0.15662650602409633,1.0
synthetic_d50,6,4,7,0,4,1,1,2,1,1,0.9532710280373832,0.4953271028037383,0.45794392523364486,1.0
synthetic_d50,6,4,72,0,4,1,1,3,1,1,0.8888888888888888,0.3333333333333333,0.5555555555555556,1.0
synthetic_d50,6,4,72,0,4,2,2,2,1,1,1.0,0.5,0.5,1.0
synthetic_d50,6,4,113,1,4,1,1,3,1,1,0.8493150684931506,0.3333333333333333,0.5159817351598173,1.0
synthetic_d50,6,4,113,1,4,2,2,2,1,1,0.9090909090909091,0.5,0.40909090909090906,1.0
synthetic_d50,6,4,325,1,4,1,1,3,1,1,0.8493150684931506,0.3333333333333333,0.5159817351598173,1.0
synthetic_d50,6,4,325,1,4,2,2,2,1,1,0.9090909090909091,0.5,0.40909090909090906,1.0
synthetic_d50,6,4,378,0,4,1,1,3,1,1,0.8888888888888888,0.3333333333333333,0.5555555555555556,1.0
synthetic_d50,6,4,378,0,4,2,2,2,1,1,1.0,0.5,0.5,1.0
synthetic_d50,6,4,550,0,4,1,1,3,1,1,0.8888888888888888,0.3333333333333333,0.5555555555555556,1.0
synthetic_d50,6,4,550,0,4,2,2,2,1,1,1.0,0.5,0.5,1.0
synthetic_d50,6,4,664,1,4,1,1,3,1,1,0.8493150684931506,0.3333333333333333,0.5159817351598173,1.0
synthetic_d50,6,4,664,1,4,2,2,2,1,1,0.9090909090909091,0.5,0.40909090909090906,1.0
synthetic_d50,6,4,721,0,4,1,2,2,1,1,0.8444444444444444,0.4777777777777778,0.36666666666666664,1.0
synthetic_d50,6,4,744,0,4,1,2,2,1,1,0.9532710280373832,0.5,0.4532710280373832,1.0
synthetic_d50,6,4,792,0,4,1,1,3,1,1,0.8888888888888888,0.3333333333333333,0.5555555555555556,1.0
synthetic_d50,6,4,792,0,4,2,2,2,1,1,1.0,0.5,0.5,1.0
synthetic_d50,6,4,856,0,4,1,1,3,1,1,0.8888888888888888,0.3333333333333333,0.5555555555555556,1.0
synthetic_d50,6,4,856,0,4,2,2,2,1,1,1.0,0.5,0.5,1.0
synthetic_d50,6,4,926,0,4,1,1,2,1,1,0.9532710280373832,0.4953271028037383,0.45794392523364486,1.0
synthetic_d50,6,4,960,0,4,1,1,3,1,1,0.8888888888888888,0.3333333333333333,0.5555555555555556,1.0
synthetic_d50,6,4,960,0,4,2,2,2,1,1,1.0,0.5,0.5,1.0
synthetic_d50,6,4,990,0,4,1,1,3,1,1,0.8888888888888888,0.3333333333333333,0.5555555555555556,1.0
synthetic_d50,6,4,990,0,4,2,2,2,1,1,1.0,0.5,0.5,1.0
synthetic_d50,6,8,7,1,8,1,5,3,1,1,0.4827586206896552,0.3333333333333333,0.14942528735632188,0.0
synthetic_d50,6,8,7,1,8,2,5,2,1,1,1.0,0.5,0.5,1.0
synthetic_d50,6,8,72,0,4,1,1,3,1,1,0.7567567567567568,0.33333333333333337,0.42342342342342343,1.0
synthetic_d50,6,8,72,0,4,2,2,2,1,1,0.6666666666666666,0.5,0.16666666666666663,1.0
synthetic_d50,6,8,113,1,7,1,1,4,1,1,0.7160493827160493,0.23765432098765432,0.478395061728395,1.0
synthetic_d50,6,8,113,1,7,2,2,3,1,1,0.4782608695652174,0.2753623188405797,0.2028985507246377,1.0
synthetic_d50,6,8,113,1,7,3,4,2,1,1,0.5833333333333334,0.3333333333333333,0.25000000000000006,1.0
synthetic_d50,6,8,141,1,8,1,1,2,1,1,0.4827586206896552,0.3620689655172414,0.12068965517241381,1.0
synthetic_d50,6,8,207,1,8,1,1,2,1,1,0.4827586206896552,0.3620689655172414,0.12068965517241381,1.0
synthetic_d50,6,8,325,1,7,1,1,4,1,1,0.7160493827160493,0.23765432098765432,0.478395061728395,1.0
synthetic_d50,6,8,325,1,7,2,2,3,1,1,0.4782608695652174,0.2753623188405797,0.2028985507246377,1.0
synthetic_d50,6,8,325,1,7,3,4,2,1,1,0.5833333333333334,0.3333333333333333,0.25000000000000006,1.0
synthetic_d50,6,8,378,0,6,1,1,4,1,1,0.7567567567567568,0.22972972972972974,0.5270270270270271,1.0
synthetic_d50,6,8,378,0,6,2,2,3,1,1,0.6666666666666666,0.2222222222222222,0.4444444444444444,1.0
synthetic_d50,6,8,378,0,6,3,4,2,1,1,0.0,0.0,0.0,0.0
synthetic_d50,6,8,462,1,8,1,1,2,1,1,0.4827586206896552,0.3620689655172414,0.12068965517241381,1.0
synthetic_d50,6,8,550,1,6,1,3,4,1,1,0.43209876543209874,0.23765432098765432,0.19444444444444442,1.0
synthetic_d50,6,8,550,1,6,2,3,3,1,1,0.603448275862069,0.3103448275862069,0.29310344827586204,1.0
synthetic_d50,6,8,550,1,6,3,3,2,1,1,0.7291666666666666,0.4583333333333333,0.2708333333333333,1.0
synthetic_d50,6,8,602,1,8,1,1,2,1,1,0.4827586206896552,0.3620689655172414,0.12068965517241381,1.0
synthetic_d50,6,8,662,1,8,1,1,2,1,1,0.4827586206896552,0.3620689655172414,0.12068965517241381,1.0
synthetic_d50,6,8,664,0,7,1,6,5,1,1,0.7027027027027027,0.2,0.5027027027027027,1.0
synthetic_d50,6,8,664,0,7,2,6,4,1,1,0.9285714285714286,0.25,0.6785714285714286,1.0
synthetic_d50,6,8,664,0,7,3,6,3,1,1,0.9629629629629629,0.3333333333333333,0.6296296296296295,1.0
synthetic_d50,6,8,664,0,7,4,6,2,1,1,0.9629629629629629,0.5,0.4629629629629629,1.0
synthetic_d50,6,8,721,1,5,1,1,3,1,1,0.7160493827160493,0.3292181069958848,0.38683127572016457,1.0
synthetic_d50,6,8,721,1,5,2,2,2,1,1,0.5217391304347826,0.4782608695652174,0.04347826086956519,1.0
synthetic_d50,6,8,744,1,4,1,1,2,1,1,0.4827586206896552,0.4482758620689655,0.03448275862068967,1.0
synthetic_d50,6,8,792,0,4,1,1,3,1,1,0.7567567567567568,0.33333333333333337,0.42342342342342343,1.0
synthetic_d50,6,8,792,0,4,2,2,2,1,1,0.6666666666666666,0.5,0.16666666666666663,1.0
synthetic_d50,6,8,833,1,8,1,1,2,1,1,0.4827586206896552,0.3620689655172414,0.12068965517241381,1.0
synthetic_d50,6,8,856,0,6,1,1,4,1,1,0.7567567567567568,0.25,0.5067567567567568,1.0
synthetic_d50,6,8,856,0,6,2,2,3,1,1,0.6666666666666666,0.3333333333333333,0.3333333333333333,1.0
synthetic_d50,6,8,856,0,6,3,4,2,1,1,1.0,0.5,0.5,1.0
synthetic_d50,6,8,926,0,6,1,1,2,1,1,0.883495145631068,0.46116504854368934,0.4223300970873787,1.0
synthetic_d50,6,8,960,0,6,1,1,4,1,1,0.7567567567567568,0.22972972972972974,0.5270270270270271,1.0
synthetic_d50,6,8,960,0,6,2,2,3,1,1,0.6666666666666666,0.2222222222222222,0.4444444444444444,1.0
synthetic_d50,6,8,960,0,6,3,4,2,1,1,0.0,0.0,0.0,0.0
synthetic_d50,6,8,990,0,4,1,1,3,1,1,0.7567567567567568,0.33333333333333337,0.42342342342342343,1.0
synthetic_d50,6,8,990,0,4,2,2,2,1,1,0.6666666666666666,0.5,0.16666666666666663,1.0
synthetic_d50,7,4,16,0,4,1,1,3,1,1,0.6764705882352942,0.33333333333333337,0.3431372549019608,1.0
synthetic_d50,7,4,16,0,4,2,2,2,1,1,1.0,0.5,0.5,1.0
synthetic_d50,7,4,89,0,4,1,1,2,1,1,0.6739130434782609,0.4891304347826087,0.18478260869565216,1.0
synthetic_d50,7,4,125,0,4,1,1,3,1,1,0.6764705882352942,0.33333333333333337,0.3431372549019608,1.0
synthetic_d50,7,4,125,0,4,2,2,2,1,1,1.0,0.5,0.5,1.0
synthetic_d50,7,4,188,1,4,1,1,3,1,1,0.8602150537634409,0.3333333333333333,0.5268817204301075,1.0
synthetic_d50,7,4,188,1,4,2,2,2,1,1,0.8461538461538461,0.5,0.34615384615384615,1.0
synthetic_d50,7,4,235,1,4,1,1,3,1,1,0.8602150537634409,0.3333333333333333,0.5268817204301075,1.0
synthetic_d50,7,4,235,1,4,2,2,2,1,1,0.8461538461538461,0.5,0.34615384615384615,1.0
synthetic_d50,7,4,278,0,4,1,1,3,1,1,0.6764705882352942,0.33333333333333337,0.3431372549019608,1.0
synthetic_d50,7,4,278,0,4,2,2,2,1,1,1.0,0.5,0.5,1.0
synthetic_d50,7,4,326,1,4,1,1,3,1,1,0.8602150537634409,0.3333333333333333,0.5268817204301075,1.0
synthetic_d50,7,4,326,1,4,2,3,2,1,1,0.8461538461538461,0.5,0.34615384615384615,1.0
synthetic_d50,7,4,347,0,4,1,1,3,1,1,0.6764705882352942,0.33333333333333337,0.3431372549019608,1.0
synthetic_d50,7,4,347,0,4,2,2,2,1,1,1.0,0.5,0.5,1.0
synthetic_d50,7,4,382,0,4,1,1,3,1,1,0.6764705882352942,0.33333333333333337,0.3431372549019608,1.0
synthetic_d50,7,4,382,0,4,2,2,2,1,1,1.0,0.5,0.5,1.0
synthetic_d50,7,4,519,0,4,1,1,3,1,1,0.6739130434782609,0.33333333333333337,0.3405797101449275,1.0
synthetic_d50,7,4,519,0,4,2,3,2,1,1,0.9333333333333333,0.5,0.43333333333333335,1.0
synthetic_d50,7,4,585,0,4,1,1,3,1,1,0.6764705882352942,0.33333333333333337,0.3431372549019608,1.0
synthetic_d50,7,4,585,0,4,2,2,2,1,1,1.0,0.5,0.5,1.0
synthetic_d50,7,4,773,0,4,1,1,3,1,1,0.6764705882352942,0.33333333333333337,0.3431372549019608,1.0
synthetic_d50,7,4,773,0,4,2,2,2,1,1,1.0,0.5,0.5,1.0
synthetic_d50,7,4,787,0,4,1,3,3,1,1,0.6176470588235294,0.33333333333333337,0.28431372549019607,1.0
synthetic_d50,7,4,787,0,4,2,3,2,1,1,0.9130434782608695,0.5,0.4130434782608695,1.0
synthetic_d50,7,4,856,0,4,1,2,2,1,1,0.6176470588235294,0.47058823529411764,0.1470588235294118,1.0
synthetic_d50,7,4,905,0,4,1,1,3,1,1,0.6764705882352942,0.33333333333333337,0.3431372549019608,1.0
synthetic_d50,7,4,905,0,4,2,2,2,1,1,1.0,0.5,0.5,1.0
synthetic_d50,7,8,16,1,6,1,4,4,1,1,0.725,0.246875,0.47812499999999997,1.0
synthetic_d50,7,8,16,1,6,2,4,3,1,1,0.8787878787878788,0.3282828282828283,0.5505050505050505,1.0
synthetic_d50,7,8,16,1,6,3,4,2,1,1,0.8923076923076924,0.49230769230769234,0.4,1.0
synthetic_d50,7,8,20,1,6,1,1,3,1,1,0.6976744186046512,0.2945736434108527,0.4031007751937985,1.0
synthetic_d50,7,8,20,1,6,2,4,2,1,1,0.07692307692307693,0.3076923076923077,-0.23076923076923078,0.0
synthetic_d50,7,8,20,1,6,3,4,2,1,1,0.1,0.4,-0.30000000000000004,0.0
synthetic_d50,7,8,20,1,6,4,4,2,1,1,0.125,0.5,-0.375,0.0
synthetic_d50,7,8,59,1,8,1,1,2,1,1,0.6976744186046512,0.43023255813953487,0.2674418604651163,1.0
synthetic_d50,7,8,89,0,7,1,1,2,1,1,0.675,0.5,0.17500000000000004,1.0
synthetic_d50,7,8,125,1,7,1,5,5,1,1,0.475,0.1975,0.27749999999999997,1.0
synthetic_d50,7,8,125,1,7,2,5,4,1,1,0.5757575757575758,0.24621212121212122,0.3295454545454546,1.0
synthetic_d50,7,8,125,1,7,3,5,3,1,1,0.5846153846153846,0.3282051282051282,0.25641025641025644,1.0
synthetic_d50,7,8,125,1,7,4,5,2,1,1,0.6440677966101694,0.4915254237288136,0.15254237288135586,1.0
synthetic_d50,7,8,125,1,7,5,5,2,1,1,0.6551724137931034,0.5,0.15517241379310343,1.0
synthetic_d50,7,8,188,1,5,1,1,3,1,1,0.825,0.32916666666666666,0.4958333333333333,1.0
synthetic_d50,7,8,188,1,5,2,2,2,1,1,0.7857142857142857,0.4642857142857143,0.3214285714285714,1.0
synthetic_d50,7,8,226,1,8,1,1,2,1,1,0.6976744186046512,0.43023255813953487,0.2674418604651163,1.0
synthetic_d50,7,8,235,1,5,1,1,3,1,1,0.825,0.32916666666666666,0.4958333333333333,1.0
synthetic_d50,7,8,235,1,5,2,2,2,1,1,0.7857142857142857,0.4642857142857143,0.3214285714285714,1.0
synthetic_d50,7,8,278,0,6,1,1,4,1,1,0.46808510638297873,0.22872340425531915,0.2393617021276596,1.0
synthetic_d50,7,8,278,0,6,2,2,3,1,1,0.52,0.28,0.24,1.0
synthetic_d50,7,8,278,0,6,3,3,2,1,1,0.5,0.3333333333333333,0.16666666666666669,1.0
synthetic_d50,7,8,326,1,4,1,1,3,1,1,0.825,0.33333333333333337,0.4916666666666666,1.0
synthetic_d50,7,8,326,1,4,2,3,2,1,1,0.7857142857142857,0.5,0.2857142857142857,1.0
synthetic_d50,7,8,347,0,6,1,1,3,1,1,0.46808510638297873,0.2907801418439716,0.17730496453900713,1.0
synthetic_d50,7,8,347,0,6,2,2,2,1,1,0.52,0.38,0.14,1.0
synthetic_d50,7,8,382,0,6,1,1,4,1,1,0.46808510638297873,0.22872340425531915,0.2393617021276596,1.0
synthetic_d50,7,8,382,0,6,2,2,3,1,1,0.52,0.28,0.24,1.0
synthetic_d50,7,8,382,0,6,3,3,2,1,1,0.5,0.3333333333333333,0.16666666666666669,1.0
synthetic_d50,7,8,519,0,6,1,1,3,1,1,0.675,0.31666666666666665,0.3583333333333334,1.0
synthetic_d50,7,8,519,0,6,2,3,2,1,1,0.8461538461538461,0.4230769230769231,0.4230769230769231,1.0
synthetic_d50,7,8,585,0,6,1,1,4,1,1,0.46808510638297873,0.22872340425531915,0.2393617021276596,1.0
synthetic_d50,7,8,585,0,6,2,2,3,1,1,0.52,0.28,0.24,1.0
synthetic_d50,7,8,585,0,6,3,3,2,1,1,0.5,0.3333333333333333,0.16666666666666669,1.0
synthetic_d50,7,8,658,1,8,1,1,2,1,1,0.6976744186046512,0.43023255813953487,0.2674418604651163,1.0
synthetic_d50,7,8,767,1,7,1,1,3,1,1,0.6976744186046512,0.2945736434108527,0.4031007751937985,1.0
synthetic_d50,7,8,767,1,7,2,4,2,1,1,0.5384615384615384,0.3076923076923077,0.23076923076923073,1.0
synthetic_d50,7,8,767,1,7,3,4,2,1,1,0.7,0.4,0.29999999999999993,1.0
synthetic_d50,7,8,767,1,7,4,4,2,1,1,0.875,0.5,0.375,1.0
synthetic_d50,7,8,773,0,6,1,1,4,1,1,0.46808510638297873,0.22872340425531915,0.2393617021276596,1.0
synthetic_d50,7,8,773,0,6,2,2,3,1,1,0.52,0.28,0.24,1.0
synthetic_d50,7,8,773,0,6,3,3,2,1,1,0.5,0.3333333333333333,0.16666666666666669,1.0
synthetic_d50,7,8,787,0,4,1,1,3,1,1,0.5319148936170213,0.3333333333333333,0.19858156028368795,1.0
synthetic_d50,7,8,787,0,4,2,3,2,1,1,0.9090909090909091,0.5,0.40909090909090906,1.0
synthetic_d50,7,8,856,0,4,1,1,2,1,1,0.5319148936170213,0.4787234042553192,0.05319148936170209,1.0
synthetic_d50,7,8,905,0,6,1,1,4,1,1,0.46808510638297873,0.22872340425531915,0.2393617021276596,1.0
synthetic_d50,7,8,905,0,6,2,2,3,1,1,0.52,0.28,0.24,1.0
synthetic_d50,7,8,905,0,6,3,3,2,1,1,0.5,0.3333333333333333,0.16666666666666669,1.0
synthetic_d50,8,4,100,0,4,1,2,2,1,1,0.8026315789473685,0.4934210526315789,0.30921052631578955,1.0
synthetic_d50,8,4,120,0,4,1,1,3,1,1,0.6206896551724138,0.3333333333333333,0.2873563218390805,1.0
synthetic_d50,8,4,120,0,4,2,2,2,1,1,1.0,0.5,0.5,1.0
synthetic_d50,8,4,140,0,4,1,1,3,1,1,0.6206896551724138,0.3333333333333333,0.2873563218390805,1.0
synthetic_d50,8,4,140,0,4,2,2,2,1,1,1.0,0.5,0.5,1.0
synthetic_d50,8,4,166,1,4,1,1,3,1,1,0.4722222222222222,0.3333333333333333,0.1388888888888889,1.0
synthetic_d50,8,4,166,1,4,2,2,2,1,1,0.7368421052631579,0.5,0.23684210526315785,1.0
synthetic_d50,8,4,174,0,4,1,1,3,1,1,0.6206896551724138,0.3333333333333333,0.2873563218390805,1.0
synthetic_d50,8,4,174,0,4,2,2,2,1,1,1.0,0.5,0.5,1.0
synthetic_d50,8,4,252,0,4,1,2,2,1,1,0.8026315789473685,0.4934210526315789,0.30921052631578955,1.0
synthetic_d50,8,4,363,0,4,1,1,3,1,1,0.6206896551724138,0.3333333333333333,0.2873563218390805,1.0
synthetic_d50,8,4,363,0,4,2,2,2,1,1,1.0,0.5,0.5,1.0
synthetic_d50,8,4,386,1,4,1,1,3,1,1,0.4722222222222222,0.3333333333333333,0.1388888888888889,1.0
synthetic_d50,8,4,386,1,4,2,2,2,1,1,0.7368421052631579,0.5,0.23684210526315785,1.0
synthetic_d50,8,4,445,0,4,1,3,3,1,1,0.8026315789473685,0.3333333333333333,0.46929824561403516,1.0
synthetic_d50,8,4,445,0,4,2,3,2,1,1,0.9838709677419355,0.5,0.4838709677419355,1.0
synthetic_d50,8,4,451,1,4,1,1,2,1,1,0.5277777777777778,0.4583333333333333,0.06944444444444448,1.0
synthetic_d50,8,4,526,0,4,1,1,3,1,1,0.6206896551724138,0.3333333333333333,0.2873563218390805,1.0
synthetic_d50,8,4,526,0,4,2,2,2,1,1,1.0,0.5,0.5,1.0
synthetic_d50,8,4,552,0,4,1,1,2,1,1,0.8157894736842105,0.5,0.3157894736842105,1.0
synthetic_d50,8,4,598,0,4,1,2,2,1,1,0.46551724137931033,0.4224137931034483,0.043103448275862044,1.0
synthetic_d50,8,4,773,0,4,1,1,3,1,1,0.6206896551724138,0.3333333333333333,0.2873563218390805,1.0
synthetic_d50,8,4,773,0,4,2,2,2,1,1,1.0,0.5,0.5,1.0
synthetic_d50,8,4,807,1,4,1,1,3,1,1,0.4722222222222222,0.3333333333333333,0.1388888888888889,1.0
synthetic_d50,8,4,807,1,4,2,2,2,1,1,0.7368421052631579,0.5,0.23684210526315785,1.0
synthetic_d50,8,4,809,1,4,1,1,3,1,1,0.4722222222222222,0.3333333333333333,0.1388888888888889,1.0
synthetic_d50,8,4,809,1,4,2,2,2,1,1,0.7368421052631579,0.5,0.23684210526315785,1.0
synthetic_d50,8,4,902,0,4,1,1,3,1,1,0.8157894736842105,0.3333333333333333,0.4824561403508772,1.0
synthetic_d50,8,4,902,0,4,2,3,2,1,1,1.0,0.5,0.5,1.0
synthetic_d50,8,4,932,1,4,1,1,3,1,1,0.8875,0.33333333333333337,0.5541666666666666,1.0
synthetic_d50,8,4,932,1,4,2,3,2,1,1,0.5555555555555556,0.5,0.05555555555555558,1.0
synthetic_d50,8,4,942,0,4,1,1,3,1,1,0.6206896551724138,0.3333333333333333,0.2873563218390805,1.0
synthetic_d50,8,4,942,0,4,2,2,2,1,1,1.0,0.5,0.5,1.0
synthetic_d50,8,4,997,1,4,1,1,3,1,1,0.4722222222222222,0.3333333333333333,0.1388888888888889,1.0
synthetic_d50,8,4,997,1,4,2,2,2,1,1,0.7368421052631579,0.5,0.23684210526315785,1.0
synthetic_d50,8,8,100,0,5,1,2,2,1,1,0.782051282051282,0.47435897435897434,0.3076923076923077,1.0
synthetic_d50,8,8,120,0,6,1,1,3,1,1,0.5849056603773585,0.33333333333333337,0.2515723270440251,1.0
synthetic_d50,8,8,120,0,6,2,2,2,1,1,0.5,0.5,0.0,1.0
synthetic_d50,8,8,140,0,6,1,1,3,1,1,0.5849056603773585,0.33333333333333337,0.2515723270440251,1.0
synthetic_d50,8,8,140,0,6,2,2,2,1,1,0.5,0.5,0.0,1.0
synthetic_d50,8,8,166,1,8,1,1,3,1,1,0.5294117647058824,0.303921568627451,0.22549019607843135,1.0
synthetic_d50,8,8,166,1,8,2,2,2,1,1,0.6875,0.40625,0.28125,1.0
synthetic_d50,8,8,174,0,6,1,1,3,1,1,0.5849056603773585,0.33333333333333337,0.2515723270440251,1.0
synthetic_d50,8,8,174,0,6,2,2,2,1,1,0.5,0.5,0.0,1.0
synthetic_d50,8,8,252,1,5,1,1,3,1,1,0.5294117647058824,0.33333333333333337,0.196078431372549,1.0
synthetic_d50,8,8,252,1,5,2,2,2,1,1,0.3125,0.5,-0.1875,0.0
synthetic_d50,8,8,363,0,6,1,1,3,1,1,0.5849056603773585,0.33333333333333337,0.2515723270440251,1.0
synthetic_d50,8,8,363,0,6,2,2,2,1,1,0.5,0.5,0.0,1.0
synthetic_d50,8,8,386,1,8,1,1,3,1,1,0.5294117647058824,0.303921568627451,0.22549019607843135,1.0
synthetic_d50,8,8,386,1,8,2,2,2,1,1,0.6875,0.40625,0.28125,1.0
synthetic_d50,8,8,445,1,5,1,1,4,1,1,0.5294117647058824,0.25,0.27941176470588236,1.0
synthetic_d50,8,8,445,1,5,2,2,3,1,1,0.6875,0.3333333333333333,0.3541666666666667,1.0
synthetic_d50,8,8,445,1,5,3,4,2,1,1,0.4,0.5,-0.09999999999999998,0.0
synthetic_d50,8,8,451,1,5,1,1,2,1,1,0.47058823529411764,0.4411764705882353,0.02941176470588236,1.0
synthetic_d50,8,8,526,0,6,1,1,3,1,1,0.5849056603773585,0.33333333333333337,0.2515723270440251,1.0
synthetic_d50,8,8,526,0,6,2,2,2,1,1,0.5,0.5,0.0,1.0
synthetic_d50,8,8,552,0,5,1,1,2,1,1,0.8333333333333334,0.5,0.33333333333333337,1.0
synthetic_d50,8,8,598,1,5,1,1,3,1,1,0.8352941176470589,0.3137254901960784,0.5215686274509804,1.0
synthetic_d50,8,8,598,1,5,2,2,2,1,1,0.35714285714285715,0.32142857142857145,0.0357142857142857,1.0
synthetic_d50,8,8,773,0,6,1,1,3,1,1,0.5849056603773585,0.2641509433962264,0.32075471698113206,1.0
synthetic_d50,8,8,773,0,6,2,2,2,1,1,0.5,0.25,0.25,1.0
synthetic_d50,8,8,807,0,8,1,6,4,1,1,0.717948717948718,0.24358974358974358,0.47435897435897434,1.0
synthetic_d50,8,8,807,0,8,2,6,3,1,1,0.8615384615384616,0.3230769230769231,0.5384615384615385,1.0
synthetic_d50,8,8,807,0,8,3,6,2,1,1,0.9180327868852459,0.48360655737704916,0.43442622950819676,1.0
synthetic_d50,8,8,809,1,8,1,1,3,1,1,0.5294117647058824,0.303921568627451,0.22549019607843135,1.0
synthetic_d50,8,8,809,1,8,2,2,2,1,1,0.6875,0.40625,0.28125,1.0
synthetic_d50,8,8,902,1,5,1,1,3,1,1,0.47058823529411764,0.3137254901960784,0.1568627450980392,1.0
synthetic_d50,8,8,902,1,5,2,2,2,1,1,0.7777777777777778,0.4444444444444444,0.33333333333333337,1.0
synthetic_d50,8,8,932,1,6,1,1,3,1,1,0.8352941176470589,0.32941176470588235,0.5058823529411764,1.0
synthetic_d50,8,8,932,1,6,2,3,2,1,1,0.2857142857142857,0.4642857142857143,-0.1785714285714286,0.0
synthetic_d50,8,8,942,0,6,1,1,3,1,1,0.5849056603773585,0.33333333333333337,0.2515723270440251,1.0
synthetic_d50,8,8,942,0,6,2,2,2,1,1,0.5,0.5,0.0,1.0
synthetic_d50,8,8,997,1,8,1,1,3,1,1,0.5294117647058824,0.303921568627451,0.22549019607843135,1.0
synthetic_d50,8,8,997,1,8,2,2,2,1,1,0.6875,0.40625,0.28125,1.0
synthetic_d50,9,4,31,0,4,1,1,2,1,1,0.8837209302325582,0.4883720930232558,0.39534883720930236,1.0
synthetic_d50,9,4,104,0,4,1,1,2,1,1,0.8837209302325582,0.4883720930232558,0.39534883720930236,1.0
synthetic_d50,9,4,126,1,4,1,1,2,1,1,0.8860759493670886,0.4810126582278481,0.40506329113924044,1.0
synthetic_d50,9,4,144,1,4,1,1,3,1,1,0.6031746031746031,0.3333333333333333,0.2698412698412698,1.0
synthetic_d50,9,4,144,1,4,2,3,2,1,1,0.36,0.5,-0.14,0.0
synthetic_d50,9,4,276,0,4,1,1,2,1,1,0.8837209302325582,0.4883720930232558,0.39534883720930236,1.0
synthetic_d50,9,4,345,1,4,1,1,2,1,1,0.8860759493670886,0.4810126582278481,0.40506329113924044,1.0
synthetic_d50,9,4,367,1,4,1,1,3,1,1,0.6031746031746031,0.3333333333333333,0.2698412698412698,1.0
synthetic_d50,9,4,367,1,4,2,3,2,1,1,0.36,0.5,-0.14,0.0
synthetic_d50,9,4,376,0,4,1,3,3,1,1,0.8,0.33333333333333337,0.4666666666666667,1.0
synthetic_d50,9,4,376,0,4,2,3,2,1,1,0.9811320754716981,0.5,0.4811320754716981,1.0
synthetic_d50,9,4,431,1,4,1,1,3,1,1,0.6031746031746031,0.3333333333333333,0.2698412698412698,1.0
synthetic_d50,9,4,431,1,4,2,3,2,1,1,0.36,0.5,-0.14,0.0
synthetic_d50,9,4,453,0,4,1,1,2,1,1,0.8837209302325582,0.4883720930232558,0.39534883720930236,1.0
synthetic_d50,9,4,482,1,4,1,1,3,1,1,0.6031746031746031,0.3333333333333333,0.2698412698412698,1.0
synthetic_d50,9,4,482,1,4,2,3,2,1,1,0.36,0.5,-0.14,0.0
synthetic_d50,9,4,490,0,4,1,1,2,1,1,0.8837209302325582,0.4883720930232558,0.39534883720930236,1.0
synthetic_d50,9,4,578,1,4,1,1,3,1,1,0.6031746031746031,0.3333333333333333,0.2698412698412698,1.0
synthetic_d50,9,4,578,1,4,2,3,2,1,1,0.36,0.5,-0.14,0.0
synthetic_d50,9,4,602,1,4,1,1,3,1,1,0.6031746031746031,0.3333333333333333,0.2698412698412698,1.0
synthetic_d50,9,4,602,1,4,2,3,2,1,1,0.36,0.5,-0.14,0.0
synthetic_d50,9,4,807,1,4,1,1,3,1,1,0.6031746031746031,0.3333333333333333,0.2698412698412698,1.0
synthetic_d50,9,4,807,1,4,2,3,2,1,1,0.36,0.5,-0.14,0.0
synthetic_d50,9,4,884,1,4,1,3,3,1,1,0.6031746031746031,0.3333333333333333,0.2698412698412698,1.0
synthetic_d50,9,4,884,1,4,2,3,2,1,1,1.0,0.5,0.5,1.0
synthetic_d50,9,4,889,0,4,1,3,3,1,1,0.8837209302325582,0.33333333333333337,0.5503875968992248,1.0
synthetic_d50,9,4,889,0,4,2,3,2,1,1,1.0,0.5,0.5,1.0
synthetic_d50,9,4,904,0,4,1,1,2,1,1,0.8837209302325582,0.4883720930232558,0.39534883720930236,1.0
synthetic_d50,9,4,913,0,4,1,2,2,1,1,0.8837209302325582,0.5,0.38372093023255816,1.0
synthetic_d50,9,4,960,0,4,1,1,2,1,1,0.8837209302325582,0.4883720930232558,0.39534883720930236,1.0
synthetic_d50,9,8,31,0,6,1,1,3,1,1,0.7837837837837838,0.3153153153153153,0.46846846846846846,1.0
synthetic_d50,9,8,31,0,6,2,2,2,1,1,0.5,0.375,0.125,1.0
synthetic_d50,9,8,104,0,8,1,1,2,1,1,0.7837837837837838,0.44594594594594594,0.33783783783783783,1.0
synthetic_d50,9,8,126,0,6,1,4,3,1,1,0.7567567567567568,0.32432432432432434,0.43243243243243246,1.0
synthetic_d50,9,8,126,0,6,2,4,2,1,1,0.9655172413793104,0.4827586206896552,0.4827586206896552,1.0
synthetic_d50,9,8,144,1,8,1,1,4,1,1,0.625,0.23958333333333334,0.38541666666666663,1.0
synthetic_d50,9,8,144,1,8,2,2,3,1,1,0.6111111111111112,0.2962962962962963,0.3148148148148149,1.0
synthetic_d50,9,8,144,1,8,3,3,2,1,1,0.7142857142857143,0.35714285714285715,0.35714285714285715,1.0
synthetic_d50,9,8,276,0,6,1,1,3,1,1,0.7837837837837838,0.3153153153153153,0.46846846846846846,1.0
synthetic_d50,9,8,276,0,6,2,2,2,1,1,0.5,0.375,0.125,1.0
synthetic_d50,9,8,345,1,7,1,1,2,1,1,0.788235294117647,0.4294117647058823,0.3588235294117647,1.0
synthetic_d50,9,8,367,1,8,1,1,4,1,1,0.625,0.23958333333333334,0.38541666666666663,1.0
synthetic_d50,9,8,367,1,8,2,2,3,1,1,0.6111111111111112,0.2962962962962963,0.3148148148148149,1.0
synthetic_d50,9,8,367,1,8,3,3,2,1,1,0.7142857142857143,0.35714285714285715,0.35714285714285715,1.0
synthetic_d50,9,8,376,0,5,1,3,3,1,1,0.625,0.31666666666666665,0.30833333333333335,1.0
synthetic_d50,9,8,376,0,5,2,3,2,1,1,0.8333333333333334,0.4666666666666667,0.3666666666666667,1.0
synthetic_d50,9,8,431,1,8,1,1,4,1,1,0.625,0.23958333333333334,0.38541666666666663,1.0
synthetic_d50,9,8,431,1,8,2,2,3,1,1,0.6111111111111112,0.2962962962962963,0.3148148148148149,1.0
synthetic_d50,9,8,431,1,8,3,3,2,1,1,0.7142857142857143,0.35714285714285715,0.35714285714285715,1.0
synthetic_d50,9,8,453,0,8,1,1,2,1,1,0.7837837837837838,0.44594594594594594,0.33783783783783783,1.0
synthetic_d50,9,8,482,1,8,1,1,4,1,1,0.625,0.23958333333333334,0.38541666666666663,1.0
synthetic_d50,9,8,482,1,8,2,2,3,1,1,0.6111111111111112,0.2962962962962963,0.3148148148148149,1.0
synthetic_d50,9,8,482,1,8,3,3,2,1,1,0.7142857142857143,0.35714285714285715,0.35714285714285715,1.0
synthetic_d50,9,8,490,0,8,1,1,2,1,1,0.7837837837837838,0.44594594594594594,0.33783783783783783,1.0
synthetic_d50,9,8,578,1,8,1,1,4,1,1,0.625,0.23958333333333334,0.38541666666666663,1.0
synthetic_d50,9,8,578,1,8,2,2,3,1,1,0.6111111111111112,0.2962962962962963,0.3148148148148149,1.0
synthetic_d50,9,8,578,1,8,3,3,2,1,1,0.7142857142857143,0.35714285714285715,0.35714285714285715,1.0
synthetic_d50,9,8,602,1,8,1,1,4,1,1,0.625,0.23958333333333334,0.38541666666666663,1.0
synthetic_d50,9,8,602,1,8,2,2,3,1,1,0.6111111111111112,0.2962962962962963,0.3148148148148149,1.0
synthetic_d50,9,8,602,1,8,3,3,2,1,1,0.7142857142857143,0.35714285714285715,0.35714285714285715,1.0
synthetic_d50,9,8,807,1,8,1,1,4,1,1,0.625,0.23958333333333334,0.38541666666666663,1.0
synthetic_d50,9,8,807,1,8,2,2,3,1,1,0.6111111111111112,0.2962962962962963,0.3148148148148149,1.0
synthetic_d50,9,8,807,1,8,3,3,2,1,1,0.7142857142857143,0.35714285714285715,0.35714285714285715,1.0
synthetic_d50,9,8,884,1,6,1,3,3,1,1,0.625,0.3333333333333333,0.2916666666666667,1.0
synthetic_d50,9,8,884,1,6,2,3,2,1,1,1.0,0.5,0.5,1.0
synthetic_d50,9,8,889,0,4,1,3,3,1,1,0.7837837837837838,0.33333333333333337,0.4504504504504504,1.0
synthetic_d50,9,8,889,0,4,2,3,2,1,1,1.0,0.5,0.5,1.0
synthetic_d50,9,8,904,0,8,1,1,2,1,1,0.7837837837837838,0.44594594594594594,0.33783783783783783,1.0
synthetic_d50,9,8,913,0,5,1,2,2,1,1,0.7837837837837838,0.5,0.28378378378378377,1.0
synthetic_d50,9,8,960,0,8,1,1,2,1,1,0.7837837837837838,0.44594594594594594,0.33783783783783783,1.0
synthetic_lowsep,0,4,63,0,4,1,2,2,1,1,0.673469387755102,0.45918367346938777,0.21428571428571425,1.0
synthetic_lowsep,0,4,82,0,4,1,2,2,1,1,0.673469387755102,0.45918367346938777,0.21428571428571425,1.0
synthetic_lowsep,0,4,217,0,4,1,2,2,1,1,0.673469387755102,0.45918367346938777,0.21428571428571425,1.0
synthetic_lowsep,0,4,262,1,4,1,2,3,1,1,0.5669291338582677,0.33333333333333337,0.23359580052493434,1.0
synthetic_lowsep,0,4,262,1,4,2,2,2,1,1,0.6101694915254238,0.5,0.11016949152542377,1.0
synthetic_lowsep,0,4,273,1,4,1,1,2,1,1,0.9291338582677166,0.48031496062992124,0.4488188976377953,1.0
synthetic_lowsep,0,4,293,0,4,1,2,2,1,1,0.673469387755102,0.45918367346938777,0.21428571428571425,1.0
synthetic_lowsep,0,4,339,1,4,1,1,2,1,1,0.9291338582677166,0.48031496062992124,0.4488188976377953,1.0
synthetic_lowsep,0,4,343,0,3,1,1,2,1,1,0.7551020408163265,0.5,0.2551020408163265,1.0
synthetic_lowsep,0,4,503,0,4,1,3,3,1,1,0.673469387755102,0.3333333333333333,0.3401360544217687,1.0
synthetic_lowsep,0,4,503,0,4,2,3,2,1,1,0.8918918918918919,0.5,0.3918918918918919,1.0
synthetic_lowsep,0,4,547,0,4,1,3,3,1,1,0.673469387755102,0.3333333333333333,0.3401360544217687,1.0
synthetic_lowsep,0,4,547,0,4,2,3,2,1,1,0.8918918918918919,0.5,0.3918918918918919,1.0
synthetic_lowsep,0,4,563,0,4,1,2,2,1,1,0.673469387755102,0.45918367346938777,0.21428571428571425,1.0
synthetic_lowsep,0,4,619,1,4,1,2,3,1,1,0.5669291338582677,0.33333333333333337,0.23359580052493434,1.0
synthetic_lowsep,0,4,619,1,4,2,2,2,1,1,0.6101694915254238,0.5,0.11016949152542377,1.0
synthetic_lowsep,0,4,639,0,4,1,2,2,1,1,0.673469387755102,0.45918367346938777,0.21428571428571425,1.0
synthetic_lowsep,0,4,641,0,4,1,2,2,1,1,0.673469387755102,0.45918367346938777,0.21428571428571425,1.0
synthetic_lowsep,0,4,667,0,4,1,2,2,1,1,0.673469387755102,0.45918367346938777,0.21428571428571425,1.0
synthetic_lowsep,0,4,726,0,4,1,2,2,1,1,0.673469387755102,0.45918367346938777,0.21428571428571425,1.0
synthetic_lowsep,0,8,63,0,8,1,2,4,1,1,0.5522388059701493,0.22761194029850745,0.32462686567164184,1.0
synthetic_lowsep,0,8,63,0,8,2,2,3,1,1,0.6607142857142857,0.2976190476190476,0.3630952380952381,1.0
synthetic_lowsep,0,8,63,0,8,3,4,2,1,1,0.47368421052631576,0.34210526315789475,0.13157894736842102,1.0
synthetic_lowsep,0,8,63,0,8,4,4,2,1,1,0.6,0.43333333333333335,0.16666666666666663,1.0
synthetic_lowsep,0,8,82,0,8,1,2,4,1,1,0.5522388059701493,0.22761194029850745,0.32462686567164184,1.0
synthetic_lowsep,0,8,82,0,8,2,2,3,1,1,0.6607142857142857,0.2976190476190476,0.3630952380952381,1.0
synthetic_lowsep,0,8,82,0,8,3,4,2,1,1,0.47368421052631576,0.34210526315789475,0.13157894736842102,1.0
synthetic_lowsep,0,8,82,0,8,4,4,2,1,1,0.6,0.43333333333333335,0.16666666666666663,1.0
synthetic_lowsep,0,8,217,0,8,1,2,4,1,1,0.5522388059701493,0.22761194029850745,0.32462686567164184,1.0
synthetic_lowsep,0,8,217,0,8,2,2,3,1,1,0.6607142857142857,0.2976190476190476,0.3630952380952381,1.0
synthetic_lowsep,0,8,217,0,8,3,4,2,1,1,0.3157894736842105,0.34210526315789475,-0.026315789473684237,0.0
synthetic_lowsep,0,8,217,0,8,4,4,2,1,1,0.4,0.43333333333333335,-0.033333333333333326,0.0
synthetic_lowsep,0,8,262,0,8,1,4,5,1,1,0.29850746268656714,0.1880597014925373,0.11044776119402983,1.0
synthetic_lowsep,0,8,262,0,8,2,4,4,1,1,0.35714285714285715,0.23214285714285715,0.125,1.0
synthetic_lowsep,0,8,262,0,8,3,4,3,1,1,0.5405405405405406,0.2972972972972973,0.24324324324324326,1.0
synthetic_lowsep,0,8,262,0,8,4,4,2,1,1,0.8,0.42,0.38000000000000006,1.0
synthetic_lowsep,0,8,273,1,6,1,1,2,1,1,0.908256880733945,0.463302752293578,0.44495412844036697,1.0
synthetic_lowsep,0,8,293,0,8,1,2,4,1,1,0.5522388059701493,0.22761194029850745,0.32462686567164184,1.0
synthetic_lowsep,0,8,293,0,8,2,2,3,1,1,0.6607142857142857,0.2976190476190476,0.3630952380952381,1.0
synthetic_lowsep,0,8,293,0,8,3,4,2,1,1,0.47368421052631576,0.34210526315789475,0.13157894736842102,1.0
synthetic_lowsep,0,8,293,0,8,4,4,2,1,1,0.6,0.43333333333333335,0.16666666666666663,1.0
synthetic_lowsep,0,8,339,1,6,1,1,2,1,1,0.908256880733945,0.463302752293578,0.44495412844036697,1.0
synthetic_lowsep,0,8,343,0,3,1,1,2,1,1,0.835820895522388,0.5,0.33582089552238803,1.0
synthetic_lowsep,0,8,503,0,8,1,3,6,1,1,0.373134328358209,0.16666666666666666,0.20646766169154232,1.0
synthetic_lowsep,0,8,503,0,8,2,3,5,1,1,0.44642857142857145,0.19999999999999998,0.24642857142857147,1.0
synthetic_lowsep,0,8,503,0,8,3,3,4,1,1,0.6756756756756757,0.25,0.42567567567567566,1.0
synthetic_lowsep,0,8,503,0,8,4,4,3,1,1,0.08333333333333333,0.3333333333333333,-0.25,0.0
synthetic_lowsep,0,8,503,0,8,5,6,2,1,1,0.18181818181818182,0.5,-0.3181818181818182,0.0
synthetic_lowsep,0,8,547,0,8,1,3,6,1,1,0.373134328358209,0.16169154228855723,0.21144278606965175,1.0
synthetic_lowsep,0,8,547,0,8,2,3,5,1,1,0.44642857142857145,0.19285714285714287,0.25357142857142856,1.0
synthetic_lowsep,0,8,547,0,8,3,3,4,1,1,0.6756756756756757,0.23648648648648649,0.43918918918918914,1.0
synthetic_lowsep,0,8,547,0,8,4,4,3,1,1,0.08333333333333333,0.2777777777777778,-0.19444444444444448,0.0
synthetic_lowsep,0,8,547,0,8,5,5,2,1,1,0.8181818181818182,0.4090909090909091,0.4090909090909091,1.0
synthetic_lowsep,0,8,563,0,8,1,2,4,1,1,0.5522388059701493,0.22761194029850745,0.32462686567164184,1.0
synthetic_lowsep,0,8,563,0,8,2,2,3,1,1,0.6607142857142857,0.2976190476190476,0.3630952380952381,1.0
synthetic_lowsep,0,8,563,0,8,3,4,2,1,1,0.47368421052631576,0.34210526315789475,0.13157894736842102,1.0
synthetic_lowsep,0,8,563,0,8,4,4,2,1,1,0.6,0.43333333333333335,0.16666666666666663,1.0
synthetic_lowsep,0,8,619,0,8,1,4,5,1,1,0.29850746268656714,0.1880597014925373,0.11044776119402983,1.0
synthetic_lowsep,0,8,619,0,8,2,4,4,1,1,0.35714285714285715,0.23214285714285715,0.125,1.0
synthetic_lowsep,0,8,619,0,8,3,4,3,1,1,0.5405405405405406,0.2972972972972973,0.24324324324324326,1.0
synthetic_lowsep,0,8,619,0,8,4,4,2,1,1,0.8,0.42,0.38000000000000006,1.0
synthetic_lowsep,0,8,639,0,8,1,2,4,1,1,0.5522388059701493,0.22761194029850745,0.32462686567164184,1.0
synthetic_lowsep,0,8,639,0,8,2,2,3,1,1,0.6607142857142857,0.2976190476190476,0.3630952380952381,1.0
synthetic_lowsep,0,8,639,0,8,3,4,2,1,1,0.47368421052631576,0.34210526315789475,0.13157894736842102,1.0
synthetic_lowsep,0,8,639,0,8,4,4,2,1,1,0.6,0.43333333333333335,0.16666666666666663,1.0
synthetic_lowsep,0,8,641,0,8,1,2,4,1,1,0.5522388059701493,0.22761194029850745,0.32462686567164184,1.0
synthetic_lowsep,0,8,641,0,8,2,2,3,1,1,0.6607142857142857,0.2976190476190476,0.3630952380952381,1.0
synthetic_lowsep,0,8,641,0,8,3,4,2,1,1,0.47368421052631576,0.34210526315789475,0.13157894736842102,1.0
synthetic_lowsep,0,8,641,0,8,4,4,2,1,1,0.6,0.43333333333333335,0.16666666666666663,1.0
synthetic_lowsep,0,8,667,1,7,1,2,5,1,1,0.3853211009174312,0.2,0.1853211009174312,0.0
synthetic_lowsep,0,8,667,1,7,2,2,4,1,1,0.42424242424242425,0.25,0.17424242424242425,0.0
synthetic_lowsep,0,8,667,1,7,3,4,3,1,1,0.8947368421052632,0.3333333333333333,0.5614035087719298,1.0
synthetic_lowsep,0,8,667,1,7,4,4,3,1,1,0.8947368421052632,0.3333333333333333,0.5614035087719298,1.0
synthetic_lowsep,0,8,667,1,7,5,6,2,1,1,1.0,0.5,0.5,1.0
synthetic_lowsep,0,8,726,0,8,1,2,4,1,1,0.5522388059701493,0.22761194029850745,0.32462686567164184,1.0
synthetic_lowsep,0,8,726,0,8,2,2,3,1,1,0.6607142857142857,0.2976190476190476,0.3630952380952381,1.0
synthetic_lowsep,0,8,726,0,8,3,4,2,1,1,0.3157894736842105,0.34210526315789475,-0.026315789473684237,0.0
synthetic_lowsep,0,8,726,0,8,4,4,2,1,1,0.4,0.43333333333333335,-0.033333333333333326,0.0
synthetic_lowsep,1,4,86,0,4,1,3,3,1,1,0.6881720430107527,0.3333333333333333,0.35483870967741943,1.0
synthetic_lowsep,1,4,86,0,4,2,3,2,1,1,0.8533333333333334,0.5,0.3533333333333334,1.0
synthetic_lowsep,1,4,106,0,4,1,2,3,1,1,0.6881720430107527,0.3333333333333333,0.35483870967741943,1.0
synthetic_lowsep,1,4,106,0,4,2,2,2,1,1,0.8533333333333334,0.5,0.3533333333333334,1.0
synthetic_lowsep,1,4,123,1,4,1,2,3,1,1,0.6351351351351351,0.33333333333333337,0.3018018018018017,1.0
synthetic_lowsep,1,4,123,1,4,2,2,2,1,1,0.6619718309859155,0.5,0.1619718309859155,1.0
synthetic_lowsep,1,4,197,0,4,1,2,3,1,1,0.6881720430107527,0.3333333333333333,0.35483870967741943,1.0
synthetic_lowsep,1,4,197,0,4,2,2,2,1,1,0.8533333333333334,0.5,0.3533333333333334,1.0
synthetic_lowsep,1,4,255,1,4,1,3,3,1,1,0.6351351351351351,0.33333333333333337,0.3018018018018017,1.0
synthetic_lowsep,1,4,255,1,4,2,3,2,1,1,0.6619718309859155,0.5,0.1619718309859155,1.0
synthetic_lowsep,1,4,309,1,4,1,3,3,1,1,0.6351351351351351,0.33333333333333337,0.3018018018018017,1.0
synthetic_lowsep,1,4,309,1,4,2,3,2,1,1,0.6619718309859155,0.5,0.1619718309859155,1.0
synthetic_lowsep,1,4,332,1,4,1,2,3,1,1,0.6351351351351351,0.33333333333333337,0.3018018018018017,1.0
synthetic_lowsep,1,4,332,1,4,2,2,2,1,1,0.6619718309859155,0.5,0.1619718309859155,1.0
synthetic_lowsep,1,4,479,1,4,1,2,3,1,1,0.6351351351351351,0.33333333333333337,0.3018018018018017,1.0
synthetic_lowsep,1,4,479,1,4,2,2,2,1,1,0.6619718309859155,0.5,0.1619718309859155,1.0
synthetic_lowsep,1,4,500,0,4,1,3,3,1,1,0.6881720430107527,0.3333333333333333,0.35483870967741943,1.0
synthetic_lowsep,1,4,500,0,4,2,3,2,1,1,0.8533333333333334,0.5,0.3533333333333334,1.0
synthetic_lowsep,1,4,529,1,4,1,2,3,1,1,0.6351351351351351,0.33333333333333337,0.3018018018018017,1.0
synthetic_lowsep,1,4,529,1,4,2,2,2,1,1,0.6619718309859155,0.5,0.1619718309859155,1.0
synthetic_lowsep,1,4,541,0,4,1,3,3,1,1,0.6881720430107527,0.3333333333333333,0.35483870967741943,1.0
synthetic_lowsep,1,4,541,0,4,2,3,2,1,1,0.8533333333333334,0.5,0.3533333333333334,1.0
synthetic_lowsep,1,4,616,0,4,1,2,3,1,1,0.6881720430107527,0.3333333333333333,0.35483870967741943,1.0
synthetic_lowsep,1,4,616,0,4,2,2,2,1,1,0.8533333333333334,0.5,0.3533333333333334,1.0
synthetic_lowsep,1,4,619,1,4,1,2,3,1,1,0.6351351351351351,0.33333333333333337,0.3018018018018017,1.0
synthetic_lowsep,1,4,619,1,4,2,2,2,1,1,0.6619718309859155,0.5,0.1619718309859155,1.0
synthetic_lowsep,1,4,662,1,4,1,1,2,1,1,0.9594594594594594,0.4797297297297297,0.4797297297297297,1.0
synthetic_lowsep,1,4,721,0,4,1,2,3,1,1,0.6881720430107527,0.3333333333333333,0.35483870967741943,1.0
synthetic_lowsep,1,4,721,0,4,2,2,2,1,1,0.8533333333333334,0.5,0.3533333333333334,1.0
synthetic_lowsep,1,4,754,1,4,1,2,3,1,1,0.6351351351351351,0.33333333333333337,0.3018018018018017,1.0
synthetic_lowsep,1,4,754,1,4,2,2,2,1,1,0.6619718309859155,0.5,0.1619718309859155,1.0
synthetic_lowsep,1,8,86,0,8,1,3,3,1,1,0.6301369863013698,0.3333333333333333,0.2968036529680365,1.0
synthetic_lowsep,1,8,86,0,8,2,3,2,1,1,0.8070175438596491,0.5,0.3070175438596491,1.0
synthetic_lowsep,1,8,106,0,8,1,2,5,1,1,0.6301369863013698,0.19452054794520546,0.43561643835616437,1.0
synthetic_lowsep,1,8,106,0,8,2,2,4,1,1,0.8070175438596491,0.2412280701754386,0.5657894736842105,1.0
synthetic_lowsep,1,8,106,0,8,3,3,3,1,1,0.5454545454545454,0.2727272727272727,0.2727272727272727,1.0
synthetic_lowsep,1,8,106,0,8,4,7,2,1,1,0.6,0.3,0.3,1.0
synthetic_lowsep,1,8,106,0,8,5,7,2,1,1,0.75,0.375,0.375,1.0
synthetic_lowsep,1,8,123,1,8,1,2,4,1,1,0.5,0.24202127659574468,0.2579787234042553,1.0
synthetic_lowsep,1,8,123,1,8,2,2,3,1,1,0.5280898876404494,0.32209737827715357,0.20599250936329583,1.0
synthetic_lowsep,1,8,123,1,8,3,3,2,1,1,0.5714285714285714,0.4642857142857143,0.1071428571428571,1.0
synthetic_lowsep,1,8,133,1,6,1,1,2,1,1,0.625,0.3125,0.3125,1.0
synthetic_lowsep,1,8,197,0,8,1,2,4,1,1,0.6301369863013698,0.2465753424657534,0.3835616438356164,1.0
synthetic_lowsep,1,8,197,0,8,2,2,3,1,1,0.8070175438596491,0.3274853801169591,0.47953216374269,1.0
synthetic_lowsep,1,8,197,0,8,3,3,2,1,1,0.5454545454545454,0.45454545454545453,0.09090909090909088,1.0
synthetic_lowsep,1,8,204,1,6,1,1,2,1,1,0.625,0.3125,0.3125,1.0
synthetic_lowsep,1,8,255,0,7,1,2,4,1,1,0.6301369863013698,0.25,0.38013698630136983,1.0
synthetic_lowsep,1,8,255,0,7,2,2,3,1,1,0.8070175438596491,0.3333333333333333,0.47368421052631576,1.0
synthetic_lowsep,1,8,255,0,7,3,3,2,1,1,0.45454545454545453,0.5,-0.04545454545454547,0.0
synthetic_lowsep,1,8,309,1,6,1,3,3,1,1,0.44680851063829785,0.31560283687943264,0.13120567375886522,1.0
synthetic_lowsep,1,8,309,1,6,2,3,2,1,1,0.47191011235955055,0.47191011235955055,0.0,1.0
synthetic_lowsep,1,8,332,1,8,1,2,4,1,1,0.5,0.24202127659574468,0.2579787234042553,1.0
synthetic_lowsep,1,8,332,1,8,2,2,3,1,1,0.5280898876404494,0.32209737827715357,0.20599250936329583,1.0
synthetic_lowsep,1,8,332,1,8,3,3,2,1,1,0.5714285714285714,0.4642857142857143,0.1071428571428571,1.0
synthetic_lowsep,1,8,479,1,7,1,2,5,1,1,0.5,0.19787234042553192,0.3021276595744681,1.0
synthetic_lowsep,1,8,479,1,7,2,2,4,1,1,0.5280898876404494,0.24719101123595505,0.28089887640449435,1.0
synthetic_lowsep,1,8,479,1,7,3,3,3,1,1,0.5714285714285714,0.3253968253968254,0.246031746031746,1.0
synthetic_lowsep,1,8,479,1,7,4,5,2,1,1,0.7777777777777778,0.4722222222222222,0.3055555555555556,1.0
synthetic_lowsep,1,8,500,0,8,1,3,3,1,1,0.6301369863013698,0.3333333333333333,0.2968036529680365,1.0
synthetic_lowsep,1,8,500,0,8,2,3,2,1,1,0.8070175438596491,0.5,0.3070175438596491,1.0
synthetic_lowsep,1,8,506,1,6,1,1,2,1,1,0.625,0.3125,0.3125,1.0
synthetic_lowsep,1,8,527,1,6,1,1,2,1,1,0.625,0.3125,0.3125,1.0
synthetic_lowsep,1,8,529,1,8,1,2,4,1,1,0.5,0.24202127659574468,0.2579787234042553,1.0
synthetic_lowsep,1,8,529,1,8,2,2,3,1,1,0.5280898876404494,0.32209737827715357,0.20599250936329583,1.0
synthetic_lowsep,1,8,529,1,8,3,3,2,1,1,0.5714285714285714,0.4642857142857143,0.1071428571428571,1.0
synthetic_lowsep,1,8,541,0,7,1,3,4,1,1,0.6301369863013698,0.25,0.38013698630136983,1.0
synthetic_lowsep,1,8,541,0,7,2,3,3,1,1,0.8070175438596491,0.3333333333333333,0.47368421052631576,1.0
synthetic_lowsep,1,8,541,0,7,3,3,2,1,1,1.0,0.5,0.5,1.0
synthetic_lowsep,1,8,616,0,8,1,2,4,1,1,0.6301369863013698,0.2465753424657534,0.3835616438356164,1.0
synthetic_lowsep,1,8,616,0,8,2,2,3,1,1,0.8070175438596491,0.3274853801169591,0.47953216374269,1.0
synthetic_lowsep,1,8,616,0,8,3,3,2,1,1,0.5454545454545454,0.45454545454545453,0.09090909090909088,1.0
synthetic_lowsep,1,8,619,0,8,1,2,6,1,1,0.1506849315068493,0.16210045662100458,-0.011415525114155278,0.0
synthetic_lowsep,1,8,619,0,8,2,2,5,1,1,0.19298245614035087,0.19298245614035087,0.0,0.0
synthetic_lowsep,1,8,619,0,8,3,4,4,1,1,0.4782608695652174,0.2391304347826087,0.2391304347826087,1.0
synthetic_lowsep,1,8,619,0,8,4,4,3,1,1,0.4782608695652174,0.3188405797101449,0.1594202898550725,1.0
synthetic_lowsep,1,8,619,0,8,5,5,2,1,1,0.3333333333333333,0.4583333333333333,-0.125,0.0
synthetic_lowsep,1,8,662,1,5,1,1,2,1,1,0.9468085106382979,0.4734042553191489,0.4734042553191489,1.0
synthetic_lowsep,1,8,721,0,8,1,2,4,1,1,0.6301369863013698,0.2465753424657534,0.3835616438356164,1.0
synthetic_lowsep,1,8,721,0,8,2,2,3,1,1,0.8070175438596491,0.3274853801169591,0.47953216374269,1.0
synthetic_lowsep,1,8,721,0,8,3,3,2,1,1,0.5454545454545454,0.45454545454545453,0.09090909090909088,1.0
synthetic_lowsep,1,8,754,1,8,1,2,4,1,1,0.5,0.24202127659574468,0.2579787234042553,1.0
synthetic_lowsep,1,8,754,1,8,2,2,3,1,1,0.5280898876404494,0.32209737827715357,0.20599250936329583,1.0
synthetic_lowsep,1,8,754,1,8,3,3,2,1,1,0.5714285714285714,0.4642857142857143,0.1071428571428571,1.0
synthetic_lowsep,2,4,3,0,4,1,1,3,1,1,0.6,0.33333333333333337,0.2666666666666666,1.0
synthetic_lowsep,2,4,3,0,4,2,2,2,1,1,1.0,0.5,0.5,1.0
synthetic_lowsep,2,4,51,0,4,1,1,3,1,1,0.6,0.33333333333333337,0.2666666666666666,1.0
synthetic_lowsep,2,4,51,0,4,2,2,2,1,1,1.0,0.5,0.5,1.0
synthetic_lowsep,2,4,114,0,4,1,1,3,1,1,0.6,0.33333333333333337,0.2666666666666666,1.0
synthetic_lowsep,2,4,114,0,4,2,2,2,1,1,1.0,0.5,0.5,1.0
synthetic_lowsep,2,4,132,0,4,1,1,3,1,1,0.6,0.33333333333333337,0.2666666666666666,1.0
synthetic_lowsep,2,4,132,0,4,2,2,2,1,1,1.0,0.5,0.5,1.0
synthetic_lowsep,2,4,198,0,4,1,1,3,1,1,0.6,0.33333333333333337,0.2666666666666666,1.0
synthetic_lowsep,2,4,198,0,4,2,2,2,1,1,1.0,0.5,0.5,1.0
synthetic_lowsep,2,4,221,0,4,1,1,3,1,1,0.6,0.33333333333333337,0.2666666666666666,1.0
synthetic_lowsep,2,4,221,0,4,2,2,2,1,1,1.0,0.5,0.5,1.0
synthetic_lowsep,2,4,334,0,4,1,1,3,1,1,0.6,0.33333333333333337,0.2666666666666666,1.0
synthetic_lowsep,2,4,334,0,4,2,2,2,1,1,1.0,0.5,0.5,1.0
synthetic_lowsep,2,4,368,0,4,1,1,3,1,1,0.6,0.33333333333333337,0.2666666666666666,1.0
synthetic_lowsep,2,4,368,0,4,2,2,2,1,1,1.0,0.5,0.5,1.0
synthetic_lowsep,2,4,369,0,4,1,1,3,1,1,0.6,0.33333333333333337,0.2666666666666666,1.0
synthetic_lowsep,2,4,369,0,4,2,2,2,1,1,1.0,0.5,0.5,1.0
synthetic_lowsep,2,4,392,0,4,1,1,3,1,1,0.6,0.33333333333333337,0.2666666666666666,1.0
synthetic_lowsep,2,4,392,0,4,2,2,2,1,1,1.0,0.5,0.5,1.0
synthetic_lowsep,2,4,401,0,4,1,1,3,1,1,0.6,0.33333333333333337,0.2666666666666666,1.0
synthetic_lowsep,2,4,401,0,4,2,2,2,1,1,1.0,0.5,0.5,1.0
synthetic_lowsep,2,4,412,0,4,1,1,3,1,1,0.6,0.33333333333333337,0.2666666666666666,1.0
synthetic_lowsep,2,4,412,0,4,2,2,2,1,1,1.0,0.5,0.5,1.0
synthetic_lowsep,2,4,487,0,3,1,2,2,1,1,0.6,0.5,0.09999999999999998,1.0
synthetic_lowsep,2,4,493,1,3,1,2,2,1,1,0.9854014598540146,0.5,0.4854014598540146,1.0
synthetic_lowsep,2,4,561,0,4,1,1,3,1,1,0.6,0.33333333333333337,0.2666666666666666,1.0
synthetic_lowsep,2,4,561,0,4,2,2,2,1,1,1.0,0.5,0.5,1.0
synthetic_lowsep,2,4,612,0,4,1,1,3,1,1,0.6,0.33333333333333337,0.2666666666666666,1.0
synthetic_lowsep,2,4,612,0,4,2,2,2,1,1,1.0,0.5,0.5,1.0
synthetic_lowsep,2,4,675,0,4,1,1,3,1,1,0.6,0.33333333333333337,0.2666666666666666,1.0
synthetic_lowsep,2,4,675,0,4,2,2,2,1,1,1.0,0.5,0.5,1.0
synthetic_lowsep,2,4,785,0,4,1,1,3,1,1,0.6,0.33333333333333337,0.2666666666666666,1.0
synthetic_lowsep,2,4,785,0,4,2,2,2,1,1,1.0,0.5,0.5,1.0
synthetic_lowsep,2,8,3,0,8,1,5,6,1,1,0.34782608695652173,0.15942028985507245,0.18840579710144928,1.0
synthetic_lowsep,2,8,3,0,8,2,5,5,1,1,0.4444444444444444,0.18888888888888888,0.25555555555555554,1.0
synthetic_lowsep,2,8,3,0,8,3,5,4,1,1,0.5714285714285714,0.23214285714285715,0.33928571428571425,1.0
synthetic_lowsep,2,8,3,0,8,4,5,3,1,1,0.5714285714285714,0.3095238095238095,0.2619047619047619,1.0
synthetic_lowsep,2,8,3,0,8,5,5,3,1,1,0.6153846153846154,0.3333333333333333,0.2820512820512821,1.0
synthetic_lowsep,2,8,3,0,8,6,6,2,1,1,1.0,0.5,0.5,1.0
synthetic_lowsep,2,8,6,1,5,1,1,2,1,1,0.75,0.5,0.25,1.0
synthetic_lowsep,2,8,51,0,8,1,5,6,1,1,0.34782608695652173,0.15942028985507245,0.18840579710144928,1.0
synthetic_lowsep,2,8,51,0,8,2,5,5,1,1,0.4444444444444444,0.18888888888888888,0.25555555555555554,1.0
synthetic_lowsep,2,8,51,0,8,3,5,4,1,1,0.5714285714285714,0.23214285714285715,0.33928571428571425,1.0
synthetic_lowsep,2,8,51,0,8,4,5,3,1,1,0.5714285714285714,0.3095238095238095,0.2619047619047619,1.0
synthetic_lowsep,2,8,51,0,8,5,5,3,1,1,0.6153846153846154,0.3333333333333333,0.2820512820512821,1.0
synthetic_lowsep,2,8,51,0,8,6,7,2,1,1,1.0,0.5,0.5,1.0
synthetic_lowsep,2,8,114,0,8,1,5,6,1,1,0.34782608695652173,0.15942028985507245,0.18840579710144928,1.0
synthetic_lowsep,2,8,114,0,8,2,5,5,1,1,0.4444444444444444,0.18888888888888888,0.25555555555555554,1.0
synthetic_lowsep,2,8,114,0,8,3,5,4,1,1,0.5714285714285714,0.23214285714285715,0.33928571428571425,1.0
synthetic_lowsep,2,8,114,0,8,4,5,3,1,1,0.5714285714285714,0.3095238095238095,0.2619047619047619,1.0
synthetic_lowsep,2,8,114,0,8,5,5,3,1,1,0.6153846153846154,0.3333333333333333,0.2820512820512821,1.0
synthetic_lowsep,2,8,114,0,8,6,6,2,1,1,1.0,0.5,0.5,1.0
synthetic_lowsep,2,8,132,0,8,1,5,6,1,1,0.34782608695652173,0.15942028985507245,0.18840579710144928,1.0
synthetic_lowsep,2,8,132,0,8,2,5,5,1,1,0.4444444444444444,0.18888888888888888,0.25555555555555554,1.0
synthetic_lowsep,2,8,132,0,8,3,5,4,1,1,0.5714285714285714,0.23214285714285715,0.33928571428571425,1.0
synthetic_lowsep,2,8,132,0,8,4,5,3,1,1,0.5714285714285714,0.3095238095238095,0.2619047619047619,1.0
synthetic_lowsep,2,8,132,0,8,5,5,3,1,1,0.6153846153846154,0.3333333333333333,0.2820512820512821,1.0
synthetic_lowsep,2,8,132,0,8,6,6,2,1,1,1.0,0.5,0.5,1.0
synthetic_lowsep,2,8,198,0,8,1,5,6,1,1,0.34782608695652173,0.15942028985507245,0.18840579710144928,1.0
synthetic_lowsep,2,8,198,0,8,2,5,5,1,1,0.4444444444444444,0.18888888888888888,0.25555555555555554,1.0
synthetic_lowsep,2,8,198,0,8,3,5,4,1,1,0.5714285714285714,0.23214285714285715,0.33928571428571425,1.0
synthetic_lowsep,2,8,198,0,8,4,5,3,1,1,0.5714285714285714,0.3095238095238095,0.2619047619047619,1.0
synthetic_lowsep,2,8,198,0,8,5,5,3,1,1,0.6153846153846154,0.3333333333333333,0.2820512820512821,1.0
synthetic_lowsep,2,8,198,0,8,6,7,2,1,1,1.0,0.5,0.5,1.0
synthetic_lowsep,2,8,221,0,8,1,5,6,1,1,0.34782608695652173,0.15942028985507245,0.18840579710144928,1.0
synthetic_lowsep,2,8,221,0,8,2,5,5,1,1,0.4444444444444444,0.18888888888888888,0.25555555555555554,1.0
synthetic_lowsep,2,8,221,0,8,3,5,4,1,1,0.5714285714285714,0.23214285714285715,0.33928571428571425,1.0
synthetic_lowsep,2,8,221,0,8,4,5,3,1,1,0.5714285714285714,0.3095238095238095,0.2619047619047619,1.0
synthetic_lowsep,2,8,221,0,8,5,5,3,1,1,0.6153846153846154,0.3333333333333333,0.2820512820512821,1.0
synthetic_lowsep,2,8,221,0,8,6,6,2,1,1,1.0,0.5,0.5,1.0
synthetic_lowsep,2,8,334,1,8,1,6,6,1,1,0.4774774774774775,0.16666666666666666,0.31081081081081086,1.0
synthetic_lowsep,2,8,334,1,8,2,6,5,1,1,0.4953271028037383,0.19999999999999998,0.2953271028037383,1.0
synthetic_lowsep,2,8,334,1,8,3,6,4,1,1,0.4953271028037383,0.25,0.24532710280373832,1.0
synthetic_lowsep,2,8,334,1,8,4,6,3,1,1,0.6235294117647059,0.3333333333333333,0.2901960784313726,1.0
synthetic_lowsep,2,8,334,1,8,5,6,3,1,1,0.6235294117647059,0.3333333333333333,0.2901960784313726,1.0
synthetic_lowsep,2,8,334,1,8,6,6,2,1,1,0.7162162162162162,0.5,0.21621621621621623,1.0
synthetic_lowsep,2,8,368,0,8,1,5,6,1,1,0.34782608695652173,0.15942028985507245,0.18840579710144928,1.0
synthetic_lowsep,2,8,368,0,8,2,5,5,1,1,0.4444444444444444,0.18888888888888888,0.25555555555555554,1.0
synthetic_lowsep,2,8,368,0,8,3,5,4,1,1,0.5714285714285714,0.23214285714285715,0.33928571428571425,1.0
synthetic_lowsep,2,8,368,0,8,4,5,3,1,1,0.5714285714285714,0.3095238095238095,0.2619047619047619,1.0
synthetic_lowsep,2,8,368,0,8,5,5,3,1,1,0.6153846153846154,0.3333333333333333,0.2820512820512821,1.0
synthetic_lowsep,2,8,368,0,8,6,7,2,1,1,1.0,0.5,0.5,1.0
synthetic_lowsep,2,8,369,0,8,1,5,6,1,1,0.34782608695652173,0.15942028985507245,0.18840579710144928,1.0
synthetic_lowsep,2,8,369,0,8,2,5,5,1,1,0.4444444444444444,0.18888888888888888,0.25555555555555554,1.0
synthetic_lowsep,2,8,369,0,8,3,5,4,1,1,0.5714285714285714,0.23214285714285715,0.33928571428571425,1.0
synthetic_lowsep,2,8,369,0,8,4,5,3,1,1,0.5714285714285714,0.3095238095238095,0.2619047619047619,1.0
synthetic_lowsep,2,8,369,0,8,5,5,3,1,1,0.6153846153846154,0.3333333333333333,0.2820512820512821,1.0
synthetic_lowsep,2,8,369,0,8,6,7,2,1,1,1.0,0.5,0.5,1.0
synthetic_lowsep,2,8,392,0,8,1,5,6,1,1,0.34782608695652173,0.15942028985507245,0.18840579710144928,1.0
synthetic_lowsep,2,8,392,0,8,2,5,5,1,1,0.4444444444444444,0.18888888888888888,0.25555555555555554,1.0
synthetic_lowsep,2,8,392,0,8,3,5,4,1,1,0.5714285714285714,0.23214285714285715,0.33928571428571425,1.0
synthetic_lowsep,2,8,392,0,8,4,5,3,1,1,0.5714285714285714,0.3095238095238095,0.2619047619047619,1.0
synthetic_lowsep,2,8,392,0,8,5,5,3,1,1,0.6153846153846154,0.3333333333333333,0.2820512820512821,1.0
synthetic_lowsep,2,8,392,0,8,6,7,2,1,1,1.0,0.5,0.5,1.0
synthetic_lowsep,2,8,401,0,7,1,3,3,1,1,0.6086956521739131,0.33333333333333337,0.2753623188405797,1.0
synthetic_lowsep,2,8,401,0,7,2,3,2,1,1,0.7777777777777778,0.5,0.2777777777777778,1.0
synthetic_lowsep,2,8,412,0,8,1,5,6,1,1,0.34782608695652173,0.15942028985507245,0.18840579710144928,1.0
synthetic_lowsep,2,8,412,0,8,2,5,5,1,1,0.4444444444444444,0.18888888888888888,0.25555555555555554,1.0
synthetic_lowsep,2,8,412,0,8,3,5,4,1,1,0.5714285714285714,0.23214285714285715,0.33928571428571425,1.0
synthetic_lowsep,2,8,412,0,8,4,5,3,1,1,0.5714285714285714,0.3095238095238095,0.2619047619047619,1.0
synthetic_lowsep,2,8,412,0,8,5,5,3,1,1,0.6153846153846154,0.3333333333333333,0.2820512820512821,1.0
synthetic_lowsep,2,8,412,0,8,6,6,2,1,1,1.0,0.5,0.5,1.0
synthetic_lowsep,2,8,470,1,5,1,1,2,1,1,0.75,0.5,0.25,1.0
synthetic_lowsep,2,8,487,0,3,1,1,2,1,1,0.782608695652174,0.5,0.28260869565217395,1.0
synthetic_lowsep,2,8,493,1,3,1,2,2,1,1,0.963963963963964,0.5,0.463963963963964,1.0
synthetic_lowsep,2,8,561,0,7,1,3,3,1,1,0.6086956521739131,0.33333333333333337,0.2753623188405797,1.0
synthetic_lowsep,2,8,561,0,7,2,3,2,1,1,0.7777777777777778,0.5,0.2777777777777778,1.0
synthetic_lowsep,2,8,612,0,8,1,5,6,1,1,0.34782608695652173,0.15942028985507245,0.18840579710144928,1.0
synthetic_lowsep,2,8,612,0,8,2,5,5,1,1,0.4444444444444444,0.18888888888888888,0.25555555555555554,1.0
synthetic_lowsep,2,8,612,0,8,3,5,4,1,1,0.5714285714285714,0.23214285714285715,0.33928571428571425,1.0
synthetic_lowsep,2,8,612,0,8,4,5,3,1,1,0.5714285714285714,0.3095238095238095,0.2619047619047619,1.0
synthetic_lowsep,2,8,612,0,8,5,5,3,1,1,0.6153846153846154,0.3333333333333333,0.2820512820512821,1.0
synthetic_lowsep,2,8,612,0,8,6,7,2,1,1,1.0,0.5,0.5,1.0
synthetic_lowsep,2,8,675,0,7,1,3,3,1,1,0.6086956521739131,0.33333333333333337,0.2753623188405797,1.0
synthetic_lowsep,2,8,675,0,7,2,3,2,1,1,0.7777777777777778,0.5,0.2777777777777778,1.0
synthetic_lowsep,2,8,785,0,8,1,5,6,1,1,0.34782608695652173,0.15942028985507245,0.18840579710144928,1.0
synthetic_lowsep,2,8,785,0,8,2,5,5,1,1,0.4444444444444444,0.18888888888888888,0.25555555555555554,1.0
synthetic_lowsep,2,8,785,0,8,3,5,4,1,1,0.5714285714285714,0.23214285714285715,0.33928571428571425,1.0
synthetic_lowsep,2,8,785,0,8,4,5,3,1,1,0.5714285714285714,0.3095238095238095,0.2619047619047619,1.0
synthetic_lowsep,2,8,785,0,8,5,5,3,1,1,0.6153846153846154,0.3333333333333333,0.2820512820512821,1.0
synthetic_lowsep,2,8,785,0,8,6,7,2,1,1,1.0,0.5,0.5,1.0
synthetic_lowsep,3,4,35,0,4,1,1,2,1,1,0.8444444444444444,0.4888888888888889,0.35555555555555557,1.0
synthetic_lowsep,3,4,67,1,4,1,2,3,1,1,0.6923076923076923,0.3333333333333333,0.358974358974359,1.0
synthetic_lowsep,3,4,67,1,4,2,2,2,1,1,0.7682926829268293,0.5,0.2682926829268293,1.0
synthetic_lowsep,3,4,107,0,4,1,1,2,1,1,0.8444444444444444,0.4888888888888889,0.35555555555555557,1.0
synthetic_lowsep,3,4,180,1,4,1,1,3,1,1,0.7916666666666666,0.3333333333333333,0.4583333333333333,1.0
synthetic_lowsep,3,4,180,1,4,2,2,2,1,1,1.0,0.5,0.5,1.0
synthetic_lowsep,3,4,202,0,4,1,1,3,1,1,0.8444444444444444,0.3333333333333333,0.5111111111111111,1.0
synthetic_lowsep,3,4,202,0,4,2,3,2,1,1,0.8571428571428571,0.5,0.3571428571428571,1.0
synthetic_lowsep,3,4,279,0,4,1,1,3,1,1,0.7,0.33333333333333337,0.3666666666666666,1.0
synthetic_lowsep,3,4,279,0,4,2,2,2,1,1,0.8333333333333334,0.5,0.33333333333333337,1.0
synthetic_lowsep,3,4,293,0,4,1,1,2,1,1,0.8444444444444444,0.4888888888888889,0.35555555555555557,1.0
synthetic_lowsep,3,4,419,1,4,1,1,2,1,1,0.7916666666666666,0.5,0.29166666666666663,1.0
synthetic_lowsep,3,4,435,1,4,1,2,3,1,1,0.6923076923076923,0.3333333333333333,0.358974358974359,1.0
synthetic_lowsep,3,4,435,1,4,2,2,2,1,1,0.7682926829268293,0.5,0.2682926829268293,1.0
synthetic_lowsep,3,4,463,0,4,1,1,3,1,1,0.3,0.33333333333333337,-0.03333333333333338,0.0
synthetic_lowsep,3,4,463,0,4,2,2,2,1,1,0.5357142857142857,0.5,0.0357142857142857,1.0
synthetic_lowsep,3,4,503,1,4,1,1,2,1,1,0.9010989010989011,0.45054945054945056,0.45054945054945056,1.0
synthetic_lowsep,3,4,513,1,4,1,1,2,1,1,0.9010989010989011,0.45054945054945056,0.45054945054945056,1.0
synthetic_lowsep,3,4,561,1,3,1,1,2,1,1,0.9010989010989011,0.5,0.4010989010989011,1.0
synthetic_lowsep,3,4,566,0,4,1,1,3,1,1,0.7,0.33333333333333337,0.3666666666666666,1.0
synthetic_lowsep,3,4,566,0,4,2,2,2,1,1,0.8333333333333334,0.5,0.33333333333333337,1.0
synthetic_lowsep,3,4,614,1,4,1,1,2,1,1,0.9010989010989011,0.45054945054945056,0.45054945054945056,1.0
synthetic_lowsep,3,4,645,0,4,1,1,2,1,1,0.8444444444444444,0.4888888888888889,0.35555555555555557,1.0
synthetic_lowsep,3,4,686,1,4,1,1,2,1,1,0.9010989010989011,0.45054945054945056,0.45054945054945056,1.0
synthetic_lowsep,3,4,693,1,4,1,2,2,1,1,0.5,0.3541666666666667,0.14583333333333331,1.0
synthetic_lowsep,3,4,777,0,4,1,1,2,1,1,0.8444444444444444,0.4888888888888889,0.35555555555555557,1.0
synthetic_lowsep,3,4,793,0,4,1,1,2,1,1,0.8444444444444444,0.4888888888888889,0.35555555555555557,1.0
synthetic_lowsep,3,8,35,0,8,1,1,5,1,1,0.5098039215686274,0.16862745098039214,0.3411764705882353,1.0
synthetic_lowsep,3,8,35,0,8,2,2,4,1,1,0.48,0.17,0.30999999999999994,1.0
synthetic_lowsep,3,8,35,0,8,3,6,3,1,1,0.38461538461538464,0.12820512820512822,0.2564102564102564,0.0
synthetic_lowsep,3,8,35,0,8,4,6,3,1,1,0.4166666666666667,0.1388888888888889,0.2777777777777778,0.0
synthetic_lowsep,3,8,35,0,8,5,6,2,1,1,0.4166666666666667,0.20833333333333334,0.20833333333333334,0.0
synthetic_lowsep,3,8,35,0,8,6,6,2,1,1,1.0,0.5,0.5,1.0
synthetic_lowsep,3,8,67,1,4,1,2,3,1,1,0.6,0.3333333333333333,0.26666666666666666,1.0
synthetic_lowsep,3,8,67,1,4,2,2,2,1,1,0.796875,0.5,0.296875,1.0
synthetic_lowsep,3,8,107,0,8,1,1,5,1,1,0.5098039215686274,0.16862745098039214,0.3411764705882353,1.0
synthetic_lowsep,3,8,107,0,8,2,2,4,1,1,0.48,0.17,0.30999999999999994,1.0
synthetic_lowsep,3,8,107,0,8,3,6,3,1,1,0.38461538461538464,0.12820512820512822,0.2564102564102564,0.0
synthetic_lowsep,3,8,107,0,8,4,6,3,1,1,0.4166666666666667,0.1388888888888889,0.2777777777777778,0.0
synthetic_lowsep,3,8,107,0,8,5,6,2,1,1,0.4166666666666667,0.20833333333333334,0.20833333333333334,0.0
synthetic_lowsep,3,8,107,0,8,6,6,2,1,1,1.0,0.5,0.5,1.0
synthetic_lowsep,3,8,180,0,6,1,1,3,1,1,0.37209302325581395,0.31007751937984496,0.06201550387596899,1.0
synthetic_lowsep,3,8,180,0,6,2,3,2,1,1,0.4444444444444444,0.4444444444444444,0.0,1.0
synthetic_lowsep,3,8,202,0,8,1,1,4,1,1,0.5098039215686274,0.22058823529411764,0.2892156862745098,1.0
synthetic_lowsep,3,8,202,0,8,2,2,3,1,1,0.52,0.2533333333333333,0.2666666666666667,1.0
synthetic_lowsep,3,8,202,0,8,3,3,2,1,1,0.5,0.25,0.25,1.0
synthetic_lowsep,3,8,279,0,8,1,1,3,1,1,0.627906976744186,0.31007751937984496,0.3178294573643411,1.0
synthetic_lowsep,3,8,279,0,8,2,2,2,1,1,0.6875,0.40625,0.28125,1.0
synthetic_lowsep,3,8,293,0,8,1,1,5,1,1,0.5098039215686274,0.16862745098039214,0.3411764705882353,1.0
synthetic_lowsep,3,8,293,0,8,2,2,4,1,1,0.48,0.17,0.30999999999999994,1.0
synthetic_lowsep,3,8,293,0,8,3,6,3,1,1,0.38461538461538464,0.12820512820512822,0.2564102564102564,0.0
synthetic_lowsep,3,8,293,0,8,4,6,3,1,1,0.4166666666666667,0.1388888888888889,0.2777777777777778,0.0
synthetic_lowsep,3,8,293,0,8,5,6,2,1,1,0.4166666666666667,0.20833333333333334,0.20833333333333334,0.0
synthetic_lowsep,3,8,293,0,8,6,6,2,1,1,1.0,0.5,0.5,1.0
synthetic_lowsep,3,8,419,1,4,1,1,2,1,1,0.7142857142857143,0.5,0.2142857142857143,1.0
synthetic_lowsep,3,8,435,1,4,1,2,3,1,1,0.6,0.3333333333333333,0.26666666666666666,1.0
synthetic_lowsep,3,8,435,1,4,2,2,2,1,1,0.796875,0.5,0.296875,1.0
synthetic_lowsep,3,8,463,0,4,1,1,3,1,1,0.37209302325581395,0.33333333333333337,0.03875968992248058,1.0
synthetic_lowsep,3,8,463,0,4,2,2,2,1,1,0.5555555555555556,0.5,0.05555555555555558,1.0
synthetic_lowsep,3,8,503,0,8,1,1,4,1,1,0.49019607843137253,0.25,0.24019607843137253,1.0
synthetic_lowsep,3,8,503,0,8,2,2,3,1,1,0.5384615384615384,0.3333333333333333,0.20512820512820512,1.0
synthetic_lowsep,3,8,503,0,8,3,5,2,1,1,0.75,0.5,0.25,1.0
synthetic_lowsep,3,8,503,0,8,4,5,2,1,1,0.75,0.5,0.25,1.0
synthetic_lowsep,3,8,503,0,8,5,5,2,1,1,0.75,0.5,0.25,1.0
synthetic_lowsep,3,8,513,0,6,1,1,3,1,1,0.49019607843137253,0.3333333333333333,0.1568627450980392,1.0
synthetic_lowsep,3,8,513,0,6,2,4,2,1,1,0.46153846153846156,0.5,-0.038461538461538436,0.0
synthetic_lowsep,3,8,561,1,3,1,1,2,1,1,0.7529411764705882,0.5,0.2529411764705882,1.0
synthetic_lowsep,3,8,566,0,8,1,1,3,1,1,0.627906976744186,0.31007751937984496,0.3178294573643411,1.0
synthetic_lowsep,3,8,566,0,8,2,2,2,1,1,0.6875,0.40625,0.28125,1.0
synthetic_lowsep,3,8,614,0,8,1,1,4,1,1,0.49019607843137253,0.25,0.24019607843137253,1.0
synthetic_lowsep,3,8,614,0,8,2,2,3,1,1,0.5384615384615384,0.3333333333333333,0.20512820512820512,1.0
synthetic_lowsep,3,8,614,0,8,3,5,2,1,1,0.75,0.5,0.25,1.0
synthetic_lowsep,3,8,614,0,8,4,5,2,1,1,0.75,0.5,0.25,1.0
synthetic_lowsep,3,8,614,0,8,5,5,2,1,1,0.75,0.5,0.25,1.0
synthetic_lowsep,3,8,645,0,8,1,1,5,1,1,0.5098039215686274,0.16862745098039214,0.3411764705882353,1.0
synthetic_lowsep,3,8,645,0,8,2,2,4,1,1,0.48,0.17,0.30999999999999994,1.0
synthetic_lowsep,3,8,645,0,8,3,6,3,1,1,0.38461538461538464,0.12820512820512822,0.2564102564102564,0.0
synthetic_lowsep,3,8,645,0,8,4,6,3,1,1,0.4166666666666667,0.1388888888888889,0.2777777777777778,0.0
synthetic_lowsep,3,8,645,0,8,5,6,2,1,1,0.4166666666666667,0.20833333333333334,0.20833333333333334,0.0
synthetic_lowsep,3,8,645,0,8,6,6,2,1,1,1.0,0.5,0.5,1.0
synthetic_lowsep,3,8,686,1,6,1,1,3,1,1,0.7529411764705882,0.27058823529411763,0.4823529411764706,1.0
synthetic_lowsep,3,8,686,1,6,2,5,2,1,1,0.23809523809523808,0.11904761904761904,0.11904761904761904,0.0
synthetic_lowsep,3,8,693,1,6,1,2,2,1,1,0.42857142857142855,0.35714285714285715,0.0714285714285714,1.0
synthetic_lowsep,3,8,777,1,7,1,5,4,1,1,0.36470588235294116,0.2411764705882353,0.12352941176470586,1.0
synthetic_lowsep,3,8,777,1,7,2,5,3,1,1,0.484375,0.3177083333333333,0.16666666666666669,1.0
synthetic_lowsep,3,8,777,1,7,3,5,2,1,1,0.6078431372549019,0.47058823529411764,0.13725490196078427,1.0
synthetic_lowsep,3,8,777,1,7,4,5,2,1,1,0.6078431372549019,0.47058823529411764,0.13725490196078427,1.0
synthetic_lowsep,3,8,793,0,8,1,1,5,1,1,0.5098039215686274,0.16862745098039214,0.3411764705882353,1.0
synthetic_lowsep,3,8,793,0,8,2,2,4,1,1,0.48,0.17,0.30999999999999994,1.0
synthetic_lowsep,3,8,793,0,8,3,6,3,1,1,0.38461538461538464,0.12820512820512822,0.2564102564102564,0.0
synthetic_lowsep,3,8,793,0,8,4,6,3,1,1,0.4166666666666667,0.1388888888888889,0.2777777777777778,0.0
synthetic_lowsep,3,8,793,0,8,5,6,2,1,1,0.4166666666666667,0.20833333333333334,0.20833333333333334,0.0
synthetic_lowsep,3,8,793,0,8,6,6,2,1,1,1.0,0.5,0.5,1.0
synthetic_lowsep,4,4,37,0,4,1,1,3,1,1,0.7777777777777778,0.3333333333333333,0.4444444444444445,1.0
synthetic_lowsep,4,4,37,0,4,2,3,2,1,1,1.0,0.5,0.5,1.0
synthetic_lowsep,4,4,41,0,4,1,2,2,1,1,0.6851851851851852,0.4537037037037037,0.2314814814814815,1.0
synthetic_lowsep,4,4,67,0,4,1,2,2,1,1,0.6851851851851852,0.4537037037037037,0.2314814814814815,1.0
synthetic_lowsep,4,4,70,1,4,1,1,3,1,1,0.8220338983050848,0.33333333333333337,0.4887005649717514,1.0
synthetic_lowsep,4,4,70,1,4,2,3,2,1,1,0.42857142857142855,0.5,-0.07142857142857145,0.0
synthetic_lowsep,4,4,141,1,4,1,3,3,1,1,0.5338983050847458,0.33333333333333337,0.2005649717514124,1.0
synthetic_lowsep,4,4,141,1,4,2,3,2,1,1,0.6494845360824743,0.5,0.14948453608247425,1.0
synthetic_lowsep,4,4,197,0,4,1,1,3,1,1,0.7777777777777778,0.3333333333333333,0.4444444444444445,1.0
synthetic_lowsep,4,4,197,0,4,2,3,2,1,1,1.0,0.5,0.5,1.0
synthetic_lowsep,4,4,248,0,4,1,1,3,1,1,0.7777777777777778,0.3333333333333333,0.4444444444444445,1.0
synthetic_lowsep,4,4,248,0,4,2,3,2,1,1,1.0,0.5,0.5,1.0
synthetic_lowsep,4,4,330,0,4,1,1,3,1,1,0.7777777777777778,0.3333333333333333,0.4444444444444445,1.0
synthetic_lowsep,4,4,330,0,4,2,3,2,1,1,1.0,0.5,0.5,1.0
synthetic_lowsep,4,4,345,0,4,1,1,3,1,1,0.7777777777777778,0.3333333333333333,0.4444444444444445,1.0
synthetic_lowsep,4,4,345,0,4,2,2,2,1,1,1.0,0.5,0.5,1.0
synthetic_lowsep,4,4,361,1,4,1,1,3,1,1,0.8220338983050848,0.33333333333333337,0.4887005649717514,1.0
synthetic_lowsep,4,4,361,1,4,2,3,2,1,1,0.42857142857142855,0.5,-0.07142857142857145,0.0
synthetic_lowsep,4,4,382,0,4,1,1,3,1,1,0.7777777777777778,0.3333333333333333,0.4444444444444445,1.0
synthetic_lowsep,4,4,382,0,4,2,2,2,1,1,1.0,0.5,0.5,1.0
synthetic_lowsep,4,4,405,0,4,1,1,3,1,1,0.7777777777777778,0.3333333333333333,0.4444444444444445,1.0
synthetic_lowsep,4,4,405,0,4,2,3,2,1,1,1.0,0.5,0.5,1.0
synthetic_lowsep,4,4,436,1,4,1,1,3,1,1,0.8220338983050848,0.33333333333333337,0.4887005649717514,1.0
synthetic_lowsep,4,4,436,1,4,2,3,2,1,1,0.42857142857142855,0.5,-0.07142857142857145,0.0
synthetic_lowsep,4,4,495,0,4,1,1,3,1,1,0.7777777777777778,0.3333333333333333,0.4444444444444445,1.0
synthetic_lowsep,4,4,495,0,4,2,3,2,1,1,1.0,0.5,0.5,1.0
synthetic_lowsep,4,4,584,0,4,1,1,3,1,1,0.7777777777777778,0.3333333333333333,0.4444444444444445,1.0
synthetic_lowsep,4,4,584,0,4,2,3,2,1,1,1.0,0.5,0.5,1.0
synthetic_lowsep,4,4,598,1,4,1,3,3,1,1,0.5338983050847458,0.33333333333333337,0.2005649717514124,1.0
synthetic_lowsep,4,4,598,1,4,2,3,2,1,1,0.6494845360824743,0.5,0.14948453608247425,1.0
synthetic_lowsep,4,4,604,1,4,1,1,3,1,1,0.8220338983050848,0.33333333333333337,0.4887005649717514,1.0
synthetic_lowsep,4,4,604,1,4,2,3,2,1,1,0.42857142857142855,0.5,-0.07142857142857145,0.0
synthetic_lowsep,4,4,748,0,4,1,1,3,1,1,0.7777777777777778,0.3333333333333333,0.4444444444444445,1.0
synthetic_lowsep,4,4,748,0,4,2,2,2,1,1,1.0,0.5,0.5,1.0
synthetic_lowsep,4,8,37,0,8,1,1,6,1,1,0.589041095890411,0.16210045662100458,0.4269406392694064,1.0
synthetic_lowsep,4,8,37,0,8,2,4,5,1,1,0.3,0.18666666666666665,0.11333333333333334,1.0
synthetic_lowsep,4,8,37,0,8,3,4,4,1,1,0.375,0.22916666666666666,0.14583333333333334,1.0
synthetic_lowsep,4,8,37,0,8,4,4,3,1,1,0.5625,0.2916666666666667,0.2708333333333333,1.0
synthetic_lowsep,4,8,37,0,8,5,6,2,1,1,0.5714285714285714,0.35714285714285715,0.21428571428571425,1.0
synthetic_lowsep,4,8,41,0,8,1,2,2,1,1,0.4931506849315068,0.4520547945205479,0.0410958904109589,1.0
synthetic_lowsep,4,8,67,0,8,1,2,2,1,1,0.4931506849315068,0.4520547945205479,0.0410958904109589,1.0
synthetic_lowsep,4,8,70,1,7,1,1,4,1,1,0.797979797979798,0.25,0.547979797979798,1.0
synthetic_lowsep,4,8,70,1,7,2,2,3,1,1,0.5,0.33333333333333337,0.16666666666666663,1.0
synthetic_lowsep,4,8,70,1,7,3,3,2,1,1,0.4,0.5,-0.09999999999999998,0.0
synthetic_lowsep,4,8,141,1,5,1,2,4,1,1,0.2828282828282828,0.25,0.03282828282828282,0.0
synthetic_lowsep,4,8,141,1,5,2,2,3,1,1,0.35443037974683544,0.3333333333333333,0.02109704641350213,0.0
synthetic_lowsep,4,8,141,1,5,3,3,2,1,1,0.9215686274509803,0.5,0.42156862745098034,1.0
synthetic_lowsep,4,8,197,0,8,1,1,6,1,1,0.589041095890411,0.16210045662100458,0.4269406392694064,1.0
synthetic_lowsep,4,8,197,0,8,2,4,5,1,1,0.3,0.18666666666666665,0.11333333333333334,1.0
synthetic_lowsep,4,8,197,0,8,3,4,4,1,1,0.375,0.22916666666666666,0.14583333333333334,1.0
synthetic_lowsep,4,8,197,0,8,4,4,3,1,1,0.5625,0.2916666666666667,0.2708333333333333,1.0
synthetic_lowsep,4,8,197,0,8,5,6,2,1,1,0.5714285714285714,0.35714285714285715,0.21428571428571425,1.0
synthetic_lowsep,4,8,248,1,7,1,2,4,1,1,0.2828282828282828,0.21717171717171718,0.06565656565656564,0.0
synthetic_lowsep,4,8,248,1,7,2,2,3,1,1,0.35443037974683544,0.27848101265822783,0.07594936708860761,0.0
synthetic_lowsep,4,8,248,1,7,3,4,2,1,1,0.6666666666666666,0.37254901960784315,0.2941176470588235,1.0
synthetic_lowsep,4,8,330,0,8,1,1,5,1,1,0.589041095890411,0.19726027397260273,0.3917808219178083,1.0
synthetic_lowsep,4,8,330,0,8,2,6,4,1,1,0.26666666666666666,0.24166666666666667,0.024999999999999994,1.0
synthetic_lowsep,4,8,330,0,8,3,6,3,1,1,0.3333333333333333,0.3194444444444445,0.01388888888888884,1.0
synthetic_lowsep,4,8,330,0,8,4,6,2,1,1,0.5,0.46875,0.03125,1.0
synthetic_lowsep,4,8,345,0,7,1,1,3,1,1,0.589041095890411,0.32420091324200917,0.2648401826484018,1.0
synthetic_lowsep,4,8,345,0,7,2,2,2,1,1,0.8,0.4666666666666667,0.33333333333333337,1.0
synthetic_lowsep,4,8,361,1,7,1,1,4,1,1,0.797979797979798,0.25,0.547979797979798,1.0
synthetic_lowsep,4,8,361,1,7,2,2,3,1,1,0.5,0.33333333333333337,0.16666666666666663,1.0
synthetic_lowsep,4,8,361,1,7,3,3,2,1,1,0.4,0.5,-0.09999999999999998,0.0
synthetic_lowsep,4,8,382,0,7,1,1,3,1,1,0.589041095890411,0.32420091324200917,0.2648401826484018,1.0
synthetic_lowsep,4,8,382,0,7,2,2,2,1,1,0.8,0.4666666666666667,0.33333333333333337,1.0
synthetic_lowsep,4,8,405,1,7,1,2,4,1,1,0.2828282828282828,0.21717171717171718,0.06565656565656564,0.0
synthetic_lowsep,4,8,405,1,7,2,2,3,1,1,0.35443037974683544,0.27848101265822783,0.07594936708860761,0.0
synthetic_lowsep,4,8,405,1,7,3,4,2,1,1,0.6666666666666666,0.37254901960784315,0.2941176470588235,1.0
synthetic_lowsep,4,8,436,1,7,1,1,4,1,1,0.797979797979798,0.23484848484848486,0.5631313131313131,1.0
synthetic_lowsep,4,8,436,1,7,2,2,3,1,1,0.5,0.23333333333333334,0.26666666666666666,1.0
synthetic_lowsep,4,8,436,1,7,3,3,2,1,1,0.4,0.2,0.2,0.0
synthetic_lowsep,4,8,495,0,8,1,1,5,1,1,0.589041095890411,0.19726027397260273,0.3917808219178083,1.0
synthetic_lowsep,4,8,495,0,8,2,4,4,1,1,0.3,0.24166666666666667,0.05833333333333332,1.0
synthetic_lowsep,4,8,495,0,8,3,4,3,1,1,0.375,0.3194444444444445,0.055555555555555525,1.0
synthetic_lowsep,4,8,495,0,8,4,4,2,1,1,0.5625,0.46875,0.09375,1.0
synthetic_lowsep,4,8,584,0,8,1,1,5,1,1,0.589041095890411,0.19726027397260273,0.3917808219178083,1.0
synthetic_lowsep,4,8,584,0,8,2,6,4,1,1,0.26666666666666666,0.24166666666666667,0.024999999999999994,1.0
synthetic_lowsep,4,8,584,0,8,3,6,3,1,1,0.3333333333333333,0.3194444444444445,0.01388888888888884,1.0
synthetic_lowsep,4,8,584,0,8,4,6,2,1,1,0.5,0.46875,0.03125,1.0
synthetic_lowsep,4,8,598,1,5,1,2,4,1,1,0.2828282828282828,0.25,0.03282828282828282,0.0
synthetic_lowsep,4,8,598,1,5,2,2,3,1,1,0.35443037974683544,0.3333333333333333,0.02109704641350213,0.0
synthetic_lowsep,4,8,598,1,5,3,3,2,1,1,0.9215686274509803,0.5,0.42156862745098034,1.0
synthetic_lowsep,4,8,604,1,7,1,1,4,1,1,0.797979797979798,0.25,0.547979797979798,1.0
synthetic_lowsep,4,8,604,1,7,2,2,3,1,1,0.5,0.33333333333333337,0.16666666666666663,1.0
synthetic_lowsep,4,8,604,1,7,3,3,2,1,1,0.4,0.5,-0.09999999999999998,0.0
synthetic_lowsep,4,8,748,0,7,1,1,3,1,1,0.589041095890411,0.32420091324200917,0.2648401826484018,1.0
synthetic_lowsep,4,8,748,0,7,2,2,2,1,1,0.8,0.4666666666666667,0.33333333333333337,1.0
synthetic_lowsep,5,4,11,0,4,1,3,3,1,1,0.875,0.33333333333333337,0.5416666666666666,1.0
synthetic_lowsep,5,4,11,0,4,2,3,2,1,1,1.0,0.5,0.5,1.0
synthetic_lowsep,5,4,212,0,4,1,3,3,1,1,0.875,0.33333333333333337,0.5416666666666666,1.0
synthetic_lowsep,5,4,212,0,4,2,3,2,1,1,1.0,0.5,0.5,1.0
synthetic_lowsep,5,4,219,0,4,1,3,3,1,1,0.875,0.33333333333333337,0.5416666666666666,1.0
synthetic_lowsep,5,4,219,0,4,2,3,2,1,1,1.0,0.5,0.5,1.0
synthetic_lowsep,5,4,237,0,4,1,3,3,1,1,0.875,0.33333333333333337,0.5416666666666666,1.0
synthetic_lowsep,5,4,237,0,4,2,3,2,1,1,1.0,0.5,0.5,1.0
synthetic_lowsep,5,4,247,0,4,1,1,2,1,1,0.875,0.4875,0.3875,1.0
synthetic_lowsep,5,4,339,1,4,1,1,2,1,1,0.863013698630137,0.4931506849315068,0.36986301369863017,1.0
synthetic_lowsep,5,4,409,1,4,1,2,3,1,1,0.6301369863013698,0.3333333333333333,0.2968036529680365,1.0
synthetic_lowsep,5,4,409,1,4,2,2,2,1,1,0.7301587301587301,0.5,0.23015873015873012,1.0
synthetic_lowsep,5,4,496,1,4,1,2,3,1,1,0.6301369863013698,0.3333333333333333,0.2968036529680365,1.0
synthetic_lowsep,5,4,496,1,4,2,2,2,1,1,0.7301587301587301,0.5,0.23015873015873012,1.0
synthetic_lowsep,5,4,524,1,4,1,2,3,1,1,0.6301369863013698,0.3333333333333333,0.2968036529680365,1.0
synthetic_lowsep,5,4,524,1,4,2,2,2,1,1,0.7301587301587301,0.5,0.23015873015873012,1.0
synthetic_lowsep,5,4,529,1,4,1,2,3,1,1,0.6301369863013698,0.3333333333333333,0.2968036529680365,1.0
synthetic_lowsep,5,4,529,1,4,2,2,2,1,1,0.7301587301587301,0.5,0.23015873015873012,1.0
synthetic_lowsep,5,4,631,1,4,1,2,3,1,1,0.6301369863013698,0.3333333333333333,0.2968036529680365,1.0
synthetic_lowsep,5,4,631,1,4,2,2,2,1,1,0.7301587301587301,0.5,0.23015873015873012,1.0
synthetic_lowsep,5,4,668,1,4,1,2,3,1,1,0.6301369863013698,0.3333333333333333,0.2968036529680365,1.0
synthetic_lowsep,5,4,668,1,4,2,2,2,1,1,0.7301587301587301,0.5,0.23015873015873012,1.0
synthetic_lowsep,5,4,702,0,4,1,1,3,1,1,0.875,0.33333333333333337,0.5416666666666666,1.0
synthetic_lowsep,5,4,702,0,4,2,3,2,1,1,0.8,0.5,0.30000000000000004,1.0
synthetic_lowsep,5,4,726,0,4,1,3,3,1,1,0.875,0.33333333333333337,0.5416666666666666,1.0
synthetic_lowsep,5,4,726,0,4,2,3,2,1,1,1.0,0.5,0.5,1.0
synthetic_lowsep,5,4,767,0,4,1,3,3,1,1,0.875,0.33333333333333337,0.5416666666666666,1.0
synthetic_lowsep,5,4,767,0,4,2,3,2,1,1,1.0,0.5,0.5,1.0
synthetic_lowsep,5,4,787,1,4,1,2,3,1,1,0.6301369863013698,0.3333333333333333,0.2968036529680365,1.0
synthetic_lowsep,5,4,787,1,4,2,2,2,1,1,0.7301587301587301,0.5,0.23015873015873012,1.0
synthetic_lowsep,5,8,11,1,6,1,2,4,1,1,0.42857142857142855,0.24725274725274726,0.18131868131868129,1.0
synthetic_lowsep,5,8,11,1,6,2,2,3,1,1,0.46987951807228917,0.3293172690763052,0.14056224899598396,1.0
synthetic_lowsep,5,8,11,1,6,3,3,2,1,1,0.6590909090909091,0.48863636363636365,0.17045454545454541,1.0
synthetic_lowsep,5,8,212,1,6,1,2,4,1,1,0.42857142857142855,0.24725274725274726,0.18131868131868129,1.0
synthetic_lowsep,5,8,212,1,6,2,2,3,1,1,0.46987951807228917,0.3293172690763052,0.14056224899598396,1.0
synthetic_lowsep,5,8,212,1,6,3,3,2,1,1,0.6590909090909091,0.48863636363636365,0.17045454545454541,1.0
synthetic_lowsep,5,8,219,0,6,1,3,3,1,1,0.6612903225806451,0.3225806451612903,0.3387096774193548,1.0
synthetic_lowsep,5,8,219,0,6,2,3,2,1,1,0.82,0.48,0.33999999999999997,1.0
synthetic_lowsep,5,8,237,0,6,1,3,3,1,1,0.6612903225806451,0.3225806451612903,0.3387096774193548,1.0
synthetic_lowsep,5,8,237,0,6,2,3,2,1,1,0.82,0.48,0.33999999999999997,1.0
synthetic_lowsep,5,8,247,1,6,1,1,3,1,1,0.9120879120879121,0.31868131868131866,0.5934065934065934,1.0
synthetic_lowsep,5,8,247,1,6,2,4,2,1,1,0.5,0.25,0.25,1.0
synthetic_lowsep,5,8,339,1,4,1,1,2,1,1,0.9120879120879121,0.5,0.41208791208791207,1.0
synthetic_lowsep,5,8,409,0,8,1,4,7,1,1,0.3709677419354839,0.14285714285714288,0.228110599078341,1.0
synthetic_lowsep,5,8,409,0,8,2,4,6,1,1,0.46,0.16666666666666669,0.29333333333333333,1.0
synthetic_lowsep,5,8,409,0,8,3,4,5,1,1,0.5348837209302325,0.19999999999999998,0.33488372093023255,1.0
synthetic_lowsep,5,8,409,0,8,4,4,4,1,1,0.5609756097560976,0.25,0.3109756097560976,1.0
synthetic_lowsep,5,8,409,0,8,5,6,3,1,1,0.4444444444444444,0.3333333333333333,0.1111111111111111,0.0
synthetic_lowsep,5,8,409,0,8,6,6,2,1,1,1.0,0.5,0.5,1.0
synthetic_lowsep,5,8,496,0,8,1,1,5,1,1,0.1935483870967742,0.1870967741935484,0.006451612903225795,0.0
synthetic_lowsep,5,8,496,0,8,2,5,4,1,1,0.38,0.23,0.15,1.0
synthetic_lowsep,5,8,496,0,8,3,5,3,1,1,0.4418604651162791,0.3023255813953488,0.13953488372093026,1.0
synthetic_lowsep,5,8,496,0,8,4,5,2,1,1,0.4634146341463415,0.45121951219512196,0.012195121951219523,1.0
synthetic_lowsep,5,8,524,0,8,1,4,5,1,1,0.3709677419354839,0.16774193548387098,0.2032258064516129,1.0
synthetic_lowsep,5,8,524,0,8,2,4,4,1,1,0.46,0.2,0.26,1.0
synthetic_lowsep,5,8,524,0,8,3,4,3,1,1,0.5348837209302325,0.2558139534883721,0.2790697674418604,1.0
synthetic_lowsep,5,8,524,0,8,4,4,2,1,1,0.5609756097560976,0.3780487804878049,0.18292682926829273,1.0
synthetic_lowsep,5,8,529,0,8,1,4,7,1,1,0.3709677419354839,0.14285714285714288,0.228110599078341,1.0
synthetic_lowsep,5,8,529,0,8,2,4,6,1,1,0.46,0.16666666666666669,0.29333333333333333,1.0
synthetic_lowsep,5,8,529,0,8,3,4,5,1,1,0.5348837209302325,0.19999999999999998,0.33488372093023255,1.0
synthetic_lowsep,5,8,529,0,8,4,4,4,1,1,0.5609756097560976,0.25,0.3109756097560976,1.0
synthetic_lowsep,5,8,529,0,8,5,6,3,1,1,0.4444444444444444,0.3333333333333333,0.1111111111111111,0.0
synthetic_lowsep,5,8,529,0,8,6,6,2,1,1,1.0,0.5,0.5,1.0
synthetic_lowsep,5,8,631,0,8,1,4,6,1,1,0.3709677419354839,0.14516129032258066,0.22580645161290322,1.0
synthetic_lowsep,5,8,631,0,8,2,4,5,1,1,0.46,0.168,0.29200000000000004,1.0
synthetic_lowsep,5,8,631,0,8,3,4,4,1,1,0.5348837209302325,0.20348837209302326,0.3313953488372092,1.0
synthetic_lowsep,5,8,631,0,8,4,4,3,1,1,0.5609756097560976,0.2682926829268293,0.29268292682926833,1.0
synthetic_lowsep,5,8,631,0,8,5,5,2,1,1,0.5555555555555556,0.2777777777777778,0.2777777777777778,1.0
synthetic_lowsep,5,8,668,0,8,1,4,5,1,1,0.3709677419354839,0.16774193548387098,0.2032258064516129,1.0
synthetic_lowsep,5,8,668,0,8,2,4,4,1,1,0.46,0.2,0.26,1.0
synthetic_lowsep,5,8,668,0,8,3,4,3,1,1,0.5348837209302325,0.2558139534883721,0.2790697674418604,1.0
synthetic_lowsep,5,8,668,0,8,4,4,2,1,1,0.5609756097560976,0.3780487804878049,0.18292682926829273,1.0
synthetic_lowsep,5,8,702,1,4,1,1,2,1,1,0.9120879120879121,0.5,0.41208791208791207,1.0
synthetic_lowsep,5,8,726,0,6,1,3,3,1,1,0.6612903225806451,0.3225806451612903,0.3387096774193548,1.0
synthetic_lowsep,5,8,726,0,6,2,3,2,1,1,0.82,0.48,0.33999999999999997,1.0
synthetic_lowsep,5,8,767,0,6,1,3,3,1,1,0.6612903225806451,0.3225806451612903,0.3387096774193548,1.0
synthetic_lowsep,5,8,767,0,6,2,3,2,1,1,0.82,0.48,0.33999999999999997,1.0
synthetic_lowsep,5,8,787,0,8,1,4,5,1,1,0.3709677419354839,0.16774193548387098,0.2032258064516129,1.0
synthetic_lowsep,5,8,787,0,8,2,4,4,1,1,0.46,0.2,0.26,1.0
synthetic_lowsep,5,8,787,0,8,3,4,3,1,1,0.5348837209302325,0.2558139534883721,0.2790697674418604,1.0
synthetic_lowsep,5,8,787,0,8,4,4,2,1,1,0.5609756097560976,0.3780487804878049,0.18292682926829273,1.0
synthetic_lowsep,6,4,101,0,4,1,3,3,1,1,0.6578947368421053,0.3333333333333333,0.324561403508772,1.0
synthetic_lowsep,6,4,101,0,4,2,3,2,1,1,1.0,0.5,0.5,1.0
synthetic_lowsep,6,4,221,0,4,1,2,3,1,1,0.6578947368421053,0.3333333333333333,0.324561403508772,1.0
synthetic_lowsep,6,4,221,0,4,2,2,2,1,1,1.0,0.5,0.5,1.0
synthetic_lowsep,6,4,243,0,4,1,2,3,1,1,0.6578947368421053,0.3333333333333333,0.324561403508772,1.0
synthetic_lowsep,6,4,243,0,4,2,2,2,1,1,1.0,0.5,0.5,1.0
synthetic_lowsep,6,4,250,0,4,1,2,3,1,1,0.6578947368421053,0.3333333333333333,0.324561403508772,1.0
synthetic_lowsep,6,4,250,0,4,2,2,2,1,1,1.0,0.5,0.5,1.0
synthetic_lowsep,6,4,263,0,4,1,2,3,1,1,0.6578947368421053,0.3333333333333333,0.324561403508772,1.0
synthetic_lowsep,6,4,263,0,4,2,2,2,1,1,1.0,0.5,0.5,1.0
synthetic_lowsep,6,4,311,1,4,1,2,3,1,1,0.704,0.3333333333333333,0.37066666666666664,1.0
synthetic_lowsep,6,4,311,1,4,2,2,2,1,1,0.7272727272727273,0.5,0.2272727272727273,1.0
synthetic_lowsep,6,4,338,0,4,1,2,3,1,1,0.6578947368421053,0.3333333333333333,0.324561403508772,1.0
synthetic_lowsep,6,4,338,0,4,2,2,2,1,1,1.0,0.5,0.5,1.0
synthetic_lowsep,6,4,357,0,4,1,2,3,1,1,0.6578947368421053,0.3333333333333333,0.324561403508772,1.0
synthetic_lowsep,6,4,357,0,4,2,2,2,1,1,1.0,0.5,0.5,1.0
synthetic_lowsep,6,4,385,0,4,1,2,3,1,1,0.6578947368421053,0.3333333333333333,0.324561403508772,1.0
synthetic_lowsep,6,4,385,0,4,2,2,2,1,1,1.0,0.5,0.5,1.0
synthetic_lowsep,6,4,521,0,4,1,2,3,1,1,0.6578947368421053,0.3333333333333333,0.324561403508772,1.0
synthetic_lowsep,6,4,521,0,4,2,2,2,1,1,1.0,0.5,0.5,1.0
synthetic_lowsep,6,4,635,0,4,1,2,3,1,1,0.6578947368421053,0.3333333333333333,0.324561403508772,1.0
synthetic_lowsep,6,4,635,0,4,2,2,2,1,1,1.0,0.5,0.5,1.0
synthetic_lowsep,6,4,647,0,4,1,2,3,1,1,0.6578947368421053,0.3333333333333333,0.324561403508772,1.0
synthetic_lowsep,6,4,647,0,4,2,2,2,1,1,1.0,0.5,0.5,1.0
synthetic_lowsep,6,4,674,0,4,1,2,3,1,1,0.6578947368421053,0.3333333333333333,0.324561403508772,1.0
synthetic_lowsep,6,4,674,0,4,2,2,2,1,1,1.0,0.5,0.5,1.0
synthetic_lowsep,6,4,712,0,4,1,2,3,1,1,0.6578947368421053,0.3333333333333333,0.324561403508772,1.0
synthetic_lowsep,6,4,712,0,4,2,2,2,1,1,1.0,0.5,0.5,1.0
synthetic_lowsep,6,4,739,0,4,1,2,3,1,1,0.6578947368421053,0.3333333333333333,0.324561403508772,1.0
synthetic_lowsep,6,4,739,0,4,2,2,2,1,1,1.0,0.5,0.5,1.0
synthetic_lowsep,6,8,101,0,7,1,2,4,1,1,0.3333333333333333,0.2324561403508772,0.10087719298245612,1.0
synthetic_lowsep,6,8,101,0,7,2,2,3,1,1,0.4222222222222222,0.3037037037037037,0.11851851851851852,1.0
synthetic_lowsep,6,8,101,0,7,3,3,2,1,1,0.6538461538461539,0.4230769230769231,0.23076923076923078,1.0
synthetic_lowsep,6,8,221,0,8,1,2,5,1,1,0.45614035087719296,0.1824561403508772,0.27368421052631575,1.0
synthetic_lowsep,6,8,221,0,8,2,2,4,1,1,0.5777777777777777,0.2222222222222222,0.3555555555555555,1.0
synthetic_lowsep,6,8,221,0,8,3,3,3,1,1,0.47368421052631576,0.2456140350877193,0.22807017543859645,1.0
synthetic_lowsep,6,8,221,0,8,4,5,2,1,1,0.3,0.25,0.04999999999999999,0.0
synthetic_lowsep,6,8,243,1,6,1,4,4,1,1,0.5566037735849056,0.25,0.30660377358490565,1.0
synthetic_lowsep,6,8,243,1,6,2,4,3,1,1,0.5841584158415841,0.3333333333333333,0.2508250825082508,1.0
synthetic_lowsep,6,8,243,1,6,3,4,2,1,1,0.855072463768116,0.5,0.35507246376811596,1.0
synthetic_lowsep,6,8,250,0,8,1,2,4,1,1,0.45614035087719296,0.2412280701754386,0.21491228070175436,1.0
synthetic_lowsep,6,8,250,0,8,2,2,3,1,1,0.5777777777777777,0.31851851851851853,0.2592592592592592,1.0
synthetic_lowsep,6,8,250,0,8,3,3,2,1,1,0.5263157894736842,0.4473684210526316,0.0789473684210526,1.0
synthetic_lowsep,6,8,263,0,8,1,2,5,1,1,0.45614035087719296,0.1824561403508772,0.27368421052631575,1.0
synthetic_lowsep,6,8,263,0,8,2,2,4,1,1,0.5777777777777777,0.2222222222222222,0.3555555555555555,1.0
synthetic_lowsep,6,8,263,0,8,3,3,3,1,1,0.47368421052631576,0.2456140350877193,0.22807017543859645,1.0
synthetic_lowsep,6,8,263,0,8,4,5,2,1,1,0.3,0.25,0.04999999999999999,0.0
synthetic_lowsep,6,8,311,1,8,1,2,5,1,1,0.6509433962264151,0.19622641509433963,0.4547169811320754,1.0
synthetic_lowsep,6,8,311,1,8,2,2,4,1,1,0.6831683168316832,0.24504950495049505,0.4381188118811882,1.0
synthetic_lowsep,6,8,311,1,8,3,3,3,1,1,0.75,0.3125,0.4375,1.0
synthetic_lowsep,6,8,311,1,8,4,4,2,1,1,0.75,0.375,0.375,1.0
synthetic_lowsep,6,8,338,0,8,1,2,6,1,1,0.45614035087719296,0.15204678362573099,0.30409356725146197,1.0
synthetic_lowsep,6,8,338,0,8,2,2,5,1,1,0.5777777777777777,0.17777777777777778,0.3999999999999999,1.0
synthetic_lowsep,6,8,338,0,8,3,3,4,1,1,0.47368421052631576,0.18421052631578946,0.2894736842105263,1.0
synthetic_lowsep,6,8,338,0,8,4,5,3,1,1,0.3,0.16666666666666669,0.1333333333333333,0.0
synthetic_lowsep,6,8,338,0,8,5,5,2,1,1,0.375,0.1875,0.1875,0.0
synthetic_lowsep,6,8,357,0,8,1,2,5,1,1,0.45614035087719296,0.1824561403508772,0.27368421052631575,1.0
synthetic_lowsep,6,8,357,0,8,2,2,4,1,1,0.5777777777777777,0.2222222222222222,0.3555555555555555,1.0
synthetic_lowsep,6,8,357,0,8,3,3,3,1,1,0.47368421052631576,0.2456140350877193,0.22807017543859645,1.0
synthetic_lowsep,6,8,357,0,8,4,5,2,1,1,0.3,0.25,0.04999999999999999,0.0
synthetic_lowsep,6,8,385,0,8,1,2,5,1,1,0.45614035087719296,0.1824561403508772,0.27368421052631575,1.0
synthetic_lowsep,6,8,385,0,8,2,2,4,1,1,0.5777777777777777,0.2222222222222222,0.3555555555555555,1.0
synthetic_lowsep,6,8,385,0,8,3,3,3,1,1,0.47368421052631576,0.2456140350877193,0.22807017543859645,1.0
synthetic_lowsep,6,8,385,0,8,4,5,2,1,1,0.3,0.25,0.04999999999999999,0.0
synthetic_lowsep,6,8,516,1,7,1,4,2,1,1,0.1111111111111111,0.05555555555555555,0.05555555555555555,0.0
synthetic_lowsep,6,8,516,1,7,2,4,2,1,1,0.14285714285714285,0.07142857142857142,0.07142857142857142,0.0
synthetic_lowsep,6,8,516,1,7,3,4,2,1,1,0.14285714285714285,0.07142857142857142,0.07142857142857142,0.0
synthetic_lowsep,6,8,521,0,6,1,2,4,1,1,0.45614035087719296,0.2412280701754386,0.21491228070175436,1.0
synthetic_lowsep,6,8,521,0,6,2,2,3,1,1,0.5777777777777777,0.31851851851851853,0.2592592592592592,1.0
synthetic_lowsep,6,8,521,0,6,3,3,2,1,1,0.5263157894736842,0.4473684210526316,0.0789473684210526,1.0
synthetic_lowsep,6,8,635,1,8,1,3,4,1,1,0.5566037735849056,0.2358490566037736,0.32075471698113206,1.0
synthetic_lowsep,6,8,635,1,8,2,3,3,1,1,0.5841584158415841,0.31353135313531355,0.27062706270627057,1.0
synthetic_lowsep,6,8,635,1,8,3,3,2,1,1,0.855072463768116,0.45652173913043476,0.3985507246376812,1.0
synthetic_lowsep,6,8,647,0,8,1,2,5,1,1,0.45614035087719296,0.1824561403508772,0.27368421052631575,1.0
synthetic_lowsep,6,8,647,0,8,2,2,4,1,1,0.5777777777777777,0.2222222222222222,0.3555555555555555,1.0
synthetic_lowsep,6,8,647,0,8,3,3,3,1,1,0.47368421052631576,0.2456140350877193,0.22807017543859645,1.0
synthetic_lowsep,6,8,647,0,8,4,5,2,1,1,0.3,0.25,0.04999999999999999,0.0
synthetic_lowsep,6,8,674,0,8,1,2,6,1,1,0.45614035087719296,0.15204678362573099,0.30409356725146197,1.0
synthetic_lowsep,6,8,674,0,8,2,2,5,1,1,0.5777777777777777,0.17777777777777778,0.3999999999999999,1.0
synthetic_lowsep,6,8,674,0,8,3,3,4,1,1,0.47368421052631576,0.18421052631578946,0.2894736842105263,1.0
synthetic_lowsep,6,8,674,0,8,4,5,3,1,1,0.3,0.16666666666666669,0.1333333333333333,0.0
synthetic_lowsep,6,8,674,0,8,5,5,2,1,1,0.375,0.1875,0.1875,0.0
synthetic_lowsep,6,8,712,1,7,1,3,4,1,1,0.5566037735849056,0.24528301886792453,0.3113207547169811,1.0
synthetic_lowsep,6,8,712,1,7,2,3,3,1,1,0.5841584158415841,0.32673267326732675,0.2574257425742574,1.0
synthetic_lowsep,6,8,712,1,7,3,3,2,1,1,0.855072463768116,0.4855072463768116,0.3695652173913044,1.0
synthetic_lowsep,6,8,739,1,8,1,6,6,1,1,0.4716981132075472,0.15723270440251574,0.31446540880503143,1.0
synthetic_lowsep,6,8,739,1,8,2,6,5,1,1,0.49504950495049505,0.18811881188118812,0.3069306930693069,1.0
synthetic_lowsep,6,8,739,1,8,3,6,4,1,1,0.7246376811594203,0.22826086956521738,0.4963768115942029,1.0
synthetic_lowsep,6,8,739,1,8,4,6,3,1,1,0.847457627118644,0.2994350282485876,0.5480225988700564,1.0
synthetic_lowsep,6,8,739,1,8,5,6,2,1,1,0.847457627118644,0.4491525423728814,0.39830508474576265,1.0
synthetic_lowsep,7,4,113,0,4,1,2,3,1,1,0.40625,0.3333333333333333,0.07291666666666669,0.0
synthetic_lowsep,7,4,113,0,4,2,2,2,1,1,1.0,0.5,0.5,1.0
synthetic_lowsep,7,4,146,0,4,1,2,3,1,1,0.40625,0.3333333333333333,0.07291666666666669,0.0
synthetic_lowsep,7,4,146,0,4,2,2,2,1,1,1.0,0.5,0.5,1.0
synthetic_lowsep,7,4,291,0,4,1,2,3,1,1,0.40625,0.3333333333333333,0.07291666666666669,0.0
synthetic_lowsep,7,4,291,0,4,2,2,2,1,1,1.0,0.5,0.5,1.0
synthetic_lowsep,7,4,335,0,4,1,3,3,1,1,0.40625,0.3333333333333333,0.07291666666666669,0.0
synthetic_lowsep,7,4,335,0,4,2,3,2,1,1,1.0,0.5,0.5,1.0
synthetic_lowsep,7,4,373,0,3,1,2,2,1,1,0.8548387096774194,0.5,0.3548387096774194,1.0
synthetic_lowsep,7,4,378,0,4,1,2,3,1,1,0.40625,0.3333333333333333,0.07291666666666669,0.0
synthetic_lowsep,7,4,378,0,4,2,2,2,1,1,1.0,0.5,0.5,1.0
synthetic_lowsep,7,4,526,0,4,1,3,3,1,1,0.40625,0.3333333333333333,0.07291666666666669,0.0
synthetic_lowsep,7,4,526,0,4,2,3,2,1,1,1.0,0.5,0.5,1.0
synthetic_lowsep,7,4,558,0,4,1,3,3,1,1,0.40625,0.3333333333333333,0.07291666666666669,0.0
synthetic_lowsep,7,4,558,0,4,2,3,2,1,1,1.0,0.5,0.5,1.0
synthetic_lowsep,7,4,597,0,4,1,2,3,1,1,0.40625,0.3333333333333333,0.07291666666666669,0.0
synthetic_lowsep,7,4,597,0,4,2,2,2,1,1,1.0,0.5,0.5,1.0
synthetic_lowsep,7,4,610,0,4,1,3,3,1,1,0.40625,0.3333333333333333,0.07291666666666669,0.0
synthetic_lowsep,7,4,610,0,4,2,3,2,1,1,1.0,0.5,0.5,1.0
synthetic_lowsep,7,4,690,0,4,1,2,3,1,1,0.40625,0.3333333333333333,0.07291666666666669,0.0
synthetic_lowsep,7,4,690,0,4,2,2,2,1,1,1.0,0.5,0.5,1.0
synthetic_lowsep,7,4,714,0,4,1,2,3,1,1,0.40625,0.3333333333333333,0.07291666666666669,0.0
synthetic_lowsep,7,4,714,0,4,2,2,2,1,1,1.0,0.5,0.5,1.0
synthetic_lowsep,7,8,20,1,7,1,1,2,1,1,0.3888888888888889,0.2222222222222222,0.16666666666666669,1.0
synthetic_lowsep,7,8,113,0,8,1,2,3,1,1,0.40476190476190477,0.3174603174603175,0.08730158730158727,0.0
synthetic_lowsep,7,8,113,0,8,2,2,2,1,1,0.7727272727272727,0.45454545454545453,0.3181818181818182,1.0
synthetic_lowsep,7,8,133,1,8,1,1,2,1,1,0.3888888888888889,0.19444444444444445,0.19444444444444445,1.0
synthetic_lowsep,7,8,146,0,8,1,2,3,1,1,0.40476190476190477,0.3174603174603175,0.08730158730158727,0.0
synthetic_lowsep,7,8,146,0,8,2,2,2,1,1,0.7727272727272727,0.45454545454545453,0.3181818181818182,1.0
synthetic_lowsep,7,8,291,1,6,1,4,4,1,1,0.39759036144578314,0.2289156626506024,0.16867469879518074,1.0
synthetic_lowsep,7,8,291,1,6,2,4,3,1,1,0.4230769230769231,0.30341880341880345,0.11965811965811962,1.0
synthetic_lowsep,7,8,291,1,6,3,4,2,1,1,0.559322033898305,0.4406779661016949,0.11864406779661013,1.0
synthetic_lowsep,7,8,335,0,8,1,3,4,1,1,0.2619047619047619,0.21428571428571427,0.047619047619047644,0.0
synthetic_lowsep,7,8,335,0,8,2,3,3,1,1,0.5,0.2424242424242424,0.25757575757575757,1.0
synthetic_lowsep,7,8,335,0,8,3,3,2,1,1,0.6470588235294118,0.3235294117647059,0.3235294117647059,1.0
synthetic_lowsep,7,8,373,0,3,1,2,2,1,1,0.8070175438596491,0.5,0.3070175438596491,1.0
synthetic_lowsep,7,8,378,0,8,1,2,4,1,1,0.40476190476190477,0.23809523809523808,0.16666666666666669,0.0
synthetic_lowsep,7,8,378,0,8,2,2,3,1,1,0.7727272727272727,0.30303030303030304,0.46969696969696967,1.0
synthetic_lowsep,7,8,378,0,8,3,3,2,1,1,0.6,0.3,0.3,1.0
synthetic_lowsep,7,8,387,1,7,1,1,2,1,1,0.3888888888888889,0.2222222222222222,0.16666666666666669,1.0
synthetic_lowsep,7,8,526,1,7,1,2,4,1,1,0.7108433734939759,0.2469879518072289,0.463855421686747,1.0
synthetic_lowsep,7,8,526,1,7,2,2,3,1,1,0.7564102564102564,0.32905982905982906,0.42735042735042733,1.0
synthetic_lowsep,7,8,526,1,7,3,5,2,1,1,0.8421052631578947,0.47368421052631576,0.3684210526315789,1.0
synthetic_lowsep,7,8,532,1,8,1,1,2,1,1,0.3888888888888889,0.19444444444444445,0.19444444444444445,1.0
synthetic_lowsep,7,8,558,0,8,1,3,4,1,1,0.2619047619047619,0.21428571428571427,0.047619047619047644,0.0
synthetic_lowsep,7,8,558,0,8,2,3,3,1,1,0.5,0.2424242424242424,0.25757575757575757,1.0
synthetic_lowsep,7,8,558,0,8,3,3,2,1,1,0.6470588235294118,0.3235294117647059,0.3235294117647059,1.0
synthetic_lowsep,7,8,566,1,8,1,1,2,1,1,0.3888888888888889,0.19444444444444445,0.19444444444444445,1.0
synthetic_lowsep,7,8,597,0,8,1,2,3,1,1,0.40476190476190477,0.3174603174603175,0.08730158730158727,0.0
synthetic_lowsep,7,8,597,0,8,2,2,2,1,1,0.7727272727272727,0.45454545454545453,0.3181818181818182,1.0
synthetic_lowsep,7,8,610,0,8,1,3,4,1,1,0.2619047619047619,0.21428571428571427,0.047619047619047644,0.0
synthetic_lowsep,7,8,610,0,8,2,3,3,1,1,0.5,0.2424242424242424,0.25757575757575757,1.0
synthetic_lowsep,7,8,610,0,8,3,3,2,1,1,0.6470588235294118,0.3235294117647059,0.3235294117647059,1.0
synthetic_lowsep,7,8,690,0,8,1,2,3,1,1,0.40476190476190477,0.30952380952380953,0.09523809523809523,0.0
synthetic_lowsep,7,8,690,0,8,2,2,2,1,1,0.7727272727272727,0.4318181818181818,0.3409090909090909,1.0
synthetic_lowsep,7,8,714,0,8,1,2,3,1,1,0.40476190476190477,0.3174603174603175,0.08730158730158727,0.0
synthetic_lowsep,7,8,714,0,8,2,2,2,1,1,0.7727272727272727,0.45454545454545453,0.3181818181818182,1.0
synthetic_lowsep,8,4,35,0,4,1,2,2,1,1,0.7380952380952381,0.42857142857142855,0.3095238095238096,1.0
synthetic_lowsep,8,4,37,0,4,1,3,3,1,1,0.7380952380952381,0.3333333333333333,0.4047619047619048,1.0
synthetic_lowsep,8,4,37,0,4,2,3,2,1,1,0.8378378378378378,0.5,0.33783783783783783,1.0
synthetic_lowsep,8,4,120,0,4,1,2,2,1,1,0.7380952380952381,0.42857142857142855,0.3095238095238096,1.0
synthetic_lowsep,8,4,141,1,4,1,3,3,1,1,0.7983870967741935,0.33333333333333337,0.46505376344086014,1.0
synthetic_lowsep,8,4,141,1,4,2,3,2,1,1,0.7983870967741935,0.5,0.2983870967741935,1.0
synthetic_lowsep,8,4,194,0,4,1,3,3,1,1,0.7380952380952381,0.3333333333333333,0.4047619047619048,1.0
synthetic_lowsep,8,4,194,0,4,2,3,2,1,1,0.8378378378378378,0.5,0.33783783783783783,1.0
synthetic_lowsep,8,4,203,1,4,1,3,3,1,1,0.7983870967741935,0.33333333333333337,0.46505376344086014,1.0
synthetic_lowsep,8,4,203,1,4,2,3,2,1,1,0.7983870967741935,0.5,0.2983870967741935,1.0
synthetic_lowsep,8,4,276,0,4,1,3,3,1,1,0.7380952380952381,0.3333333333333333,0.4047619047619048,1.0
synthetic_lowsep,8,4,276,0,4,2,3,2,1,1,0.8378378378378378,0.5,0.33783783783783783,1.0
synthetic_lowsep,8,4,306,1,4,1,3,3,1,1,0.7983870967741935,0.33333333333333337,0.46505376344086014,1.0
synthetic_lowsep,8,4,306,1,4,2,3,2,1,1,0.7983870967741935,0.5,0.2983870967741935,1.0
synthetic_lowsep,8,4,445,1,4,1,3,3,1,1,0.7983870967741935,0.33333333333333337,0.46505376344086014,1.0
synthetic_lowsep,8,4,445,1,4,2,3,2,1,1,0.7983870967741935,0.5,0.2983870967741935,1.0
synthetic_lowsep,8,4,480,0,4,1,3,3,1,1,0.7380952380952381,0.3333333333333333,0.4047619047619048,1.0
synthetic_lowsep,8,4,480,0,4,2,3,2,1,1,0.8378378378378378,0.5,0.33783783783783783,1.0
synthetic_lowsep,8,4,503,1,4,1,3,3,1,1,0.7983870967741935,0.33333333333333337,0.46505376344086014,1.0
synthetic_lowsep,8,4,503,1,4,2,3,2,1,1,0.7983870967741935,0.5,0.2983870967741935,1.0
synthetic_lowsep,8,4,556,1,4,1,2,2,1,1,0.1111111111111111,0.05555555555555555,0.05555555555555555,0.0
synthetic_lowsep,8,4,584,0,4,1,3,3,1,1,0.7380952380952381,0.3333333333333333,0.4047619047619048,1.0
synthetic_lowsep,8,4,584,0,4,2,3,2,1,1,0.8378378378378378,0.5,0.33783783783783783,1.0
synthetic_lowsep,8,4,625,0,4,1,3,3,1,1,0.7380952380952381,0.3333333333333333,0.4047619047619048,1.0
synthetic_lowsep,8,4,625,0,4,2,3,2,1,1,0.8378378378378378,0.5,0.33783783783783783,1.0
synthetic_lowsep,8,4,647,0,4,1,3,3,1,1,0.7380952380952381,0.3333333333333333,0.4047619047619048,1.0
synthetic_lowsep,8,4,647,0,4,2,3,2,1,1,0.8378378378378378,0.5,0.33783783783783783,1.0
synthetic_lowsep,8,4,655,0,4,1,3,3,1,1,0.7380952380952381,0.3333333333333333,0.4047619047619048,1.0
synthetic_lowsep,8,4,655,0,4,2,3,2,1,1,0.8378378378378378,0.5,0.33783783783783783,1.0
synthetic_lowsep,8,4,670,0,4,1,3,3,1,1,0.7380952380952381,0.3333333333333333,0.4047619047619048,1.0
synthetic_lowsep,8,4,670,0,4,2,3,2,1,1,0.8378378378378378,0.5,0.33783783783783783,1.0
synthetic_lowsep,8,8,35,0,8,1,2,3,1,1,0.8695652173913043,0.3140096618357488,0.5555555555555556,1.0
synthetic_lowsep,8,8,35,0,8,2,2,2,1,1,0.9375,0.46875,0.46875,1.0
synthetic_lowsep,8,8,37,0,8,1,3,6,1,1,0.2753623188405797,0.1570048309178744,0.11835748792270531,1.0
synthetic_lowsep,8,8,37,0,8,2,3,5,1,1,0.296875,0.1875,0.109375,1.0
synthetic_lowsep,8,8,37,0,8,3,3,4,1,1,0.31666666666666665,0.23333333333333334,0.08333333333333331,1.0
synthetic_lowsep,8,8,37,0,8,4,5,3,1,1,0.3902439024390244,0.3008130081300813,0.08943089430894308,1.0
synthetic_lowsep,8,8,37,0,8,5,5,2,1,1,0.4444444444444444,0.4444444444444444,0.0,1.0
synthetic_lowsep,8,8,120,0,6,1,2,3,1,1,0.8695652173913043,0.3188405797101449,0.5507246376811594,1.0
synthetic_lowsep,8,8,120,0,6,2,2,2,1,1,0.9375,0.4765625,0.4609375,1.0
synthetic_lowsep,8,8,141,1,8,1,3,5,1,1,0.5979381443298969,0.1958762886597938,0.4020618556701031,1.0
synthetic_lowsep,8,8,141,1,8,2,3,4,1,1,0.5979381443298969,0.24484536082474226,0.3530927835051546,1.0
synthetic_lowsep,8,8,141,1,8,3,3,3,1,1,0.8285714285714286,0.3238095238095238,0.5047619047619047,1.0
synthetic_lowsep,8,8,141,1,8,4,7,2,1,1,0.6666666666666666,0.4166666666666667,0.24999999999999994,1.0
synthetic_lowsep,8,8,194,0,8,1,3,6,1,1,0.2753623188405797,0.1570048309178744,0.11835748792270531,1.0
synthetic_lowsep,8,8,194,0,8,2,3,5,1,1,0.296875,0.1875,0.109375,1.0
synthetic_lowsep,8,8,194,0,8,3,3,4,1,1,0.31666666666666665,0.23333333333333334,0.08333333333333331,1.0
synthetic_lowsep,8,8,194,0,8,4,5,3,1,1,0.3902439024390244,0.3008130081300813,0.08943089430894308,1.0
synthetic_lowsep,8,8,194,0,8,5,5,2,1,1,0.4444444444444444,0.4444444444444444,0.0,1.0
synthetic_lowsep,8,8,203,0,8,1,3,4,1,1,0.5942028985507246,0.21739130434782608,0.37681159420289856,1.0
synthetic_lowsep,8,8,203,0,8,2,3,3,1,1,0.640625,0.2864583333333333,0.3541666666666667,1.0
synthetic_lowsep,8,8,203,0,8,3,3,2,1,1,0.6833333333333333,0.425,0.25833333333333336,1.0
synthetic_lowsep,8,8,276,1,8,1,4,6,1,1,0.29896907216494845,0.1563573883161512,0.14261168384879724,1.0
synthetic_lowsep,8,8,276,1,8,2,4,5,1,1,0.29896907216494845,0.18762886597938144,0.111340206185567,1.0
synthetic_lowsep,8,8,276,1,8,3,4,4,1,1,0.4142857142857143,0.22857142857142856,0.18571428571428575,1.0
synthetic_lowsep,8,8,276,1,8,4,4,3,1,1,0.5,0.29885057471264365,0.20114942528735635,1.0
synthetic_lowsep,8,8,276,1,8,5,5,2,1,1,0.6206896551724138,0.39655172413793105,0.22413793103448276,1.0
synthetic_lowsep,8,8,306,1,8,1,3,5,1,1,0.5979381443298969,0.1958762886597938,0.4020618556701031,1.0
synthetic_lowsep,8,8,306,1,8,2,3,4,1,1,0.5979381443298969,0.24484536082474226,0.3530927835051546,1.0
synthetic_lowsep,8,8,306,1,8,3,3,3,1,1,0.8285714285714286,0.3238095238095238,0.5047619047619047,1.0
synthetic_lowsep,8,8,306,1,8,4,7,2,1,1,0.6666666666666666,0.4166666666666667,0.24999999999999994,1.0
synthetic_lowsep,8,8,445,0,6,1,3,5,1,1,0.5942028985507246,0.2,0.3942028985507246,1.0
synthetic_lowsep,8,8,445,0,6,2,3,4,1,1,0.640625,0.25,0.390625,1.0
synthetic_lowsep,8,8,445,0,6,3,3,3,1,1,0.6833333333333333,0.3333333333333333,0.35000000000000003,1.0
synthetic_lowsep,8,8,445,0,6,4,4,2,1,1,0.47368421052631576,0.5,-0.026315789473684237,0.0
synthetic_lowsep,8,8,480,1,8,1,4,6,1,1,0.29896907216494845,0.16323024054982818,0.13573883161512026,1.0
synthetic_lowsep,8,8,480,1,8,2,4,5,1,1,0.29896907216494845,0.1958762886597938,0.10309278350515463,1.0
synthetic_lowsep,8,8,480,1,8,3,4,4,1,1,0.4142857142857143,0.24285714285714285,0.17142857142857146,1.0
synthetic_lowsep,8,8,480,1,8,4,4,3,1,1,0.5,0.3218390804597701,0.1781609195402299,1.0
synthetic_lowsep,8,8,480,1,8,5,6,2,1,1,0.5517241379310345,0.46551724137931033,0.08620689655172414,1.0
synthetic_lowsep,8,8,503,1,8,1,3,4,1,1,0.5979381443298969,0.24484536082474226,0.3530927835051546,1.0
synthetic_lowsep,8,8,503,1,8,2,3,3,1,1,0.5979381443298969,0.32646048109965636,0.27147766323024053,1.0
synthetic_lowsep,8,8,503,1,8,3,3,2,1,1,0.8285714285714286,0.4857142857142857,0.3428571428571429,1.0
synthetic_lowsep,8,8,556,0,5,1,1,2,1,1,0.5483870967741935,0.3548387096774194,0.19354838709677413,1.0
synthetic_lowsep,8,8,584,0,8,1,3,6,1,1,0.2753623188405797,0.1570048309178744,0.11835748792270531,1.0
synthetic_lowsep,8,8,584,0,8,2,3,5,1,1,0.296875,0.1875,0.109375,1.0
synthetic_lowsep,8,8,584,0,8,3,3,4,1,1,0.31666666666666665,0.23333333333333334,0.08333333333333331,1.0
synthetic_lowsep,8,8,584,0,8,4,5,3,1,1,0.3902439024390244,0.3008130081300813,0.08943089430894308,1.0
synthetic_lowsep,8,8,584,0,8,5,5,2,1,1,0.4444444444444444,0.4444444444444444,0.0,1.0
synthetic_lowsep,8,8,625,0,8,1,3,6,1,1,0.2753623188405797,0.1570048309178744,0.11835748792270531,1.0
synthetic_lowsep,8,8,625,0,8,2,3,5,1,1,0.296875,0.1875,0.109375,1.0
synthetic_lowsep,8,8,625,0,8,3,3,4,1,1,0.31666666666666665,0.23333333333333334,0.08333333333333331,1.0
synthetic_lowsep,8,8,625,0,8,4,5,3,1,1,0.3902439024390244,0.3008130081300813,0.08943089430894308,1.0
synthetic_lowsep,8,8,625,0,8,5,5,2,1,1,0.4444444444444444,0.4444444444444444,0.0,1.0
synthetic_lowsep,8,8,647,0,8,1,3,6,1,1,0.2753623188405797,0.1570048309178744,0.11835748792270531,1.0
synthetic_lowsep,8,8,647,0,8,2,3,5,1,1,0.296875,0.1875,0.109375,1.0
synthetic_lowsep,8,8,647,0,8,3,3,4,1,1,0.31666666666666665,0.23333333333333334,0.08333333333333331,1.0
synthetic_lowsep,8,8,647,0,8,4,5,3,1,1,0.3902439024390244,0.3008130081300813,0.08943089430894308,1.0
synthetic_lowsep,8,8,647,0,8,5,5,2,1,1,0.4444444444444444,0.4444444444444444,0.0,1.0
synthetic_lowsep,8,8,655,1,8,1,4,6,1,1,0.29896907216494845,0.1563573883161512,0.14261168384879724,1.0
synthetic_lowsep,8,8,655,1,8,2,4,5,1,1,0.29896907216494845,0.18762886597938144,0.111340206185567,1.0
synthetic_lowsep,8,8,655,1,8,3,4,4,1,1,0.4142857142857143,0.22857142857142856,0.18571428571428575,1.0
synthetic_lowsep,8,8,655,1,8,4,4,3,1,1,0.5,0.29885057471264365,0.20114942528735635,1.0
synthetic_lowsep,8,8,655,1,8,5,5,2,1,1,0.6206896551724138,0.39655172413793105,0.22413793103448276,1.0
synthetic_lowsep,8,8,670,0,7,1,4,5,1,1,0.5217391304347826,0.19420289855072465,0.32753623188405795,1.0
synthetic_lowsep,8,8,670,0,7,2,4,4,1,1,0.5625,0.2421875,0.3203125,1.0
synthetic_lowsep,8,8,670,0,7,3,4,3,1,1,0.6,0.3222222222222222,0.2777777777777778,1.0
synthetic_lowsep,8,8,670,0,7,4,4,2,1,1,0.8780487804878049,0.47560975609756095,0.4024390243902439,1.0
synthetic_lowsep,9,4,37,1,4,1,3,3,1,1,0.7807017543859649,0.3333333333333333,0.4473684210526316,1.0
synthetic_lowsep,9,4,37,1,4,2,3,2,1,1,0.8018018018018018,0.5,0.30180180180180183,1.0
synthetic_lowsep,9,4,176,0,4,1,3,3,1,1,0.5714285714285714,0.3333333333333333,0.23809523809523808,1.0
synthetic_lowsep,9,4,176,0,4,2,3,2,1,1,0.8571428571428571,0.5,0.3571428571428571,1.0
synthetic_lowsep,9,4,199,1,4,1,3,3,1,1,0.7807017543859649,0.3333333333333333,0.4473684210526316,1.0
synthetic_lowsep,9,4,199,1,4,2,3,2,1,1,0.8018018018018018,0.5,0.30180180180180183,1.0
synthetic_lowsep,9,4,266,0,4,1,2,2,1,1,0.5714285714285714,0.4523809523809524,0.11904761904761901,1.0
synthetic_lowsep,9,4,286,0,4,1,3,3,1,1,0.5714285714285714,0.3333333333333333,0.23809523809523808,1.0
synthetic_lowsep,9,4,286,0,4,2,3,2,1,1,0.8571428571428571,0.5,0.3571428571428571,1.0
synthetic_lowsep,9,4,291,1,4,1,3,3,1,1,0.7807017543859649,0.3333333333333333,0.4473684210526316,1.0
synthetic_lowsep,9,4,291,1,4,2,3,2,1,1,0.8018018018018018,0.5,0.30180180180180183,1.0
synthetic_lowsep,9,4,304,0,4,1,3,3,1,1,0.5714285714285714,0.3333333333333333,0.23809523809523808,1.0
synthetic_lowsep,9,4,304,0,4,2,3,2,1,1,0.8571428571428571,0.5,0.3571428571428571,1.0
synthetic_lowsep,9,4,335,0,4,1,3,3,1,1,0.5714285714285714,0.3333333333333333,0.23809523809523808,1.0
synthetic_lowsep,9,4,335,0,4,2,3,2,1,1,0.8571428571428571,0.5,0.3571428571428571,1.0
synthetic_lowsep,9,4,339,1,4,1,1,2,1,1,0.9736842105263158,0.4956140350877193,0.47807017543859653,1.0
synthetic_lowsep,9,4,353,1,4,1,1,2,1,1,0.9736842105263158,0.4956140350877193,0.47807017543859653,1.0
synthetic_lowsep,9,4,375,1,4,1,3,3,1,1,0.7807017543859649,0.3333333333333333,0.4473684210526316,1.0
synthetic_lowsep,9,4,375,1,4,2,3,2,1,1,0.8018018018018018,0.5,0.30180180180180183,1.0
synthetic_lowsep,9,4,390,0,4,1,3,3,1,1,0.5714285714285714,0.3333333333333333,0.23809523809523808,1.0
synthetic_lowsep,9,4,390,0,4,2,3,2,1,1,0.8571428571428571,0.5,0.3571428571428571,1.0
synthetic_lowsep,9,4,559,0,4,1,3,3,1,1,0.5714285714285714,0.3333333333333333,0.23809523809523808,1.0
synthetic_lowsep,9,4,559,0,4,2,3,2,1,1,0.8571428571428571,0.5,0.3571428571428571,1.0
synthetic_lowsep,9,4,781,1,4,1,3,3,1,1,0.7807017543859649,0.3333333333333333,0.4473684210526316,1.0
synthetic_lowsep,9,4,781,1,4,2,3,2,1,1,0.8018018018018018,0.5,0.30180180180180183,1.0
synthetic_lowsep,9,8,37,1,8,1,3,3,1,1,0.6219512195121951,0.3048780487804878,0.3170731707317073,1.0
synthetic_lowsep,9,8,37,1,8,2,3,2,1,1,0.6538461538461539,0.4551282051282051,0.19871794871794873,1.0
synthetic_lowsep,9,8,176,0,8,1,3,7,1,1,0.22972972972972974,0.14285714285714285,0.0868725868725869,0.0
synthetic_lowsep,9,8,176,0,8,2,3,6,1,1,0.2786885245901639,0.16666666666666666,0.11202185792349725,0.0
synthetic_lowsep,9,8,176,0,8,3,3,5,1,1,0.3090909090909091,0.2,0.10909090909090907,0.0
synthetic_lowsep,9,8,176,0,8,4,5,4,1,1,0.5263157894736842,0.25,0.2763157894736842,1.0
synthetic_lowsep,9,8,176,0,8,5,5,3,1,1,0.8,0.33333333333333337,0.4666666666666667,1.0
synthetic_lowsep,9,8,176,0,8,6,6,2,1,1,1.0,0.5,0.5,1.0
synthetic_lowsep,9,8,199,0,8,1,3,4,1,1,0.5135135135135135,0.24662162162162163,0.2668918918918919,1.0
synthetic_lowsep,9,8,199,0,8,2,3,3,1,1,0.6229508196721312,0.32786885245901637,0.2950819672131148,1.0
synthetic_lowsep,9,8,199,0,8,3,3,2,1,1,0.6909090909090909,0.4909090909090909,0.2,1.0
synthetic_lowsep,9,8,266,0,7,1,2,3,1,1,0.7432432432432432,0.3153153153153153,0.4279279279279279,1.0
synthetic_lowsep,9,8,266,0,7,2,2,2,1,1,0.9016393442622951,0.4672131147540984,0.4344262295081967,1.0
synthetic_lowsep,9,8,286,0,8,1,3,7,1,1,0.22972972972972974,0.14285714285714285,0.0868725868725869,0.0
synthetic_lowsep,9,8,286,0,8,2,3,6,1,1,0.2786885245901639,0.16666666666666666,0.11202185792349725,0.0
synthetic_lowsep,9,8,286,0,8,3,3,5,1,1,0.3090909090909091,0.2,0.10909090909090907,0.0
synthetic_lowsep,9,8,286,0,8,4,5,4,1,1,0.5263157894736842,0.25,0.2763157894736842,1.0
synthetic_lowsep,9,8,286,0,8,5,5,3,1,1,0.8,0.33333333333333337,0.4666666666666667,1.0
synthetic_lowsep,9,8,286,0,8,6,6,2,1,1,1.0,0.5,0.5,1.0
synthetic_lowsep,9,8,291,1,8,1,3,3,1,1,0.6219512195121951,0.3048780487804878,0.3170731707317073,1.0
synthetic_lowsep,9,8,291,1,8,2,3,2,1,1,0.6538461538461539,0.4551282051282051,0.19871794871794873,1.0
synthetic_lowsep,9,8,304,0,8,1,3,7,1,1,0.22972972972972974,0.14285714285714285,0.0868725868725869,0.0
synthetic_lowsep,9,8,304,0,8,2,3,6,1,1,0.2786885245901639,0.16666666666666666,0.11202185792349725,0.0
synthetic_lowsep,9,8,304,0,8,3,3,5,1,1,0.3090909090909091,0.2,0.10909090909090907,0.0
synthetic_lowsep,9,8,304,0,8,4,5,4,1,1,0.5263157894736842,0.25,0.2763157894736842,1.0
synthetic_lowsep,9,8,304,0,8,5,5,3,1,1,0.8,0.33333333333333337,0.4666666666666667,1.0
synthetic_lowsep,9,8,304,0,8,6,6,2,1,1,1.0,0.5,0.5,1.0
synthetic_lowsep,9,8,335,0,8,1,3,7,1,1,0.22972972972972974,0.14285714285714285,0.0868725868725869,0.0
synthetic_lowsep,9,8,335,0,8,2,3,6,1,1,0.2786885245901639,0.16666666666666666,0.11202185792349725,0.0
synthetic_lowsep,9,8,335,0,8,3,3,5,1,1,0.3090909090909091,0.2,0.10909090909090907,0.0
synthetic_lowsep,9,8,335,0,8,4,5,4,1,1,0.5263157894736842,0.25,0.2763157894736842,1.0
synthetic_lowsep,9,8,335,0,8,5,5,3,1,1,0.8,0.33333333333333337,0.4666666666666667,1.0
synthetic_lowsep,9,8,335,0,8,6,6,2,1,1,1.0,0.5,0.5,1.0
synthetic_lowsep,9,8,339,1,4,1,1,2,1,1,0.9512195121951219,0.49390243902439024,0.45731707317073167,1.0
synthetic_lowsep,9,8,353,1,4,1,1,2,1,1,0.9512195121951219,0.49390243902439024,0.45731707317073167,1.0
synthetic_lowsep,9,8,375,1,8,1,3,3,1,1,0.6219512195121951,0.3048780487804878,0.3170731707317073,1.0
synthetic_lowsep,9,8,375,1,8,2,3,2,1,1,0.6538461538461539,0.4551282051282051,0.19871794871794873,1.0
synthetic_lowsep,9,8,390,0,8,1,3,6,1,1,0.22972972972972974,0.15765765765765766,0.07207207207207209,1.0
synthetic_lowsep,9,8,390,0,8,2,3,5,1,1,0.2786885245901639,0.18688524590163935,0.09180327868852456,1.0
synthetic_lowsep,9,8,390,0,8,3,3,4,1,1,0.3090909090909091,0.2318181818181818,0.07727272727272727,1.0
synthetic_lowsep,9,8,390,0,8,4,6,3,1,1,0.42105263157894735,0.29824561403508776,0.12280701754385959,1.0
synthetic_lowsep,9,8,390,0,8,5,6,2,1,1,0.64,0.42,0.22000000000000003,1.0
synthetic_lowsep,9,8,559,1,6,1,4,5,1,1,0.5975609756097561,0.19999999999999998,0.3975609756097561,1.0
synthetic_lowsep,9,8,559,1,6,2,4,4,1,1,0.6282051282051282,0.25,0.3782051282051282,1.0
synthetic_lowsep,9,8,559,1,6,3,4,3,1,1,0.8448275862068966,0.3333333333333333,0.5114942528735633,1.0
synthetic_lowsep,9,8,559,1,6,4,4,2,1,1,0.9607843137254902,0.5,0.4607843137254902,1.0
synthetic_lowsep,9,8,781,1,8,1,3,3,1,1,0.6219512195121951,0.3048780487804878,0.3170731707317073,1.0
synthetic_lowsep,9,8,781,1,8,2,3,2,1,1,0.6538461538461539,0.4551282051282051,0.19871794871794873,1.0
banknote,0,4,47,1,3,1,1,2,1,1,0.9774436090225563,0.5,0.47744360902255634,1.0
banknote,0,4,164,1,4,1,2,3,1,1,0.55,0.33333333333333337,0.21666666666666667,1.0
banknote,0,4,164,1,4,2,2,2,1,1,1.0,0.5,0.5,1.0
banknote,0,4,283,1,4,1,3,3,1,1,0.55,0.33333333333333337,0.21666666666666667,1.0
banknote,0,4,283,1,4,2,3,2,1,1,1.0,0.5,0.5,1.0
banknote,0,4,392,1,4,1,3,3,1,1,0.55,0.33333333333333337,0.21666666666666667,1.0
banknote,0,4,392,1,4,2,3,2,1,1,1.0,0.5,0.5,1.0
banknote,0,4,415,1,4,1,2,3,1,1,0.55,0.33333333333333337,0.21666666666666667,1.0
banknote,0,4,415,1,4,2,2,2,1,1,1.0,0.5,0.5,1.0
banknote,0,4,488,1,4,1,3,3,1,1,0.55,0.33333333333333337,0.21666666666666667,1.0
banknote,0,4,488,1,4,2,3,2,1,1,1.0,0.5,0.5,1.0
banknote,0,4,540,1,4,1,2,3,1,1,0.55,0.33333333333333337,0.21666666666666667,1.0
banknote,0,4,540,1,4,2,2,2,1,1,1.0,0.5,0.5,1.0
banknote,0,4,553,1,4,1,2,3,1,1,0.55,0.33333333333333337,0.21666666666666667,1.0
banknote,0,4,553,1,4,2,2,2,1,1,1.0,0.5,0.5,1.0
banknote,0,4,566,1,4,1,2,3,1,1,0.55,0.33333333333333337,0.21666666666666667,1.0
banknote,0,4,566,1,4,2,2,2,1,1,1.0,0.5,0.5,1.0
banknote,0,4,651,1,4,1,2,3,1,1,0.55,0.33333333333333337,0.21666666666666667,1.0
banknote,0,4,651,1,4,2,2,2,1,1,1.0,0.5,0.5,1.0
banknote,0,4,737,1,4,1,2,3,1,1,0.55,0.33333333333333337,0.21666666666666667,1.0
banknote,0,4,737,1,4,2,2,2,1,1,1.0,0.5,0.5,1.0
banknote,0,4,959,0,4,1,1,3,1,1,0.8333333333333334,0.3333333333333333,0.5,1.0
banknote,0,4,959,0,4,2,2,2,1,1,1.0,0.5,0.5,1.0
banknote,0,4,1122,0,4,1,1,3,1,1,0.8333333333333334,0.3333333333333333,0.5,1.0
banknote,0,4,1122,0,4,2,2,2,1,1,1.0,0.5,0.5,1.0
banknote,0,4,1153,0,4,1,1,3,1,1,0.8333333333333334,0.3333333333333333,0.5,1.0
banknote,0,4,1153,0,4,2,3,2,1,1,1.0,0.5,0.5,1.0
banknote,0,4,1192,0,4,1,1,3,1,1,0.8333333333333334,0.3333333333333333,0.5,1.0
banknote,0,4,1192,0,4,2,3,2,1,1,1.0,0.5,0.5,1.0
banknote,0,4,1198,0,4,1,1,3,1,1,0.8333333333333334,0.3333333333333333,0.5,1.0
banknote,0,4,1198,0,4,2,2,2,1,1,1.0,0.5,0.5,1.0
banknote,0,4,1261,0,4,1,1,3,1,1,0.8333333333333334,0.3333333333333333,0.5,1.0
banknote,0,4,1261,0,4,2,2,2,1,1,1.0,0.5,0.5,1.0
banknote,0,4,1279,0,3,1,2,2,1,1,0.8333333333333334,0.5,0.33333333333333337,1.0
banknote,0,4,1291,0,4,1,2,3,1,1,0.7530120481927711,0.33333333333333337,0.41967871485943775,1.0
banknote,0,4,1291,0,4,2,2,2,1,1,0.7575757575757576,0.5,0.25757575757575757,1.0
banknote,0,4,1309,0,4,1,1,3,1,1,0.8333333333333334,0.3333333333333333,0.5,1.0
banknote,0,4,1309,0,4,2,3,2,1,1,1.0,0.5,0.5,1.0
banknote,0,8,47,1,3,1,1,2,1,1,0.9767441860465116,0.5,0.4767441860465116,1.0
banknote,0,8,164,1,4,1,2,3,1,1,0.47619047619047616,0.3333333333333333,0.14285714285714285,1.0
banknote,0,8,164,1,4,2,2,2,1,1,0.8333333333333334,0.5,0.33333333333333337,1.0
banknote,0,8,283,1,7,1,3,4,1,1,0.2857142857142857,0.20238095238095238,0.08333333333333331,0.0
banknote,0,8,283,1,7,2,3,3,1,1,0.5,0.2222222222222222,0.2777777777777778,1.0
banknote,0,8,283,1,7,3,3,2,1,1,0.6,0.3,0.3,1.0
banknote,0,8,392,1,6,1,3,4,1,1,0.2857142857142857,0.21428571428571427,0.07142857142857142,0.0
banknote,0,8,392,1,6,2,3,3,1,1,0.5,0.25,0.25,1.0
banknote,0,8,392,1,6,3,3,2,1,1,0.6,0.35,0.25,1.0
banknote,0,8,415,1,4,1,2,3,1,1,0.47619047619047616,0.3333333333333333,0.14285714285714285,1.0
banknote,0,8,415,1,4,2,2,2,1,1,0.8333333333333334,0.5,0.33333333333333337,1.0
banknote,0,8,488,1,6,1,3,4,1,1,0.2857142857142857,0.21428571428571427,0.07142857142857142,0.0
banknote,0,8,488,1,6,2,3,3,1,1,0.5,0.25,0.25,1.0
banknote,0,8,488,1,6,3,3,2,1,1,0.6,0.35,0.25,1.0
banknote,0,8,540,1,4,1,2,3,1,1,0.47619047619047616,0.3333333333333333,0.14285714285714285,1.0
banknote,0,8,540,1,4,2,2,2,1,1,0.8333333333333334,0.5,0.33333333333333337,1.0
banknote,0,8,553,1,4,1,2,3,1,1,0.47619047619047616,0.3333333333333333,0.14285714285714285,1.0
banknote,0,8,553,1,4,2,2,2,1,1,0.8333333333333334,0.5,0.33333333333333337,1.0
banknote,0,8,566,1,4,1,2,3,1,1,0.47619047619047616,0.3333333333333333,0.14285714285714285,1.0
banknote,0,8,566,1,4,2,2,2,1,1,0.8333333333333334,0.5,0.33333333333333337,1.0
banknote,0,8,651,1,4,1,2,3,1,1,0.47619047619047616,0.3333333333333333,0.14285714285714285,1.0
banknote,0,8,651,1,4,2,2,2,1,1,0.8333333333333334,0.5,0.33333333333333337,1.0
banknote,0,8,737,1,4,1,2,3,1,1,0.47619047619047616,0.3333333333333333,0.14285714285714285,1.0
banknote,0,8,737,1,4,2,2,2,1,1,0.8333333333333334,0.5,0.33333333333333337,1.0
banknote,0,8,959,0,5,1,1,3,1,1,0.7142857142857143,0.2857142857142857,0.4285714285714286,1.0
banknote,0,8,959,0,5,2,2,2,1,1,0.5,0.25,0.25,1.0
banknote,0,8,1122,0,6,1,1,4,1,1,0.7142857142857143,0.25,0.4642857142857143,1.0
banknote,0,8,1122,0,6,2,2,3,1,1,0.5,0.3333333333333333,0.16666666666666669,1.0
banknote,0,8,1122,0,6,3,3,2,1,1,1.0,0.5,0.5,1.0
banknote,0,8,1153,0,5,1,1,3,1,1,0.7142857142857143,0.33333333333333337,0.38095238095238093,1.0
banknote,0,8,1153,0,5,2,3,2,1,1,0.5,0.5,0.0,1.0
banknote,0,8,1192,0,5,1,1,3,1,1,0.7142857142857143,0.33333333333333337,0.38095238095238093,1.0
banknote,0,8,1192,0,5,2,3,2,1,1,0.5,0.5,0.0,1.0
banknote,0,8,1198,0,7,1,1,4,1,1,0.7142857142857143,0.25,0.4642857142857143,1.0
banknote,0,8,1198,0,7,2,2,3,1,1,0.5,0.3333333333333333,0.16666666666666669,1.0
banknote,0,8,1198,0,7,3,3,2,1,1,1.0,0.5,0.5,1.0
banknote,0,8,1261,0,7,1,1,4,1,1,0.7142857142857143,0.25,0.4642857142857143,1.0
banknote,0,8,1261,0,7,2,2,3,1,1,0.5,0.3333333333333333,0.16666666666666669,1.0
banknote,0,8,1261,0,7,3,3,2,1,1,1.0,0.5,0.5,1.0
banknote,0,8,1279,0,3,1,2,2,1,1,0.7142857142857143,0.5,0.2142857142857143,1.0
banknote,0,8,1291,0,5,1,2,3,1,1,0.7454545454545455,0.32323232323232326,0.4222222222222222,1.0
banknote,0,8,1291,0,5,2,2,2,1,1,0.75,0.4847560975609756,0.2652439024390244,1.0
banknote,0,8,1309,0,5,1,1,3,1,1,0.7142857142857143,0.33333333333333337,0.38095238095238093,1.0
banknote,0,8,1309,0,5,2,3,2,1,1,0.5,0.5,0.0,1.0
banknote,1,4,80,1,4,1,2,2,1,1,0.6363636363636364,0.3181818181818182,0.3181818181818182,1.0
banknote,1,4,80,1,4,2,2,2,1,1,1.0,0.5,0.5,1.0
banknote,1,4,89,1,4,1,2,2,1,1,0.6363636363636364,0.3181818181818182,0.3181818181818182,1.0
banknote,1,4,89,1,4,2,2,2,1,1,1.0,0.5,0.5,1.0
banknote,1,4,137,1,4,1,2,2,1,1,0.6363636363636364,0.3181818181818182,0.3181818181818182,1.0
banknote,1,4,137,1,4,2,2,2,1,1,1.0,0.5,0.5,1.0
banknote,1,4,151,1,3,1,1,2,1,1,0.9470198675496688,0.5,0.4470198675496688,1.0
banknote,1,4,361,1,4,1,2,2,1,1,0.6363636363636364,0.3181818181818182,0.3181818181818182,1.0
banknote,1,4,361,1,4,2,2,2,1,1,1.0,0.5,0.5,1.0
banknote,1,4,369,1,4,1,2,2,1,1,0.6363636363636364,0.3181818181818182,0.3181818181818182,1.0
banknote,1,4,369,1,4,2,2,2,1,1,1.0,0.5,0.5,1.0
banknote,1,4,422,1,4,1,2,2,1,1,0.6363636363636364,0.3181818181818182,0.3181818181818182,1.0
banknote,1,4,422,1,4,2,2,2,1,1,1.0,0.5,0.5,1.0
banknote,1,4,428,1,4,1,2,2,1,1,0.6363636363636364,0.3181818181818182,0.3181818181818182,1.0
banknote,1,4,428,1,4,2,2,2,1,1,1.0,0.5,0.5,1.0
banknote,1,4,616,1,4,1,2,2,1,1,0.6363636363636364,0.3181818181818182,0.3181818181818182,1.0
banknote,1,4,616,1,4,2,2,2,1,1,1.0,0.5,0.5,1.0
banknote,1,4,716,1,4,1,2,3,1,1,0.7549668874172185,0.33333333333333337,0.42163355408388514,1.0
banknote,1,4,716,1,4,2,2,2,1,1,0.7972027972027972,0.5,0.2972027972027972,1.0
banknote,1,4,933,0,4,1,1,2,1,1,0.6842105263157895,0.34210526315789475,0.34210526315789475,1.0
banknote,1,4,940,0,4,1,1,2,1,1,0.6842105263157895,0.34210526315789475,0.34210526315789475,1.0
banknote,1,4,955,0,4,1,1,3,1,1,0.6842105263157895,0.3333333333333333,0.3508771929824562,1.0
banknote,1,4,955,0,4,2,2,2,1,1,1.0,0.5,0.5,1.0
banknote,1,4,974,0,3,1,2,2,1,1,0.6842105263157895,0.5,0.1842105263157895,1.0
banknote,1,4,1042,0,3,1,2,2,1,1,0.6842105263157895,0.5,0.1842105263157895,1.0
banknote,1,4,1048,0,4,1,1,3,1,1,0.6842105263157895,0.3333333333333333,0.3508771929824562,1.0
banknote,1,4,1048,0,4,2,2,2,1,1,1.0,0.5,0.5,1.0
banknote,1,4,1136,0,4,1,1,2,1,1,0.6842105263157895,0.34210526315789475,0.34210526315789475,1.0
banknote,1,4,1154,1,4,1,2,3,1,1,0.7549668874172185,0.33333333333333337,0.42163355408388514,1.0
banknote,1,4,1154,1,4,2,2,2,1,1,0.7972027972027972,0.5,0.2972027972027972,1.0
banknote,1,4,1259,0,4,1,1,3,1,1,0.6842105263157895,0.3333333333333333,0.3508771929824562,1.0
banknote,1,4,1259,0,4,2,2,2,1,1,1.0,0.5,0.5,1.0
banknote,1,8,80,1,4,1,2,2,1,1,0.46153846153846156,0.34615384615384615,0.11538461538461542,1.0
banknote,1,8,80,1,4,2,2,2,1,1,0.6666666666666666,0.5,0.16666666666666663,1.0
banknote,1,8,89,1,4,1,2,2,1,1,0.46153846153846156,0.34615384615384615,0.11538461538461542,1.0
banknote,1,8,89,1,4,2,2,2,1,1,0.6666666666666666,0.5,0.16666666666666663,1.0
banknote,1,8,137,1,4,1,2,2,1,1,0.46153846153846156,0.34615384615384615,0.11538461538461542,1.0
banknote,1,8,137,1,4,2,2,2,1,1,0.6666666666666666,0.5,0.16666666666666663,1.0
banknote,1,8,151,1,3,1,1,2,1,1,0.9432624113475178,0.5,0.44326241134751776,1.0
banknote,1,8,361,1,4,1,2,2,1,1,0.46153846153846156,0.34615384615384615,0.11538461538461542,1.0
banknote,1,8,361,1,4,2,2,2,1,1,0.6666666666666666,0.5,0.16666666666666663,1.0
banknote,1,8,369,1,4,1,2,2,1,1,0.46153846153846156,0.34615384615384615,0.11538461538461542,1.0
banknote,1,8,369,1,4,2,2,2,1,1,0.6666666666666666,0.5,0.16666666666666663,1.0
banknote,1,8,422,1,4,1,2,2,1,1,0.46153846153846156,0.34615384615384615,0.11538461538461542,1.0
banknote,1,8,422,1,4,2,2,2,1,1,0.6666666666666666,0.5,0.16666666666666663,1.0
banknote,1,8,428,1,4,1,2,2,1,1,0.46153846153846156,0.34615384615384615,0.11538461538461542,1.0
banknote,1,8,428,1,4,2,2,2,1,1,0.6666666666666666,0.5,0.16666666666666663,1.0
banknote,1,8,616,1,4,1,2,2,1,1,0.46153846153846156,0.34615384615384615,0.11538461538461542,1.0
banknote,1,8,616,1,4,2,2,2,1,1,0.6666666666666666,0.5,0.16666666666666663,1.0
banknote,1,8,716,1,4,1,2,3,1,1,0.7943262411347518,0.3333333333333333,0.4609929078014185,1.0
banknote,1,8,716,1,4,2,2,2,1,1,0.8421052631578947,0.5,0.3421052631578947,1.0
banknote,1,8,933,0,5,1,1,3,1,1,0.5416666666666666,0.25,0.29166666666666663,1.0
banknote,1,8,933,0,5,2,2,2,1,1,0.09090909090909091,0.22727272727272727,-0.13636363636363635,0.0
banknote,1,8,940,0,5,1,1,3,1,1,0.5416666666666666,0.25,0.29166666666666663,1.0
banknote,1,8,940,0,5,2,2,2,1,1,0.09090909090909091,0.22727272727272727,-0.13636363636363635,0.0
banknote,1,8,955,0,6,1,1,4,1,1,0.5416666666666666,0.23958333333333334,0.30208333333333326,1.0
banknote,1,8,955,0,6,2,2,3,1,1,0.9090909090909091,0.30303030303030304,0.606060606060606,1.0
banknote,1,8,955,0,6,3,3,2,1,1,0.0,0.0,0.0,0.0
banknote,1,8,974,0,3,1,2,2,1,1,0.5416666666666666,0.5,0.04166666666666663,1.0
banknote,1,8,1042,0,3,1,2,2,1,1,0.5416666666666666,0.5,0.04166666666666663,1.0
banknote,1,8,1048,0,5,1,1,4,1,1,0.5416666666666666,0.25,0.29166666666666663,1.0
banknote,1,8,1048,0,5,2,2,3,1,1,0.9090909090909091,0.3333333333333333,0.5757575757575757,1.0
banknote,1,8,1048,0,5,3,3,2,1,1,0.0,0.5,-0.5,0.0
banknote,1,8,1136,0,5,1,1,3,1,1,0.5416666666666666,0.25,0.29166666666666663,1.0
banknote,1,8,1136,0,5,2,2,2,1,1,0.09090909090909091,0.22727272727272727,-0.13636363636363635,0.0
banknote,1,8,1154,1,4,1,2,3,1,1,0.7943262411347518,0.3333333333333333,0.4609929078014185,1.0
banknote,1,8,1154,1,4,2,2,2,1,1,0.8421052631578947,0.5,0.3421052631578947,1.0
banknote,1,8,1259,0,5,1,1,4,1,1,0.5416666666666666,0.25,0.29166666666666663,1.0
banknote,1,8,1259,0,5,2,2,3,1,1,0.9090909090909091,0.3333333333333333,0.5757575757575757,1.0
banknote,1,8,1259,0,5,3,3,2,1,1,0.0,0.5,-0.5,0.0
banknote,2,4,68,1,4,1,2,2,1,1,1.0,0.5,0.5,1.0
banknote,2,4,278,1,4,1,3,3,1,1,1.0,0.33333333333333337,0.6666666666666666,1.0
banknote,2,4,278,1,4,2,3,2,1,1,1.0,0.5,0.5,1.0
banknote,2,4,322,0,4,1,1,3,1,1,0.5416666666666666,0.3333333333333333,0.20833333333333331,1.0
banknote,2,4,322,0,4,2,2,2,1,1,1.0,0.5,0.5,1.0
banknote,2,4,417,1,4,1,2,2,1,1,1.0,0.5,0.5,1.0
banknote,2,4,795,0,4,1,1,3,1,1,0.5416666666666666,0.3333333333333333,0.20833333333333331,1.0
banknote,2,4,795,0,4,2,3,2,1,1,1.0,0.5,0.5,1.0
banknote,2,4,848,0,4,1,1,3,1,1,0.5416666666666666,0.3333333333333333,0.20833333333333331,1.0
banknote,2,4,848,0,4,2,2,2,1,1,1.0,0.5,0.5,1.0
banknote,2,4,1011,0,4,1,1,3,1,1,0.5416666666666666,0.3333333333333333,0.20833333333333331,1.0
banknote,2,4,1011,0,4,2,2,2,1,1,1.0,0.5,0.5,1.0
banknote,2,4,1024,0,4,1,1,3,1,1,0.5416666666666666,0.3333333333333333,0.20833333333333331,1.0
banknote,2,4,1024,0,4,2,2,2,1,1,1.0,0.5,0.5,1.0
banknote,2,4,1048,0,4,1,1,3,1,1,0.5416666666666666,0.3333333333333333,0.20833333333333331,1.0
banknote,2,4,1048,0,4,2,2,2,1,1,1.0,0.5,0.5,1.0
banknote,2,4,1080,0,4,1,1,3,1,1,0.5416666666666666,0.3333333333333333,0.20833333333333331,1.0
banknote,2,4,1080,0,4,2,3,2,1,1,1.0,0.5,0.5,1.0
banknote,2,4,1198,0,4,1,1,3,1,1,0.5416666666666666,0.3333333333333333,0.20833333333333331,1.0
banknote,2,4,1198,0,4,2,2,2,1,1,1.0,0.5,0.5,1.0
banknote,2,4,1209,0,4,1,1,3,1,1,0.5416666666666666,0.3333333333333333,0.20833333333333331,1.0
banknote,2,4,1209,0,4,2,2,2,1,1,1.0,0.5,0.5,1.0
banknote,2,4,1349,0,4,1,1,3,1,1,0.5416666666666666,0.3333333333333333,0.20833333333333331,1.0
banknote,2,4,1349,0,4,2,2,2,1,1,1.0,0.5,0.5,1.0
banknote,2,8,68,1,5,1,2,2,1,1,1.0,0.5,0.5,1.0
banknote,2,8,278,1,4,1,3,3,1,1,1.0,0.33333333333333337,0.6666666666666666,1.0
banknote,2,8,278,1,4,2,3,2,1,1,1.0,0.5,0.5,1.0
banknote,2,8,322,1,5,1,3,4,1,1,0.6,0.25,0.35,1.0
banknote,2,8,322,1,5,2,3,3,1,1,0.6222222222222222,0.3333333333333333,0.2888888888888889,1.0
banknote,2,8,322,1,5,3,3,2,1,1,0.7304347826086957,0.5,0.23043478260869565,1.0
banknote,2,8,417,1,5,1,2,2,1,1,1.0,0.5,0.5,1.0
banknote,2,8,795,0,5,1,1,3,1,1,0.5,0.3269230769230769,0.17307692307692307,1.0
banknote,2,8,795,0,5,2,3,2,1,1,0.8461538461538461,0.4807692307692308,0.36538461538461536,1.0
banknote,2,8,848,0,5,1,1,3,1,1,0.5,0.3141025641025641,0.1858974358974359,1.0
banknote,2,8,848,0,5,2,2,2,1,1,0.8846153846153846,0.4423076923076923,0.4423076923076923,1.0
banknote,2,8,1011,0,4,1,1,3,1,1,0.5,0.3333333333333333,0.16666666666666669,1.0
banknote,2,8,1011,0,4,2,2,2,1,1,0.8846153846153846,0.5,0.3846153846153846,1.0
banknote,2,8,1024,0,5,1,1,3,1,1,0.5,0.3141025641025641,0.1858974358974359,1.0
banknote,2,8,1024,0,5,2,2,2,1,1,0.8846153846153846,0.4423076923076923,0.4423076923076923,1.0
banknote,2,8,1048,0,4,1,1,3,1,1,0.5,0.3333333333333333,0.16666666666666669,1.0
banknote,2,8,1048,0,4,2,2,2,1,1,0.8846153846153846,0.5,0.3846153846153846,1.0
banknote,2,8,1080,0,5,1,1,3,1,1,0.5,0.3269230769230769,0.17307692307692307,1.0
banknote,2,8,1080,0,5,2,3,2,1,1,0.8461538461538461,0.4807692307692308,0.36538461538461536,1.0
banknote,2,8,1198,0,4,1,1,3,1,1,0.5,0.3333333333333333,0.16666666666666669,1.0
banknote,2,8,1198,0,4,2,2,2,1,1,0.8846153846153846,0.5,0.3846153846153846,1.0
banknote,2,8,1209,0,4,1,1,3,1,1,0.5,0.3333333333333333,0.16666666666666669,1.0
banknote,2,8,1209,0,4,2,2,2,1,1,0.8846153846153846,0.5,0.3846153846153846,1.0
banknote,2,8,1349,0,4,1,1,3,1,1,0.5,0.3333333333333333,0.16666666666666669,1.0
banknote,2,8,1349,0,4,2,2,2,1,1,0.8846153846153846,0.5,0.3846153846153846,1.0
banknote,3,4,68,1,4,1,1,2,1,1,0.15384615384615385,0.07692307692307693,0.07692307692307693,0.0
banknote,3,4,69,1,3,1,1,2,1,1,0.9383561643835616,0.5,0.4383561643835616,1.0
banknote,3,4,104,1,4,1,1,3,1,1,0.15384615384615385,0.3333333333333333,-0.17948717948717946,0.0
banknote,3,4,104,1,4,2,2,2,1,1,1.0,0.5,0.5,1.0
banknote,3,4,153,1,4,1,1,3,1,1,0.15384615384615385,0.3333333333333333,-0.17948717948717946,0.0
banknote,3,4,153,1,4,2,2,2,1,1,1.0,0.5,0.5,1.0
banknote,3,4,252,1,3,1,1,2,1,1,0.9383561643835616,0.5,0.4383561643835616,1.0
banknote,3,4,275,1,4,1,1,3,1,1,0.15384615384615385,0.3333333333333333,-0.17948717948717946,0.0
banknote,3,4,275,1,4,2,2,2,1,1,1.0,0.5,0.5,1.0
banknote,3,4,281,1,4,1,1,3,1,1,0.15384615384615385,0.3333333333333333,-0.17948717948717946,0.0
banknote,3,4,281,1,4,2,2,2,1,1,1.0,0.5,0.5,1.0
banknote,3,4,358,1,4,1,1,3,1,1,0.15384615384615385,0.3333333333333333,-0.17948717948717946,0.0
banknote,3,4,358,1,4,2,2,2,1,1,1.0,0.5,0.5,1.0
banknote,3,4,421,0,4,1,1,3,1,1,0.6206896551724138,0.3333333333333333,0.2873563218390805,1.0
banknote,3,4,421,0,4,2,2,2,1,1,1.0,0.5,0.5,1.0
banknote,3,4,494,1,4,1,1,3,1,1,0.15384615384615385,0.3333333333333333,-0.17948717948717946,0.0
banknote,3,4,494,1,4,2,2,2,1,1,1.0,0.5,0.5,1.0
banknote,3,4,873,0,4,1,1,3,1,1,0.6206896551724138,0.3333333333333333,0.2873563218390805,1.0
banknote,3,4,873,0,4,2,2,2,1,1,1.0,0.5,0.5,1.0
banknote,3,4,886,0,4,1,1,3,1,1,0.6206896551724138,0.3333333333333333,0.2873563218390805,1.0
banknote,3,4,886,0,4,2,2,2,1,1,1.0,0.5,0.5,1.0
banknote,3,4,1024,0,4,1,1,3,1,1,0.6206896551724138,0.3333333333333333,0.2873563218390805,1.0
banknote,3,4,1024,0,4,2,2,2,1,1,1.0,0.5,0.5,1.0
banknote,3,4,1205,0,4,1,1,3,1,1,0.6206896551724138,0.3333333333333333,0.2873563218390805,1.0
banknote,3,4,1205,0,4,2,2,2,1,1,1.0,0.5,0.5,1.0
banknote,3,4,1253,0,4,1,1,3,1,1,0.6206896551724138,0.3333333333333333,0.2873563218390805,1.0
banknote,3,4,1253,0,4,2,2,2,1,1,1.0,0.5,0.5,1.0
banknote,3,4,1266,0,4,1,1,3,1,1,0.6206896551724138,0.3333333333333333,0.2873563218390805,1.0
banknote,3,4,1266,0,4,2,2,2,1,1,1.0,0.5,0.5,1.0
banknote,3,4,1287,0,4,1,1,3,1,1,0.6206896551724138,0.3333333333333333,0.2873563218390805,1.0
banknote,3,4,1287,0,4,2,2,2,1,1,1.0,0.5,0.5,1.0
banknote,3,4,1322,0,4,1,1,3,1,1,0.6206896551724138,0.3333333333333333,0.2873563218390805,1.0
banknote,3,4,1322,0,4,2,2,2,1,1,1.0,0.5,0.5,1.0
banknote,3,8,68,1,5,1,1,2,1,1,0.26666666666666666,0.13333333333333333,0.13333333333333333,0.0
banknote,3,8,69,1,3,1,1,2,1,1,0.935251798561151,0.5,0.43525179856115104,1.0
banknote,3,8,104,1,4,1,1,3,1,1,0.26666666666666666,0.3333333333333333,-0.06666666666666665,0.0
banknote,3,8,104,1,4,2,2,2,1,1,1.0,0.5,0.5,1.0
banknote,3,8,153,1,4,1,1,3,1,1,0.26666666666666666,0.3333333333333333,-0.06666666666666665,0.0
banknote,3,8,153,1,4,2,2,2,1,1,1.0,0.5,0.5,1.0
banknote,3,8,252,1,3,1,1,2,1,1,0.935251798561151,0.5,0.43525179856115104,1.0
banknote,3,8,275,1,4,1,1,3,1,1,0.26666666666666666,0.3333333333333333,-0.06666666666666665,0.0
banknote,3,8,275,1,4,2,2,2,1,1,1.0,0.5,0.5,1.0
banknote,3,8,281,1,4,1,1,3,1,1,0.26666666666666666,0.3333333333333333,-0.06666666666666665,0.0
banknote,3,8,281,1,4,2,2,2,1,1,1.0,0.5,0.5,1.0
banknote,3,8,358,1,4,1,1,3,1,1,0.26666666666666666,0.3333333333333333,-0.06666666666666665,0.0
banknote,3,8,358,1,4,2,2,2,1,1,1.0,0.5,0.5,1.0
banknote,3,8,421,1,5,1,3,4,1,1,0.6618705035971223,0.25,0.4118705035971223,1.0
banknote,3,8,421,1,5,2,3,3,1,1,0.7076923076923077,0.33333333333333337,0.37435897435897436,1.0
banknote,3,8,421,1,5,3,3,2,1,1,0.7301587301587301,0.5,0.23015873015873012,1.0
banknote,3,8,494,1,4,1,1,3,1,1,0.26666666666666666,0.3333333333333333,-0.06666666666666665,0.0
banknote,3,8,494,1,4,2,2,2,1,1,1.0,0.5,0.5,1.0
banknote,3,8,873,0,5,1,1,4,1,1,0.5,0.25,0.25,1.0
banknote,3,8,873,0,5,2,2,3,1,1,0.6111111111111112,0.3333333333333333,0.27777777777777785,1.0
banknote,3,8,873,0,5,3,3,2,1,1,1.0,0.5,0.5,1.0
banknote,3,8,886,0,5,1,1,3,1,1,0.5,0.2685185185185185,0.2314814814814815,1.0
banknote,3,8,886,0,5,2,2,2,1,1,0.6111111111111112,0.3055555555555556,0.3055555555555556,1.0
banknote,3,8,1024,0,5,1,1,3,1,1,0.5,0.2685185185185185,0.2314814814814815,1.0
banknote,3,8,1024,0,5,2,2,2,1,1,0.6111111111111112,0.3055555555555556,0.3055555555555556,1.0
banknote,3,8,1205,0,5,1,1,4,1,1,0.5,0.25,0.25,1.0
banknote,3,8,1205,0,5,2,2,3,1,1,0.6111111111111112,0.3333333333333333,0.27777777777777785,1.0
banknote,3,8,1205,0,5,3,3,2,1,1,1.0,0.5,0.5,1.0
banknote,3,8,1253,0,5,1,1,3,1,1,0.5,0.2685185185185185,0.2314814814814815,1.0
banknote,3,8,1253,0,5,2,2,2,1,1,0.6111111111111112,0.3055555555555556,0.3055555555555556,1.0
banknote,3,8,1266,0,5,1,1,4,1,1,0.5,0.25,0.25,1.0
banknote,3,8,1266,0,5,2,2,3,1,1,0.6111111111111112,0.3333333333333333,0.27777777777777785,1.0
banknote,3,8,1266,0,5,3,3,2,1,1,1.0,0.5,0.5,1.0
banknote,3,8,1287,0,5,1,1,4,1,1,0.5,0.25,0.25,1.0
banknote,3,8,1287,0,5,2,2,3,1,1,0.6111111111111112,0.3333333333333333,0.27777777777777785,1.0
banknote,3,8,1287,0,5,3,3,2,1,1,1.0,0.5,0.5,1.0
banknote,3,8,1322,0,5,1,1,4,1,1,0.5,0.25,0.25,1.0
banknote,3,8,1322,0,5,2,2,3,1,1,0.6111111111111112,0.3333333333333333,0.27777777777777785,1.0
banknote,3,8,1322,0,5,3,3,2,1,1,1.0,0.5,0.5,1.0
banknote,4,4,154,1,4,1,1,3,1,1,0.38461538461538464,0.3333333333333333,0.05128205128205132,0.0
banknote,4,4,154,1,4,2,2,2,1,1,1.0,0.5,0.5,1.0
banknote,4,4,203,1,4,1,1,3,1,1,0.38461538461538464,0.3333333333333333,0.05128205128205132,0.0
banknote,4,4,203,1,4,2,2,2,1,1,1.0,0.5,0.5,1.0
banknote,4,4,240,1,4,1,1,3,1,1,0.38461538461538464,0.3333333333333333,0.05128205128205132,0.0
banknote,4,4,240,1,4,2,2,2,1,1,1.0,0.5,0.5,1.0
banknote,4,4,322,0,4,1,1,3,1,1,0.8461538461538461,0.3333333333333333,0.5128205128205128,1.0
banknote,4,4,322,0,4,2,2,2,1,1,1.0,0.5,0.5,1.0
banknote,4,4,456,1,4,1,1,3,1,1,0.38461538461538464,0.3333333333333333,0.05128205128205132,0.0
banknote,4,4,456,1,4,2,2,2,1,1,1.0,0.5,0.5,1.0
banknote,4,4,466,1,4,1,1,3,1,1,0.38461538461538464,0.3333333333333333,0.05128205128205132,0.0
banknote,4,4,466,1,4,2,3,2,1,1,1.0,0.5,0.5,1.0
banknote,4,4,524,1,4,1,1,3,1,1,0.38461538461538464,0.3333333333333333,0.05128205128205132,0.0
banknote,4,4,524,1,4,2,3,2,1,1,1.0,0.5,0.5,1.0
banknote,4,4,697,1,4,1,1,3,1,1,0.38461538461538464,0.3333333333333333,0.05128205128205132,0.0
banknote,4,4,697,1,4,2,2,2,1,1,1.0,0.5,0.5,1.0
banknote,4,4,904,1,4,1,1,3,1,1,0.38461538461538464,0.3333333333333333,0.05128205128205132,0.0
banknote,4,4,904,1,4,2,3,2,1,1,1.0,0.5,0.5,1.0
banknote,4,4,958,0,4,1,1,3,1,1,0.8461538461538461,0.3333333333333333,0.5128205128205128,1.0
banknote,4,4,958,0,4,2,3,2,1,1,1.0,0.5,0.5,1.0
banknote,4,4,966,0,4,1,2,3,1,1,0.7621951219512195,0.3333333333333333,0.4288617886178862,1.0
banknote,4,4,966,0,4,2,2,2,1,1,0.7763975155279503,0.5,0.27639751552795033,1.0
banknote,4,4,975,0,4,1,1,3,1,1,0.8461538461538461,0.3333333333333333,0.5128205128205128,1.0
banknote,4,4,975,0,4,2,2,2,1,1,1.0,0.5,0.5,1.0
banknote,4,4,1084,1,4,1,2,3,1,1,0.5857142857142857,0.3333333333333333,0.25238095238095243,1.0
banknote,4,4,1084,1,4,2,2,2,1,1,0.6212121212121212,0.5,0.12121212121212122,1.0
banknote,4,4,1184,0,4,1,1,3,1,1,0.8461538461538461,0.3333333333333333,0.5128205128205128,1.0
banknote,4,4,1184,0,4,2,3,2,1,1,1.0,0.5,0.5,1.0
banknote,4,4,1226,0,4,1,1,3,1,1,0.8461538461538461,0.3333333333333333,0.5128205128205128,1.0
banknote,4,4,1226,0,4,2,2,2,1,1,1.0,0.5,0.5,1.0
banknote,4,4,1241,0,4,1,1,3,1,1,0.8461538461538461,0.3333333333333333,0.5128205128205128,1.0
banknote,4,4,1241,0,4,2,2,2,1,1,1.0,0.5,0.5,1.0
banknote,4,8,154,1,5,1,2,3,1,1,0.6666666666666666,0.3333333333333333,0.3333333333333333,1.0
banknote,4,8,154,1,5,2,2,2,1,1,1.0,0.5,0.5,1.0
banknote,4,8,203,1,4,1,2,3,1,1,0.6666666666666666,0.3333333333333333,0.3333333333333333,1.0
banknote,4,8,203,1,4,2,2,2,1,1,1.0,0.5,0.5,1.0
banknote,4,8,240,1,4,1,2,3,1,1,0.6666666666666666,0.3333333333333333,0.3333333333333333,1.0
banknote,4,8,240,1,4,2,2,2,1,1,1.0,0.5,0.5,1.0
banknote,4,8,322,0,5,1,1,3,1,1,0.7586206896551724,0.3333333333333333,0.42528735632183906,1.0
banknote,4,8,322,0,5,2,2,2,1,1,1.0,0.5,0.5,1.0
banknote,4,8,456,1,5,1,2,3,1,1,0.6666666666666666,0.3333333333333333,0.3333333333333333,1.0
banknote,4,8,456,1,5,2,2,2,1,1,1.0,0.5,0.5,1.0
banknote,4,8,466,1,7,1,1,4,1,1,0.3333333333333333,0.21666666666666667,0.11666666666666664,0.0
banknote,4,8,466,1,7,2,3,3,1,1,0.7,0.26666666666666666,0.4333333333333333,1.0
banknote,4,8,466,1,7,3,3,2,1,1,0.7,0.4,0.29999999999999993,1.0
banknote,4,8,524,1,7,1,1,4,1,1,0.3333333333333333,0.21666666666666667,0.11666666666666664,0.0
banknote,4,8,524,1,7,2,3,3,1,1,0.7,0.26666666666666666,0.4333333333333333,1.0
banknote,4,8,524,1,7,3,3,2,1,1,0.7,0.4,0.29999999999999993,1.0
banknote,4,8,697,1,4,1,2,3,1,1,0.6666666666666666,0.3333333333333333,0.3333333333333333,1.0
banknote,4,8,697,1,4,2,2,2,1,1,1.0,0.5,0.5,1.0
banknote,4,8,904,0,7,1,2,4,1,1,0.7716049382716049,0.24537037037037038,0.5262345679012346,1.0
banknote,4,8,904,0,7,2,2,3,1,1,0.7861635220125787,0.3270440251572327,0.459119496855346,1.0
banknote,4,8,904,0,7,3,5,2,1,1,0.8823529411764706,0.45588235294117646,0.4264705882352941,1.0
banknote,4,8,958,0,5,1,1,4,1,1,0.7586206896551724,0.25,0.5086206896551724,1.0
banknote,4,8,958,0,5,2,3,3,1,1,0.5714285714285714,0.33333333333333337,0.23809523809523803,1.0
banknote,4,8,958,0,5,3,3,2,1,1,0.5714285714285714,0.5,0.0714285714285714,1.0
banknote,4,8,966,0,5,1,2,3,1,1,0.7716049382716049,0.33127572016460904,0.4403292181069959,1.0
banknote,4,8,966,0,5,2,2,2,1,1,0.7861635220125787,0.4968553459119497,0.289308176100629,1.0
banknote,4,8,975,0,4,1,1,3,1,1,0.7586206896551724,0.3333333333333333,0.42528735632183906,1.0
banknote,4,8,975,0,4,2,2,2,1,1,1.0,0.5,0.5,1.0
banknote,4,8,1084,0,5,1,1,4,1,1,0.7586206896551724,0.25,0.5086206896551724,1.0
banknote,4,8,1084,0,5,2,3,3,1,1,0.42857142857142855,0.33333333333333337,0.09523809523809518,0.0
banknote,4,8,1084,0,5,3,3,2,1,1,0.42857142857142855,0.5,-0.07142857142857145,0.0
banknote,4,8,1184,0,5,1,1,4,1,1,0.7586206896551724,0.25,0.5086206896551724,1.0
banknote,4,8,1184,0,5,2,3,3,1,1,0.5714285714285714,0.33333333333333337,0.23809523809523803,1.0
banknote,4,8,1184,0,5,3,3,2,1,1,0.5714285714285714,0.5,0.0714285714285714,1.0
banknote,4,8,1226,0,5,1,1,3,1,1,0.7586206896551724,0.3333333333333333,0.42528735632183906,1.0
banknote,4,8,1226,0,5,2,2,2,1,1,1.0,0.5,0.5,1.0
banknote,4,8,1241,0,4,1,1,3,1,1,0.7586206896551724,0.3333333333333333,0.42528735632183906,1.0
banknote,4,8,1241,0,4,2,2,2,1,1,1.0,0.5,0.5,1.0
banknote,5,4,63,1,4,1,1,2,1,1,1.0,0.5,0.5,1.0
banknote,5,4,72,1,4,1,1,2,1,1,1.0,0.5,0.5,1.0
banknote,5,4,137,1,4,1,1,2,1,1,1.0,0.5,0.5,1.0
banknote,5,4,177,1,4,1,1,2,1,1,1.0,0.5,0.5,1.0
banknote,5,4,311,1,4,1,1,2,1,1,1.0,0.5,0.5,1.0
banknote,5,4,379,1,4,1,1,2,1,1,1.0,0.5,0.5,1.0
banknote,5,4,415,1,4,1,1,2,1,1,1.0,0.5,0.5,1.0
banknote,5,4,674,1,4,1,3,3,1,1,0.3333333333333333,0.3333333333333333,0.0,0.0
banknote,5,4,674,1,4,2,3,2,1,1,0.3333333333333333,0.5,-0.16666666666666669,0.0
banknote,5,4,707,1,4,1,1,2,1,1,1.0,0.5,0.5,1.0
banknote,5,4,864,0,4,1,1,2,1,1,0.8072289156626506,0.49698795180722893,0.3102409638554217,1.0
banknote,5,4,903,0,4,1,1,2,1,1,0.8571428571428571,0.5,0.3571428571428571,1.0
banknote,5,4,1010,0,4,1,1,3,1,1,0.8571428571428571,0.3333333333333333,0.5238095238095237,1.0
banknote,5,4,1010,0,4,2,3,2,1,1,1.0,0.5,0.5,1.0
banknote,5,4,1027,0,4,1,1,2,1,1,0.8571428571428571,0.5,0.3571428571428571,1.0
banknote,5,4,1084,0,4,1,1,3,1,1,0.8571428571428571,0.3333333333333333,0.5238095238095237,1.0
banknote,5,4,1084,0,4,2,3,2,1,1,1.0,0.5,0.5,1.0
banknote,5,4,1086,0,4,1,1,2,1,1,0.8571428571428571,0.5,0.3571428571428571,1.0
banknote,5,4,1227,0,4,1,1,2,1,1,0.8571428571428571,0.5,0.3571428571428571,1.0
banknote,5,4,1249,0,4,1,1,2,1,1,0.8571428571428571,0.5,0.3571428571428571,1.0
banknote,5,4,1288,0,4,1,1,2,1,1,0.8571428571428571,0.5,0.3571428571428571,1.0
banknote,5,8,63,1,5,1,1,2,1,1,0.8235294117647058,0.4117647058823529,0.4117647058823529,1.0
banknote,5,8,72,1,4,1,1,2,1,1,0.8235294117647058,0.5,0.32352941176470584,1.0
banknote,5,8,137,1,4,1,1,2,1,1,0.8235294117647058,0.5,0.32352941176470584,1.0
banknote,5,8,177,1,4,1,1,2,1,1,0.8235294117647058,0.5,0.32352941176470584,1.0
banknote,5,8,311,1,4,1,1,2,1,1,0.8235294117647058,0.5,0.32352941176470584,1.0
banknote,5,8,379,1,4,1,1,2,1,1,0.8235294117647058,0.5,0.32352941176470584,1.0
banknote,5,8,415,1,4,1,1,2,1,1,0.8235294117647058,0.5,0.32352941176470584,1.0
banknote,5,8,674,1,5,1,2,3,1,1,0.7058823529411765,0.33333333333333337,0.37254901960784315,1.0
banknote,5,8,674,1,5,2,2,2,1,1,0.8571428571428571,0.5,0.3571428571428571,1.0
banknote,5,8,707,1,4,1,1,2,1,1,0.8235294117647058,0.5,0.32352941176470584,1.0
banknote,5,8,864,0,4,1,1,2,1,1,0.7844311377245509,0.49700598802395207,0.2874251497005988,1.0
banknote,5,8,903,0,5,1,1,3,1,1,0.8181818181818182,0.3181818181818182,0.5,1.0
banknote,5,8,903,0,5,2,2,2,1,1,0.75,0.375,0.375,1.0
banknote,5,8,1010,0,4,1,1,3,1,1,0.8181818181818182,0.3333333333333333,0.4848484848484849,1.0
banknote,5,8,1010,0,4,2,3,2,1,1,0.75,0.5,0.25,1.0
banknote,5,8,1027,0,6,1,1,3,1,1,0.8181818181818182,0.3181818181818182,0.5,1.0
banknote,5,8,1027,0,6,2,2,2,1,1,0.75,0.375,0.375,1.0
banknote,5,8,1084,0,4,1,1,3,1,1,0.8181818181818182,0.3333333333333333,0.4848484848484849,1.0
banknote,5,8,1084,0,4,2,3,2,1,1,0.75,0.5,0.25,1.0
banknote,5,8,1086,0,5,1,1,3,1,1,0.8181818181818182,0.3181818181818182,0.5,1.0
banknote,5,8,1086,0,5,2,2,2,1,1,0.75,0.375,0.375,1.0
banknote,5,8,1227,0,5,1,1,3,1,1,0.8181818181818182,0.3181818181818182,0.5,1.0
banknote,5,8,1227,0,5,2,2,2,1,1,0.75,0.375,0.375,1.0
banknote,5,8,1249,0,5,1,1,3,1,1,0.8181818181818182,0.3181818181818182,0.5,1.0
banknote,5,8,1249,0,5,2,2,2,1,1,0.75,0.375,0.375,1.0
banknote,5,8,1288,0,5,1,1,3,1,1,0.8181818181818182,0.3181818181818182,0.5,1.0
banknote,5,8,1288,0,5,2,2,2,1,1,0.75,0.375,0.375,1.0
banknote,6,4,0,1,4,1,2,3,1,1,0.8225806451612904,0.33333333333333337,0.489247311827957,1.0
banknote,6,4,0,1,4,2,2,2,1,1,1.0,0.5,0.5,1.0
banknote,6,4,74,1,3,1,1,2,1,1,0.8225806451612904,0.5,0.32258064516129037,1.0
banknote,6,4,217,0,4,1,2,3,1,1,0.8278145695364238,0.33333333333333337,0.4944812362030905,1.0
banknote,6,4,217,0,4,2,2,2,1,1,0.8445945945945946,0.5,0.3445945945945946,1.0
banknote,6,4,317,1,4,1,2,3,1,1,0.8225806451612904,0.33333333333333337,0.489247311827957,1.0
banknote,6,4,317,1,4,2,2,2,1,1,1.0,0.5,0.5,1.0
banknote,6,4,359,1,3,1,1,2,1,1,0.9652173913043478,0.5,0.4652173913043478,1.0
banknote,6,4,369,1,4,1,2,3,1,1,0.8225806451612904,0.33333333333333337,0.489247311827957,1.0
banknote,6,4,369,1,4,2,2,2,1,1,1.0,0.5,0.5,1.0
banknote,6,4,470,1,4,1,3,3,1,1,0.8225806451612904,0.33333333333333337,0.489247311827957,1.0
banknote,6,4,470,1,4,2,3,2,1,1,1.0,0.5,0.5,1.0
banknote,6,4,471,1,4,1,3,3,1,1,0.8225806451612904,0.33333333333333337,0.489247311827957,1.0
banknote,6,4,471,1,4,2,3,2,1,1,1.0,0.5,0.5,1.0
banknote,6,4,511,1,4,1,2,3,1,1,0.8225806451612904,0.33333333333333337,0.489247311827957,1.0
banknote,6,4,511,1,4,2,2,2,1,1,1.0,0.5,0.5,1.0
banknote,6,4,518,1,4,1,2,3,1,1,0.8225806451612904,0.33333333333333337,0.489247311827957,1.0
banknote,6,4,518,1,4,2,2,2,1,1,1.0,0.5,0.5,1.0
banknote,6,4,693,1,4,1,3,3,1,1,0.8225806451612904,0.33333333333333337,0.489247311827957,1.0
banknote,6,4,693,1,4,2,3,2,1,1,1.0,0.5,0.5,1.0
banknote,6,4,855,0,4,1,1,2,1,1,0.9333333333333333,0.4666666666666667,0.4666666666666667,1.0
banknote,6,4,870,0,4,1,1,2,1,1,0.9333333333333333,0.4666666666666667,0.4666666666666667,1.0
banknote,6,4,873,0,4,1,1,2,1,1,0.9333333333333333,0.4666666666666667,0.4666666666666667,1.0
banknote,6,4,905,0,4,1,2,3,1,1,0.8278145695364238,0.33333333333333337,0.4944812362030905,1.0
banknote,6,4,905,0,4,2,2,2,1,1,0.8445945945945946,0.5,0.3445945945945946,1.0
banknote,6,4,1018,0,4,1,1,2,1,1,0.9333333333333333,0.4666666666666667,0.4666666666666667,1.0
banknote,6,4,1183,0,4,1,1,2,1,1,0.9333333333333333,0.4666666666666667,0.4666666666666667,1.0
banknote,6,4,1188,0,4,1,1,2,1,1,0.9333333333333333,0.4666666666666667,0.4666666666666667,1.0
banknote,6,4,1293,0,4,1,1,2,1,1,0.9333333333333333,0.4666666666666667,0.4666666666666667,1.0
banknote,6,4,1354,0,4,1,1,2,1,1,0.9333333333333333,0.4666666666666667,0.4666666666666667,1.0
banknote,6,8,0,1,4,1,2,3,1,1,0.6976744186046512,0.33333333333333337,0.3643410852713178,1.0
banknote,6,8,0,1,4,2,2,2,1,1,0.9375,0.5,0.4375,1.0
banknote,6,8,74,1,3,1,1,2,1,1,0.7441860465116279,0.5,0.2441860465116279,1.0
banknote,6,8,217,1,6,1,4,4,1,1,0.6511627906976745,0.23837209302325582,0.41279069767441867,1.0
banknote,6,8,217,1,6,2,4,3,1,1,0.875,0.3125,0.5625,1.0
banknote,6,8,217,1,6,3,4,2,1,1,0.9333333333333333,0.4666666666666667,0.4666666666666667,1.0
banknote,6,8,317,1,4,1,2,3,1,1,0.6976744186046512,0.33333333333333337,0.3643410852713178,1.0
banknote,6,8,317,1,4,2,2,2,1,1,0.9375,0.5,0.4375,1.0
banknote,6,8,359,1,3,1,1,2,1,1,0.9649122807017544,0.5,0.4649122807017544,1.0
banknote,6,8,369,1,4,1,2,3,1,1,0.6976744186046512,0.33333333333333337,0.3643410852713178,1.0
banknote,6,8,369,1,4,2,2,2,1,1,0.9375,0.5,0.4375,1.0
banknote,6,8,470,1,4,1,3,3,1,1,0.6976744186046512,0.33333333333333337,0.3643410852713178,1.0
banknote,6,8,470,1,4,2,3,2,1,1,0.9375,0.5,0.4375,1.0
banknote,6,8,471,1,4,1,3,3,1,1,0.6976744186046512,0.33333333333333337,0.3643410852713178,1.0
banknote,6,8,471,1,4,2,3,2,1,1,0.9375,0.5,0.4375,1.0
banknote,6,8,511,1,4,1,2,3,1,1,0.6976744186046512,0.33333333333333337,0.3643410852713178,1.0
banknote,6,8,511,1,4,2,2,2,1,1,0.9375,0.5,0.4375,1.0
banknote,6,8,518,1,4,1,2,3,1,1,0.6976744186046512,0.33333333333333337,0.3643410852713178,1.0
banknote,6,8,518,1,4,2,2,2,1,1,0.9375,0.5,0.4375,1.0
banknote,6,8,693,1,4,1,3,3,1,1,0.6976744186046512,0.33333333333333337,0.3643410852713178,1.0
banknote,6,8,693,1,4,2,3,2,1,1,0.9375,0.5,0.4375,1.0
banknote,6,8,855,0,5,1,1,3,1,1,0.875,0.3333333333333333,0.5416666666666667,1.0
banknote,6,8,855,0,5,2,3,2,1,1,1.0,0.5,0.5,1.0
banknote,6,8,855,0,5,3,3,2,1,1,1.0,0.5,0.5,1.0
banknote,6,8,870,0,5,1,1,3,1,1,0.875,0.3333333333333333,0.5416666666666667,1.0
banknote,6,8,870,0,5,2,3,2,1,1,1.0,0.5,0.5,1.0
banknote,6,8,870,0,5,3,3,2,1,1,1.0,0.5,0.5,1.0
banknote,6,8,873,0,5,1,1,3,1,1,0.875,0.3333333333333333,0.5416666666666667,1.0
banknote,6,8,873,0,5,2,3,2,1,1,1.0,0.5,0.5,1.0
banknote,6,8,873,0,5,3,3,2,1,1,1.0,0.5,0.5,1.0
banknote,6,8,905,0,5,1,2,4,1,1,0.7235294117647059,0.25,0.47352941176470587,1.0
banknote,6,8,905,0,5,2,2,3,1,1,0.7365269461077845,0.3333333333333333,0.40319361277445115,1.0
banknote,6,8,905,0,5,3,3,2,1,1,0.5227272727272727,0.5,0.022727272727272707,1.0
banknote,6,8,1018,0,4,1,1,2,1,1,0.875,0.5,0.375,1.0
banknote,6,8,1183,0,5,1,1,3,1,1,0.875,0.3333333333333333,0.5416666666666667,1.0
banknote,6,8,1183,0,5,2,3,2,1,1,1.0,0.5,0.5,1.0
banknote,6,8,1183,0,5,3,3,2,1,1,1.0,0.5,0.5,1.0
banknote,6,8,1188,0,5,1,1,2,1,1,0.875,0.4375,0.4375,1.0
banknote,6,8,1293,0,5,1,1,3,1,1,0.875,0.3333333333333333,0.5416666666666667,1.0
banknote,6,8,1293,0,5,2,3,2,1,1,1.0,0.5,0.5,1.0
banknote,6,8,1293,0,5,3,3,2,1,1,1.0,0.5,0.5,1.0
banknote,6,8,1354,0,5,1,1,3,1,1,0.875,0.3333333333333333,0.5416666666666667,1.0
banknote,6,8,1354,0,5,2,3,2,1,1,1.0,0.5,0.5,1.0
banknote,6,8,1354,0,5,3,3,2,1,1,1.0,0.5,0.5,1.0
banknote,7,4,101,1,3,1,2,2,1,1,0.6285714285714286,0.5,0.12857142857142856,1.0
banknote,7,4,241,0,4,1,1,2,1,1,0.7142857142857143,0.35714285714285715,0.35714285714285715,1.0
banknote,7,4,260,1,3,1,2,2,1,1,0.6285714285714286,0.5,0.12857142857142856,1.0
banknote,7,4,304,1,3,1,2,2,1,1,0.6285714285714286,0.5,0.12857142857142856,1.0
banknote,7,4,306,0,4,1,2,3,1,1,0.6703910614525139,0.3333333333333333,0.3370577281191806,1.0
banknote,7,4,306,0,4,2,2,2,1,1,0.6779661016949152,0.5,0.17796610169491522,1.0
banknote,7,4,342,1,3,1,2,2,1,1,0.6285714285714286,0.5,0.12857142857142856,1.0
banknote,7,4,407,1,4,1,3,3,1,1,0.6285714285714286,0.3333333333333333,0.29523809523809524,1.0
banknote,7,4,407,1,4,2,3,2,1,1,1.0,0.5,0.5,1.0
banknote,7,4,418,0,4,1,1,2,1,1,0.7142857142857143,0.35714285714285715,0.35714285714285715,1.0
banknote,7,4,587,0,4,1,2,3,1,1,0.6703910614525139,0.3333333333333333,0.3370577281191806,1.0
banknote,7,4,587,0,4,2,2,2,1,1,0.6779661016949152,0.5,0.17796610169491522,1.0
banknote,7,4,680,1,3,1,2,2,1,1,0.6285714285714286,0.5,0.12857142857142856,1.0
banknote,7,4,773,0,4,1,1,2,1,1,0.7142857142857143,0.35714285714285715,0.35714285714285715,1.0
banknote,7,4,864,0,4,1,2,3,1,1,0.6703910614525139,0.3333333333333333,0.3370577281191806,1.0
banknote,7,4,864,0,4,2,2,2,1,1,0.6779661016949152,0.5,0.17796610169491522,1.0
banknote,7,4,951,0,4,1,1,2,1,1,0.7142857142857143,0.35714285714285715,0.35714285714285715,1.0
banknote,7,4,1056,0,4,1,1,2,1,1,0.7142857142857143,0.35714285714285715,0.35714285714285715,1.0
banknote,7,4,1124,0,4,1,1,2,1,1,0.7142857142857143,0.35714285714285715,0.35714285714285715,1.0
banknote,7,4,1143,0,4,1,1,2,1,1,0.7142857142857143,0.35714285714285715,0.35714285714285715,1.0
banknote,7,4,1173,0,4,1,1,2,1,1,0.7142857142857143,0.35714285714285715,0.35714285714285715,1.0
banknote,7,4,1207,0,4,1,1,2,1,1,0.7142857142857143,0.35714285714285715,0.35714285714285715,1.0
banknote,7,4,1306,0,4,1,1,2,1,1,0.7142857142857143,0.35714285714285715,0.35714285714285715,1.0
banknote,7,8,101,1,3,1,2,2,1,1,0.7045454545454546,0.5,0.20454545454545459,1.0
banknote,7,8,241,1,5,1,3,3,1,1,0.75,0.3154761904761905,0.4345238095238095,1.0
banknote,7,8,241,1,5,2,3,2,1,1,0.75,0.4732142857142857,0.2767857142857143,1.0
banknote,7,8,241,1,5,3,3,2,1,1,0.7924528301886793,0.5,0.2924528301886793,1.0
banknote,7,8,260,1,3,1,2,2,1,1,0.7045454545454546,0.5,0.20454545454545459,1.0
banknote,7,8,304,1,3,1,2,2,1,1,0.7045454545454546,0.5,0.20454545454545459,1.0
banknote,7,8,306,1,5,1,3,4,1,1,0.4090909090909091,0.25,0.15909090909090912,1.0
banknote,7,8,306,1,5,2,3,3,1,1,0.5806451612903226,0.33333333333333337,0.24731182795698925,1.0
banknote,7,8,306,1,5,3,3,2,1,1,0.5806451612903226,0.5,0.08064516129032262,1.0
banknote,7,8,342,1,3,1,2,2,1,1,0.7045454545454546,0.5,0.20454545454545459,1.0
banknote,7,8,407,1,7,1,3,5,1,1,0.29545454545454547,0.19545454545454544,0.10000000000000003,0.0
banknote,7,8,407,1,7,2,3,4,1,1,0.41935483870967744,0.24193548387096775,0.1774193548387097,0.0
banknote,7,8,407,1,7,3,3,3,1,1,0.41935483870967744,0.3225806451612903,0.09677419354838712,0.0
banknote,7,8,407,1,7,4,4,2,1,1,0.9444444444444444,0.4722222222222222,0.4722222222222222,1.0
banknote,7,8,418,1,5,1,3,3,1,1,0.75,0.3154761904761905,0.4345238095238095,1.0
banknote,7,8,418,1,5,2,3,2,1,1,0.75,0.4732142857142857,0.2767857142857143,1.0
banknote,7,8,418,1,5,3,3,2,1,1,0.7924528301886793,0.5,0.2924528301886793,1.0
banknote,7,8,587,1,5,1,3,4,1,1,0.4090909090909091,0.25,0.15909090909090912,1.0
banknote,7,8,587,1,5,2,3,3,1,1,0.5806451612903226,0.33333333333333337,0.24731182795698925,1.0
banknote,7,8,587,1,5,3,3,2,1,1,0.5806451612903226,0.5,0.08064516129032262,1.0
banknote,7,8,680,1,3,1,2,2,1,1,0.7045454545454546,0.5,0.20454545454545459,1.0
banknote,7,8,773,0,5,1,1,2,1,1,0.5882352941176471,0.38235294117647056,0.20588235294117652,1.0
banknote,7,8,864,0,5,1,2,4,1,1,0.7058823529411765,0.25,0.4558823529411765,1.0
banknote,7,8,864,0,5,2,2,3,1,1,0.7142857142857143,0.3333333333333333,0.380952380952381,1.0
banknote,7,8,864,0,5,3,3,2,1,1,0.8125,0.5,0.3125,1.0
banknote,7,8,951,0,5,1,1,2,1,1,0.5882352941176471,0.38235294117647056,0.20588235294117652,1.0
banknote,7,8,1056,0,5,1,1,2,1,1,0.5882352941176471,0.38235294117647056,0.20588235294117652,1.0
banknote,7,8,1124,0,5,1,1,2,1,1,0.5882352941176471,0.29411764705882354,0.29411764705882354,1.0
banknote,7,8,1143,0,5,1,1,2,1,1,0.5882352941176471,0.38235294117647056,0.20588235294117652,1.0
banknote,7,8,1173,0,5,1,1,2,1,1,0.5882352941176471,0.38235294117647056,0.20588235294117652,1.0
banknote,7,8,1207,0,5,1,1,2,1,1,0.5882352941176471,0.29411764705882354,0.29411764705882354,1.0
banknote,7,8,1306,0,5,1,1,2,1,1,0.5882352941176471,0.38235294117647056,0.20588235294117652,1.0
banknote,8,4,50,1,4,1,2,2,1,1,0.3333333333333333,0.16666666666666666,0.16666666666666666,0.0
banknote,8,4,50,1,4,2,2,2,1,1,1.0,0.5,0.5,1.0
banknote,8,4,227,1,4,1,1,2,1,1,0.9319727891156463,0.5,0.4319727891156463,1.0
banknote,8,4,521,1,4,1,1,2,1,1,0.9319727891156463,0.5,0.4319727891156463,1.0
banknote,8,4,537,1,4,1,2,3,1,1,0.7482993197278912,0.3333333333333333,0.4149659863945579,1.0
banknote,8,4,537,1,4,2,2,2,1,1,0.8029197080291971,0.5,0.3029197080291971,1.0
banknote,8,4,604,1,4,1,1,2,1,1,0.9319727891156463,0.5,0.4319727891156463,1.0
banknote,8,4,610,1,4,1,1,2,1,1,0.9319727891156463,0.5,0.4319727891156463,1.0
banknote,8,4,633,1,4,1,2,2,1,1,0.3333333333333333,0.16666666666666666,0.16666666666666666,0.0
banknote,8,4,633,1,4,2,2,2,1,1,1.0,0.5,0.5,1.0
banknote,8,4,685,1,4,1,2,2,1,1,0.3333333333333333,0.16666666666666666,0.16666666666666666,0.0
banknote,8,4,685,1,4,2,2,2,1,1,1.0,0.5,0.5,1.0
banknote,8,4,727,1,4,1,1,2,1,1,0.9319727891156463,0.5,0.4319727891156463,1.0
banknote,8,4,816,0,4,1,1,3,1,1,0.6829268292682927,0.3333333333333333,0.3495934959349594,1.0
banknote,8,4,816,0,4,2,2,2,1,1,1.0,0.5,0.5,1.0
banknote,8,4,911,0,4,1,2,2,1,1,0.7945205479452054,0.4931506849315068,0.3013698630136986,1.0
banknote,8,4,911,0,4,2,2,2,1,1,0.8055555555555556,0.5,0.3055555555555556,1.0
banknote,8,4,957,0,4,1,1,3,1,1,0.6829268292682927,0.3333333333333333,0.3495934959349594,1.0
banknote,8,4,957,0,4,2,2,2,1,1,1.0,0.5,0.5,1.0
banknote,8,4,1058,0,4,1,1,3,1,1,0.6829268292682927,0.3333333333333333,0.3495934959349594,1.0
banknote,8,4,1058,0,4,2,2,2,1,1,1.0,0.5,0.5,1.0
banknote,8,4,1193,0,4,1,1,3,1,1,0.6829268292682927,0.3333333333333333,0.3495934959349594,1.0
banknote,8,4,1193,0,4,2,2,2,1,1,1.0,0.5,0.5,1.0
banknote,8,4,1227,0,4,1,1,3,1,1,0.6829268292682927,0.3333333333333333,0.3495934959349594,1.0
banknote,8,4,1227,0,4,2,2,2,1,1,1.0,0.5,0.5,1.0
banknote,8,4,1295,0,4,1,1,3,1,1,0.6829268292682927,0.3333333333333333,0.3495934959349594,1.0
banknote,8,4,1295,0,4,2,2,2,1,1,1.0,0.5,0.5,1.0
banknote,8,4,1307,0,4,1,1,3,1,1,0.6829268292682927,0.3333333333333333,0.3495934959349594,1.0
banknote,8,4,1307,0,4,2,2,2,1,1,1.0,0.5,0.5,1.0
banknote,8,4,1344,1,4,1,2,2,1,1,0.3333333333333333,0.16666666666666666,0.16666666666666666,0.0
banknote,8,4,1344,1,4,2,2,2,1,1,1.0,0.5,0.5,1.0
banknote,8,8,50,1,4,1,2,2,1,1,0.3333333333333333,0.16666666666666666,0.16666666666666666,0.0
banknote,8,8,50,1,4,2,2,2,1,1,1.0,0.5,0.5,1.0
banknote,8,8,227,1,4,1,1,2,1,1,0.927536231884058,0.5,0.427536231884058,1.0
banknote,8,8,521,1,4,1,1,2,1,1,0.927536231884058,0.5,0.427536231884058,1.0
banknote,8,8,537,1,5,1,2,3,1,1,0.7536231884057971,0.33091787439613524,0.4227053140096619,1.0
banknote,8,8,537,1,5,2,2,2,1,1,0.8125,0.49609375,0.31640625,1.0
banknote,8,8,604,1,4,1,1,2,1,1,0.927536231884058,0.5,0.427536231884058,1.0
banknote,8,8,610,1,4,1,1,2,1,1,0.927536231884058,0.5,0.427536231884058,1.0
banknote,8,8,633,1,4,1,2,2,1,1,0.3333333333333333,0.16666666666666666,0.16666666666666666,0.0
banknote,8,8,633,1,4,2,2,2,1,1,1.0,0.5,0.5,1.0
banknote,8,8,685,1,4,1,2,2,1,1,0.3333333333333333,0.16666666666666666,0.16666666666666666,0.0
banknote,8,8,685,1,4,2,2,2,1,1,1.0,0.5,0.5,1.0
banknote,8,8,727,1,4,1,1,2,1,1,0.927536231884058,0.5,0.427536231884058,1.0
banknote,8,8,816,0,5,1,1,3,1,1,0.56,0.29333333333333333,0.2666666666666667,1.0
banknote,8,8,816,0,5,2,2,2,1,1,0.7272727272727273,0.36363636363636365,0.36363636363636365,1.0
banknote,8,8,911,0,4,1,2,2,1,1,0.7945205479452054,0.4931506849315068,0.3013698630136986,1.0
banknote,8,8,911,0,4,2,2,2,1,1,0.8055555555555556,0.5,0.3055555555555556,1.0
banknote,8,8,957,0,4,1,1,3,1,1,0.56,0.33333333333333337,0.22666666666666668,1.0
banknote,8,8,957,0,4,2,2,2,1,1,0.7272727272727273,0.5,0.2272727272727273,1.0
banknote,8,8,1058,0,4,1,1,3,1,1,0.56,0.33333333333333337,0.22666666666666668,1.0
banknote,8,8,1058,0,4,2,2,2,1,1,0.7272727272727273,0.5,0.2272727272727273,1.0
banknote,8,8,1193,0,5,1,1,3,1,1,0.56,0.29333333333333333,0.2666666666666667,1.0
banknote,8,8,1193,0,5,2,2,2,1,1,0.7272727272727273,0.36363636363636365,0.36363636363636365,1.0
banknote,8,8,1227,0,4,1,1,3,1,1,0.56,0.33333333333333337,0.22666666666666668,1.0
banknote,8,8,1227,0,4,2,2,2,1,1,0.7272727272727273,0.5,0.2272727272727273,1.0
banknote,8,8,1295,0,4,1,1,3,1,1,0.56,0.33333333333333337,0.22666666666666668,1.0
banknote,8,8,1295,0,4,2,2,2,1,1,0.7272727272727273,0.5,0.2272727272727273,1.0
banknote,8,8,1307,0,4,1,1,3,1,1,0.56,0.33333333333333337,0.22666666666666668,1.0
banknote,8,8,1307,0,4,2,2,2,1,1,0.7272727272727273,0.5,0.2272727272727273,1.0
banknote,8,8,1344,1,4,1,2,2,1,1,0.3333333333333333,0.16666666666666666,0.16666666666666666,0.0
banknote,8,8,1344,1,4,2,2,2,1,1,1.0,0.5,0.5,1.0
banknote,9,4,61,1,4,1,2,3,1,1,1.0,0.33333333333333337,0.6666666666666666,1.0
banknote,9,4,61,1,4,2,2,2,1,1,1.0,0.5,0.5,1.0
banknote,9,4,127,1,3,1,1,2,1,1,1.0,0.5,0.5,1.0
banknote,9,4,128,1,3,1,1,2,1,1,1.0,0.5,0.5,1.0
banknote,9,4,138,1,3,1,1,2,1,1,1.0,0.5,0.5,1.0
banknote,9,4,146,1,3,1,1,2,1,1,1.0,0.5,0.5,1.0
banknote,9,4,153,1,3,1,1,2,1,1,1.0,0.5,0.5,1.0
banknote,9,4,203,1,3,1,1,2,1,1,1.0,0.5,0.5,1.0
banknote,9,4,418,0,4,1,1,3,1,1,1.0,0.3333333333333333,0.6666666666666667,1.0
banknote,9,4,444,1,4,1,2,3,1,1,1.0,0.33333333333333337,0.6666666666666666,1.0
banknote,9,4,444,1,4,2,2,2,1,1,1.0,0.5,0.5,1.0
banknote,9,4,743,1,3,1,1,2,1,1,1.0,0.5,0.5,1.0
banknote,9,4,765,0,3,1,1,2,1,1,1.0,0.5,0.5,1.0
banknote,9,4,918,1,3,1,1,2,1,1,1.0,0.5,0.5,1.0
banknote,9,4,934,0,4,1,1,3,1,1,1.0,0.3333333333333333,0.6666666666666667,1.0
banknote,9,4,1104,0,3,1,1,2,1,1,1.0,0.5,0.5,1.0
banknote,9,4,1142,0,3,1,1,2,1,1,1.0,0.5,0.5,1.0
banknote,9,4,1159,0,3,1,1,2,1,1,1.0,0.5,0.5,1.0
banknote,9,4,1172,0,3,1,1,2,1,1,1.0,0.5,0.5,1.0
banknote,9,4,1217,0,4,1,1,3,1,1,0.6875,0.3333333333333333,0.3541666666666667,1.0
banknote,9,4,1217,0,4,2,2,2,1,1,0.8727272727272727,0.5,0.3727272727272727,1.0
banknote,9,4,1238,0,4,1,1,3,1,1,1.0,0.3333333333333333,0.6666666666666667,1.0
banknote,9,8,61,1,5,1,2,3,1,1,0.7407407407407407,0.32098765432098764,0.41975308641975306,1.0
banknote,9,8,61,1,5,2,2,2,1,1,0.7407407407407407,0.48148148148148145,0.25925925925925924,1.0
banknote,9,8,127,1,3,1,1,2,1,1,1.0,0.5,0.5,1.0
banknote,9,8,128,1,3,1,1,2,1,1,1.0,0.5,0.5,1.0
banknote,9,8,138,1,3,1,1,2,1,1,1.0,0.5,0.5,1.0
banknote,9,8,146,1,3,1,1,2,1,1,1.0,0.5,0.5,1.0
banknote,9,8,153,1,3,1,1,2,1,1,1.0,0.5,0.5,1.0
banknote,9,8,203,1,3,1,1,2,1,1,1.0,0.5,0.5,1.0
banknote,9,8,418,1,5,1,2,4,1,1,0.6209677419354839,0.25,0.3709677419354839,1.0
banknote,9,8,418,1,5,2,2,3,1,1,0.6209677419354839,0.33333333333333337,0.2876344086021505,1.0
banknote,9,8,418,1,5,3,3,2,1,1,0.9787234042553191,0.5,0.4787234042553191,1.0
banknote,9,8,444,1,6,1,2,5,1,1,0.7407407407407407,0.2,0.5407407407407407,1.0
banknote,9,8,444,1,6,2,2,4,1,1,0.7407407407407407,0.25,0.4907407407407407,1.0
banknote,9,8,444,1,6,3,5,3,1,1,0.8571428571428571,0.33333333333333337,0.5238095238095237,1.0
banknote,9,8,444,1,6,4,5,2,1,1,1.0,0.5,0.5,1.0
banknote,9,8,743,1,3,1,1,2,1,1,1.0,0.5,0.5,1.0
banknote,9,8,765,0,3,1,1,2,1,1,0.6956521739130435,0.5,0.19565217391304346,1.0
banknote,9,8,918,1,3,1,1,2,1,1,1.0,0.5,0.5,1.0
banknote,9,8,934,0,5,1,1,3,1,1,0.6956521739130435,0.2608695652173913,0.43478260869565216,1.0
banknote,9,8,934,0,5,2,3,2,1,1,0.2857142857142857,0.14285714285714285,0.14285714285714285,0.0
banknote,9,8,1104,0,3,1,1,2,1,1,0.6956521739130435,0.5,0.19565217391304346,1.0
banknote,9,8,1142,0,3,1,1,2,1,1,0.6956521739130435,0.5,0.19565217391304346,1.0
banknote,9,8,1159,0,3,1,1,2,1,1,0.6956521739130435,0.5,0.19565217391304346,1.0
banknote,9,8,1172,0,3,1,1,2,1,1,0.6956521739130435,0.5,0.19565217391304346,1.0
banknote,9,8,1217,0,4,1,1,3,1,1,0.7159763313609467,0.33333333333333337,0.38264299802761337,1.0
banknote,9,8,1217,0,4,2,2,2,1,1,0.8541666666666666,0.5,0.35416666666666663,1.0
banknote,9,8,1238,0,5,1,1,3,1,1,0.6956521739130435,0.2608695652173913,0.43478260869565216,1.0
banknote,9,8,1238,0,5,2,3,2,1,1,0.2857142857142857,0.14285714285714285,0.14285714285714285,0.0
blood,0,4,114,1,4,1,2,3,1,1,0.8918918918918919,0.33333333333333337,0.5585585585585585,1.0
blood,0,4,114,1,4,2,2,2,1,1,0.8918918918918919,0.5,0.3918918918918919,1.0
blood,0,4,178,0,4,1,1,2,1,1,0.7205882352941176,0.5,0.22058823529411764,1.0
blood,0,4,186,0,4,1,1,2,1,1,0.7205882352941176,0.5,0.22058823529411764,1.0
blood,0,4,500,1,4,1,2,3,1,1,0.8918918918918919,0.33333333333333337,0.5585585585585585,1.0
blood,0,4,500,1,4,2,2,2,1,1,0.8918918918918919,0.5,0.3918918918918919,1.0
blood,0,4,506,0,4,1,1,2,1,1,0.7205882352941176,0.5,0.22058823529411764,1.0
blood,0,4,552,0,4,1,1,2,1,1,0.7205882352941176,0.5,0.22058823529411764,1.0
blood,0,8,82,1,8,1,1,4,1,1,0.8181818181818182,0.21022727272727273,0.6079545454545455,1.0
blood,0,8,114,1,7,1,2,5,1,1,0.5909090909090909,0.18636363636363634,0.4045454545454546,1.0
blood,0,8,114,1,7,2,2,4,1,1,0.7222222222222222,0.22916666666666666,0.4930555555555556,1.0
blood,0,8,114,1,7,3,3,3,1,1,0.4,0.23333333333333334,0.16666666666666669,1.0
blood,0,8,114,1,7,4,5,2,1,1,0.5,0.25,0.25,1.0
blood,0,8,114,1,7,5,5,2,1,1,1.0,0.5,0.5,1.0
blood,0,8,155,1,7,1,1,3,1,1,0.8181818181818182,0.3181818181818182,0.5,1.0
blood,0,8,155,1,7,2,5,2,1,1,0.625,0.375,0.25,1.0
blood,0,8,155,1,7,3,5,2,1,1,0.8333333333333334,0.5,0.33333333333333337,1.0
blood,0,8,155,1,7,4,5,2,1,1,0.8333333333333334,0.5,0.33333333333333337,1.0
blood,0,8,162,1,7,1,1,3,1,1,0.8181818181818182,0.3181818181818182,0.5,1.0
blood,0,8,162,1,7,2,5,2,1,1,0.625,0.375,0.25,1.0
blood,0,8,162,1,7,3,5,2,1,1,0.8333333333333334,0.5,0.33333333333333337,1.0
blood,0,8,162,1,7,4,5,2,1,1,0.8333333333333334,0.5,0.33333333333333337,1.0
blood,0,8,178,0,8,1,1,4,1,1,0.6721311475409836,0.22540983606557377,0.44672131147540983,1.0
blood,0,8,178,0,8,2,2,3,1,1,0.65,0.23333333333333334,0.4166666666666667,1.0
blood,0,8,178,0,8,3,4,2,1,1,0.14285714285714285,0.07142857142857142,0.07142857142857142,0.0
blood,0,8,178,0,8,4,4,2,1,1,0.14285714285714285,0.07142857142857142,0.07142857142857142,0.0
blood,0,8,186,0,8,1,1,4,1,1,0.6721311475409836,0.22540983606557377,0.44672131147540983,1.0
blood,0,8,186,0,8,2,2,3,1,1,0.65,0.23333333333333334,0.4166666666666667,1.0
blood,0,8,186,0,8,3,4,2,1,1,0.14285714285714285,0.07142857142857142,0.07142857142857142,0.0
blood,0,8,186,0,8,4,4,2,1,1,0.14285714285714285,0.07142857142857142,0.07142857142857142,0.0
blood,0,8,223,1,8,1,1,2,1,1,0.8181818181818182,0.4659090909090909,0.35227272727272735,1.0
blood,0,8,291,1,7,1,4,3,1,1,0.0,0.2,-0.2,0.0
blood,0,8,291,1,7,2,4,2,1,1,0.0,0.3,-0.3,0.0
blood,0,8,291,1,7,3,4,2,1,1,0.0,0.375,-0.375,0.0
blood,0,8,291,1,7,4,4,2,1,1,0.0,0.5,-0.5,0.0
blood,0,8,297,1,8,1,2,2,1,1,0.8,0.4,0.4,1.0
blood,0,8,328,1,7,1,5,3,1,1,0.0,0.2,-0.2,0.0
blood,0,8,328,1,7,2,5,2,1,1,0.0,0.3,-0.3,0.0
blood,0,8,328,1,7,3,5,2,1,1,0.0,0.375,-0.375,0.0
blood,0,8,328,1,7,4,5,2,1,1,0.0,0.5,-0.5,0.0
blood,0,8,361,1,8,1,6,4,1,1,0.0,0.15,-0.15,0.0
blood,0,8,361,1,8,2,6,3,1,1,0.0,0.2,-0.2,0.0
blood,0,8,361,1,8,3,6,3,1,1,0.0,0.25,-0.25,0.0
blood,0,8,361,1,8,4,6,3,1,1,0.0,0.3333333333333333,-0.3333333333333333,0.0
blood,0,8,361,1,8,5,6,2,0,1,,,,
blood,0,8,447,0,8,1,5,3,1,1,0.3246753246753247,0.2510822510822511,0.0735930735930736,1.0
blood,0,8,447,0,8,2,5,2,1,1,0.43859649122807015,0.3333333333333333,0.10526315789473684,1.0
blood,0,8,447,0,8,3,5,2,1,1,0.5434782608695652,0.41304347826086957,0.13043478260869562,1.0
blood,0,8,447,0,8,4,5,2,1,1,0.5434782608695652,0.41304347826086957,0.13043478260869562,1.0
blood,0,8,500,0,6,1,1,4,1,1,0.6721311475409836,0.2459016393442623,0.4262295081967213,1.0
blood,0,8,500,0,6,2,4,3,1,1,0.6,0.31666666666666665,0.2833333333333333,1.0
blood,0,8,500,0,6,3,4,2,1,1,0.9230769230769231,0.46153846153846156,0.46153846153846156,1.0
blood,0,8,506,0,8,1,1,4,1,1,0.6721311475409836,0.2336065573770492,0.4385245901639344,1.0
blood,0,8,506,0,8,2,2,3,1,1,0.65,0.26666666666666666,0.38333333333333336,1.0
blood,0,8,506,0,8,3,4,2,1,1,0.14285714285714285,0.21428571428571427,-0.07142857142857142,0.0
blood,0,8,506,0,8,4,4,2,1,1,0.14285714285714285,0.21428571428571427,-0.07142857142857142,0.0
blood,0,8,552,0,8,1,1,4,1,1,0.6721311475409836,0.22540983606557377,0.44672131147540983,1.0
blood,0,8,552,0,8,2,2,3,1,1,0.65,0.23333333333333334,0.4166666666666667,1.0
blood,0,8,552,0,8,3,4,2,1,1,0.14285714285714285,0.07142857142857142,0.07142857142857142,0.0
blood,0,8,552,0,8,4,4,2,1,1,0.14285714285714285,0.07142857142857142,0.07142857142857142,0.0
blood,0,8,635,1,7,1,4,3,1,1,0.0,0.2,-0.2,0.0
blood,0,8,635,1,7,2,4,2,1,1,0.0,0.3,-0.3,0.0
blood,0,8,635,1,7,3,4,2,1,1,0.0,0.375,-0.375,0.0
blood,0,8,635,1,7,4,4,2,1,1,0.0,0.5,-0.5,0.0
blood,0,8,637,1,8,1,4,3,1,1,0.0,0.0,0.0,0.0
blood,0,8,637,1,8,2,4,2,1,1,0.0,0.0,0.0,0.0
blood,0,8,637,1,8,3,4,2,1,1,0.0,0.0,0.0,0.0
blood,0,8,637,1,8,4,4,2,1,1,0.0,0.0,0.0,0.0
blood,0,8,649,1,8,1,4,3,1,1,0.0,0.0,0.0,0.0
blood,0,8,649,1,8,2,4,2,1,1,0.0,0.0,0.0,0.0
blood,0,8,649,1,8,3,4,2,1,1,0.0,0.0,0.0,0.0
blood,0,8,649,1,8,4,4,2,1,1,0.0,0.0,0.0,0.0
blood,0,8,692,1,3,1,1,2,1,1,1.0,0.5,0.5,1.0
blood,0,8,694,1,3,1,1,2,1,1,1.0,0.5,0.5,1.0
blood,1,4,10,0,4,1,1,3,1,1,0.6545454545454545,0.3333333333333333,0.3212121212121212,1.0
blood,1,4,10,0,4,2,3,2,1,1,0.7368421052631579,0.5,0.23684210526315785,1.0
blood,1,4,118,1,4,1,2,2,1,1,0.9142857142857143,0.4857142857142857,0.42857142857142855,1.0
blood,1,4,121,0,4,1,1,3,1,1,0.6545454545454545,0.3333333333333333,0.3212121212121212,1.0
blood,1,4,121,0,4,2,2,2,1,1,0.7368421052631579,0.5,0.23684210526315785,1.0
blood,1,4,127,1,4,1,3,3,1,1,0.9142857142857143,0.3333333333333333,0.5809523809523809,1.0
blood,1,4,127,1,4,2,3,2,1,1,0.9696969696969697,0.5,0.4696969696969697,1.0
blood,1,4,161,1,4,1,1,2,1,1,0.9428571428571428,0.4714285714285714,0.4714285714285714,1.0
blood,1,4,503,0,4,1,1,3,1,1,0.6545454545454545,0.3333333333333333,0.3212121212121212,1.0
blood,1,4,503,0,4,2,3,2,1,1,0.7368421052631579,0.5,0.23684210526315785,1.0
blood,1,4,509,0,4,1,1,3,1,1,0.6545454545454545,0.3333333333333333,0.3212121212121212,1.0
blood,1,4,509,0,4,2,2,2,1,1,0.7368421052631579,0.5,0.23684210526315785,1.0
blood,1,4,517,0,4,1,1,3,1,1,0.6545454545454545,0.3333333333333333,0.3212121212121212,1.0
blood,1,4,517,0,4,2,3,2,1,1,0.7368421052631579,0.5,0.23684210526315785,1.0
blood,1,8,10,0,5,1,1,3,1,1,0.6862745098039216,0.3333333333333333,0.35294117647058826,1.0
blood,1,8,10,0,5,2,2,2,1,1,0.3125,0.5,-0.1875,0.0
blood,1,8,118,1,8,1,2,2,1,1,0.8205128205128205,0.44871794871794873,0.37179487179487175,1.0
blood,1,8,121,0,8,1,1,4,1,1,0.6862745098039216,0.24509803921568626,0.4411764705882353,1.0
blood,1,8,121,0,8,2,2,3,1,1,0.6875,0.3125,0.375,1.0
blood,1,8,121,0,8,3,6,2,1,1,0.4,0.4,0.0,1.0
blood,1,8,127,1,8,1,3,3,1,1,0.7435897435897436,0.3076923076923077,0.4358974358974359,1.0
blood,1,8,127,1,8,2,3,2,1,1,0.8055555555555556,0.4583333333333333,0.34722222222222227,1.0
blood,1,8,161,1,6,1,1,3,1,1,0.9230769230769231,0.3162393162393163,0.6068376068376069,1.0
blood,1,8,161,1,6,2,4,2,1,1,0.3333333333333333,0.16666666666666666,0.16666666666666666,0.0
blood,1,8,161,1,6,3,4,2,1,1,1.0,0.5,0.5,1.0
blood,1,8,253,1,5,1,1,3,1,1,0.8181818181818182,0.3333333333333333,0.4848484848484849,1.0
blood,1,8,287,1,5,1,1,3,1,1,0.8181818181818182,0.3333333333333333,0.4848484848484849,1.0
blood,1,8,312,1,5,1,4,3,1,1,0.7272727272727273,0.30303030303030304,0.42424242424242425,1.0
blood,1,8,312,1,5,2,4,2,1,1,0.8888888888888888,0.4444444444444444,0.4444444444444444,1.0
blood,1,8,312,1,5,3,4,2,1,1,1.0,0.5,0.5,1.0
blood,1,8,379,1,8,1,1,3,1,1,0.8181818181818182,0.3333333333333333,0.4848484848484849,1.0
blood,1,8,387,1,8,1,1,3,1,1,0.8181818181818182,0.3333333333333333,0.4848484848484849,1.0
blood,1,8,457,1,7,1,1,3,1,1,0.8181818181818182,0.2727272727272727,0.5454545454545455,1.0
blood,1,8,466,1,7,1,5,4,1,1,0.45454545454545453,0.1590909090909091,0.2954545454545454,1.0
blood,1,8,466,1,7,2,5,3,1,1,0.5555555555555556,0.1851851851851852,0.37037037037037035,1.0
blood,1,8,466,1,7,3,5,3,1,1,0.625,0.20833333333333334,0.41666666666666663,1.0
blood,1,8,466,1,7,4,5,2,1,1,0.625,0.3125,0.3125,1.0
blood,1,8,503,0,5,1,1,3,1,1,0.6862745098039216,0.3333333333333333,0.35294117647058826,1.0
blood,1,8,503,0,5,2,2,2,1,1,0.3125,0.5,-0.1875,0.0
blood,1,8,509,1,8,1,6,4,1,1,0.38461538461538464,0.16025641025641027,0.22435897435897437,1.0
blood,1,8,509,1,8,2,6,3,1,1,0.4166666666666667,0.2037037037037037,0.212962962962963,1.0
blood,1,8,509,1,8,3,6,2,1,1,0.46875,0.28125,0.1875,1.0
blood,1,8,517,0,5,1,1,3,1,1,0.6862745098039216,0.3333333333333333,0.35294117647058826,1.0
blood,1,8,517,0,5,2,2,2,1,1,0.3125,0.5,-0.1875,0.0
blood,1,8,648,1,7,1,1,3,1,1,0.8181818181818182,0.2727272727272727,0.5454545454545455,1.0
blood,1,8,657,1,8,1,5,5,1,1,0.45454545454545453,0.12727272727272726,0.32727272727272727,1.0
blood,1,8,657,1,8,2,5,4,1,1,0.5555555555555556,0.1388888888888889,0.4166666666666667,1.0
blood,1,8,657,1,8,3,5,4,1,1,0.625,0.15625,0.46875,1.0
blood,1,8,657,1,8,4,5,3,1,1,0.625,0.20833333333333334,0.41666666666666663,1.0
blood,1,8,657,1,8,5,5,2,1,1,0.625,0.3125,0.3125,1.0
blood,1,8,720,1,7,1,1,3,1,1,0.8181818181818182,0.2727272727272727,0.5454545454545455,1.0
blood,1,8,735,1,8,1,1,2,1,1,0.8181818181818182,0.4090909090909091,0.4090909090909091,1.0
blood,2,4,8,0,4,1,2,2,1,1,0.821917808219178,0.4931506849315068,0.3287671232876712,1.0
blood,2,4,24,1,4,1,2,3,1,1,0.8,0.33333333333333337,0.4666666666666667,1.0
blood,2,4,24,1,4,2,2,2,1,1,1.0,0.5,0.5,1.0
blood,2,4,139,1,4,1,2,2,1,1,0.8888888888888888,0.5,0.38888888888888884,1.0
blood,2,4,148,1,4,1,2,2,1,1,0.8888888888888888,0.5,0.38888888888888884,1.0
blood,2,4,160,1,4,1,2,2,1,1,0.8888888888888888,0.5,0.38888888888888884,1.0
blood,2,4,170,1,4,1,2,2,1,1,0.8888888888888888,0.5,0.38888888888888884,1.0
blood,2,4,197,0,4,1,2,2,1,1,0.821917808219178,0.4931506849315068,0.3287671232876712,1.0
blood,2,4,262,1,4,1,2,2,1,1,0.8888888888888888,0.5,0.38888888888888884,1.0
blood,2,4,306,1,4,1,1,3,1,1,0.8888888888888888,0.3333333333333333,0.5555555555555556,1.0
blood,2,4,306,1,4,2,2,2,1,1,1.0,0.5,0.5,1.0
blood,2,4,326,1,4,1,2,2,1,1,0.8888888888888888,0.5,0.38888888888888884,1.0
blood,2,4,333,1,4,1,1,2,1,1,0.2,0.1,0.1,0.0
blood,2,4,334,1,4,1,1,3,1,1,0.8,0.33333333333333337,0.4666666666666667,1.0
blood,2,4,334,1,4,2,2,2,1,1,1.0,0.5,0.5,1.0
blood,2,4,536,0,4,1,2,2,1,1,0.821917808219178,0.4931506849315068,0.3287671232876712,1.0
blood,2,4,573,1,4,1,2,2,1,1,0.8888888888888888,0.5,0.38888888888888884,1.0
blood,2,4,585,1,4,1,2,2,1,1,0.8888888888888888,0.5,0.38888888888888884,1.0
blood,2,4,617,1,4,1,2,2,1,1,0.8888888888888888,0.5,0.38888888888888884,1.0
blood,2,4,668,1,4,1,2,3,1,1,0.8,0.33333333333333337,0.4666666666666667,1.0
blood,2,4,668,1,4,2,2,2,1,1,1.0,0.5,0.5,1.0
blood,2,4,702,1,4,1,1,3,1,1,0.8,0.33333333333333337,0.4666666666666667,1.0
blood,2,4,702,1,4,2,2,2,1,1,1.0,0.5,0.5,1.0
blood,2,4,719,1,4,1,1,2,1,1,0.8,0.4,0.4,1.0
blood,2,4,729,1,4,1,1,2,1,1,0.8,0.4,0.4,1.0
blood,2,8,8,0,8,1,2,3,1,1,0.6825396825396826,0.31746031746031744,0.3650793650793651,1.0
blood,2,8,8,0,8,2,2,2,1,1,0.8269230769230769,0.47115384615384615,0.3557692307692307,1.0
blood,2,8,24,0,5,1,1,4,1,1,0.7590361445783133,0.25,0.5090361445783133,1.0
blood,2,8,24,0,5,2,2,3,1,1,0.4,0.33333333333333337,0.06666666666666665,1.0
blood,2,8,24,0,5,3,3,2,1,1,0.5,0.5,0.0,1.0
blood,2,8,139,1,8,1,2,4,1,1,0.2857142857142857,0.25,0.0357142857142857,0.0
blood,2,8,139,1,8,2,2,3,1,1,0.32,0.33333333333333337,-0.013333333333333364,0.0
blood,2,8,139,1,8,3,5,2,1,1,0.9411764705882353,0.5,0.4411764705882353,1.0
blood,2,8,139,1,8,4,5,2,1,1,0.9411764705882353,0.5,0.4411764705882353,1.0
blood,2,8,148,1,8,1,2,4,1,1,0.2857142857142857,0.25,0.0357142857142857,0.0
blood,2,8,148,1,8,2,2,3,1,1,0.32,0.33333333333333337,-0.013333333333333364,0.0
blood,2,8,148,1,8,3,5,2,1,1,0.9411764705882353,0.5,0.4411764705882353,1.0
blood,2,8,148,1,8,4,5,2,1,1,0.9411764705882353,0.5,0.4411764705882353,1.0
blood,2,8,160,1,8,1,2,4,1,1,0.2857142857142857,0.25,0.0357142857142857,0.0
blood,2,8,160,1,8,2,2,3,1,1,0.32,0.33333333333333337,-0.013333333333333364,0.0
blood,2,8,160,1,8,3,5,2,1,1,0.9411764705882353,0.5,0.4411764705882353,1.0
blood,2,8,160,1,8,4,5,2,1,1,0.9411764705882353,0.5,0.4411764705882353,1.0
blood,2,8,170,1,8,1,2,4,1,1,0.2857142857142857,0.25,0.0357142857142857,0.0
blood,2,8,170,1,8,2,2,3,1,1,0.32,0.33333333333333337,-0.013333333333333364,0.0
blood,2,8,170,1,8,3,5,2,1,1,0.9411764705882353,0.5,0.4411764705882353,1.0
blood,2,8,170,1,8,4,5,2,1,1,0.9411764705882353,0.5,0.4411764705882353,1.0
blood,2,8,197,0,8,1,2,4,1,1,0.6825396825396826,0.23809523809523808,0.4444444444444445,1.0
blood,2,8,197,0,8,2,2,3,1,1,0.8269230769230769,0.3141025641025641,0.5128205128205128,1.0
blood,2,8,197,0,8,3,7,2,1,1,0.6666666666666666,0.3333333333333333,0.3333333333333333,1.0
blood,2,8,197,0,8,4,7,2,1,1,0.75,0.375,0.375,1.0
blood,2,8,197,0,8,5,7,2,1,1,0.75,0.375,0.375,1.0
blood,2,8,197,0,8,6,7,2,1,1,1.0,0.5,0.5,1.0
blood,2,8,262,1,6,1,2,4,1,1,0.2857142857142857,0.25,0.0357142857142857,0.0
blood,2,8,262,1,6,2,2,3,1,1,0.32,0.33333333333333337,-0.013333333333333364,0.0
blood,2,8,262,1,6,3,4,2,1,1,0.9411764705882353,0.5,0.4411764705882353,1.0
blood,2,8,262,1,6,4,4,2,1,1,0.9411764705882353,0.5,0.4411764705882353,1.0
blood,2,8,306,1,4,1,1,3,1,1,0.8928571428571429,0.33333333333333337,0.5595238095238095,1.0
blood,2,8,306,1,4,2,2,2,1,1,0.6666666666666666,0.5,0.16666666666666663,1.0
blood,2,8,326,1,6,1,2,4,1,1,0.2857142857142857,0.25,0.0357142857142857,0.0
blood,2,8,326,1,6,2,2,3,1,1,0.32,0.33333333333333337,-0.013333333333333364,0.0
blood,2,8,326,1,6,3,4,2,1,1,0.9411764705882353,0.5,0.4411764705882353,1.0
blood,2,8,326,1,6,4,4,2,1,1,0.9411764705882353,0.5,0.4411764705882353,1.0
blood,2,8,333,1,7,1,2,2,1,1,0.0,0.3076923076923077,-0.3076923076923077,0.0
blood,2,8,334,1,6,1,1,4,1,1,0.38461538461538464,0.25,0.13461538461538464,0.0
blood,2,8,334,1,6,2,2,3,1,1,1.0,0.3333333333333333,0.6666666666666667,1.0
blood,2,8,536,1,8,1,2,3,1,1,0.6071428571428571,0.27380952380952384,0.33333333333333326,1.0
blood,2,8,536,1,8,2,2,2,1,1,0.68,0.4,0.28,1.0
blood,2,8,573,1,8,1,2,4,1,1,0.2857142857142857,0.25,0.0357142857142857,0.0
blood,2,8,573,1,8,2,2,3,1,1,0.32,0.33333333333333337,-0.013333333333333364,0.0
blood,2,8,573,1,8,3,5,2,1,1,0.9411764705882353,0.5,0.4411764705882353,1.0
blood,2,8,573,1,8,4,5,2,1,1,0.9411764705882353,0.5,0.4411764705882353,1.0
blood,2,8,585,1,8,1,2,4,1,1,0.2857142857142857,0.25,0.0357142857142857,0.0
blood,2,8,585,1,8,2,2,3,1,1,0.32,0.33333333333333337,-0.013333333333333364,0.0
blood,2,8,585,1,8,3,5,2,1,1,0.9411764705882353,0.5,0.4411764705882353,1.0
blood,2,8,585,1,8,4,5,2,1,1,0.9411764705882353,0.5,0.4411764705882353,1.0
blood,2,8,617,1,8,1,2,4,1,1,0.2857142857142857,0.25,0.0357142857142857,0.0
blood,2,8,617,1,8,2,2,3,1,1,0.32,0.33333333333333337,-0.013333333333333364,0.0
blood,2,8,617,1,8,3,5,2,1,1,0.9411764705882353,0.5,0.4411764705882353,1.0
blood,2,8,617,1,8,4,5,2,1,1,0.9411764705882353,0.5,0.4411764705882353,1.0
blood,2,8,668,1,8,1,2,3,1,1,0.38461538461538464,0.3333333333333333,0.05128205128205132,0.0
blood,2,8,668,1,8,2,2,2,1,1,1.0,0.5,0.5,1.0
blood,2,8,702,1,4,1,1,3,1,1,0.38461538461538464,0.3333333333333333,0.05128205128205132,0.0
blood,2,8,702,1,4,2,2,2,1,1,1.0,0.5,0.5,1.0
blood,2,8,719,1,8,1,1,3,1,1,0.38461538461538464,0.12820512820512822,0.2564102564102564,1.0
blood,2,8,729,1,7,1,1,3,1,1,0.38461538461538464,0.12820512820512822,0.2564102564102564,1.0
blood,3,4,89,0,4,1,2,2,1,1,0.45454545454545453,0.5,-0.04545454545454547,0.0
blood,3,4,207,1,4,1,2,2,1,1,0.9038461538461539,0.49038461538461536,0.4134615384615385,1.0
blood,3,4,268,1,4,1,2,2,1,1,0.9038461538461539,0.49038461538461536,0.4134615384615385,1.0
blood,3,4,289,1,4,1,2,3,1,1,1.0,0.3333333333333333,0.6666666666666667,1.0
blood,3,4,289,1,4,2,2,2,1,1,1.0,0.5,0.5,1.0
blood,3,4,399,1,4,1,2,3,1,1,1.0,0.3333333333333333,0.6666666666666667,1.0
blood,3,4,399,1,4,2,2,2,1,1,1.0,0.5,0.5,1.0
blood,3,4,482,1,4,1,2,3,1,1,1.0,0.3333333333333333,0.6666666666666667,1.0
blood,3,4,482,1,4,2,2,2,1,1,1.0,0.5,0.5,1.0
blood,3,4,501,1,4,1,3,3,1,1,0.9038461538461539,0.3333333333333333,0.5705128205128205,1.0
blood,3,4,501,1,4,2,3,2,1,1,0.9791666666666666,0.5,0.47916666666666663,1.0
blood,3,4,563,1,4,1,2,2,1,1,0.9038461538461539,0.49038461538461536,0.4134615384615385,1.0
blood,3,4,635,0,4,1,1,2,1,1,0.6629213483146067,0.5,0.1629213483146067,1.0
blood,3,4,689,1,4,1,2,3,1,1,1.0,0.3333333333333333,0.6666666666666667,1.0
blood,3,4,689,1,4,2,2,2,1,1,1.0,0.5,0.5,1.0
blood,3,4,730,1,4,1,2,3,1,1,1.0,0.3333333333333333,0.6666666666666667,1.0
blood,3,4,730,1,4,2,2,2,1,1,1.0,0.5,0.5,1.0
blood,3,8,77,1,6,1,1,3,1,1,0.9,0.3,0.6000000000000001,1.0
blood,3,8,89,1,8,1,2,4,1,1,0.3,0.2125,0.0875,0.0
blood,3,8,89,1,8,2,2,3,1,1,0.3333333333333333,0.2777777777777778,0.055555555555555525,0.0
blood,3,8,89,1,8,3,4,2,1,1,0.75,0.375,0.375,1.0
blood,3,8,89,1,8,4,4,2,1,1,0.75,0.375,0.375,1.0
blood,3,8,174,1,6,1,1,2,1,1,0.9,0.45,0.45,1.0
blood,3,8,207,1,7,1,2,4,1,1,0.6,0.2375,0.3625,1.0
blood,3,8,207,1,7,2,2,3,1,1,0.6666666666666666,0.3148148148148148,0.3518518518518518,1.0
blood,3,8,207,1,7,3,4,2,1,1,0.3333333333333333,0.4166666666666667,-0.08333333333333337,0.0
blood,3,8,207,1,7,4,4,2,1,1,0.4,0.5,-0.09999999999999998,0.0
blood,3,8,250,1,8,1,1,2,1,1,0.7142857142857143,0.35714285714285715,0.35714285714285715,1.0
blood,3,8,268,1,7,1,2,4,1,1,0.6,0.225,0.375,1.0
blood,3,8,268,1,7,2,2,3,1,1,0.6666666666666666,0.2962962962962963,0.37037037037037035,1.0
blood,3,8,268,1,7,3,4,2,1,1,0.5,0.3333333333333333,0.16666666666666669,1.0
blood,3,8,268,1,7,4,4,2,1,1,0.6,0.4,0.19999999999999996,1.0
blood,3,8,289,1,7,1,2,5,1,1,0.42857142857142855,0.14285714285714285,0.2857142857142857,1.0
blood,3,8,289,1,7,2,2,4,1,1,0.6,0.15,0.44999999999999996,1.0
blood,3,8,305,1,8,1,1,2,1,1,0.7142857142857143,0.35714285714285715,0.35714285714285715,1.0
blood,3,8,399,1,6,1,2,4,1,1,0.42857142857142855,0.17857142857142858,0.24999999999999997,1.0
blood,3,8,399,1,6,2,2,3,1,1,0.6,0.2,0.39999999999999997,1.0
blood,3,8,482,1,7,1,2,3,1,1,0.42857142857142855,0.33333333333333337,0.09523809523809518,1.0
blood,3,8,482,1,7,2,2,2,1,1,0.6,0.5,0.09999999999999998,1.0
blood,3,8,501,1,4,1,2,3,1,1,0.3,0.33333333333333337,-0.03333333333333338,0.0
blood,3,8,501,1,4,2,2,2,1,1,0.3333333333333333,0.5,-0.16666666666666669,0.0
blood,3,8,563,1,7,1,2,4,1,1,0.6,0.225,0.375,1.0
blood,3,8,563,1,7,2,2,3,1,1,0.6666666666666666,0.2962962962962963,0.37037037037037035,1.0
blood,3,8,563,1,7,3,4,2,1,1,0.5,0.3333333333333333,0.16666666666666669,1.0
blood,3,8,563,1,7,4,4,2,1,1,0.6,0.4,0.19999999999999996,1.0
blood,3,8,615,1,6,1,1,2,1,1,0.9,0.45,0.45,1.0
blood,3,8,635,0,4,1,1,2,1,1,0.6666666666666666,0.5,0.16666666666666663,1.0
blood,3,8,689,1,5,1,2,4,1,1,0.42857142857142855,0.25,0.17857142857142855,1.0
blood,3,8,689,1,5,2,2,3,1,1,0.6,0.33333333333333337,0.2666666666666666,1.0
blood,3,8,730,1,5,1,2,4,1,1,0.42857142857142855,0.25,0.17857142857142855,1.0
blood,3,8,730,1,5,2,2,3,1,1,0.6,0.33333333333333337,0.2666666666666666,1.0
blood,4,4,23,1,4,1,3,3,1,1,1.0,0.33333333333333337,0.6666666666666666,1.0
blood,4,4,23,1,4,2,3,2,1,1,1.0,0.5,0.5,1.0
blood,4,4,25,0,4,1,1,3,1,1,0.4230769230769231,0.3333333333333333,0.08974358974358976,1.0
blood,4,4,25,0,4,2,2,2,1,1,0.6666666666666666,0.5,0.16666666666666663,1.0
blood,4,4,108,1,4,1,1,2,1,1,1.0,0.5,0.5,1.0
blood,4,4,123,0,4,1,1,3,1,1,0.4230769230769231,0.3333333333333333,0.08974358974358976,1.0
blood,4,4,123,0,4,2,2,2,1,1,0.6666666666666666,0.5,0.16666666666666663,1.0
blood,4,4,141,1,4,1,2,3,1,1,1.0,0.33333333333333337,0.6666666666666666,1.0
blood,4,4,141,1,4,2,2,2,1,1,1.0,0.5,0.5,1.0
blood,4,4,155,1,4,1,1,2,1,1,1.0,0.5,0.5,1.0
blood,4,4,198,1,4,1,1,3,1,1,1.0,0.3333333333333333,0.6666666666666667,1.0
blood,4,4,228,1,4,1,1,2,1,1,1.0,0.5,0.5,1.0
blood,4,4,240,1,4,1,1,3,1,1,1.0,0.3333333333333333,0.6666666666666667,1.0
blood,4,4,269,0,4,1,1,2,1,1,0.6395348837209303,0.4941860465116279,0.14534883720930236,1.0
blood,4,4,310,1,4,1,1,3,1,1,1.0,0.3333333333333333,0.6666666666666667,1.0
blood,4,4,449,1,4,1,1,3,1,1,1.0,0.3333333333333333,0.6666666666666667,1.0
blood,4,4,529,1,4,1,3,3,1,1,1.0,0.33333333333333337,0.6666666666666666,1.0
blood,4,4,529,1,4,2,3,2,1,1,1.0,0.5,0.5,1.0
blood,4,4,581,1,4,1,1,2,1,1,1.0,0.5,0.5,1.0
blood,4,4,604,1,4,1,1,2,1,1,1.0,0.5,0.5,1.0
blood,4,4,605,1,4,1,2,3,1,1,1.0,0.33333333333333337,0.6666666666666666,1.0
blood,4,4,605,1,4,2,2,2,1,1,1.0,0.5,0.5,1.0
blood,4,4,679,1,4,1,1,3,1,1,1.0,0.3333333333333333,0.6666666666666667,1.0
blood,4,4,705,1,4,1,2,3,1,1,1.0,0.3333333333333333,0.6666666666666667,1.0
blood,4,4,705,1,4,2,2,2,1,1,1.0,0.5,0.5,1.0
blood,4,4,720,1,4,1,1,3,1,1,1.0,0.3333333333333333,0.6666666666666667,1.0
blood,4,4,727,1,4,1,2,3,1,1,1.0,0.3333333333333333,0.6666666666666667,1.0
blood,4,4,727,1,4,2,2,2,1,1,1.0,0.5,0.5,1.0
blood,4,8,23,1,8,1,3,3,1,1,0.4594594594594595,0.2882882882882883,0.1711711711711712,1.0
blood,4,8,23,1,8,2,3,2,1,1,0.6071428571428571,0.4107142857142857,0.1964285714285714,1.0
blood,4,8,25,0,5,1,1,4,1,1,0.41379310344827586,0.25,0.16379310344827586,1.0
blood,4,8,25,0,5,2,2,3,1,1,0.7058823529411765,0.33333333333333337,0.37254901960784315,1.0
blood,4,8,25,0,5,3,3,2,1,1,1.0,0.5,0.5,1.0
blood,4,8,108,1,7,1,1,3,1,1,0.7567567567567568,0.30630630630630634,0.45045045045045046,1.0
blood,4,8,108,1,7,2,3,2,1,1,0.6666666666666666,0.3333333333333333,0.3333333333333333,1.0
blood,4,8,108,1,7,3,3,2,1,1,0.6666666666666666,0.3333333333333333,0.3333333333333333,1.0
blood,4,8,123,0,8,1,1,3,1,1,0.41379310344827586,0.3333333333333333,0.08045977011494254,1.0
blood,4,8,123,0,8,2,2,2,1,1,0.7058823529411765,0.5,0.20588235294117652,1.0
blood,4,8,141,1,7,1,2,4,1,1,0.5945945945945946,0.25,0.3445945945945946,1.0
blood,4,8,141,1,7,2,2,3,1,1,0.7857142857142857,0.33333333333333337,0.45238095238095233,1.0
blood,4,8,141,1,7,3,4,2,1,1,1.0,0.5,0.5,1.0
blood,4,8,155,1,7,1,1,3,1,1,0.7567567567567568,0.3153153153153153,0.4414414414414415,1.0
blood,4,8,155,1,7,2,5,2,1,1,0.4444444444444444,0.3888888888888889,0.055555555555555525,1.0
blood,4,8,155,1,7,3,5,2,1,1,0.4444444444444444,0.3888888888888889,0.055555555555555525,1.0
blood,4,8,198,0,6,1,2,4,1,1,0.4375,0.24375,0.19375,1.0
blood,4,8,198,0,6,2,2,3,1,1,0.7,0.32,0.37999999999999995,1.0
blood,4,8,198,0,6,3,3,2,1,1,0.4666666666666667,0.43333333333333335,0.033333333333333326,1.0
blood,4,8,228,1,8,1,1,3,1,1,0.7567567567567568,0.2792792792792793,0.4774774774774775,1.0
blood,4,8,240,1,6,1,1,3,1,1,0.5833333333333334,0.2777777777777778,0.3055555555555556,1.0
blood,4,8,269,0,6,1,1,2,1,1,0.625,0.4875,0.1375,1.0
blood,4,8,310,1,5,1,1,4,1,1,0.5833333333333334,0.25,0.33333333333333337,1.0
blood,4,8,310,1,5,2,3,3,1,1,0.4,0.33333333333333337,0.06666666666666665,1.0
blood,4,8,310,1,5,3,3,2,1,1,0.6666666666666666,0.5,0.16666666666666663,1.0
blood,4,8,449,1,4,1,1,3,1,1,0.5833333333333334,0.3333333333333333,0.25000000000000006,1.0
blood,4,8,449,1,4,2,2,2,1,1,0.6,0.5,0.09999999999999998,1.0
blood,4,8,529,1,8,1,3,3,1,1,0.4594594594594595,0.2882882882882883,0.1711711711711712,1.0
blood,4,8,529,1,8,2,3,2,1,1,0.6071428571428571,0.4107142857142857,0.1964285714285714,1.0
blood,4,8,581,1,7,1,1,3,1,1,0.7567567567567568,0.3153153153153153,0.4414414414414415,1.0
blood,4,8,581,1,7,2,5,2,1,1,0.4444444444444444,0.3888888888888889,0.055555555555555525,1.0
blood,4,8,581,1,7,3,5,2,1,1,0.4444444444444444,0.3888888888888889,0.055555555555555525,1.0
blood,4,8,604,1,7,1,1,3,1,1,0.7567567567567568,0.30630630630630634,0.45045045045045046,1.0
blood,4,8,604,1,7,2,3,2,1,1,0.6666666666666666,0.3333333333333333,0.3333333333333333,1.0
blood,4,8,604,1,7,3,3,2,1,1,0.6666666666666666,0.3333333333333333,0.3333333333333333,1.0
blood,4,8,605,1,8,1,2,4,1,1,0.5945945945945946,0.25,0.3445945945945946,1.0
blood,4,8,605,1,8,2,2,3,1,1,0.7857142857142857,0.33333333333333337,0.45238095238095233,1.0
blood,4,8,605,1,8,3,4,2,1,1,1.0,0.5,0.5,1.0
blood,4,8,679,1,4,1,1,3,1,1,0.5833333333333334,0.3333333333333333,0.25000000000000006,1.0
blood,4,8,679,1,4,2,2,2,1,1,0.6,0.5,0.09999999999999998,1.0
blood,4,8,705,1,5,1,2,3,1,1,0.4166666666666667,0.3333333333333333,0.08333333333333337,1.0
blood,4,8,705,1,5,2,2,2,1,1,0.7142857142857143,0.5,0.2142857142857143,1.0
blood,4,8,720,1,4,1,1,3,1,1,0.5833333333333334,0.3333333333333333,0.25000000000000006,1.0
blood,4,8,720,1,4,2,2,2,1,1,0.6,0.5,0.09999999999999998,1.0
blood,4,8,727,1,6,1,2,3,1,1,0.4166666666666667,0.2777777777777778,0.1388888888888889,1.0
blood,4,8,727,1,6,2,2,2,1,1,0.7142857142857143,0.35714285714285715,0.35714285714285715,1.0
blood,5,4,11,0,4,1,1,3,1,1,0.43037974683544306,0.3333333333333333,0.09704641350210974,1.0
blood,5,4,11,0,4,2,3,2,1,1,0.6222222222222222,0.5,0.12222222222222223,1.0
blood,5,4,32,0,4,1,2,2,1,1,0.43037974683544306,0.5,-0.06962025316455694,0.0
blood,5,4,80,0,4,1,2,2,1,1,0.43037974683544306,0.5,-0.06962025316455694,0.0
blood,5,4,138,0,4,1,2,2,1,1,0.43037974683544306,0.5,-0.06962025316455694,0.0
blood,5,4,145,1,4,1,1,2,1,1,0.9629629629629629,0.5,0.4629629629629629,1.0
blood,5,4,261,1,4,1,1,3,0,1,,,,
blood,5,4,296,1,4,1,1,3,0,1,,,,
blood,5,4,343,1,4,1,2,3,0,1,,,,
blood,5,4,343,1,4,2,2,2,0,1,,,,
blood,5,4,371,1,3,1,1,2,0,1,,,,
blood,5,4,372,1,4,1,1,3,1,1,0.9629629629629629,0.3333333333333333,0.6296296296296295,1.0
blood,5,4,372,1,4,2,2,2,1,1,1.0,0.5,0.5,1.0
blood,5,4,531,0,4,1,2,2,1,1,0.43037974683544306,0.5,-0.06962025316455694,0.0
blood,5,4,566,1,4,1,2,3,1,1,0.7407407407407407,0.3333333333333333,0.4074074074074074,1.0
blood,5,4,566,1,4,2,2,2,1,1,0.7692307692307693,0.5,0.2692307692307693,1.0
blood,5,4,567,1,4,1,2,3,1,1,0.7407407407407407,0.3333333333333333,0.4074074074074074,1.0
blood,5,4,567,1,4,2,2,2,1,1,0.7692307692307693,0.5,0.2692307692307693,1.0
blood,5,4,584,1,4,1,1,2,1,1,0.9629629629629629,0.48148148148148145,0.48148148148148145,1.0
blood,5,4,595,1,4,1,2,3,1,1,0.7407407407407407,0.3333333333333333,0.4074074074074074,1.0
blood,5,4,595,1,4,2,2,2,1,1,0.7692307692307693,0.5,0.2692307692307693,1.0
blood,5,4,601,1,4,1,2,3,1,1,0.7407407407407407,0.3333333333333333,0.4074074074074074,1.0
blood,5,4,601,1,4,2,2,2,1,1,0.7692307692307693,0.5,0.2692307692307693,1.0
blood,5,4,606,1,4,1,2,3,1,1,0.7407407407407407,0.3333333333333333,0.4074074074074074,1.0
blood,5,4,606,1,4,2,2,2,1,1,0.7692307692307693,0.5,0.2692307692307693,1.0
blood,5,4,623,1,4,1,1,3,0,1,,,,
blood,5,4,739,1,3,1,1,2,0,1,,,,
blood,5,4,740,1,4,1,2,3,0,1,,,,
blood,5,4,740,1,4,2,2,2,0,1,,,,
blood,5,8,11,0,4,1,1,3,1,1,0.37681159420289856,0.3333333333333333,0.043478260869565244,0.0
blood,5,8,11,0,4,2,3,2,1,1,0.6511627906976745,0.5,0.15116279069767447,1.0
blood,5,8,32,0,6,1,1,3,1,1,0.6231884057971014,0.32367149758454106,0.2995169082125604,1.0
blood,5,8,32,0,6,2,2,2,1,1,0.7307692307692307,0.46153846153846156,0.26923076923076916,1.0
blood,5,8,80,1,8,1,2,3,1,1,0.5675675675675675,0.2972972972972973,0.27027027027027023,1.0
blood,5,8,80,1,8,2,2,2,1,1,0.6176470588235294,0.4411764705882353,0.17647058823529416,1.0
blood,5,8,138,1,8,1,2,4,1,1,0.5675675675675675,0.22297297297297297,0.34459459459459457,1.0
blood,5,8,138,1,8,2,2,3,1,1,0.6176470588235294,0.29411764705882354,0.3235294117647059,1.0
blood,5,8,138,1,8,3,5,2,1,1,0.6923076923076923,0.34615384615384615,0.34615384615384615,1.0
blood,5,8,138,1,8,4,5,2,1,1,0.75,0.375,0.375,1.0
blood,5,8,138,1,8,5,5,2,1,1,0.9,0.45,0.45,1.0
blood,5,8,145,1,4,1,1,2,1,1,0.918918918918919,0.47297297297297297,0.445945945945946,1.0
blood,5,8,261,1,4,1,1,3,1,1,0.8,0.33333333333333337,0.4666666666666667,1.0
blood,5,8,261,1,4,2,3,2,1,1,1.0,0.5,0.5,1.0
blood,5,8,296,1,6,1,1,4,1,1,0.8,0.2,0.6000000000000001,1.0
blood,5,8,296,1,6,2,5,3,1,1,0.0,0.0,0.0,0.0
blood,5,8,296,1,6,3,5,2,1,1,0.0,0.0,0.0,0.0
blood,5,8,343,1,5,1,2,4,1,1,0.8,0.25,0.55,1.0
blood,5,8,343,1,5,2,2,3,1,1,1.0,0.3333333333333333,0.6666666666666667,1.0
blood,5,8,371,1,3,1,1,2,1,1,0.8,0.5,0.30000000000000004,1.0
blood,5,8,372,1,6,1,1,3,1,1,0.918918918918919,0.3153153153153153,0.6036036036036037,1.0
blood,5,8,372,1,6,2,2,2,1,1,0.3333333333333333,0.16666666666666666,0.16666666666666666,0.0
blood,5,8,531,0,8,1,1,3,1,1,0.6231884057971014,0.3188405797101449,0.30434782608695654,1.0
blood,5,8,531,0,8,2,2,2,1,1,0.7307692307692307,0.4423076923076923,0.28846153846153844,1.0
blood,5,8,566,0,8,1,1,5,1,1,0.6231884057971014,0.1826086956521739,0.4405797101449275,1.0
blood,5,8,566,0,8,2,2,4,1,1,0.2692307692307692,0.19230769230769232,0.0769230769230769,0.0
blood,5,8,566,0,8,3,4,3,1,1,0.5263157894736842,0.22807017543859648,0.2982456140350877,1.0
blood,5,8,566,0,8,4,4,2,1,1,0.5882352941176471,0.3235294117647059,0.2647058823529412,1.0
blood,5,8,567,1,7,1,2,5,1,1,0.35135135135135137,0.17837837837837836,0.172972972972973,1.0
blood,5,8,567,1,7,2,2,4,1,1,0.38235294117647056,0.22058823529411764,0.16176470588235292,1.0
blood,5,8,567,1,7,3,4,3,1,1,0.5238095238095238,0.2698412698412699,0.25396825396825395,1.0
blood,5,8,567,1,7,4,4,2,1,1,0.6470588235294118,0.38235294117647056,0.26470588235294124,1.0
blood,5,8,584,1,8,1,1,3,1,1,0.918918918918919,0.32432432432432434,0.5945945945945946,1.0
blood,5,8,584,1,8,2,2,2,1,1,0.6666666666666666,0.3333333333333333,0.3333333333333333,1.0
blood,5,8,595,1,7,1,2,6,1,1,0.35135135135135137,0.16666666666666669,0.18468468468468469,1.0
blood,5,8,595,1,7,2,2,5,1,1,0.38235294117647056,0.19999999999999998,0.18235294117647058,1.0
blood,5,8,595,1,7,3,4,4,1,1,0.2857142857142857,0.25,0.0357142857142857,0.0
blood,5,8,595,1,7,4,4,3,1,1,0.35294117647058826,0.33333333333333337,0.019607843137254888,0.0
blood,5,8,595,1,7,5,5,2,1,1,0.8181818181818182,0.5,0.31818181818181823,1.0
blood,5,8,601,0,8,1,1,5,1,1,0.6231884057971014,0.1971014492753623,0.4260869565217391,1.0
blood,5,8,601,0,8,2,2,4,1,1,0.2692307692307692,0.2403846153846154,0.028846153846153827,0.0
blood,5,8,601,0,8,3,4,3,1,1,0.5263157894736842,0.3157894736842105,0.21052631578947367,1.0
blood,5,8,601,0,8,4,4,2,1,1,0.5882352941176471,0.47058823529411764,0.11764705882352944,1.0
blood,5,8,606,1,8,1,2,5,1,1,0.35135135135135137,0.17837837837837836,0.172972972972973,1.0
blood,5,8,606,1,8,2,2,4,1,1,0.38235294117647056,0.22058823529411764,0.16176470588235292,1.0
blood,5,8,606,1,8,3,4,3,1,1,0.5238095238095238,0.2698412698412699,0.25396825396825395,1.0
blood,5,8,606,1,8,4,4,2,1,1,0.6470588235294118,0.38235294117647056,0.26470588235294124,1.0
blood,5,8,623,1,6,1,1,4,1,1,0.8,0.2,0.6000000000000001,1.0
blood,5,8,623,1,6,2,5,3,1,1,0.0,0.0,0.0,0.0
blood,5,8,623,1,6,3,5,2,1,1,0.0,0.0,0.0,0.0
blood,5,8,739,1,3,1,1,2,1,1,0.8,0.5,0.30000000000000004,1.0
blood,5,8,740,1,6,1,2,4,1,1,0.8,0.25,0.55,1.0
blood,5,8,740,1,6,2,2,3,1,1,1.0,0.3333333333333333,0.6666666666666667,1.0
blood,6,4,30,0,4,1,1,3,1,1,0.46875,0.3333333333333333,0.13541666666666669,1.0
blood,6,4,30,0,4,2,2,2,1,1,0.8529411764705882,0.5,0.3529411764705882,1.0
blood,6,4,38,0,4,1,1,3,1,1,0.46875,0.3333333333333333,0.13541666666666669,1.0
blood,6,4,38,0,4,2,2,2,1,1,0.8529411764705882,0.5,0.3529411764705882,1.0
blood,6,4,139,1,3,1,1,2,1,1,1.0,0.5,0.5,1.0
blood,6,4,155,1,4,1,1,2,1,1,1.0,0.5,0.5,1.0
blood,6,4,183,0,4,1,1,3,1,1,0.46875,0.3333333333333333,0.13541666666666669,1.0
blood,6,4,183,0,4,2,2,2,1,1,0.8529411764705882,0.5,0.3529411764705882,1.0
blood,6,4,215,1,4,1,1,2,1,1,1.0,0.5,0.5,1.0
blood,6,4,500,0,4,1,1,3,1,1,0.46875,0.3333333333333333,0.13541666666666669,1.0
blood,6,4,500,0,4,2,2,2,1,1,0.8529411764705882,0.5,0.3529411764705882,1.0
blood,6,4,570,1,4,1,3,3,1,1,0.6521739130434783,0.33333333333333337,0.3188405797101449,1.0
blood,6,4,570,1,4,2,3,2,1,1,0.6521739130434783,0.5,0.15217391304347827,1.0
blood,6,4,585,1,4,1,1,2,1,1,1.0,0.5,0.5,1.0
blood,6,4,617,1,4,1,1,2,1,1,1.0,0.5,0.5,1.0
blood,6,8,30,0,6,1,1,3,1,1,0.45161290322580644,0.3064516129032258,0.14516129032258063,1.0
blood,6,8,30,0,6,2,2,2,1,1,0.7352941176470589,0.4264705882352941,0.3088235294117648,1.0
blood,6,8,38,0,6,1,1,3,1,1,0.45161290322580644,0.3064516129032258,0.14516129032258063,1.0
blood,6,8,38,0,6,2,2,2,1,1,0.7352941176470589,0.4264705882352941,0.3088235294117648,1.0
blood,6,8,139,1,3,1,1,2,1,1,0.92,0.5,0.42000000000000004,1.0
blood,6,8,155,1,7,1,1,3,1,1,0.92,0.3066666666666667,0.6133333333333333,1.0
blood,6,8,183,1,6,1,2,4,1,1,0.76,0.25,0.51,1.0
blood,6,8,183,1,6,2,2,3,1,1,0.8260869565217391,0.33333333333333337,0.49275362318840576,1.0
blood,6,8,183,1,6,3,3,2,1,1,0.25,0.5,-0.25,0.0
blood,6,8,215,1,6,1,1,3,1,1,0.92,0.33333333333333337,0.5866666666666667,1.0
blood,6,8,215,1,6,2,4,2,1,1,1.0,0.5,0.5,1.0
blood,6,8,248,1,8,1,3,3,1,1,0.5,0.2777777777777778,0.2222222222222222,1.0
blood,6,8,248,1,8,2,3,3,1,1,0.6,0.33333333333333337,0.2666666666666666,1.0
blood,6,8,248,1,8,3,3,2,1,1,0.6,0.5,0.09999999999999998,1.0
blood,6,8,252,1,7,1,3,4,1,1,0.5,0.20833333333333334,0.29166666666666663,1.0
blood,6,8,252,1,7,2,3,4,1,1,0.6,0.25,0.35,1.0
blood,6,8,252,1,7,3,3,3,1,1,0.6,0.33333333333333337,0.2666666666666666,1.0
blood,6,8,252,1,7,4,5,2,1,1,1.0,0.5,0.5,1.0
blood,6,8,252,1,7,5,5,2,1,1,1.0,0.5,0.5,1.0
blood,6,8,253,1,8,1,3,3,1,1,0.5,0.2777777777777778,0.2222222222222222,1.0
blood,6,8,253,1,8,2,3,3,1,1,0.6,0.33333333333333337,0.2666666666666666,1.0
blood,6,8,253,1,8,3,3,2,1,1,0.6,0.5,0.09999999999999998,1.0
blood,6,8,256,1,8,1,3,3,1,1,0.3333333333333333,0.1111111111111111,0.2222222222222222,0.0
blood,6,8,256,1,8,2,3,3,1,1,0.4,0.13333333333333333,0.2666666666666667,0.0
blood,6,8,256,1,8,3,3,2,1,1,0.4,0.2,0.2,0.0
blood,6,8,282,1,8,1,3,3,1,1,0.5,0.2777777777777778,0.2222222222222222,1.0
blood,6,8,282,1,8,2,3,3,1,1,0.6,0.33333333333333337,0.2666666666666666,1.0
blood,6,8,282,1,8,3,3,2,1,1,0.6,0.5,0.09999999999999998,1.0
blood,6,8,351,1,8,1,3,3,1,1,0.5,0.2777777777777778,0.2222222222222222,1.0
blood,6,8,351,1,8,2,3,3,1,1,0.6,0.33333333333333337,0.2666666666666666,1.0
blood,6,8,351,1,8,3,3,2,1,1,0.6,0.5,0.09999999999999998,1.0
blood,6,8,360,0,7,1,3,4,1,1,0.35106382978723405,0.23670212765957446,0.11436170212765959,0.0
blood,6,8,360,0,7,2,3,4,1,1,0.3548387096774194,0.239247311827957,0.11559139784946237,0.0
blood,6,8,360,0,7,3,3,3,1,1,0.375,0.3181818181818182,0.05681818181818182,0.0
blood,6,8,360,0,7,4,5,2,1,1,0.7636363636363637,0.4636363636363636,0.30000000000000004,1.0
blood,6,8,360,0,7,5,5,2,1,1,0.8235294117647058,0.5,0.32352941176470584,1.0
blood,6,8,449,1,6,1,4,4,1,1,0.5,0.20833333333333334,0.29166666666666663,1.0
blood,6,8,449,1,6,2,4,4,1,1,0.6,0.25,0.35,1.0
blood,6,8,449,1,6,3,4,3,1,1,0.6,0.33333333333333337,0.2666666666666666,1.0
blood,6,8,449,1,6,4,4,2,1,1,1.0,0.5,0.5,1.0
blood,6,8,500,1,6,1,2,4,1,1,0.76,0.25,0.51,1.0
blood,6,8,500,1,6,2,2,3,1,1,0.8260869565217391,0.33333333333333337,0.49275362318840576,1.0
blood,6,8,500,1,6,3,3,2,1,1,0.25,0.5,-0.25,0.0
blood,6,8,570,1,7,1,4,5,1,1,0.36,0.2,0.15999999999999998,1.0
blood,6,8,570,1,7,2,4,4,1,1,0.391304347826087,0.25,0.14130434782608697,1.0
blood,6,8,570,1,7,3,4,3,1,1,0.47368421052631576,0.3333333333333333,0.14035087719298245,1.0
blood,6,8,570,1,7,4,4,2,1,1,0.8181818181818182,0.5,0.31818181818181823,1.0
blood,6,8,585,1,7,1,1,3,1,1,0.92,0.3066666666666667,0.6133333333333333,1.0
blood,6,8,617,1,6,1,1,3,1,1,0.92,0.33333333333333337,0.5866666666666667,1.0
blood,6,8,617,1,6,2,4,2,1,1,1.0,0.5,0.5,1.0
blood,6,8,627,1,8,1,3,3,1,1,0.5,0.2777777777777778,0.2222222222222222,1.0
blood,6,8,627,1,8,2,3,3,1,1,0.6,0.33333333333333337,0.2666666666666666,1.0
blood,6,8,627,1,8,3,3,2,1,1,0.6,0.5,0.09999999999999998,1.0
blood,6,8,735,1,8,1,4,5,1,1,0.5,0.16666666666666666,0.33333333333333337,1.0
blood,6,8,735,1,8,2,4,5,1,1,0.6,0.2,0.39999999999999997,1.0
blood,6,8,735,1,8,3,4,4,1,1,0.6,0.25,0.35,1.0
blood,6,8,735,1,8,4,4,3,1,1,1.0,0.3333333333333333,0.6666666666666667,1.0
blood,7,4,216,1,4,1,1,2,1,1,1.0,0.5,0.5,1.0
blood,7,4,232,1,4,1,1,2,1,1,1.0,0.5,0.5,1.0
blood,7,4,277,1,4,1,1,2,1,1,1.0,0.5,0.5,1.0
blood,7,4,518,0,4,1,1,2,1,1,0.8648648648648649,0.49324324324324326,0.37162162162162166,1.0
blood,7,4,569,1,4,1,1,2,1,1,1.0,0.5,0.5,1.0
blood,7,4,580,1,4,1,1,2,1,1,1.0,0.5,0.5,1.0
blood,7,4,619,1,4,1,1,2,1,1,1.0,0.5,0.5,1.0
blood,7,8,105,1,6,1,1,2,1,1,0.5833333333333334,0.3333333333333333,0.25000000000000006,1.0
blood,7,8,216,1,8,1,3,3,1,1,0.375,0.2916666666666667,0.08333333333333331,0.0
blood,7,8,216,1,8,2,3,2,1,1,0.6428571428571429,0.39285714285714285,0.25000000000000006,1.0
blood,7,8,216,1,8,3,3,2,1,1,0.6428571428571429,0.39285714285714285,0.25000000000000006,1.0
blood,7,8,232,1,8,1,3,3,1,1,0.375,0.2916666666666667,0.08333333333333331,0.0
blood,7,8,232,1,8,2,3,2,1,1,0.6428571428571429,0.39285714285714285,0.25000000000000006,1.0
blood,7,8,232,1,8,3,3,2,1,1,0.6428571428571429,0.39285714285714285,0.25000000000000006,1.0
blood,7,8,253,1,7,1,2,2,1,1,0.7142857142857143,0.35714285714285715,0.35714285714285715,1.0
blood,7,8,277,1,8,1,3,4,1,1,0.375,0.22916666666666666,0.14583333333333334,0.0
blood,7,8,277,1,8,2,3,3,1,1,0.6428571428571429,0.2857142857142857,0.3571428571428572,1.0
blood,7,8,277,1,8,3,3,3,1,1,0.6428571428571429,0.2857142857142857,0.3571428571428572,1.0
blood,7,8,277,1,8,4,6,2,1,1,0.2,0.3,-0.09999999999999998,0.0
blood,7,8,277,1,8,5,6,2,1,1,0.25,0.375,-0.125,0.0
blood,7,8,285,1,5,1,1,3,1,1,1.0,0.33333333333333337,0.6666666666666666,1.0
blood,7,8,299,1,4,1,1,3,1,1,1.0,0.33333333333333337,0.6666666666666666,1.0
blood,7,8,382,1,4,1,1,3,1,1,1.0,0.33333333333333337,0.6666666666666666,1.0
blood,7,8,499,1,5,1,1,3,1,1,1.0,0.33333333333333337,0.6666666666666666,1.0
blood,7,8,518,0,4,1,1,2,1,1,0.8620689655172413,0.49137931034482757,0.37068965517241376,1.0
blood,7,8,542,1,6,1,1,2,1,1,0.5833333333333334,0.3333333333333333,0.25000000000000006,1.0
blood,7,8,569,0,8,1,3,3,1,1,0.5172413793103449,0.29885057471264365,0.21839080459770122,1.0
blood,7,8,569,0,8,2,3,2,1,1,0.6,0.44,0.15999999999999998,1.0
blood,7,8,569,0,8,3,3,2,1,1,0.6521739130434783,0.4782608695652174,0.17391304347826086,1.0
blood,7,8,580,1,8,1,3,3,1,1,0.375,0.2916666666666667,0.08333333333333331,0.0
blood,7,8,580,1,8,2,3,2,1,1,0.6428571428571429,0.39285714285714285,0.25000000000000006,1.0
blood,7,8,580,1,8,3,3,2,1,1,0.6428571428571429,0.39285714285714285,0.25000000000000006,1.0
blood,7,8,619,1,8,1,3,3,1,1,0.375,0.2916666666666667,0.08333333333333331,0.0
blood,7,8,619,1,8,2,3,2,1,1,0.6428571428571429,0.39285714285714285,0.25000000000000006,1.0
blood,7,8,619,1,8,3,3,2,1,1,0.6428571428571429,0.39285714285714285,0.25000000000000006,1.0
blood,7,8,644,1,4,1,1,3,1,1,1.0,0.33333333333333337,0.6666666666666666,1.0
blood,7,8,743,1,5,1,1,3,1,1,1.0,0.33333333333333337,0.6666666666666666,1.0
blood,7,8,746,1,5,1,1,3,1,1,1.0,0.33333333333333337,0.6666666666666666,1.0
blood,8,4,16,0,4,1,1,3,1,1,0.9298245614035088,0.3333333333333333,0.5964912280701755,1.0
blood,8,4,16,0,4,2,2,2,1,1,1.0,0.5,0.5,1.0
blood,8,4,140,1,4,1,1,2,1,1,0.2857142857142857,0.37142857142857144,-0.08571428571428574,0.0
blood,8,4,162,1,4,1,1,2,1,1,0.7142857142857143,0.5,0.2142857142857143,1.0
blood,8,4,182,1,4,1,1,3,1,1,0.7142857142857143,0.3333333333333333,0.380952380952381,1.0
blood,8,4,182,1,4,2,3,2,1,1,1.0,0.5,0.5,1.0
blood,8,4,211,1,4,1,1,2,1,1,0.7142857142857143,0.5,0.2142857142857143,1.0
blood,8,4,222,1,4,1,1,2,1,1,0.7142857142857143,0.5,0.2142857142857143,1.0
blood,8,4,520,0,4,1,1,3,1,1,0.9298245614035088,0.3333333333333333,0.5964912280701755,1.0
blood,8,4,520,0,4,2,2,2,1,1,1.0,0.5,0.5,1.0
blood,8,4,607,1,4,1,1,3,1,1,0.7142857142857143,0.3333333333333333,0.380952380952381,1.0
blood,8,4,607,1,4,2,3,2,1,1,1.0,0.5,0.5,1.0
blood,8,4,628,1,4,1,1,3,1,1,0.7142857142857143,0.3333333333333333,0.380952380952381,1.0
blood,8,4,628,1,4,2,3,2,1,1,1.0,0.5,0.5,1.0
blood,8,8,16,0,6,1,1,3,1,1,0.819672131147541,0.30601092896174864,0.5136612021857924,1.0
blood,8,8,16,0,6,2,2,2,1,1,0.5454545454545454,0.2727272727272727,0.2727272727272727,1.0
blood,8,8,138,1,6,1,4,3,1,1,0.75,0.25,0.5,1.0
blood,8,8,138,1,6,2,4,2,1,1,0.75,0.375,0.375,1.0
blood,8,8,138,1,6,3,4,2,1,1,0.75,0.375,0.375,1.0
blood,8,8,140,1,5,1,1,2,1,1,0.41935483870967744,0.3870967741935484,0.03225806451612906,1.0
blood,8,8,162,1,8,1,1,2,1,1,0.5806451612903226,0.43548387096774194,0.14516129032258068,1.0
blood,8,8,176,1,7,1,3,3,1,1,1.0,0.3333333333333333,0.6666666666666667,1.0
blood,8,8,176,1,7,2,3,2,1,1,1.0,0.5,0.5,1.0
blood,8,8,176,1,7,3,3,2,1,1,1.0,0.5,0.5,1.0
blood,8,8,182,1,8,1,1,4,1,1,0.5806451612903226,0.24193548387096775,0.33870967741935487,1.0
blood,8,8,182,1,8,2,3,3,1,1,0.6153846153846154,0.3076923076923077,0.3076923076923077,1.0
blood,8,8,182,1,8,3,3,2,1,1,0.8888888888888888,0.4444444444444444,0.4444444444444444,1.0
blood,8,8,211,1,8,1,1,2,1,1,0.5806451612903226,0.43548387096774194,0.14516129032258068,1.0
blood,8,8,222,1,8,1,1,2,1,1,0.5806451612903226,0.43548387096774194,0.14516129032258068,1.0
blood,8,8,292,1,8,1,5,4,1,1,0.0,0.0,0.0,0.0
blood,8,8,292,1,8,2,5,3,1,1,0.0,0.0,0.0,0.0
blood,8,8,292,1,8,3,5,3,1,1,0.0,0.0,0.0,0.0
blood,8,8,292,1,8,4,5,2,1,1,0.0,0.0,0.0,0.0
blood,8,8,292,1,8,5,5,2,1,1,0.0,0.0,0.0,0.0
blood,8,8,316,1,5,1,3,2,1,1,1.0,0.5,0.5,1.0
blood,8,8,520,1,5,1,1,3,1,1,0.41935483870967744,0.3010752688172043,0.11827956989247312,1.0
blood,8,8,520,1,5,2,3,2,1,1,0.4444444444444444,0.4166666666666667,0.027777777777777735,1.0
blood,8,8,607,1,7,1,1,4,1,1,0.5806451612903226,0.25,0.3306451612903226,1.0
blood,8,8,607,1,7,2,3,3,1,1,0.6153846153846154,0.3333333333333333,0.2820512820512821,1.0
blood,8,8,607,1,7,3,3,2,1,1,0.8888888888888888,0.5,0.38888888888888884,1.0
blood,8,8,624,1,6,1,3,3,1,1,1.0,0.3333333333333333,0.6666666666666667,1.0
blood,8,8,624,1,6,2,3,2,1,1,1.0,0.5,0.5,1.0
blood,8,8,624,1,6,3,3,2,1,1,1.0,0.5,0.5,1.0
blood,8,8,628,0,8,1,2,4,1,1,0.5573770491803278,0.23770491803278687,0.31967213114754095,1.0
blood,8,8,628,0,8,2,2,3,1,1,0.68,0.3133333333333333,0.36666666666666675,1.0
blood,8,8,628,0,8,3,4,2,1,1,0.6875,0.40625,0.28125,1.0
blood,8,8,661,1,5,1,3,2,1,1,1.0,0.5,0.5,1.0
blood,9,4,2,1,4,1,2,2,1,1,0.8636363636363636,0.4318181818181818,0.4318181818181818,1.0
blood,9,4,12,0,4,1,1,3,1,1,0.6153846153846154,0.3333333333333333,0.2820512820512821,1.0
blood,9,4,12,0,4,2,2,2,1,1,1.0,0.5,0.5,1.0
blood,9,4,31,0,4,1,1,3,1,1,0.6153846153846154,0.3333333333333333,0.2820512820512821,1.0
blood,9,4,31,0,4,2,2,2,1,1,1.0,0.5,0.5,1.0
blood,9,4,104,0,4,1,1,2,1,1,0.6153846153846154,0.5,0.11538461538461542,1.0
blood,9,4,131,1,4,1,2,2,1,1,0.8636363636363636,0.4318181818181818,0.4318181818181818,1.0
blood,9,4,185,1,4,1,1,2,1,1,0.5,0.25,0.25,1.0
blood,9,4,310,1,4,1,1,2,1,1,0.5,0.25,0.25,1.0
blood,9,4,362,1,4,1,1,2,1,1,1.0,0.5,0.5,1.0
blood,9,4,422,1,4,1,1,2,1,1,0.5,0.25,0.25,1.0
blood,9,4,458,1,4,1,1,2,1,1,0.5,0.25,0.25,1.0
blood,9,4,516,0,4,1,1,2,1,1,0.6153846153846154,0.5,0.11538461538461542,1.0
blood,9,4,538,1,4,1,2,2,1,1,0.8636363636363636,0.4318181818181818,0.4318181818181818,1.0
blood,9,4,715,1,4,1,1,2,1,1,0.5,0.25,0.25,1.0
blood,9,4,725,1,4,1,1,2,1,1,0.5,0.25,0.25,1.0
blood,9,8,2,1,7,1,2,4,1,1,0.5714285714285714,0.19047619047619047,0.38095238095238093,1.0
blood,9,8,2,1,7,2,2,3,1,1,0.6,0.25,0.35,1.0
blood,9,8,2,1,7,3,4,2,1,1,0.375,0.1875,0.1875,1.0
blood,9,8,2,1,7,4,4,2,1,1,0.6,0.3,0.3,1.0
blood,9,8,12,0,6,1,1,3,1,1,0.5949367088607594,0.32067510548523204,0.2742616033755274,1.0
blood,9,8,12,0,6,2,2,2,1,1,0.78125,0.453125,0.328125,1.0
blood,9,8,31,0,6,1,1,3,1,1,0.5949367088607594,0.32067510548523204,0.2742616033755274,1.0
blood,9,8,31,0,6,2,2,2,1,1,0.78125,0.453125,0.328125,1.0
blood,9,8,86,1,8,1,1,3,1,1,0.9523809523809523,0.3174603174603175,0.6349206349206349,1.0
blood,9,8,104,0,8,1,1,2,1,1,0.5949367088607594,0.45569620253164556,0.1392405063291139,1.0
blood,9,8,131,1,8,1,2,4,1,1,0.5714285714285714,0.21428571428571427,0.3571428571428571,1.0
blood,9,8,131,1,8,2,2,3,1,1,0.6,0.2833333333333333,0.31666666666666665,1.0
blood,9,8,131,1,8,3,4,2,1,1,0.25,0.3125,-0.0625,0.0
blood,9,8,131,1,8,4,4,2,1,1,0.4,0.5,-0.09999999999999998,0.0
blood,9,8,142,1,8,1,1,3,1,1,0.9523809523809523,0.3174603174603175,0.6349206349206349,1.0
blood,9,8,155,1,8,1,1,3,1,1,0.9523809523809523,0.3174603174603175,0.6349206349206349,1.0
blood,9,8,173,1,8,1,1,3,1,1,0.9523809523809523,0.3174603174603175,0.6349206349206349,1.0
blood,9,8,185,1,8,1,7,5,1,1,0.42857142857142855,0.19999999999999998,0.22857142857142856,1.0
blood,9,8,185,1,8,2,7,4,1,1,0.6,0.25,0.35,1.0
blood,9,8,185,1,8,3,7,3,1,1,0.6,0.33333333333333337,0.2666666666666666,1.0
blood,9,8,185,1,8,4,7,3,1,1,0.6,0.33333333333333337,0.2666666666666666,1.0
blood,9,8,185,1,8,5,7,2,1,1,1.0,0.5,0.5,1.0
blood,9,8,185,1,8,6,7,2,1,1,1.0,0.5,0.5,1.0
blood,9,8,310,1,7,1,4,4,1,1,0.42857142857142855,0.17857142857142858,0.24999999999999997,1.0
blood,9,8,310,1,7,2,4,3,1,1,0.6,0.2,0.39999999999999997,1.0
blood,9,8,310,1,7,3,4,2,1,1,0.6,0.3,0.3,1.0
blood,9,8,310,1,7,4,4,2,1,1,0.6,0.3,0.3,1.0
blood,9,8,362,0,8,1,3,2,1,1,0.569620253164557,0.4873417721518987,0.08227848101265828,1.0
blood,9,8,422,0,8,1,7,5,1,1,0.2875,0.19,0.09749999999999998,1.0
blood,9,8,422,0,8,2,7,4,1,1,0.2948717948717949,0.23717948717948717,0.05769230769230771,1.0
blood,9,8,422,0,8,3,7,3,1,1,0.3770491803278688,0.3114754098360656,0.06557377049180324,1.0
blood,9,8,422,0,8,4,7,3,1,1,0.38333333333333336,0.31666666666666665,0.06666666666666671,1.0
blood,9,8,422,0,8,5,7,2,1,1,0.5227272727272727,0.4659090909090909,0.05681818181818182,1.0
blood,9,8,422,0,8,6,7,2,1,1,0.5609756097560976,0.5,0.060975609756097615,1.0
blood,9,8,458,1,8,1,6,4,1,1,0.42857142857142855,0.25,0.17857142857142855,1.0
blood,9,8,458,1,8,2,6,3,1,1,0.6,0.33333333333333337,0.2666666666666666,1.0
blood,9,8,458,1,8,3,6,2,1,1,0.6,0.5,0.09999999999999998,1.0
blood,9,8,458,1,8,4,6,2,1,1,0.6,0.5,0.09999999999999998,1.0
blood,9,8,516,1,7,1,1,3,1,1,0.047619047619047616,0.22222222222222224,-0.17460317460317462,0.0
blood,9,8,516,1,7,2,6,2,1,1,0.25,0.325,-0.07500000000000001,0.0
blood,9,8,533,1,8,1,1,3,1,1,0.9523809523809523,0.3174603174603175,0.6349206349206349,1.0
blood,9,8,538,1,8,1,2,3,1,1,0.5714285714285714,0.25396825396825395,0.31746031746031744,1.0
blood,9,8,538,1,8,2,2,2,1,1,0.6,0.375,0.22499999999999998,1.0
blood,9,8,550,1,8,1,1,3,1,1,0.9523809523809523,0.3174603174603175,0.6349206349206349,1.0
blood,9,8,715,1,6,1,4,4,1,1,0.42857142857142855,0.25,0.17857142857142855,1.0
blood,9,8,715,1,6,2,4,3,1,1,0.6,0.33333333333333337,0.2666666666666666,1.0
blood,9,8,715,1,6,3,4,2,1,1,0.6,0.5,0.09999999999999998,1.0
blood,9,8,715,1,6,4,4,2,1,1,0.6,0.5,0.09999999999999998,1.0
blood,9,8,725,1,8,1,6,4,1,1,0.42857142857142855,0.25,0.17857142857142855,1.0
blood,9,8,725,1,8,2,6,3,1,1,0.6,0.33333333333333337,0.2666666666666666,1.0
blood,9,8,725,1,8,3,6,2,1,1,0.6,0.5,0.09999999999999998,1.0
blood,9,8,725,1,8,4,6,2,1,1,0.6,0.5,0.09999999999999998,1.0
diabetes,0,4,17,1,4,1,3,3,1,1,0.8222222222222222,0.3333333333333333,0.4888888888888889,1.0
diabetes,0,4,17,1,4,2,3,2,1,1,0.8604651162790697,0.5,0.36046511627906974,1.0
diabetes,0,4,47,1,4,1,1,2,1,1,0.9555555555555556,0.4888888888888889,0.46666666666666673,1.0
diabetes,0,4,87,1,4,1,3,3,1,1,0.8222222222222222,0.3333333333333333,0.4888888888888889,1.0
diabetes,0,4,87,1,4,2,3,2,1,1,0.8604651162790697,0.5,0.36046511627906974,1.0
diabetes,0,4,96,1,4,1,2,2,1,1,0.8222222222222222,0.43333333333333335,0.38888888888888884,1.0
diabetes,0,4,142,1,4,1,3,3,1,1,0.8222222222222222,0.3333333333333333,0.4888888888888889,1.0
diabetes,0,4,142,1,4,2,3,2,1,1,0.8604651162790697,0.5,0.36046511627906974,1.0
diabetes,0,4,171,1,4,1,3,3,1,1,0.8222222222222222,0.3333333333333333,0.4888888888888889,1.0
diabetes,0,4,171,1,4,2,3,2,1,1,0.8604651162790697,0.5,0.36046511627906974,1.0
diabetes,0,4,381,1,4,1,1,2,1,1,0.9555555555555556,0.4888888888888889,0.46666666666666673,1.0
diabetes,0,4,444,1,4,1,3,3,1,1,0.8222222222222222,0.3333333333333333,0.4888888888888889,1.0
diabetes,0,4,444,1,4,2,3,2,1,1,0.8604651162790697,0.5,0.36046511627906974,1.0
diabetes,0,4,452,1,4,1,2,2,1,1,0.8222222222222222,0.43333333333333335,0.38888888888888884,1.0
diabetes,0,4,481,1,4,1,3,3,1,1,0.8222222222222222,0.3333333333333333,0.4888888888888889,1.0
diabetes,0,4,481,1,4,2,3,2,1,1,0.8604651162790697,0.5,0.36046511627906974,1.0
diabetes,0,4,482,1,4,1,1,2,1,1,0.9555555555555556,0.4888888888888889,0.46666666666666673,1.0
diabetes,0,4,496,1,4,1,1,2,1,1,0.9555555555555556,0.4888888888888889,0.46666666666666673,1.0
diabetes,0,4,508,0,4,1,1,3,1,1,0.39473684210526316,0.3333333333333333,0.06140350877192985,0.0
diabetes,0,4,508,0,4,2,2,2,1,1,0.6811594202898551,0.5,0.1811594202898551,1.0
diabetes,0,4,623,1,4,1,2,2,1,1,0.8222222222222222,0.43333333333333335,0.38888888888888884,1.0
diabetes,0,4,703,0,4,1,1,3,1,1,0.39473684210526316,0.3333333333333333,0.06140350877192985,0.0
diabetes,0,4,703,0,4,2,3,2,1,1,0.6811594202898551,0.5,0.1811594202898551,1.0
diabetes,0,8,17,1,8,1,3,3,1,1,0.5882352941176471,0.28431372549019607,0.303921568627451,1.0
diabetes,0,8,17,1,8,2,3,2,1,1,0.625,0.421875,0.203125,1.0
diabetes,0,8,47,1,6,1,1,3,1,1,0.9411764705882353,0.3235294117647059,0.6176470588235294,1.0
diabetes,0,8,47,1,6,2,2,2,1,1,0.5,0.25,0.25,1.0
diabetes,0,8,87,1,8,1,3,3,1,1,0.5882352941176471,0.28431372549019607,0.303921568627451,1.0
diabetes,0,8,87,1,8,2,3,2,1,1,0.625,0.421875,0.203125,1.0
diabetes,0,8,96,1,7,1,2,3,1,1,0.7352941176470589,0.2647058823529412,0.4705882352941177,1.0
diabetes,0,8,96,1,7,2,2,2,1,1,0.78125,0.390625,0.390625,1.0
diabetes,0,8,142,1,8,1,3,3,1,1,0.5882352941176471,0.28431372549019607,0.303921568627451,1.0
diabetes,0,8,142,1,8,2,3,2,1,1,0.625,0.421875,0.203125,1.0
diabetes,0,8,171,1,8,1,3,3,1,1,0.5882352941176471,0.28431372549019607,0.303921568627451,1.0
diabetes,0,8,171,1,8,2,3,2,1,1,0.625,0.421875,0.203125,1.0
diabetes,0,8,381,1,6,1,1,3,1,1,0.9411764705882353,0.3235294117647059,0.6176470588235294,1.0
diabetes,0,8,381,1,6,2,2,2,1,1,0.5,0.25,0.25,1.0
diabetes,0,8,444,1,8,1,3,3,1,1,0.5882352941176471,0.28431372549019607,0.303921568627451,1.0
diabetes,0,8,444,1,8,2,3,2,1,1,0.625,0.421875,0.203125,1.0
diabetes,0,8,452,1,6,1,2,2,1,1,0.7352941176470589,0.39705882352941174,0.33823529411764713,1.0
diabetes,0,8,481,1,8,1,3,3,1,1,0.5882352941176471,0.28431372549019607,0.303921568627451,1.0
diabetes,0,8,481,1,8,2,3,2,1,1,0.625,0.421875,0.203125,1.0
diabetes,0,8,482,1,6,1,1,3,1,1,0.9411764705882353,0.3235294117647059,0.6176470588235294,1.0
diabetes,0,8,482,1,6,2,2,2,1,1,0.5,0.25,0.25,1.0
diabetes,0,8,496,1,8,1,1,4,1,1,0.9411764705882353,0.2426470588235294,0.6985294117647058,1.0
diabetes,0,8,496,1,8,2,2,3,1,1,0.5,0.16666666666666666,0.33333333333333337,1.0
diabetes,0,8,508,0,5,1,1,3,1,1,0.36,0.328,0.03199999999999997,0.0
diabetes,0,8,508,0,5,2,2,2,1,1,0.7375,0.4875,0.25000000000000006,1.0
diabetes,0,8,623,1,6,1,2,2,1,1,0.7352941176470589,0.39705882352941174,0.33823529411764713,1.0
diabetes,0,8,703,0,7,1,1,5,1,1,0.36,0.18719999999999998,0.1728,1.0
diabetes,0,8,703,0,7,2,3,4,1,1,0.525,0.225,0.30000000000000004,1.0
diabetes,0,8,703,0,7,3,3,3,1,1,0.711864406779661,0.288135593220339,0.423728813559322,1.0
diabetes,0,8,703,0,7,4,6,2,1,1,0.17647058823529413,0.2647058823529412,-0.08823529411764705,0.0
diabetes,1,4,139,1,4,1,2,3,1,1,1.0,0.3333333333333333,0.6666666666666667,1.0
diabetes,1,4,139,1,4,2,2,2,1,1,1.0,0.5,0.5,1.0
diabetes,1,4,166,1,4,1,3,3,1,1,1.0,0.3333333333333333,0.6666666666666667,1.0
diabetes,1,4,166,1,4,2,3,2,1,1,1.0,0.5,0.5,1.0
diabetes,1,4,174,1,4,1,2,3,1,1,1.0,0.3333333333333333,0.6666666666666667,1.0
diabetes,1,4,174,1,4,2,2,2,1,1,1.0,0.5,0.5,1.0
diabetes,1,4,257,1,4,1,3,3,1,1,1.0,0.3333333333333333,0.6666666666666667,1.0
diabetes,1,4,257,1,4,2,3,2,1,1,1.0,0.5,0.5,1.0
diabetes,1,4,281,0,4,1,2,3,1,1,0.4375,0.3333333333333333,0.10416666666666669,1.0
diabetes,1,4,281,0,4,2,2,2,1,1,0.5773195876288659,0.5,0.07731958762886593,1.0
diabetes,1,4,328,1,4,1,2,3,1,1,1.0,0.3333333333333333,0.6666666666666667,1.0
diabetes,1,4,328,1,4,2,2,2,1,1,1.0,0.5,0.5,1.0
diabetes,1,4,331,1,4,1,2,3,1,1,1.0,0.3333333333333333,0.6666666666666667,1.0
diabetes,1,4,331,1,4,2,2,2,1,1,1.0,0.5,0.5,1.0
diabetes,1,4,424,0,4,1,2,3,1,1,0.4375,0.3333333333333333,0.10416666666666669,1.0
diabetes,1,4,424,0,4,2,2,2,1,1,0.5773195876288659,0.5,0.07731958762886593,1.0
diabetes,1,4,475,0,4,1,2,3,1,1,0.4375,0.3333333333333333,0.10416666666666669,1.0
diabetes,1,4,475,0,4,2,2,2,1,1,0.5773195876288659,0.5,0.07731958762886593,1.0
diabetes,1,4,497,1,4,1,2,3,1,1,1.0,0.3333333333333333,0.6666666666666667,1.0
diabetes,1,4,497,1,4,2,2,2,1,1,1.0,0.5,0.5,1.0
diabetes,1,4,509,1,4,1,1,2,1,1,1.0,0.5,0.5,1.0
diabetes,1,4,683,1,4,1,3,3,1,1,1.0,0.3333333333333333,0.6666666666666667,1.0
diabetes,1,4,683,1,4,2,3,2,1,1,1.0,0.5,0.5,1.0
diabetes,1,8,139,1,5,1,2,4,1,1,0.8387096774193549,0.25,0.5887096774193549,1.0
diabetes,1,8,139,1,5,2,2,3,1,1,0.896551724137931,0.3333333333333333,0.5632183908045978,1.0
diabetes,1,8,139,1,5,3,4,2,1,1,0.6666666666666666,0.5,0.16666666666666663,1.0
diabetes,1,8,166,0,8,1,2,4,1,1,0.3925925925925926,0.2388888888888889,0.1537037037037037,1.0
diabetes,1,8,166,0,8,2,2,3,1,1,0.5,0.3144654088050315,0.1855345911949685,1.0
diabetes,1,8,166,0,8,3,3,2,1,1,0.41509433962264153,0.44339622641509435,-0.028301886792452824,0.0
diabetes,1,8,174,1,8,1,2,4,1,1,0.8387096774193549,0.23387096774193547,0.6048387096774194,1.0
diabetes,1,8,174,1,8,2,2,3,1,1,0.896551724137931,0.3103448275862069,0.5862068965517242,1.0
diabetes,1,8,174,1,8,3,3,2,1,1,0.3333333333333333,0.16666666666666666,0.16666666666666666,1.0
diabetes,1,8,257,1,8,1,3,4,1,1,0.5161290322580645,0.18548387096774194,0.33064516129032256,1.0
diabetes,1,8,257,1,8,2,3,3,1,1,0.5517241379310345,0.2413793103448276,0.31034482758620685,1.0
diabetes,1,8,257,1,8,3,3,2,1,1,0.6153846153846154,0.34615384615384615,0.2692307692307693,1.0
diabetes,1,8,281,1,8,1,3,4,1,1,0.3225806451612903,0.1774193548387097,0.14516129032258063,1.0
diabetes,1,8,281,1,8,2,3,3,1,1,0.3448275862068966,0.22988505747126436,0.11494252873563221,1.0
diabetes,1,8,281,1,8,3,3,2,1,1,0.38461538461538464,0.3269230769230769,0.05769230769230771,1.0
diabetes,1,8,328,1,6,1,2,3,1,1,0.8387096774193549,0.3225806451612903,0.5161290322580645,1.0
diabetes,1,8,328,1,6,2,2,2,1,1,0.896551724137931,0.4827586206896552,0.41379310344827586,1.0
diabetes,1,8,331,1,6,1,2,3,1,1,0.8387096774193549,0.3225806451612903,0.5161290322580645,1.0
diabetes,1,8,331,1,6,2,2,2,1,1,0.896551724137931,0.4827586206896552,0.41379310344827586,1.0
diabetes,1,8,424,0,7,1,2,5,1,1,0.3925925925925926,0.2,0.1925925925925926,1.0
diabetes,1,8,424,0,7,2,2,4,1,1,0.5,0.25,0.25,1.0
diabetes,1,8,424,0,7,3,6,3,1,1,0.41509433962264153,0.33333333333333337,0.08176100628930816,0.0
diabetes,1,8,424,0,7,4,6,2,1,1,1.0,0.5,0.5,1.0
diabetes,1,8,475,1,8,1,3,4,1,1,0.3225806451612903,0.1774193548387097,0.14516129032258063,1.0
diabetes,1,8,475,1,8,2,3,3,1,1,0.3448275862068966,0.22988505747126436,0.11494252873563221,1.0
diabetes,1,8,475,1,8,3,3,2,1,1,0.38461538461538464,0.3269230769230769,0.05769230769230771,1.0
diabetes,1,8,497,1,6,1,2,3,1,1,0.8387096774193549,0.3225806451612903,0.5161290322580645,1.0
diabetes,1,8,497,1,6,2,2,2,1,1,0.896551724137931,0.4827586206896552,0.41379310344827586,1.0
diabetes,1,8,509,0,5,1,1,2,1,1,0.7851851851851852,0.4962962962962963,0.2888888888888889,1.0
diabetes,1,8,683,0,8,1,2,5,1,1,0.3925925925925926,0.18962962962962965,0.20296296296296296,1.0
diabetes,1,8,683,0,8,2,2,4,1,1,0.5,0.23349056603773585,0.2665094339622641,1.0
diabetes,1,8,683,0,8,3,3,3,1,1,0.41509433962264153,0.2893081761006289,0.1257861635220126,1.0
diabetes,1,8,683,0,8,4,5,2,1,1,0.5806451612903226,0.3870967741935484,0.19354838709677424,1.0
diabetes,1,8,715,0,8,1,1,2,1,1,0.25,0.125,0.125,0.0
diabetes,1,8,749,0,3,1,2,2,1,1,0.25,0.5,-0.25,0.0
diabetes,2,4,29,1,4,1,3,2,1,1,0.9,0.5,0.4,1.0
diabetes,2,4,84,0,4,1,1,2,1,1,0.8888888888888888,0.4444444444444444,0.4444444444444444,1.0
diabetes,2,4,134,1,4,1,1,2,1,1,0.9,0.45,0.45,1.0
diabetes,2,4,146,1,4,1,3,2,1,1,0.9,0.5,0.4,1.0
diabetes,2,4,155,0,4,1,1,2,1,1,0.8888888888888888,0.4444444444444444,0.4444444444444444,1.0
diabetes,2,4,166,0,4,1,1,2,1,1,0.8888888888888888,0.4444444444444444,0.4444444444444444,1.0
diabetes,2,4,253,1,4,1,1,2,1,1,0.9,0.45,0.45,1.0
diabetes,2,4,262,1,4,1,1,2,1,1,0.9,0.45,0.45,1.0
diabetes,2,4,293,0,4,1,1,2,1,1,0.8888888888888888,0.4444444444444444,0.4444444444444444,1.0
diabetes,2,4,302,1,4,1,3,2,1,1,0.9,0.5,0.4,1.0
diabetes,2,4,353,1,4,1,1,2,1,1,0.9,0.45,0.45,1.0
diabetes,2,4,383,1,4,1,1,2,1,1,0.9,0.45,0.45,1.0
diabetes,2,4,385,1,4,1,1,2,1,1,0.9,0.45,0.45,1.0
diabetes,2,4,466,1,4,1,1,2,1,1,0.9,0.45,0.45,1.0
diabetes,2,4,472,1,4,1,1,2,1,1,0.9,0.45,0.45,1.0
diabetes,2,4,560,1,4,1,3,2,1,1,0.9,0.5,0.4,1.0
diabetes,2,4,595,0,4,1,1,2,1,1,0.8888888888888888,0.5,0.38888888888888884,1.0
diabetes,2,4,630,0,4,1,1,2,1,1,0.6363636363636364,0.45867768595041325,0.1776859504132231,1.0
diabetes,2,4,654,1,4,1,1,2,1,1,0.9,0.45,0.45,1.0
diabetes,2,8,29,0,8,1,1,4,1,1,0.6814159292035398,0.22123893805309736,0.4601769911504424,1.0
diabetes,2,8,29,0,8,2,4,3,1,1,0.3888888888888889,0.21296296296296297,0.17592592592592593,1.0
diabetes,2,8,29,0,8,3,4,3,1,1,0.5384615384615384,0.2948717948717949,0.24358974358974356,1.0
diabetes,2,8,29,0,8,4,4,2,1,1,0.5833333333333334,0.4375,0.14583333333333337,1.0
diabetes,2,8,84,0,8,1,1,4,1,1,0.625,0.22916666666666666,0.39583333333333337,1.0
diabetes,2,8,84,0,8,2,7,3,1,1,0.3333333333333333,0.2592592592592593,0.07407407407407401,0.0
diabetes,2,8,84,0,8,3,7,2,1,1,0.3333333333333333,0.3888888888888889,-0.05555555555555558,0.0
diabetes,2,8,84,0,8,4,7,2,1,1,0.42857142857142855,0.5,-0.07142857142857145,0.0
diabetes,2,8,134,1,5,1,1,3,1,1,0.9444444444444444,0.3148148148148148,0.6296296296296295,1.0
diabetes,2,8,134,1,5,2,3,2,1,1,0.0,0.0,0.0,0.0
diabetes,2,8,134,1,5,3,3,2,0,1,,,,
diabetes,2,8,146,1,5,1,3,3,1,1,0.3888888888888889,0.3333333333333333,0.05555555555555558,0.0
diabetes,2,8,146,1,5,2,3,2,1,1,0.4117647058823529,0.5,-0.08823529411764708,0.0
diabetes,2,8,146,1,5,3,3,2,1,1,0.4117647058823529,0.5,-0.08823529411764708,0.0
diabetes,2,8,155,0,8,1,1,3,1,1,0.625,0.25,0.375,1.0
diabetes,2,8,155,0,8,2,4,2,1,1,0.3333333333333333,0.16666666666666666,0.16666666666666666,1.0
diabetes,2,8,166,0,7,1,1,4,1,1,0.625,0.22916666666666666,0.39583333333333337,1.0
diabetes,2,8,166,0,7,2,6,3,1,1,0.3333333333333333,0.2592592592592593,0.07407407407407401,0.0
diabetes,2,8,166,0,7,3,6,2,1,1,0.3333333333333333,0.3888888888888889,-0.05555555555555558,0.0
diabetes,2,8,166,0,7,4,6,2,1,1,0.42857142857142855,0.5,-0.07142857142857145,0.0
diabetes,2,8,253,1,7,1,1,4,1,1,0.9444444444444444,0.2361111111111111,0.7083333333333333,1.0
diabetes,2,8,253,1,7,2,3,3,1,1,0.0,0.0,0.0,0.0
diabetes,2,8,253,1,7,3,3,3,0,1,,,,
diabetes,2,8,262,1,7,1,1,4,1,1,0.9444444444444444,0.2361111111111111,0.7083333333333333,1.0
diabetes,2,8,262,1,7,2,3,3,1,1,0.0,0.0,0.0,0.0
diabetes,2,8,262,1,7,3,3,3,0,1,,,,
diabetes,2,8,293,0,8,1,1,3,1,1,0.625,0.25,0.375,1.0
diabetes,2,8,293,0,8,2,4,2,1,1,0.3333333333333333,0.16666666666666666,0.16666666666666666,1.0
diabetes,2,8,302,1,5,1,3,3,1,1,0.3888888888888889,0.3333333333333333,0.05555555555555558,0.0
diabetes,2,8,302,1,5,2,3,2,1,1,0.4117647058823529,0.5,-0.08823529411764708,0.0
diabetes,2,8,302,1,5,3,3,2,1,1,0.4117647058823529,0.5,-0.08823529411764708,0.0
diabetes,2,8,353,1,5,1,1,3,1,1,0.9444444444444444,0.3148148148148148,0.6296296296296295,1.0
diabetes,2,8,353,1,5,2,3,2,1,1,0.0,0.0,0.0,0.0
diabetes,2,8,353,1,5,3,3,2,0,1,,,,
diabetes,2,8,383,1,5,1,1,2,1,1,0.9444444444444444,0.4722222222222222,0.4722222222222222,1.0
diabetes,2,8,385,1,5,1,1,3,1,1,0.9444444444444444,0.3148148148148148,0.6296296296296295,1.0
diabetes,2,8,385,1,5,2,3,2,1,1,0.0,0.0,0.0,0.0
diabetes,2,8,385,1,5,3,3,2,0,1,,,,
diabetes,2,8,466,1,5,1,1,3,1,1,0.9444444444444444,0.3148148148148148,0.6296296296296295,1.0
diabetes,2,8,466,1,5,2,3,2,1,1,0.0,0.0,0.0,0.0
diabetes,2,8,466,1,5,3,3,2,0,1,,,,
diabetes,2,8,472,1,8,1,1,4,1,1,0.9444444444444444,0.2361111111111111,0.7083333333333333,1.0
diabetes,2,8,472,1,8,2,3,3,1,1,0.0,0.0,0.0,0.0
diabetes,2,8,472,1,8,3,3,3,0,1,,,,
diabetes,2,8,560,1,6,1,3,4,1,1,0.3888888888888889,0.25,0.1388888888888889,0.0
diabetes,2,8,560,1,6,2,3,3,1,1,0.4117647058823529,0.33333333333333337,0.07843137254901955,0.0
diabetes,2,8,560,1,6,3,3,3,1,1,0.4117647058823529,0.33333333333333337,0.07843137254901955,0.0
diabetes,2,8,560,1,6,4,5,2,1,1,1.0,0.5,0.5,1.0
diabetes,2,8,595,0,5,1,1,2,1,1,0.625,0.5,0.125,1.0
diabetes,2,8,630,0,8,1,1,3,1,1,0.6814159292035398,0.29793510324483774,0.38348082595870203,1.0
diabetes,2,8,630,0,8,2,3,2,1,1,0.6666666666666666,0.3333333333333333,0.3333333333333333,1.0
diabetes,2,8,630,0,8,3,3,2,1,1,0.9230769230769231,0.46153846153846156,0.46153846153846156,1.0
diabetes,2,8,642,1,5,1,1,2,1,1,0.918918918918919,0.47297297297297297,0.445945945945946,1.0
diabetes,2,8,654,1,7,1,1,4,1,1,0.9444444444444444,0.2361111111111111,0.7083333333333333,1.0
diabetes,2,8,654,1,7,2,3,3,1,1,0.0,0.0,0.0,0.0
diabetes,2,8,654,1,7,3,3,3,0,1,,,,
diabetes,3,4,33,1,4,1,2,2,1,1,0.95,0.5,0.44999999999999996,1.0
diabetes,3,4,47,1,4,1,1,2,1,1,0.95,0.475,0.475,1.0
diabetes,3,4,165,1,4,1,3,3,1,1,0.95,0.33333333333333337,0.6166666666666666,1.0
diabetes,3,4,165,1,4,2,3,2,1,1,1.0,0.5,0.5,1.0
diabetes,3,4,175,0,4,1,1,2,1,1,0.75,0.5,0.25,1.0
diabetes,3,4,186,0,4,1,1,2,1,1,0.75,0.5,0.25,1.0
diabetes,3,4,200,1,4,1,1,2,1,1,0.95,0.475,0.475,1.0
diabetes,3,4,342,1,4,1,1,2,1,1,0.95,0.475,0.475,1.0
diabetes,3,4,370,0,4,1,1,2,1,1,0.75,0.5,0.25,1.0
diabetes,3,4,403,1,4,1,3,3,1,1,0.95,0.33333333333333337,0.6166666666666666,1.0
diabetes,3,4,403,1,4,2,3,2,1,1,1.0,0.5,0.5,1.0
diabetes,3,4,409,0,4,1,1,2,1,1,0.75,0.5,0.25,1.0
diabetes,3,4,436,0,4,1,1,2,1,1,0.75,0.375,0.375,1.0
diabetes,3,4,501,1,4,1,3,3,1,1,0.95,0.33333333333333337,0.6166666666666666,1.0
diabetes,3,4,501,1,4,2,3,2,1,1,1.0,0.5,0.5,1.0
diabetes,3,4,533,1,4,1,3,3,1,1,0.95,0.33333333333333337,0.6166666666666666,1.0
diabetes,3,4,533,1,4,2,3,2,1,1,1.0,0.5,0.5,1.0
diabetes,3,4,541,1,4,1,3,3,1,1,0.95,0.33333333333333337,0.6166666666666666,1.0
diabetes,3,4,541,1,4,2,3,2,1,1,1.0,0.5,0.5,1.0
diabetes,3,4,566,1,4,1,1,2,1,1,0.95,0.475,0.475,1.0
diabetes,3,4,581,1,4,1,2,2,1,1,0.95,0.5,0.44999999999999996,1.0
diabetes,3,4,612,0,4,1,1,2,1,1,0.75,0.5,0.25,1.0
diabetes,3,4,645,0,4,1,1,2,1,1,0.75,0.5,0.25,1.0
diabetes,3,8,33,1,4,1,2,2,1,1,0.9473684210526315,0.5,0.4473684210526315,1.0
diabetes,3,8,47,1,4,1,1,2,1,1,0.9473684210526315,0.5,0.4473684210526315,1.0
diabetes,3,8,165,1,6,1,3,5,1,1,0.7368421052631579,0.19999999999999998,0.5368421052631579,1.0
diabetes,3,8,165,1,6,2,3,4,1,1,0.7777777777777778,0.25,0.5277777777777778,1.0
diabetes,3,8,165,1,6,3,3,3,1,1,0.7777777777777778,0.3333333333333333,0.4444444444444445,1.0
diabetes,3,8,165,1,6,4,5,2,1,1,1.0,0.5,0.5,1.0
diabetes,3,8,175,0,7,1,2,2,1,1,0.8214285714285714,0.4642857142857143,0.3571428571428571,1.0
diabetes,3,8,186,0,7,1,2,2,1,1,0.8214285714285714,0.4642857142857143,0.3571428571428571,1.0
diabetes,3,8,200,1,5,1,1,2,1,1,0.9473684210526315,0.47368421052631576,0.47368421052631576,1.0
diabetes,3,8,342,1,4,1,1,2,1,1,0.9473684210526315,0.5,0.4473684210526315,1.0
diabetes,3,8,370,1,5,1,4,3,1,1,0.7,0.3333333333333333,0.36666666666666664,1.0
diabetes,3,8,370,1,5,2,4,2,1,1,0.7777777777777778,0.5,0.2777777777777778,1.0
diabetes,3,8,403,1,7,1,3,4,1,1,0.7368421052631579,0.25,0.48684210526315785,1.0
diabetes,3,8,403,1,7,2,3,3,1,1,0.7777777777777778,0.3333333333333333,0.4444444444444445,1.0
diabetes,3,8,403,1,7,3,3,2,1,1,0.7777777777777778,0.5,0.2777777777777778,1.0
diabetes,3,8,409,0,7,1,2,2,1,1,0.8214285714285714,0.4642857142857143,0.3571428571428571,1.0
diabetes,3,8,436,0,5,1,4,3,1,1,0.7857142857142857,0.32142857142857145,0.46428571428571425,1.0
diabetes,3,8,436,0,5,2,4,2,1,1,0.88,0.48,0.4,1.0
diabetes,3,8,501,1,7,1,3,4,1,1,0.7368421052631579,0.25,0.48684210526315785,1.0
diabetes,3,8,501,1,7,2,3,3,1,1,0.7777777777777778,0.3333333333333333,0.4444444444444445,1.0
diabetes,3,8,501,1,7,3,3,2,1,1,0.7777777777777778,0.5,0.2777777777777778,1.0
diabetes,3,8,533,1,7,1,3,4,1,1,0.7368421052631579,0.25,0.48684210526315785,1.0
diabetes,3,8,533,1,7,2,3,3,1,1,0.7777777777777778,0.3333333333333333,0.4444444444444445,1.0
diabetes,3,8,533,1,7,3,3,2,1,1,0.7777777777777778,0.5,0.2777777777777778,1.0
diabetes,3,8,541,0,8,1,1,5,1,1,0.40869565217391307,0.19130434782608696,0.2173913043478261,1.0
diabetes,3,8,541,0,8,2,4,4,1,1,0.25,0.23161764705882354,0.01838235294117646,0.0
diabetes,3,8,541,0,8,3,4,3,1,1,0.2982456140350877,0.30409356725146197,-0.005847953216374269,0.0
diabetes,3,8,541,0,8,4,4,2,1,1,0.3269230769230769,0.4519230769230769,-0.125,0.0
diabetes,3,8,566,1,4,1,1,2,1,1,0.9473684210526315,0.5,0.4473684210526315,1.0
diabetes,3,8,581,1,4,1,2,2,1,1,0.9473684210526315,0.5,0.4473684210526315,1.0
diabetes,3,8,612,0,7,1,2,2,1,1,0.8214285714285714,0.4642857142857143,0.3571428571428571,1.0
diabetes,3,8,645,0,7,1,2,3,1,1,0.8214285714285714,0.32142857142857145,0.49999999999999994,1.0
diabetes,3,8,645,0,7,2,2,2,1,1,0.92,0.48,0.44000000000000006,1.0
diabetes,4,4,11,0,4,1,2,2,1,1,0.6071428571428571,0.5,0.1071428571428571,1.0
diabetes,4,4,46,0,4,1,1,2,1,1,0.6071428571428571,0.5,0.1071428571428571,1.0
diabetes,4,4,160,0,4,1,1,2,1,1,0.6071428571428571,0.5,0.1071428571428571,1.0
diabetes,4,4,175,0,4,1,2,2,1,1,0.6071428571428571,0.5,0.1071428571428571,1.0
diabetes,4,4,351,1,4,1,2,3,1,1,0.6530612244897959,0.3333333333333333,0.31972789115646255,1.0
diabetes,4,4,351,1,4,2,2,2,1,1,0.7804878048780488,0.5,0.2804878048780488,1.0
diabetes,4,4,475,1,4,1,1,2,1,1,0.8367346938775511,0.4897959183673469,0.34693877551020413,1.0
diabetes,4,4,539,1,4,1,2,3,1,1,0.6530612244897959,0.3333333333333333,0.31972789115646255,1.0
diabetes,4,4,539,1,4,2,2,2,1,1,0.7804878048780488,0.5,0.2804878048780488,1.0
diabetes,4,4,621,0,4,1,3,3,1,1,0.5428571428571428,0.3333333333333333,0.2095238095238095,1.0
diabetes,4,4,621,0,4,2,3,2,1,1,0.6627906976744186,0.5,0.16279069767441856,1.0
diabetes,4,4,708,0,4,1,2,2,1,1,0.6071428571428571,0.5,0.1071428571428571,1.0
diabetes,4,4,756,1,4,1,2,3,1,1,0.6530612244897959,0.3333333333333333,0.31972789115646255,1.0
diabetes,4,4,756,1,4,2,2,2,1,1,0.7804878048780488,0.5,0.2804878048780488,1.0
diabetes,4,8,11,0,6,1,2,4,1,1,0.5185185185185185,0.25,0.2685185185185185,1.0
diabetes,4,8,11,0,6,2,2,3,1,1,0.9333333333333333,0.3333333333333333,0.6000000000000001,1.0
diabetes,4,8,11,0,6,3,4,2,1,1,1.0,0.5,0.5,1.0
diabetes,4,8,11,0,6,4,4,2,1,1,1.0,0.5,0.5,1.0
diabetes,4,8,19,1,8,1,1,4,1,1,0.7647058823529411,0.19117647058823528,0.5735294117647058,1.0
diabetes,4,8,19,1,8,2,4,3,1,1,0.0,0.0,0.0,0.0
diabetes,4,8,19,1,8,3,4,2,1,1,0.0,0.0,0.0,0.0
diabetes,4,8,19,1,8,4,4,2,1,1,0.0,0.0,0.0,0.0
diabetes,4,8,46,0,7,1,1,3,1,1,0.5555555555555556,0.32098765432098764,0.23456790123456794,1.0
diabetes,4,8,46,0,7,2,2,2,1,1,0.9166666666666666,0.4583333333333333,0.4583333333333333,1.0
diabetes,4,8,48,1,7,1,4,3,1,1,0.29411764705882354,0.17647058823529413,0.11764705882352941,0.0
diabetes,4,8,48,1,7,2,4,2,1,1,0.38461538461538464,0.19230769230769232,0.19230769230769232,0.0
diabetes,4,8,83,1,3,1,1,2,1,1,0.7647058823529411,0.5,0.2647058823529411,1.0
diabetes,4,8,119,1,3,1,1,2,1,1,0.7647058823529411,0.5,0.2647058823529411,1.0
diabetes,4,8,160,0,6,1,1,2,1,1,0.5555555555555556,0.48148148148148145,0.07407407407407413,1.0
diabetes,4,8,175,0,6,1,2,4,1,1,0.5185185185185185,0.25,0.2685185185185185,1.0
diabetes,4,8,175,0,6,2,2,3,1,1,0.9333333333333333,0.3333333333333333,0.6000000000000001,1.0
diabetes,4,8,175,0,6,3,4,2,1,1,1.0,0.5,0.5,1.0
diabetes,4,8,175,0,6,4,4,2,1,1,1.0,0.5,0.5,1.0
diabetes,4,8,277,1,8,1,1,4,1,1,0.7647058823529411,0.19117647058823528,0.5735294117647058,1.0
diabetes,4,8,277,1,8,2,4,3,1,1,0.0,0.0,0.0,0.0
diabetes,4,8,277,1,8,3,4,2,1,1,0.0,0.0,0.0,0.0
diabetes,4,8,277,1,8,4,4,2,1,1,0.0,0.0,0.0,0.0
diabetes,4,8,287,1,8,1,1,4,1,1,0.7647058823529411,0.19117647058823528,0.5735294117647058,1.0
diabetes,4,8,287,1,8,2,4,3,1,1,0.0,0.0,0.0,0.0
diabetes,4,8,287,1,8,3,4,2,1,1,0.0,0.0,0.0,0.0
diabetes,4,8,287,1,8,4,4,2,1,1,0.0,0.0,0.0,0.0
diabetes,4,8,331,1,7,1,1,4,1,1,0.7647058823529411,0.23529411764705882,0.5294117647058822,1.0
diabetes,4,8,331,1,7,2,4,3,1,1,0.75,0.25,0.5,1.0
diabetes,4,8,331,1,7,3,4,2,1,1,0.75,0.375,0.375,1.0
diabetes,4,8,331,1,7,4,4,2,1,1,1.0,0.5,0.5,1.0
diabetes,4,8,351,1,7,1,2,4,1,1,0.62,0.225,0.395,1.0
diabetes,4,8,351,1,7,2,2,3,1,1,0.7209302325581395,0.2945736434108527,0.4263565891472868,1.0
diabetes,4,8,351,1,7,3,3,2,1,1,0.4166666666666667,0.2916666666666667,0.125,1.0
diabetes,4,8,475,1,5,1,1,2,1,1,0.86,0.49,0.37,1.0
diabetes,4,8,539,0,6,1,1,4,1,1,0.4444444444444444,0.23148148148148148,0.21296296296296294,1.0
diabetes,4,8,539,0,6,2,4,3,1,1,0.5333333333333333,0.28888888888888886,0.24444444444444446,1.0
diabetes,4,8,539,0,6,3,4,2,1,1,0.5714285714285714,0.42857142857142855,0.14285714285714285,1.0
diabetes,4,8,562,1,6,1,1,4,1,1,0.7647058823529411,0.23529411764705882,0.5294117647058822,1.0
diabetes,4,8,562,1,6,2,4,3,1,1,0.75,0.25,0.5,1.0
diabetes,4,8,562,1,6,3,4,2,1,1,0.75,0.375,0.375,1.0
diabetes,4,8,562,1,6,4,4,2,1,1,1.0,0.5,0.5,1.0
diabetes,4,8,621,0,5,1,3,3,1,1,0.5510204081632653,0.3333333333333333,0.21768707482993194,1.0
diabetes,4,8,621,0,5,2,3,2,1,1,0.6506024096385542,0.5,0.1506024096385542,1.0
diabetes,4,8,704,1,8,1,1,4,1,1,0.7647058823529411,0.19117647058823528,0.5735294117647058,1.0
diabetes,4,8,704,1,8,2,4,3,1,1,0.0,0.0,0.0,0.0
diabetes,4,8,704,1,8,3,4,2,1,1,0.0,0.0,0.0,0.0
diabetes,4,8,704,1,8,4,4,2,1,1,0.0,0.0,0.0,0.0
diabetes,4,8,708,0,7,1,2,4,1,1,0.5185185185185185,0.25,0.2685185185185185,1.0
diabetes,4,8,708,0,7,2,2,3,1,1,0.9333333333333333,0.3333333333333333,0.6000000000000001,1.0
diabetes,4,8,708,0,7,3,4,2,1,1,1.0,0.5,0.5,1.0
diabetes,4,8,708,0,7,4,4,2,1,1,1.0,0.5,0.5,1.0
diabetes,4,8,751,1,8,1,1,4,1,1,0.7647058823529411,0.19117647058823528,0.5735294117647058,1.0
diabetes,4,8,751,1,8,2,4,3,1,1,0.0,0.0,0.0,0.0
diabetes,4,8,751,1,8,3,4,2,1,1,0.0,0.0,0.0,0.0
diabetes,4,8,751,1,8,4,4,2,1,1,0.0,0.0,0.0,0.0
diabetes,4,8,756,0,6,1,1,4,1,1,0.4444444444444444,0.23148148148148148,0.21296296296296294,1.0
diabetes,4,8,756,0,6,2,4,3,1,1,0.5333333333333333,0.28888888888888886,0.24444444444444446,1.0
diabetes,4,8,756,0,6,3,4,2,1,1,0.5714285714285714,0.42857142857142855,0.14285714285714285,1.0
diabetes,5,4,68,1,4,1,1,3,1,1,1.0,0.3333333333333333,0.6666666666666667,1.0
diabetes,5,4,87,1,4,1,1,3,1,1,1.0,0.3333333333333333,0.6666666666666667,1.0
diabetes,5,4,126,0,4,1,1,3,1,1,0.5789473684210527,0.3333333333333333,0.24561403508771934,1.0
diabetes,5,4,126,0,4,2,3,2,1,1,0.78125,0.5,0.28125,1.0
diabetes,5,4,133,1,4,1,3,3,1,1,1.0,0.3333333333333333,0.6666666666666667,1.0
diabetes,5,4,133,1,4,2,3,2,1,1,1.0,0.5,0.5,1.0
diabetes,5,4,180,1,3,1,2,2,1,1,1.0,0.5,0.5,1.0
diabetes,5,4,301,1,4,1,1,3,1,1,1.0,0.3333333333333333,0.6666666666666667,1.0
diabetes,5,4,303,1,4,1,1,3,1,1,1.0,0.3333333333333333,0.6666666666666667,1.0
diabetes,5,4,309,0,4,1,1,3,1,1,0.5789473684210527,0.3333333333333333,0.24561403508771934,1.0
diabetes,5,4,309,0,4,2,3,2,1,1,0.78125,0.5,0.28125,1.0
diabetes,5,4,315,1,4,1,1,3,1,1,1.0,0.3333333333333333,0.6666666666666667,1.0
diabetes,5,4,497,1,4,1,1,3,1,1,1.0,0.3333333333333333,0.6666666666666667,1.0
diabetes,5,4,592,1,4,1,3,3,1,1,1.0,0.3333333333333333,0.6666666666666667,1.0
diabetes,5,4,592,1,4,2,3,2,1,1,1.0,0.5,0.5,1.0
diabetes,5,4,651,1,4,1,1,3,1,1,1.0,0.3333333333333333,0.6666666666666667,1.0
diabetes,5,4,657,0,4,1,1,3,1,1,0.5789473684210527,0.3333333333333333,0.24561403508771934,1.0
diabetes,5,4,657,0,4,2,3,2,1,1,0.78125,0.5,0.28125,1.0
diabetes,5,4,671,1,4,1,1,3,1,1,1.0,0.3333333333333333,0.6666666666666667,1.0
diabetes,5,4,674,1,4,1,3,3,1,1,1.0,0.3333333333333333,0.6666666666666667,1.0
diabetes,5,4,674,1,4,2,3,2,1,1,1.0,0.5,0.5,1.0
diabetes,5,4,717,1,3,1,2,2,1,1,1.0,0.5,0.5,1.0
diabetes,5,4,730,1,4,1,3,3,1,1,1.0,0.3333333333333333,0.6666666666666667,1.0
diabetes,5,4,730,1,4,2,3,2,1,1,1.0,0.5,0.5,1.0
diabetes,5,4,765,1,3,1,2,2,1,1,1.0,0.5,0.5,1.0
diabetes,5,8,68,1,5,1,1,3,1,1,0.75,0.3269230769230769,0.4230769230769231,1.0
diabetes,5,8,68,1,5,2,3,2,1,1,0.6153846153846154,0.46153846153846156,0.15384615384615385,1.0
diabetes,5,8,87,1,5,1,1,3,1,1,0.75,0.3269230769230769,0.4230769230769231,1.0
diabetes,5,8,87,1,5,2,3,2,1,1,0.6153846153846154,0.46153846153846156,0.15384615384615385,1.0
diabetes,5,8,126,0,5,1,1,4,1,1,0.6637168141592921,0.25,0.41371681415929207,1.0
diabetes,5,8,126,0,5,2,3,3,1,1,0.5789473684210527,0.3333333333333333,0.24561403508771934,1.0
diabetes,5,8,126,0,5,3,3,2,1,1,0.9166666666666666,0.5,0.41666666666666663,1.0
diabetes,5,8,133,0,8,1,1,5,1,1,0.6637168141592921,0.19469026548672566,0.46902654867256643,1.0
diabetes,5,8,133,0,8,2,2,4,1,1,0.3684210526315789,0.23026315789473684,0.1381578947368421,1.0
diabetes,5,8,133,0,8,3,4,3,1,1,0.5,0.2916666666666667,0.20833333333333331,1.0
diabetes,5,8,133,0,8,4,4,2,1,1,0.5454545454545454,0.4318181818181818,0.11363636363636359,1.0
diabetes,5,8,180,1,3,1,2,2,1,1,0.75,0.5,0.25,1.0
diabetes,5,8,301,1,8,1,1,4,1,1,0.75,0.22596153846153846,0.5240384615384616,1.0
diabetes,5,8,301,1,8,2,2,3,1,1,0.3076923076923077,0.20512820512820512,0.10256410256410259,1.0
diabetes,5,8,301,1,8,3,4,2,1,1,0.3333333333333333,0.2222222222222222,0.1111111111111111,0.0
diabetes,5,8,303,1,5,1,1,3,1,1,0.75,0.3269230769230769,0.4230769230769231,1.0
diabetes,5,8,303,1,5,2,3,2,1,1,0.6153846153846154,0.46153846153846156,0.15384615384615385,1.0
diabetes,5,8,309,1,8,1,3,4,1,1,0.5384615384615384,0.23557692307692307,0.30288461538461536,1.0
diabetes,5,8,309,1,8,2,3,3,1,1,0.717948717948718,0.3076923076923077,0.41025641025641024,1.0
diabetes,5,8,309,1,8,3,3,2,1,1,0.717948717948718,0.46153846153846156,0.2564102564102564,1.0
diabetes,5,8,315,1,5,1,1,3,1,1,0.75,0.3269230769230769,0.4230769230769231,1.0
diabetes,5,8,315,1,5,2,3,2,1,1,0.6153846153846154,0.46153846153846156,0.15384615384615385,1.0
diabetes,5,8,497,1,5,1,1,3,1,1,0.75,0.3269230769230769,0.4230769230769231,1.0
diabetes,5,8,497,1,5,2,3,2,1,1,0.6153846153846154,0.46153846153846156,0.15384615384615385,1.0
diabetes,5,8,592,1,8,1,3,6,1,1,0.21153846153846154,0.16346153846153846,0.04807692307692307,0.0
diabetes,5,8,592,1,8,2,3,5,1,1,0.28205128205128205,0.19487179487179487,0.08717948717948718,0.0
diabetes,5,8,592,1,8,3,3,4,1,1,0.28205128205128205,0.24358974358974358,0.038461538461538464,0.0
diabetes,5,8,592,1,8,4,5,3,1,1,0.42857142857142855,0.32142857142857145,0.1071428571428571,1.0
diabetes,5,8,592,1,8,5,5,2,1,1,0.6,0.475,0.125,1.0
diabetes,5,8,651,1,5,1,1,3,1,1,0.75,0.3269230769230769,0.4230769230769231,1.0
diabetes,5,8,651,1,5,2,3,2,1,1,0.6153846153846154,0.46153846153846156,0.15384615384615385,1.0
diabetes,5,8,657,0,5,1,1,4,1,1,0.6637168141592921,0.25,0.41371681415929207,1.0
diabetes,5,8,657,0,5,2,3,3,1,1,0.5789473684210527,0.3333333333333333,0.24561403508771934,1.0
diabetes,5,8,657,0,5,3,3,2,1,1,0.9166666666666666,0.5,0.41666666666666663,1.0
diabetes,5,8,671,1,5,1,1,3,1,1,0.75,0.3269230769230769,0.4230769230769231,1.0
diabetes,5,8,671,1,5,2,3,2,1,1,0.6153846153846154,0.46153846153846156,0.15384615384615385,1.0
diabetes,5,8,674,0,8,1,1,5,1,1,0.6637168141592921,0.19469026548672566,0.46902654867256643,1.0
diabetes,5,8,674,0,8,2,2,4,1,1,0.3684210526315789,0.23026315789473684,0.1381578947368421,1.0
diabetes,5,8,674,0,8,3,4,3,1,1,0.5,0.2916666666666667,0.20833333333333331,1.0
diabetes,5,8,674,0,8,4,4,2,1,1,0.5454545454545454,0.4318181818181818,0.11363636363636359,1.0
diabetes,5,8,717,1,3,1,2,2,1,1,0.75,0.5,0.25,1.0
diabetes,5,8,730,1,8,1,3,6,1,1,0.21153846153846154,0.16346153846153846,0.04807692307692307,0.0
diabetes,5,8,730,1,8,2,3,5,1,1,0.28205128205128205,0.19487179487179487,0.08717948717948718,0.0
diabetes,5,8,730,1,8,3,3,4,1,1,0.28205128205128205,0.24358974358974358,0.038461538461538464,0.0
diabetes,5,8,730,1,8,4,5,3,1,1,0.42857142857142855,0.32142857142857145,0.1071428571428571,1.0
diabetes,5,8,730,1,8,5,5,2,1,1,0.6,0.475,0.125,1.0
diabetes,5,8,765,1,3,1,2,2,1,1,0.75,0.5,0.25,1.0
diabetes,6,4,0,0,4,1,1,2,1,1,0.8333333333333334,0.4375,0.39583333333333337,1.0
diabetes,6,4,48,1,4,1,3,3,1,1,0.9130434782608695,0.33333333333333337,0.5797101449275361,1.0
diabetes,6,4,48,1,4,2,3,2,1,1,1.0,0.5,0.5,1.0
diabetes,6,4,66,1,4,1,3,3,1,1,0.9130434782608695,0.33333333333333337,0.5797101449275361,1.0
diabetes,6,4,66,1,4,2,3,2,1,1,1.0,0.5,0.5,1.0
diabetes,6,4,174,1,4,1,3,3,1,1,0.9130434782608695,0.33333333333333337,0.5797101449275361,1.0
diabetes,6,4,174,1,4,2,3,2,1,1,1.0,0.5,0.5,1.0
diabetes,6,4,217,0,4,1,1,3,1,1,0.6476190476190476,0.3333333333333333,0.31428571428571433,1.0
diabetes,6,4,217,0,4,2,3,2,1,1,0.6216216216216216,0.5,0.1216216216216216,1.0
diabetes,6,4,338,0,4,1,1,2,1,1,0.8333333333333334,0.4375,0.39583333333333337,1.0
diabetes,6,4,427,0,4,1,1,2,1,1,0.8333333333333334,0.4791666666666667,0.3541666666666667,1.0
diabetes,6,4,486,0,4,1,1,2,1,1,0.8333333333333334,0.4375,0.39583333333333337,1.0
diabetes,6,4,583,1,4,1,3,3,1,1,0.9130434782608695,0.33333333333333337,0.5797101449275361,1.0
diabetes,6,4,583,1,4,2,3,2,1,1,1.0,0.5,0.5,1.0
diabetes,6,4,669,1,4,1,2,3,1,1,0.525,0.33333333333333337,0.19166666666666665,1.0
diabetes,6,4,669,1,4,2,2,2,1,1,0.5384615384615384,0.5,0.038461538461538436,1.0
diabetes,6,4,747,1,4,1,3,3,1,1,0.9130434782608695,0.33333333333333337,0.5797101449275361,1.0
diabetes,6,4,747,1,4,2,3,2,1,1,1.0,0.5,0.5,1.0
diabetes,6,8,0,0,8,1,1,3,1,1,0.6956521739130435,0.2753623188405797,0.42028985507246375,1.0
diabetes,6,8,0,0,8,2,2,2,1,1,0.42857142857142855,0.21428571428571427,0.21428571428571427,1.0
diabetes,6,8,48,0,7,1,1,5,1,1,0.6435643564356436,0.19603960396039605,0.44752475247524753,1.0
diabetes,6,8,48,0,7,2,2,4,1,1,0.3888888888888889,0.2361111111111111,0.1527777777777778,1.0
diabetes,6,8,48,0,7,3,4,3,1,1,0.3181818181818182,0.30303030303030304,0.015151515151515138,0.0
diabetes,6,8,48,0,7,4,4,2,1,1,0.5,0.42857142857142855,0.07142857142857145,1.0
diabetes,6,8,66,1,6,1,3,5,1,1,0.48148148148148145,0.2,0.28148148148148144,1.0
diabetes,6,8,66,1,6,2,3,4,1,1,0.5909090909090909,0.25,0.34090909090909094,1.0
diabetes,6,8,66,1,6,3,3,3,1,1,0.5909090909090909,0.3333333333333333,0.2575757575757576,1.0
diabetes,6,8,66,1,6,4,5,2,1,1,0.6666666666666666,0.5,0.16666666666666663,1.0
diabetes,6,8,108,1,8,1,1,3,1,1,0.8148148148148148,0.308641975308642,0.5061728395061728,1.0
diabetes,6,8,108,1,8,2,6,2,1,1,0.4,0.3,0.10000000000000003,1.0
diabetes,6,8,108,1,8,3,6,2,1,1,0.5,0.375,0.125,1.0
diabetes,6,8,108,1,8,4,6,2,1,1,0.6666666666666666,0.5,0.16666666666666663,1.0
diabetes,6,8,124,1,8,1,1,3,1,1,0.8148148148148148,0.308641975308642,0.5061728395061728,1.0
diabetes,6,8,124,1,8,2,6,2,1,1,0.4,0.3,0.10000000000000003,1.0
diabetes,6,8,124,1,8,3,6,2,1,1,0.5,0.375,0.125,1.0
diabetes,6,8,124,1,8,4,6,2,1,1,0.6666666666666666,0.5,0.16666666666666663,1.0
diabetes,6,8,174,0,8,1,1,5,1,1,0.6435643564356436,0.18613861386138614,0.45742574257425744,1.0
diabetes,6,8,174,0,8,2,2,4,1,1,0.3888888888888889,0.2013888888888889,0.1875,1.0
diabetes,6,8,174,0,8,3,4,3,1,1,0.3181818181818182,0.22727272727272727,0.09090909090909091,0.0
diabetes,6,8,174,0,8,4,4,2,1,1,0.5,0.25,0.25,1.0
diabetes,6,8,217,0,8,1,1,4,1,1,0.6435643564356436,0.24752475247524752,0.39603960396039606,1.0
diabetes,6,8,217,0,8,2,3,3,1,1,0.3888888888888889,0.32407407407407407,0.06481481481481483,1.0
diabetes,6,8,217,0,8,3,3,2,1,1,0.6363636363636364,0.4772727272727273,0.15909090909090906,1.0
diabetes,6,8,338,0,8,1,1,3,1,1,0.6956521739130435,0.2753623188405797,0.42028985507246375,1.0
diabetes,6,8,338,0,8,2,2,2,1,1,0.42857142857142855,0.21428571428571427,0.21428571428571427,1.0
diabetes,6,8,423,1,8,1,1,3,1,1,0.8148148148148148,0.308641975308642,0.5061728395061728,1.0
diabetes,6,8,423,1,8,2,6,2,1,1,0.4,0.3,0.10000000000000003,1.0
diabetes,6,8,423,1,8,3,6,2,1,1,0.5,0.375,0.125,1.0
diabetes,6,8,423,1,8,4,6,2,1,1,0.6666666666666666,0.5,0.16666666666666663,1.0
diabetes,6,8,427,1,7,1,2,3,1,1,0.4146341463414634,0.3008130081300813,0.11382113821138207,1.0
diabetes,6,8,427,1,7,2,2,2,1,1,0.4722222222222222,0.4444444444444444,0.02777777777777779,1.0
diabetes,6,8,466,1,8,1,1,3,1,1,0.8148148148148148,0.308641975308642,0.5061728395061728,1.0
diabetes,6,8,466,1,8,2,6,2,1,1,0.4,0.3,0.10000000000000003,1.0
diabetes,6,8,466,1,8,3,6,2,1,1,0.5,0.375,0.125,1.0
diabetes,6,8,466,1,8,4,6,2,1,1,0.6666666666666666,0.5,0.16666666666666663,1.0
diabetes,6,8,486,0,8,1,1,3,1,1,0.6956521739130435,0.2753623188405797,0.42028985507246375,1.0
diabetes,6,8,486,0,8,2,2,2,1,1,0.42857142857142855,0.21428571428571427,0.21428571428571427,1.0
diabetes,6,8,583,1,7,1,3,4,1,1,0.48148148148148145,0.2222222222222222,0.25925925925925924,1.0
diabetes,6,8,583,1,7,2,3,3,1,1,0.5909090909090909,0.28787878787878785,0.3030303030303031,1.0
diabetes,6,8,583,1,7,3,3,2,1,1,0.5909090909090909,0.4318181818181818,0.15909090909090912,1.0
diabetes,6,8,644,1,8,1,1,3,1,1,0.8148148148148148,0.308641975308642,0.5061728395061728,1.0
diabetes,6,8,644,1,8,2,6,2,1,1,0.4,0.3,0.10000000000000003,1.0
diabetes,6,8,644,1,8,3,6,2,1,1,0.5,0.375,0.125,1.0
diabetes,6,8,644,1,8,4,6,2,1,1,0.6666666666666666,0.5,0.16666666666666663,1.0
diabetes,6,8,654,1,8,1,1,3,1,1,0.8148148148148148,0.308641975308642,0.5061728395061728,1.0
diabetes,6,8,654,1,8,2,6,2,1,1,0.4,0.3,0.10000000000000003,1.0
diabetes,6,8,654,1,8,3,6,2,1,1,0.5,0.375,0.125,1.0
diabetes,6,8,654,1,8,4,6,2,1,1,0.6666666666666666,0.5,0.16666666666666663,1.0
diabetes,6,8,669,0,5,1,1,3,1,1,0.6956521739130435,0.33333333333333337,0.3623188405797101,1.0
diabetes,6,8,669,0,5,2,2,2,1,1,0.42857142857142855,0.5,-0.07142857142857145,0.0
diabetes,6,8,709,1,8,1,1,3,1,1,0.8148148148148148,0.308641975308642,0.5061728395061728,1.0
diabetes,6,8,709,1,8,2,6,2,1,1,0.4,0.3,0.10000000000000003,1.0
diabetes,6,8,709,1,8,3,6,2,1,1,0.5,0.375,0.125,1.0
diabetes,6,8,709,1,8,4,6,2,1,1,0.6666666666666666,0.5,0.16666666666666663,1.0
diabetes,6,8,747,0,7,1,1,5,1,1,0.6435643564356436,0.19603960396039605,0.44752475247524753,1.0
diabetes,6,8,747,0,7,2,2,4,1,1,0.3888888888888889,0.2361111111111111,0.1527777777777778,1.0
diabetes,6,8,747,0,7,3,4,3,1,1,0.3181818181818182,0.30303030303030304,0.015151515151515138,0.0
diabetes,6,8,747,0,7,4,4,2,1,1,0.5,0.42857142857142855,0.07142857142857145,1.0
diabetes,7,4,48,1,4,1,1,3,1,1,0.9024390243902439,0.3333333333333333,0.5691056910569106,1.0
diabetes,7,4,48,1,4,2,2,2,1,1,1.0,0.5,0.5,1.0
diabetes,7,4,87,1,4,1,1,3,1,1,0.9024390243902439,0.3333333333333333,0.5691056910569106,1.0
diabetes,7,4,87,1,4,2,2,2,1,1,1.0,0.5,0.5,1.0
diabetes,7,4,105,1,4,1,3,3,1,1,0.8292682926829268,0.3333333333333333,0.4959349593495935,1.0
diabetes,7,4,105,1,4,2,3,2,1,1,0.918918918918919,0.5,0.41891891891891897,1.0
diabetes,7,4,112,1,4,1,1,3,1,1,0.9024390243902439,0.3333333333333333,0.5691056910569106,1.0
diabetes,7,4,112,1,4,2,2,2,1,1,1.0,0.5,0.5,1.0
diabetes,7,4,200,1,4,1,3,3,1,1,0.8292682926829268,0.3333333333333333,0.4959349593495935,1.0
diabetes,7,4,200,1,4,2,3,2,1,1,0.918918918918919,0.5,0.41891891891891897,1.0
diabetes,7,4,219,0,4,1,1,3,1,1,0.6548672566371682,0.3333333333333333,0.32153392330383485,1.0
diabetes,7,4,219,0,4,2,3,2,1,1,0.6666666666666666,0.5,0.16666666666666663,1.0
diabetes,7,4,230,1,4,1,3,3,1,1,0.8292682926829268,0.3333333333333333,0.4959349593495935,1.0
diabetes,7,4,230,1,4,2,3,2,1,1,0.918918918918919,0.5,0.41891891891891897,1.0
diabetes,7,4,281,0,4,1,1,3,1,1,0.6548672566371682,0.3333333333333333,0.32153392330383485,1.0
diabetes,7,4,281,0,4,2,3,2,1,1,0.6666666666666666,0.5,0.16666666666666663,1.0
diabetes,7,4,302,1,4,1,1,3,1,1,0.9024390243902439,0.3333333333333333,0.5691056910569106,1.0
diabetes,7,4,302,1,4,2,2,2,1,1,1.0,0.5,0.5,1.0
diabetes,7,4,333,1,4,1,1,3,1,1,0.9024390243902439,0.3333333333333333,0.5691056910569106,1.0
diabetes,7,4,333,1,4,2,2,2,1,1,1.0,0.5,0.5,1.0
diabetes,7,4,349,1,4,1,1,3,1,1,0.9024390243902439,0.3333333333333333,0.5691056910569106,1.0
diabetes,7,4,349,1,4,2,2,2,1,1,1.0,0.5,0.5,1.0
diabetes,7,4,472,1,4,1,3,3,1,1,0.8292682926829268,0.3333333333333333,0.4959349593495935,1.0
diabetes,7,4,472,1,4,2,3,2,1,1,0.918918918918919,0.5,0.41891891891891897,1.0
diabetes,7,4,531,1,4,1,1,2,1,1,0.9024390243902439,0.45121951219512196,0.45121951219512196,1.0
diabetes,7,4,550,1,4,1,3,3,1,1,0.8292682926829268,0.3333333333333333,0.4959349593495935,1.0
diabetes,7,4,550,1,4,2,3,2,1,1,0.918918918918919,0.5,0.41891891891891897,1.0
diabetes,7,4,616,0,4,1,1,3,1,1,0.6548672566371682,0.3333333333333333,0.32153392330383485,1.0
diabetes,7,4,616,0,4,2,3,2,1,1,0.6666666666666666,0.5,0.16666666666666663,1.0
diabetes,7,4,620,1,4,1,3,3,1,1,0.8292682926829268,0.3333333333333333,0.4959349593495935,1.0
diabetes,7,4,620,1,4,2,3,2,1,1,0.918918918918919,0.5,0.41891891891891897,1.0
diabetes,7,4,635,1,4,1,1,3,1,1,0.9024390243902439,0.3333333333333333,0.5691056910569106,1.0
diabetes,7,4,635,1,4,2,2,2,1,1,1.0,0.5,0.5,1.0
diabetes,7,4,639,1,4,1,1,3,1,1,0.9024390243902439,0.3333333333333333,0.5691056910569106,1.0
diabetes,7,4,639,1,4,2,2,2,1,1,1.0,0.5,0.5,1.0
diabetes,7,4,722,0,4,1,1,3,1,1,0.6548672566371682,0.3333333333333333,0.32153392330383485,1.0
diabetes,7,4,722,0,4,2,3,2,1,1,0.6666666666666666,0.5,0.16666666666666663,1.0
diabetes,7,8,48,1,7,1,1,3,1,1,0.6730769230769231,0.3076923076923077,0.3653846153846154,1.0
diabetes,7,8,48,1,7,2,2,2,1,1,0.5294117647058824,0.38235294117647056,0.1470588235294118,1.0
diabetes,7,8,87,1,7,1,1,3,1,1,0.6730769230769231,0.3076923076923077,0.3653846153846154,1.0
diabetes,7,8,87,1,7,2,2,2,1,1,0.5294117647058824,0.38235294117647056,0.1470588235294118,1.0
diabetes,7,8,105,1,8,1,3,5,1,1,0.46153846153846156,0.19615384615384615,0.26538461538461544,1.0
diabetes,7,8,105,1,8,2,3,4,1,1,0.6857142857142857,0.24285714285714285,0.44285714285714284,1.0
diabetes,7,8,105,1,8,3,3,3,1,1,0.7741935483870968,0.3225806451612903,0.45161290322580644,1.0
diabetes,7,8,105,1,8,4,4,2,1,1,0.7142857142857143,0.42857142857142855,0.28571428571428575,1.0
diabetes,7,8,112,1,6,1,1,3,1,1,0.6730769230769231,0.3076923076923077,0.3653846153846154,1.0
diabetes,7,8,112,1,6,2,2,2,1,1,0.5294117647058824,0.38235294117647056,0.1470588235294118,1.0
diabetes,7,8,200,1,8,1,3,5,1,1,0.46153846153846156,0.19615384615384615,0.26538461538461544,1.0
diabetes,7,8,200,1,8,2,3,4,1,1,0.6857142857142857,0.24285714285714285,0.44285714285714284,1.0
diabetes,7,8,200,1,8,3,3,3,1,1,0.7741935483870968,0.3225806451612903,0.45161290322580644,1.0
diabetes,7,8,200,1,8,4,4,2,1,1,0.7142857142857143,0.42857142857142855,0.28571428571428575,1.0
diabetes,7,8,219,0,8,1,1,5,1,1,0.5980392156862745,0.19999999999999998,0.39803921568627454,1.0
diabetes,7,8,219,0,8,2,3,4,1,1,0.4634146341463415,0.25,0.2134146341463415,1.0
diabetes,7,8,219,0,8,3,3,3,1,1,0.6551724137931034,0.3333333333333333,0.3218390804597701,1.0
diabetes,7,8,219,0,8,4,5,2,1,1,0.8,0.5,0.30000000000000004,1.0
diabetes,7,8,230,1,7,1,3,4,1,1,0.46153846153846156,0.22596153846153846,0.2355769230769231,1.0
diabetes,7,8,230,1,7,2,3,3,1,1,0.6857142857142857,0.2857142857142857,0.4,1.0
diabetes,7,8,230,1,7,3,3,2,1,1,0.7741935483870968,0.41935483870967744,0.3548387096774193,1.0
diabetes,7,8,281,0,8,1,1,5,1,1,0.5980392156862745,0.19999999999999998,0.39803921568627454,1.0
diabetes,7,8,281,0,8,2,3,4,1,1,0.4634146341463415,0.25,0.2134146341463415,1.0
diabetes,7,8,281,0,8,3,3,3,1,1,0.6551724137931034,0.3333333333333333,0.3218390804597701,1.0
diabetes,7,8,281,0,8,4,7,2,1,1,0.8,0.5,0.30000000000000004,1.0
diabetes,7,8,302,1,7,1,1,4,1,1,0.6730769230769231,0.23076923076923078,0.44230769230769235,1.0
diabetes,7,8,302,1,7,2,2,3,1,1,0.5294117647058824,0.2549019607843137,0.27450980392156865,1.0
diabetes,7,8,302,1,7,3,3,2,1,1,0.5,0.25,0.25,1.0
diabetes,7,8,333,1,6,1,1,3,1,1,0.6730769230769231,0.3076923076923077,0.3653846153846154,1.0
diabetes,7,8,333,1,6,2,2,2,1,1,0.5294117647058824,0.38235294117647056,0.1470588235294118,1.0
diabetes,7,8,349,1,7,1,1,3,1,1,0.6730769230769231,0.3076923076923077,0.3653846153846154,1.0
diabetes,7,8,349,1,7,2,2,2,1,1,0.5294117647058824,0.38235294117647056,0.1470588235294118,1.0
diabetes,7,8,472,1,8,1,3,5,1,1,0.46153846153846156,0.19615384615384615,0.26538461538461544,1.0
diabetes,7,8,472,1,8,2,3,4,1,1,0.6857142857142857,0.24285714285714285,0.44285714285714284,1.0
diabetes,7,8,472,1,8,3,3,3,1,1,0.7741935483870968,0.3225806451612903,0.45161290322580644,1.0
diabetes,7,8,472,1,8,4,4,2,1,1,0.7142857142857143,0.42857142857142855,0.28571428571428575,1.0
diabetes,7,8,531,1,7,1,1,2,1,1,0.6730769230769231,0.41346153846153844,0.2596153846153847,1.0
diabetes,7,8,550,1,8,1,3,5,1,1,0.46153846153846156,0.19615384615384615,0.26538461538461544,1.0
diabetes,7,8,550,1,8,2,3,4,1,1,0.6857142857142857,0.24285714285714285,0.44285714285714284,1.0
diabetes,7,8,550,1,8,3,3,3,1,1,0.7741935483870968,0.3225806451612903,0.45161290322580644,1.0
diabetes,7,8,550,1,8,4,4,2,1,1,0.7142857142857143,0.42857142857142855,0.28571428571428575,1.0
diabetes,7,8,616,1,8,1,1,4,1,1,0.3269230769230769,0.1778846153846154,0.14903846153846154,1.0
diabetes,7,8,616,1,8,2,3,3,1,1,0.2,0.1904761904761905,0.009523809523809518,0.0
diabetes,7,8,616,1,8,3,3,2,1,1,0.22580645161290322,0.25806451612903225,-0.03225806451612903,0.0
diabetes,7,8,620,1,8,1,3,5,1,1,0.46153846153846156,0.19615384615384615,0.26538461538461544,1.0
diabetes,7,8,620,1,8,2,3,4,1,1,0.6857142857142857,0.24285714285714285,0.44285714285714284,1.0
diabetes,7,8,620,1,8,3,3,3,1,1,0.7741935483870968,0.3225806451612903,0.45161290322580644,1.0
diabetes,7,8,620,1,8,4,4,2,1,1,0.7142857142857143,0.42857142857142855,0.28571428571428575,1.0
diabetes,7,8,635,1,6,1,1,3,1,1,0.6730769230769231,0.3076923076923077,0.3653846153846154,1.0
diabetes,7,8,635,1,6,2,2,2,1,1,0.5294117647058824,0.38235294117647056,0.1470588235294118,1.0
diabetes,7,8,639,1,6,1,1,3,1,1,0.6730769230769231,0.3076923076923077,0.3653846153846154,1.0
diabetes,7,8,639,1,6,2,2,2,1,1,0.5294117647058824,0.38235294117647056,0.1470588235294118,1.0
diabetes,7,8,722,0,8,1,1,5,1,1,0.5980392156862745,0.19999999999999998,0.39803921568627454,1.0
diabetes,7,8,722,0,8,2,3,4,1,1,0.4634146341463415,0.25,0.2134146341463415,1.0
diabetes,7,8,722,0,8,3,3,3,1,1,0.6551724137931034,0.3333333333333333,0.3218390804597701,1.0
diabetes,7,8,722,0,8,4,5,2,1,1,0.8,0.5,0.30000000000000004,1.0
diabetes,8,4,202,1,4,1,2,2,1,1,0.7,0.35,0.35,1.0
diabetes,8,4,375,0,4,1,1,3,1,1,0.7692307692307693,0.3333333333333333,0.43589743589743596,1.0
diabetes,8,4,375,0,4,2,2,2,1,1,1.0,0.5,0.5,1.0
diabetes,8,4,408,0,4,1,3,3,1,1,0.5384615384615384,0.3333333333333333,0.20512820512820512,1.0
diabetes,8,4,408,0,4,2,3,2,1,1,0.7,0.5,0.19999999999999996,1.0
diabetes,8,4,476,1,4,1,2,2,1,1,0.7,0.35,0.35,1.0
diabetes,8,4,522,1,4,1,2,2,1,1,0.7,0.35,0.35,1.0
diabetes,8,4,619,1,4,1,2,2,1,1,0.7,0.35,0.35,1.0
diabetes,8,4,624,1,4,1,2,2,1,1,0.7,0.35,0.35,1.0
diabetes,8,4,688,1,4,1,1,2,1,1,1.0,0.5,0.5,1.0
diabetes,8,4,698,0,4,1,1,3,1,1,0.7692307692307693,0.3333333333333333,0.43589743589743596,1.0
diabetes,8,4,698,0,4,2,2,2,1,1,1.0,0.5,0.5,1.0
diabetes,8,4,716,0,4,1,1,3,1,1,0.7692307692307693,0.3333333333333333,0.43589743589743596,1.0
diabetes,8,4,716,0,4,2,2,2,1,1,1.0,0.5,0.5,1.0
diabetes,8,4,733,1,4,1,2,2,1,1,0.7,0.35,0.35,1.0
diabetes,8,4,750,0,4,1,1,3,1,1,0.7692307692307693,0.3333333333333333,0.43589743589743596,1.0
diabetes,8,4,750,0,4,2,2,2,1,1,1.0,0.5,0.5,1.0
diabetes,8,8,38,1,6,1,1,2,1,1,1.0,0.5,0.5,1.0
diabetes,8,8,57,1,8,1,1,2,1,1,1.0,0.5,0.5,1.0
diabetes,8,8,62,1,6,1,1,2,1,1,1.0,0.5,0.5,1.0
diabetes,8,8,74,1,6,1,1,2,1,1,1.0,0.5,0.5,1.0
diabetes,8,8,202,1,6,1,1,3,1,1,0.0,0.2549019607843137,-0.2549019607843137,0.0
diabetes,8,8,202,1,6,2,2,2,1,1,0.4117647058823529,0.38235294117647056,0.02941176470588236,1.0
diabetes,8,8,375,1,7,1,3,4,1,1,0.3333333333333333,0.24019607843137256,0.09313725490196076,1.0
diabetes,8,8,375,1,7,2,3,3,1,1,0.3695652173913043,0.3188405797101449,0.050724637681159424,1.0
diabetes,8,8,375,1,7,3,3,2,1,1,0.5151515151515151,0.4696969696969697,0.045454545454545414,1.0
diabetes,8,8,408,1,5,1,1,3,1,1,0.9019607843137255,0.3333333333333333,0.5686274509803921,1.0
diabetes,8,8,408,1,5,2,3,2,1,1,1.0,0.5,0.5,1.0
diabetes,8,8,426,1,6,1,1,2,1,1,1.0,0.5,0.5,1.0
diabetes,8,8,476,1,6,1,1,3,1,1,0.0,0.2549019607843137,-0.2549019607843137,0.0
diabetes,8,8,476,1,6,2,2,2,1,1,0.4117647058823529,0.38235294117647056,0.02941176470588236,1.0
diabetes,8,8,522,1,6,1,1,3,1,1,0.0,0.2549019607843137,-0.2549019607843137,0.0
diabetes,8,8,522,1,6,2,2,2,1,1,0.4117647058823529,0.38235294117647056,0.02941176470588236,1.0
diabetes,8,8,559,1,6,1,1,2,1,1,1.0,0.5,0.5,1.0
diabetes,8,8,619,1,8,1,1,3,1,1,0.0,0.13725490196078433,-0.13725490196078433,0.0
diabetes,8,8,619,1,8,2,2,2,1,1,0.4117647058823529,0.20588235294117646,0.20588235294117646,1.0
diabetes,8,8,624,1,8,1,1,3,1,1,0.0,0.13725490196078433,-0.13725490196078433,0.0
diabetes,8,8,624,1,8,2,2,2,1,1,0.4117647058823529,0.20588235294117646,0.20588235294117646,1.0
diabetes,8,8,688,1,4,1,1,2,1,1,0.9019607843137255,0.5,0.4019607843137255,1.0
diabetes,8,8,698,0,7,1,1,4,1,1,0.625,0.20833333333333334,0.41666666666666663,1.0
diabetes,8,8,698,0,7,2,2,3,1,1,0.5555555555555556,0.1851851851851852,0.37037037037037035,1.0
diabetes,8,8,716,0,4,1,1,3,1,1,0.625,0.3333333333333333,0.2916666666666667,1.0
diabetes,8,8,716,0,4,2,2,2,1,1,0.5555555555555556,0.5,0.05555555555555558,1.0
diabetes,8,8,729,1,6,1,1,2,1,1,1.0,0.5,0.5,1.0
diabetes,8,8,733,1,8,1,1,3,1,1,0.0,0.13725490196078433,-0.13725490196078433,0.0
diabetes,8,8,733,1,8,2,2,2,1,1,0.4117647058823529,0.20588235294117646,0.20588235294117646,1.0
diabetes,8,8,750,0,8,1,1,3,1,1,0.625,0.2777777777777778,0.3472222222222222,1.0
diabetes,8,8,750,0,8,2,2,2,1,1,0.5555555555555556,0.2777777777777778,0.2777777777777778,1.0
diabetes,8,8,762,1,6,1,1,2,1,1,1.0,0.5,0.5,1.0
diabetes,9,4,49,1,4,1,1,3,1,1,0.9743589743589743,0.3333333333333333,0.641025641025641,1.0
diabetes,9,4,49,1,4,2,2,2,1,1,1.0,0.5,0.5,1.0
diabetes,9,4,55,1,4,1,1,3,1,1,0.9743589743589743,0.3333333333333333,0.641025641025641,1.0
diabetes,9,4,55,1,4,2,2,2,1,1,1.0,0.5,0.5,1.0
diabetes,9,4,95,0,4,1,1,3,1,1,0.6206896551724138,0.3333333333333333,0.2873563218390805,1.0
diabetes,9,4,95,0,4,2,2,2,1,1,0.6818181818181818,0.5,0.18181818181818177,1.0
diabetes,9,4,115,0,4,1,1,3,1,1,0.6206896551724138,0.3333333333333333,0.2873563218390805,1.0
diabetes,9,4,115,0,4,2,2,2,1,1,0.6818181818181818,0.5,0.18181818181818177,1.0
diabetes,9,4,142,1,4,1,1,2,1,1,0.9743589743589743,0.48717948717948717,0.48717948717948717,1.0
diabetes,9,4,181,1,4,1,1,2,1,1,0.9743589743589743,0.48717948717948717,0.48717948717948717,1.0
diabetes,9,4,214,0,4,1,1,3,1,1,0.6206896551724138,0.3333333333333333,0.2873563218390805,1.0
diabetes,9,4,214,0,4,2,2,2,1,1,0.6818181818181818,0.5,0.18181818181818177,1.0
diabetes,9,4,242,1,4,1,1,3,1,1,0.9743589743589743,0.3333333333333333,0.641025641025641,1.0
diabetes,9,4,242,1,4,2,2,2,1,1,1.0,0.5,0.5,1.0
diabetes,9,4,256,0,4,1,1,3,1,1,0.6206896551724138,0.3333333333333333,0.2873563218390805,1.0
diabetes,9,4,256,0,4,2,2,2,1,1,0.6818181818181818,0.5,0.18181818181818177,1.0
diabetes,9,4,265,1,4,1,2,3,1,1,0.9743589743589743,0.3333333333333333,0.641025641025641,1.0
diabetes,9,4,265,1,4,2,2,2,1,1,1.0,0.5,0.5,1.0
diabetes,9,4,474,1,4,1,1,3,1,1,0.9743589743589743,0.3333333333333333,0.641025641025641,1.0
diabetes,9,4,474,1,4,2,2,2,1,1,1.0,0.5,0.5,1.0
diabetes,9,4,497,1,4,1,1,3,1,1,0.9743589743589743,0.3333333333333333,0.641025641025641,1.0
diabetes,9,4,497,1,4,2,2,2,1,1,1.0,0.5,0.5,1.0
diabetes,9,4,586,0,4,1,1,3,1,1,0.6206896551724138,0.3333333333333333,0.2873563218390805,1.0
diabetes,9,4,586,0,4,2,2,2,1,1,0.6818181818181818,0.5,0.18181818181818177,1.0
diabetes,9,4,640,1,4,1,1,3,1,1,0.9743589743589743,0.3333333333333333,0.641025641025641,1.0
diabetes,9,4,640,1,4,2,2,2,1,1,1.0,0.5,0.5,1.0
diabetes,9,4,667,0,4,1,1,3,1,1,0.6206896551724138,0.3333333333333333,0.2873563218390805,1.0
diabetes,9,4,667,0,4,2,2,2,1,1,0.6818181818181818,0.5,0.18181818181818177,1.0
diabetes,9,4,690,1,4,1,2,3,1,1,0.9743589743589743,0.3333333333333333,0.641025641025641,1.0
diabetes,9,4,690,1,4,2,2,2,1,1,1.0,0.5,0.5,1.0
diabetes,9,4,704,1,4,1,1,3,1,1,0.9743589743589743,0.3333333333333333,0.641025641025641,1.0
diabetes,9,4,704,1,4,2,2,2,1,1,1.0,0.5,0.5,1.0
diabetes,9,8,43,1,6,1,4,2,1,1,0.6875,0.4375,0.25,1.0
diabetes,9,8,43,1,6,2,4,2,1,1,0.7096774193548387,0.45161290322580644,0.2580645161290323,1.0
diabetes,9,8,49,1,4,1,1,3,1,1,0.9259259259259259,0.3333333333333333,0.5925925925925926,1.0
diabetes,9,8,49,1,4,2,2,2,1,1,1.0,0.5,0.5,1.0
diabetes,9,8,55,1,4,1,1,3,1,1,0.9259259259259259,0.3333333333333333,0.5925925925925926,1.0
diabetes,9,8,55,1,4,2,2,2,1,1,1.0,0.5,0.5,1.0
diabetes,9,8,95,0,8,1,1,6,1,1,0.5546875,0.1640625,0.390625,1.0
diabetes,9,8,95,0,8,2,2,5,1,1,0.49122807017543857,0.19298245614035087,0.2982456140350877,1.0
diabetes,9,8,95,0,8,3,3,4,1,1,0.3793103448275862,0.23275862068965517,0.14655172413793102,1.0
diabetes,9,8,95,0,8,4,6,3,1,1,0.4444444444444444,0.2962962962962963,0.14814814814814814,1.0
diabetes,9,8,95,0,8,5,6,2,1,1,0.6153846153846154,0.4230769230769231,0.19230769230769235,1.0
diabetes,9,8,115,0,7,1,1,5,1,1,0.5546875,0.1953125,0.359375,1.0
diabetes,9,8,115,0,7,2,2,4,1,1,0.49122807017543857,0.23684210526315788,0.2543859649122807,1.0
diabetes,9,8,115,0,7,3,5,3,1,1,0.3448275862068966,0.29885057471264365,0.04597701149425293,0.0
diabetes,9,8,115,0,7,4,5,2,1,1,0.5555555555555556,0.4166666666666667,0.1388888888888889,1.0
diabetes,9,8,142,1,8,1,1,3,1,1,0.9259259259259259,0.308641975308642,0.6172839506172839,1.0
diabetes,9,8,142,1,8,2,2,2,1,1,0.0,0.0,0.0,0.0
diabetes,9,8,181,1,8,1,1,2,1,1,0.9259259259259259,0.46296296296296297,0.46296296296296297,1.0
diabetes,9,8,214,0,8,1,1,7,1,1,0.5546875,0.14285714285714285,0.41183035714285715,1.0
diabetes,9,8,214,0,8,2,2,6,1,1,0.49122807017543857,0.16666666666666666,0.32456140350877194,1.0
diabetes,9,8,214,0,8,3,3,5,1,1,0.3793103448275862,0.19999999999999998,0.1793103448275862,1.0
diabetes,9,8,214,0,8,4,7,4,1,1,0.4444444444444444,0.25,0.19444444444444442,1.0
diabetes,9,8,214,0,8,5,7,3,1,1,0.6153846153846154,0.3333333333333333,0.2820512820512821,1.0
diabetes,9,8,214,0,8,6,7,2,1,1,0.8,0.5,0.30000000000000004,1.0
diabetes,9,8,242,1,4,1,1,3,1,1,0.9259259259259259,0.3333333333333333,0.5925925925925926,1.0
diabetes,9,8,242,1,4,2,2,2,1,1,1.0,0.5,0.5,1.0
diabetes,9,8,256,0,8,1,1,4,1,1,0.5546875,0.240234375,0.314453125,1.0
diabetes,9,8,256,0,8,2,2,3,1,1,0.49122807017543857,0.30409356725146197,0.1871345029239766,1.0
diabetes,9,8,256,0,8,3,4,2,1,1,0.4482758620689655,0.41379310344827586,0.03448275862068967,1.0
diabetes,9,8,265,0,6,1,1,4,1,1,0.5546875,0.25,0.3046875,1.0
diabetes,9,8,265,0,6,2,3,3,1,1,0.3508771929824561,0.3333333333333333,0.017543859649122806,0.0
diabetes,9,8,265,0,6,3,3,2,1,1,0.7142857142857143,0.5,0.2142857142857143,1.0
diabetes,9,8,474,1,4,1,1,3,1,1,0.9259259259259259,0.3333333333333333,0.5925925925925926,1.0
diabetes,9,8,474,1,4,2,2,2,1,1,1.0,0.5,0.5,1.0
diabetes,9,8,489,0,8,1,2,2,1,1,0.0,0.0,0.0,0.0
diabetes,9,8,489,0,8,2,2,2,0,1,,,,
diabetes,9,8,497,1,4,1,1,3,1,1,0.9259259259259259,0.3333333333333333,0.5925925925925926,1.0
diabetes,9,8,497,1,4,2,2,2,1,1,1.0,0.5,0.5,1.0
diabetes,9,8,586,0,8,1,1,6,1,1,0.5546875,0.1640625,0.390625,1.0
diabetes,9,8,586,0,8,2,2,5,1,1,0.49122807017543857,0.19298245614035087,0.2982456140350877,1.0
diabetes,9,8,586,0,8,3,3,4,1,1,0.3793103448275862,0.23275862068965517,0.14655172413793102,1.0
diabetes,9,8,586,0,8,4,6,3,1,1,0.4444444444444444,0.2962962962962963,0.14814814814814814,1.0
diabetes,9,8,586,0,8,5,6,2,1,1,0.6153846153846154,0.4230769230769231,0.19230769230769235,1.0
diabetes,9,8,640,1,5,1,1,3,1,1,0.9259259259259259,0.3333333333333333,0.5925925925925926,1.0
diabetes,9,8,640,1,5,2,2,2,1,1,1.0,0.5,0.5,1.0
diabetes,9,8,667,0,8,1,1,6,1,1,0.5546875,0.1640625,0.390625,1.0
diabetes,9,8,667,0,8,2,2,5,1,1,0.49122807017543857,0.19298245614035087,0.2982456140350877,1.0
diabetes,9,8,667,0,8,3,3,4,1,1,0.3793103448275862,0.23275862068965517,0.14655172413793102,1.0
diabetes,9,8,667,0,8,4,6,3,1,1,0.4444444444444444,0.2962962962962963,0.14814814814814814,1.0
diabetes,9,8,667,0,8,5,6,2,1,1,0.6153846153846154,0.4230769230769231,0.19230769230769235,1.0
diabetes,9,8,690,1,7,1,2,3,1,1,0.8518518518518519,0.32098765432098764,0.5308641975308642,1.0
diabetes,9,8,690,1,7,2,2,2,1,1,0.92,0.48,0.44000000000000006,1.0
diabetes,9,8,704,1,4,1,1,3,1,1,0.9259259259259259,0.3333333333333333,0.5925925925925926,1.0
diabetes,9,8,704,1,4,2,2,2,1,1,1.0,0.5,0.5,1.0
ionosphere,0,4,214,1,4,1,2,2,1,1,0.6,0.4,0.19999999999999996,1.0
ionosphere,0,4,306,1,4,1,1,2,1,1,0.8,0.43333333333333335,0.3666666666666667,1.0
ionosphere,0,8,3,1,6,1,1,2,1,1,0.6,0.3,0.3,1.0
ionosphere,0,8,16,1,5,1,1,2,1,1,0.6,0.4,0.19999999999999996,1.0
ionosphere,0,8,24,1,5,1,1,2,1,1,0.6,0.4,0.19999999999999996,1.0
ionosphere,0,8,36,1,5,1,1,2,1,1,0.6,0.4,0.19999999999999996,1.0
ionosphere,0,8,88,1,5,1,1,2,1,1,0.6,0.4,0.19999999999999996,1.0
ionosphere,0,8,131,1,5,1,1,2,1,1,0.6,0.4,0.19999999999999996,1.0
ionosphere,0,8,148,0,4,1,1,2,1,1,0.8518518518518519,0.42592592592592593,0.42592592592592593,1.0
ionosphere,0,8,163,1,5,1,1,2,1,1,0.6,0.4,0.19999999999999996,1.0
ionosphere,0,8,169,1,5,1,1,2,1,1,0.6,0.4,0.19999999999999996,1.0
ionosphere,0,8,214,1,4,1,2,2,1,1,0.4,0.4,0.0,1.0
ionosphere,0,8,217,1,5,1,1,2,1,1,0.6,0.4,0.19999999999999996,1.0
ionosphere,0,8,239,1,5,1,1,2,1,1,0.6,0.4,0.19999999999999996,1.0
ionosphere,0,8,273,1,5,1,1,2,1,1,0.6,0.4,0.19999999999999996,1.0
ionosphere,0,8,306,1,4,1,1,2,1,1,0.6,0.43333333333333335,0.16666666666666663,1.0
ionosphere,0,8,319,1,5,1,1,2,1,1,0.6,0.4,0.19999999999999996,1.0
ionosphere,1,4,57,0,4,1,1,2,1,1,1.0,0.5,0.5,1.0
ionosphere,1,8,20,1,7,1,1,2,1,1,0.6666666666666666,0.42857142857142855,0.23809523809523808,1.0
ionosphere,1,8,57,0,5,1,1,2,1,1,1.0,0.5,0.5,1.0
ionosphere,1,8,94,0,8,1,6,3,1,1,0.7959183673469388,0.31972789115646255,0.4761904761904762,1.0
ionosphere,1,8,94,0,8,2,6,2,1,1,0.7959183673469388,0.47959183673469385,0.3163265306122449,1.0
ionosphere,1,8,94,0,8,3,6,2,1,1,0.7959183673469388,0.47959183673469385,0.3163265306122449,1.0
ionosphere,1,8,94,0,8,4,6,2,1,1,0.7959183673469388,0.47959183673469385,0.3163265306122449,1.0
ionosphere,1,8,94,0,8,5,6,2,1,1,0.7959183673469388,0.47959183673469385,0.3163265306122449,1.0
ionosphere,1,8,135,1,7,1,1,2,1,1,0.6666666666666666,0.42857142857142855,0.23809523809523808,1.0
ionosphere,1,8,187,1,7,1,1,2,1,1,0.6666666666666666,0.42857142857142855,0.23809523809523808,1.0
ionosphere,1,8,191,0,7,1,5,3,1,1,0.8367346938775511,0.3333333333333333,0.5034013605442178,1.0
ionosphere,1,8,191,0,7,2,5,2,1,1,0.8367346938775511,0.5,0.33673469387755106,1.0
ionosphere,1,8,191,0,7,3,5,2,1,1,0.8367346938775511,0.5,0.33673469387755106,1.0
ionosphere,1,8,191,0,7,4,5,2,1,1,0.8367346938775511,0.5,0.33673469387755106,1.0
ionosphere,1,8,191,0,7,5,5,2,1,1,0.8367346938775511,0.5,0.33673469387755106,1.0
ionosphere,1,8,239,1,7,1,1,2,1,1,0.6666666666666666,0.42857142857142855,0.23809523809523808,1.0
ionosphere,1,8,262,1,7,1,1,2,1,1,0.6666666666666666,0.42857142857142855,0.23809523809523808,1.0
ionosphere,1,8,296,1,7,1,1,2,1,1,0.6666666666666666,0.42857142857142855,0.23809523809523808,1.0
ionosphere,1,8,341,1,7,1,1,2,1,1,0.6666666666666666,0.42857142857142855,0.23809523809523808,1.0
ionosphere,1,8,342,0,7,1,5,3,1,1,0.8367346938775511,0.3333333333333333,0.5034013605442178,1.0
ionosphere,1,8,342,0,7,2,5,2,1,1,0.8367346938775511,0.5,0.33673469387755106,1.0
ionosphere,1,8,342,0,7,3,5,2,1,1,0.8367346938775511,0.5,0.33673469387755106,1.0
ionosphere,1,8,342,0,7,4,5,2,1,1,0.8367346938775511,0.5,0.33673469387755106,1.0
ionosphere,1,8,342,0,7,5,5,2,1,1,0.8367346938775511,0.5,0.33673469387755106,1.0
ionosphere,2,4,14,0,3,1,1,2,1,1,0.9827586206896551,0.5,0.48275862068965514,1.0
ionosphere,2,4,52,0,4,1,1,2,1,1,0.9827586206896551,0.49137931034482757,0.49137931034482757,1.0
ionosphere,2,4,65,0,3,1,1,2,1,1,0.9827586206896551,0.5,0.48275862068965514,1.0
ionosphere,2,4,209,1,4,1,2,2,1,1,0.8125,0.46875,0.34375,1.0
ionosphere,2,8,14,0,3,1,1,2,1,1,0.9827586206896551,0.5,0.48275862068965514,1.0
ionosphere,2,8,52,0,4,1,1,2,1,1,0.9827586206896551,0.49137931034482757,0.49137931034482757,1.0
ionosphere,2,8,65,0,3,1,1,2,1,1,0.9827586206896551,0.5,0.48275862068965514,1.0
ionosphere,2,8,209,1,5,1,2,2,1,1,0.8125,0.46875,0.34375,1.0
ionosphere,4,8,150,0,5,1,4,2,1,1,0.9482758620689655,0.5,0.4482758620689655,1.0
ionosphere,5,4,52,1,4,1,2,2,1,1,0.875,0.4375,0.4375,1.0
ionosphere,5,8,52,0,4,1,1,2,1,1,0.9444444444444444,0.4722222222222222,0.4722222222222222,1.0
ionosphere,5,8,306,1,6,1,1,2,1,1,0.8888888888888888,0.5,0.38888888888888884,1.0
ionosphere,7,8,12,1,8,1,1,2,1,1,0.7692307692307693,0.38461538461538464,0.38461538461538464,1.0
ionosphere,7,8,46,1,8,1,1,2,1,1,0.7692307692307693,0.38461538461538464,0.38461538461538464,1.0
ionosphere,7,8,50,1,6,1,1,2,1,1,0.7692307692307693,0.4230769230769231,0.3461538461538462,1.0
ionosphere,7,8,69,0,3,1,2,2,1,1,1.0,0.5,0.5,1.0
ionosphere,7,8,72,1,6,1,1,2,1,1,0.7692307692307693,0.4230769230769231,0.3461538461538462,1.0
ionosphere,7,8,74,1,6,1,1,2,1,1,0.7692307692307693,0.4230769230769231,0.3461538461538462,1.0
ionosphere,7,8,78,1,6,1,1,2,1,1,0.7692307692307693,0.4230769230769231,0.3461538461538462,1.0
ionosphere,7,8,145,1,6,1,1,2,1,1,0.7692307692307693,0.4230769230769231,0.3461538461538462,1.0
ionosphere,7,8,203,1,6,1,1,2,1,1,0.7692307692307693,0.4230769230769231,0.3461538461538462,1.0
ionosphere,7,8,222,0,3,1,2,2,1,1,1.0,0.5,0.5,1.0
ionosphere,7,8,262,1,6,1,1,2,1,1,0.7692307692307693,0.4230769230769231,0.3461538461538462,1.0
ionosphere,7,8,316,1,6,1,1,2,1,1,0.7692307692307693,0.4230769230769231,0.3461538461538462,1.0
ionosphere,7,8,325,1,6,1,1,2,1,1,0.7692307692307693,0.4230769230769231,0.3461538461538462,1.0
ionosphere,8,4,126,0,3,1,1,2,1,1,0.9152542372881356,0.5,0.4152542372881356,1.0
ionosphere,8,4,170,0,3,1,1,2,1,1,0.9152542372881356,0.5,0.4152542372881356,1.0
ionosphere,8,4,226,0,3,1,1,2,1,1,0.9152542372881356,0.5,0.4152542372881356,1.0
ionosphere,8,4,284,1,4,1,1,2,1,1,0.875,0.4375,0.4375,1.0
ionosphere,8,8,16,1,7,1,1,2,1,1,0.7,0.45,0.24999999999999994,1.0
ionosphere,8,8,48,1,7,1,1,2,1,1,0.7,0.45,0.24999999999999994,1.0
ionosphere,8,8,113,1,7,1,1,2,1,1,0.7,0.45,0.24999999999999994,1.0
ionosphere,8,8,126,0,3,1,1,2,1,1,0.9122807017543859,0.5,0.4122807017543859,1.0
ionosphere,8,8,170,0,3,1,1,2,1,1,0.9122807017543859,0.5,0.4122807017543859,1.0
ionosphere,8,8,223,1,7,1,1,2,1,1,0.7,0.45,0.24999999999999994,1.0
ionosphere,8,8,226,0,3,1,1,2,1,1,0.9122807017543859,0.5,0.4122807017543859,1.0
ionosphere,8,8,227,1,7,1,1,2,1,1,0.7,0.45,0.24999999999999994,1.0
ionosphere,8,8,265,1,7,1,1,2,1,1,0.7,0.45,0.24999999999999994,1.0
ionosphere,8,8,284,1,5,1,1,2,1,1,0.7,0.45,0.24999999999999994,1.0
ionosphere,8,8,315,1,7,1,1,2,1,1,0.7,0.45,0.24999999999999994,1.0
ionosphere,8,8,342,1,7,1,1,2,1,1,0.7,0.45,0.24999999999999994,1.0
ionosphere,8,8,344,1,7,1,1,2,1,1,0.7,0.45,0.24999999999999994,1.0
ionosphere,8,8,345,1,7,1,1,2,1,1,0.7,0.45,0.24999999999999994,1.0
ionosphere,9,4,95,1,3,1,2,2,1,1,1.0,0.5,0.5,1.0
ionosphere,9,4,250,0,3,1,2,2,1,1,1.0,0.5,0.5,1.0
ionosphere,9,8,1,1,5,1,1,2,1,1,0.8571428571428571,0.5,0.3571428571428571,1.0
ionosphere,9,8,26,1,5,1,1,2,1,1,0.8571428571428571,0.5,0.3571428571428571,1.0
ionosphere,9,8,36,1,5,1,1,2,1,1,0.8571428571428571,0.5,0.3571428571428571,1.0
ionosphere,9,8,70,1,5,1,1,2,1,1,0.8571428571428571,0.5,0.3571428571428571,1.0
ionosphere,9,8,95,1,3,1,2,2,1,1,0.8571428571428571,0.5,0.3571428571428571,1.0
ionosphere,9,8,121,1,5,1,1,2,1,1,0.8571428571428571,0.5,0.3571428571428571,1.0
ionosphere,9,8,129,1,5,1,1,2,1,1,0.8571428571428571,0.5,0.3571428571428571,1.0
ionosphere,9,8,133,0,6,1,4,3,1,1,0.9180327868852459,0.3333333333333333,0.5846994535519126,1.0
ionosphere,9,8,133,0,6,2,4,2,1,1,0.9824561403508771,0.5,0.48245614035087714,1.0
ionosphere,9,8,133,0,6,3,4,2,1,1,0.9824561403508771,0.5,0.48245614035087714,1.0
ionosphere,9,8,133,0,6,4,4,2,1,1,0.9824561403508771,0.5,0.48245614035087714,1.0
ionosphere,9,8,250,0,3,1,2,2,1,1,1.0,0.5,0.5,1.0
ionosphere,9,8,260,1,5,1,1,2,1,1,0.8571428571428571,0.5,0.3571428571428571,1.0
ionosphere,9,8,266,1,5,1,1,2,1,1,0.8571428571428571,0.5,0.3571428571428571,1.0
ionosphere,9,8,278,1,5,1,1,2,1,1,0.8571428571428571,0.5,0.3571428571428571,1.0
ionosphere,9,8,280,1,5,1,1,2,1,1,0.8571428571428571,0.5,0.3571428571428571,1.0
ionosphere,9,8,300,1,5,1,1,2,1,1,0.8571428571428571,0.5,0.3571428571428571,1.0
ionosphere,9,8,331,1,5,1,1,2,1,1,0.8571428571428571,0.5,0.3571428571428571,1.0
sonar,0,4,176,1,4,1,3,2,1,1,1.0,0.5,0.5,1.0
sonar,0,4,176,1,4,2,3,2,1,1,1.0,0.5,0.5,1.0
sonar,0,8,6,0,6,1,5,2,1,1,0.8235294117647058,0.45588235294117646,0.3676470588235294,1.0
sonar,0,8,6,0,6,2,5,2,1,1,0.9032258064516129,0.5,0.4032258064516129,1.0
sonar,0,8,176,1,4,1,3,2,1,1,0.25,0.5,-0.25,0.0
sonar,0,8,176,1,4,2,3,2,1,1,0.25,0.5,-0.25,0.0
sonar,1,4,10,0,3,1,2,2,1,1,0.5,0.5,0.0,1.0
sonar,1,4,34,0,3,1,2,2,1,1,0.5,0.5,0.0,1.0
sonar,1,4,58,0,3,1,2,2,1,1,0.5,0.5,0.0,1.0
sonar,1,4,107,0,3,1,2,2,1,1,0.5,0.5,0.0,1.0
sonar,1,4,112,0,4,1,2,2,1,1,0.9047619047619048,0.4523809523809524,0.4523809523809524,1.0
sonar,1,4,154,1,4,1,2,2,1,1,0.7777777777777778,0.4444444444444444,0.33333333333333337,1.0
sonar,1,4,170,0,4,1,2,2,1,1,0.9047619047619048,0.4523809523809524,0.4523809523809524,1.0
sonar,1,8,10,0,3,1,2,2,1,1,0.5,0.5,0.0,1.0
sonar,1,8,34,0,3,1,2,2,1,1,0.5,0.5,0.0,1.0
sonar,1,8,58,0,3,1,2,2,1,1,0.5,0.5,0.0,1.0
sonar,1,8,107,0,3,1,2,2,1,1,0.5,0.5,0.0,1.0
sonar,1,8,112,0,4,1,2,2,1,1,0.9090909090909091,0.45454545454545453,0.45454545454545453,1.0
sonar,1,8,154,1,4,1,2,2,1,1,0.7777777777777778,0.4444444444444444,0.33333333333333337,1.0
sonar,1,8,170,0,4,1,2,2,1,1,0.9090909090909091,0.45454545454545453,0.45454545454545453,1.0
sonar,6,4,20,0,4,1,1,2,1,1,0.6086956521739131,0.45652173913043476,0.15217391304347833,1.0
sonar,6,4,46,0,4,1,1,2,1,1,0.6086956521739131,0.45652173913043476,0.15217391304347833,1.0
sonar,6,4,83,0,3,1,2,2,1,1,0.6086956521739131,0.5,0.10869565217391308,1.0
sonar,6,8,20,0,4,1,1,2,1,1,0.6086956521739131,0.45652173913043476,0.15217391304347833,1.0
sonar,6,8,46,0,4,1,1,2,1,1,0.6086956521739131,0.45652173913043476,0.15217391304347833,1.0
sonar,6,8,83,0,3,1,2,2,1,1,0.6086956521739131,0.5,0.10869565217391308,1.0
sonar,7,8,183,1,6,1,1,2,1,1,0.6666666666666666,0.3333333333333333,0.3333333333333333,1.0
sonar,7,8,191,1,6,1,1,2,1,1,0.6666666666666666,0.3333333333333333,0.3333333333333333,1.0
sonar,8,4,119,0,4,1,1,2,1,1,0.782608695652174,0.5,0.28260869565217395,1.0
sonar,9,4,20,0,3,1,2,2,1,1,0.7272727272727273,0.5,0.2272727272727273,1.0
sonar,9,4,74,0,4,1,3,2,1,1,0.7272727272727273,0.5,0.2272727272727273,1.0
sonar,9,4,136,0,3,1,2,2,1,1,0.7272727272727273,0.5,0.2272727272727273,1.0
sonar,9,4,171,0,3,1,2,2,1,1,0.7272727272727273,0.5,0.2272727272727273,1.0
sonar,9,8,20,0,3,1,2,2,1,1,0.7272727272727273,0.5,0.2272727272727273,1.0
sonar,9,8,74,0,4,1,3,2,1,1,0.7272727272727273,0.5,0.2272727272727273,1.0
sonar,9,8,136,0,3,1,2,2,1,1,0.7272727272727273,0.5,0.2272727272727273,1.0
sonar,9,8,171,0,3,1,2,2,1,1,0.7272727272727273,0.5,0.2272727272727273,1.0
internet-ads,0,8,86,0,6,1,1,2,1,1,0.9943502824858758,0.4971751412429379,0.4971751412429379,1.0
internet-ads,0,8,238,1,8,1,1,2,1,1,0.4423076923076923,0.25961538461538464,0.18269230769230765,1.0
internet-ads,0,8,386,1,8,1,1,2,1,1,0.4423076923076923,0.25961538461538464,0.18269230769230765,1.0
internet-ads,0,8,705,1,8,1,1,2,1,1,0.4423076923076923,0.25961538461538464,0.18269230769230765,1.0
internet-ads,0,8,811,1,8,1,1,2,1,1,0.4423076923076923,0.25961538461538464,0.18269230769230765,1.0
internet-ads,0,8,1031,0,6,1,1,2,1,1,0.9943502824858758,0.4971751412429379,0.4971751412429379,1.0
internet-ads,0,8,1173,1,8,1,1,2,1,1,0.4423076923076923,0.25961538461538464,0.18269230769230765,1.0
internet-ads,0,8,1189,1,8,1,1,2,1,1,0.4423076923076923,0.25961538461538464,0.18269230769230765,1.0
internet-ads,0,8,1215,1,8,1,1,2,1,1,0.4423076923076923,0.25961538461538464,0.18269230769230765,1.0
internet-ads,0,8,1310,1,8,1,1,2,1,1,0.4423076923076923,0.25961538461538464,0.18269230769230765,1.0
internet-ads,0,8,1313,1,8,1,1,2,1,1,0.4423076923076923,0.25961538461538464,0.18269230769230765,1.0
internet-ads,0,8,1572,1,8,1,1,2,1,1,0.4423076923076923,0.25961538461538464,0.18269230769230765,1.0
internet-ads,0,8,1954,1,8,1,1,2,1,1,0.4423076923076923,0.25961538461538464,0.18269230769230765,1.0
internet-ads,0,8,2025,1,8,1,1,2,1,1,0.4423076923076923,0.25961538461538464,0.18269230769230765,1.0
internet-ads,0,8,2104,1,8,1,1,2,1,1,0.4423076923076923,0.25961538461538464,0.18269230769230765,1.0
internet-ads,0,8,2295,1,8,1,1,2,1,1,0.4423076923076923,0.25961538461538464,0.18269230769230765,1.0
internet-ads,0,8,2303,1,8,1,1,2,1,1,0.4423076923076923,0.25961538461538464,0.18269230769230765,1.0
internet-ads,0,8,2384,1,8,1,1,2,1,1,0.4423076923076923,0.25961538461538464,0.18269230769230765,1.0
internet-ads,0,8,2639,1,8,1,1,2,1,1,0.4423076923076923,0.25961538461538464,0.18269230769230765,1.0
internet-ads,0,8,3063,1,8,1,1,2,1,1,0.4423076923076923,0.25961538461538464,0.18269230769230765,1.0
internet-ads,1,4,219,1,4,1,1,2,1,1,0.7441860465116279,0.46511627906976744,0.27906976744186046,1.0
internet-ads,1,4,492,1,4,1,1,2,1,1,0.7441860465116279,0.46511627906976744,0.27906976744186046,1.0
internet-ads,1,4,574,1,4,1,1,2,1,1,0.7441860465116279,0.46511627906976744,0.27906976744186046,1.0
internet-ads,1,4,602,1,4,1,1,2,1,1,0.7441860465116279,0.46511627906976744,0.27906976744186046,1.0
internet-ads,1,4,764,1,4,1,1,2,1,1,0.7441860465116279,0.46511627906976744,0.27906976744186046,1.0
internet-ads,1,4,1166,1,4,1,1,2,1,1,0.7441860465116279,0.46511627906976744,0.27906976744186046,1.0
internet-ads,1,4,1189,1,4,1,1,2,1,1,0.7441860465116279,0.46511627906976744,0.27906976744186046,1.0
internet-ads,1,4,1377,1,4,1,1,2,1,1,0.7441860465116279,0.46511627906976744,0.27906976744186046,1.0
internet-ads,1,4,1499,1,4,1,1,2,1,1,0.7441860465116279,0.46511627906976744,0.27906976744186046,1.0
internet-ads,1,4,1661,1,4,1,1,2,1,1,0.7441860465116279,0.46511627906976744,0.27906976744186046,1.0
internet-ads,1,4,1795,1,4,1,1,2,1,1,0.7441860465116279,0.46511627906976744,0.27906976744186046,1.0
internet-ads,1,4,2015,1,4,1,1,2,1,1,0.7441860465116279,0.46511627906976744,0.27906976744186046,1.0
internet-ads,1,4,2140,1,4,1,1,2,1,1,0.7441860465116279,0.46511627906976744,0.27906976744186046,1.0
internet-ads,1,4,2223,1,4,1,1,2,1,1,0.7441860465116279,0.46511627906976744,0.27906976744186046,1.0
internet-ads,1,4,2543,1,4,1,1,2,1,1,0.7441860465116279,0.46511627906976744,0.27906976744186046,1.0
internet-ads,1,4,2638,1,4,1,1,2,1,1,0.7441860465116279,0.46511627906976744,0.27906976744186046,1.0
internet-ads,1,4,3089,1,4,1,1,2,1,1,0.7441860465116279,0.46511627906976744,0.27906976744186046,1.0
internet-ads,1,8,219,1,8,1,1,3,1,1,0.6595744680851063,0.3049645390070922,0.35460992907801414,1.0
internet-ads,1,8,219,1,8,2,2,2,1,1,0.5,0.375,0.125,1.0
internet-ads,1,8,492,1,8,1,1,3,1,1,0.6595744680851063,0.3049645390070922,0.35460992907801414,1.0
internet-ads,1,8,492,1,8,2,2,2,1,1,0.5,0.375,0.125,1.0
internet-ads,1,8,574,1,8,1,1,3,1,1,0.6595744680851063,0.3049645390070922,0.35460992907801414,1.0
internet-ads,1,8,574,1,8,2,2,2,1,1,0.5,0.375,0.125,1.0
internet-ads,1,8,602,1,8,1,1,3,1,1,0.6595744680851063,0.3049645390070922,0.35460992907801414,1.0
internet-ads,1,8,602,1,8,2,2,2,1,1,0.5,0.375,0.125,1.0
internet-ads,1,8,764,1,8,1,1,3,1,1,0.6595744680851063,0.3049645390070922,0.35460992907801414,1.0
internet-ads,1,8,764,1,8,2,2,2,1,1,0.5,0.375,0.125,1.0
internet-ads,1,8,1166,1,8,1,1,3,1,1,0.6595744680851063,0.3049645390070922,0.35460992907801414,1.0
internet-ads,1,8,1166,1,8,2,2,2,1,1,0.5,0.375,0.125,1.0
internet-ads,1,8,1189,1,8,1,1,3,1,1,0.6595744680851063,0.3049645390070922,0.35460992907801414,1.0
internet-ads,1,8,1189,1,8,2,2,2,1,1,0.5,0.375,0.125,1.0
internet-ads,1,8,1377,1,8,1,1,3,1,1,0.6595744680851063,0.3049645390070922,0.35460992907801414,1.0
internet-ads,1,8,1377,1,8,2,2,2,1,1,0.5,0.375,0.125,1.0
internet-ads,1,8,1499,1,8,1,1,3,1,1,0.6595744680851063,0.3049645390070922,0.35460992907801414,1.0
internet-ads,1,8,1499,1,8,2,2,2,1,1,0.5,0.375,0.125,1.0
internet-ads,1,8,1661,1,8,1,1,3,1,1,0.6595744680851063,0.3049645390070922,0.35460992907801414,1.0
internet-ads,1,8,1661,1,8,2,2,2,1,1,0.5,0.375,0.125,1.0
internet-ads,1,8,1795,1,8,1,1,3,1,1,0.6595744680851063,0.3049645390070922,0.35460992907801414,1.0
internet-ads,1,8,1795,1,8,2,2,2,1,1,0.5,0.375,0.125,1.0
internet-ads,1,8,2015,1,8,1,1,3,1,1,0.6595744680851063,0.3049645390070922,0.35460992907801414,1.0
internet-ads,1,8,2015,1,8,2,2,2,1,1,0.5,0.375,0.125,1.0
internet-ads,1,8,2140,1,8,1,1,3,1,1,0.6595744680851063,0.3049645390070922,0.35460992907801414,1.0
internet-ads,1,8,2140,1,8,2,2,2,1,1,0.5,0.375,0.125,1.0
internet-ads,1,8,2223,1,8,1,1,3,1,1,0.6595744680851063,0.3049645390070922,0.35460992907801414,1.0
internet-ads,1,8,2223,1,8,2,2,2,1,1,0.5,0.375,0.125,1.0
internet-ads,1,8,2543,1,8,1,1,3,1,1,0.6595744680851063,0.3049645390070922,0.35460992907801414,1.0
internet-ads,1,8,2543,1,8,2,2,2,1,1,0.5,0.375,0.125,1.0
internet-ads,1,8,2638,1,8,1,1,3,1,1,0.6595744680851063,0.3049645390070922,0.35460992907801414,1.0
internet-ads,1,8,2638,1,8,2,2,2,1,1,0.5,0.375,0.125,1.0
internet-ads,1,8,3089,1,8,1,1,3,1,1,0.6595744680851063,0.3049645390070922,0.35460992907801414,1.0
internet-ads,1,8,3089,1,8,2,2,2,1,1,0.5,0.375,0.125,1.0
internet-ads,2,4,207,1,4,1,1,2,1,1,0.5714285714285714,0.39285714285714285,0.17857142857142855,1.0
internet-ads,2,4,459,1,4,1,1,2,1,1,0.5714285714285714,0.39285714285714285,0.17857142857142855,1.0
internet-ads,2,4,624,1,4,1,1,2,1,1,0.5714285714285714,0.39285714285714285,0.17857142857142855,1.0
internet-ads,2,4,779,1,4,1,1,2,1,1,0.5714285714285714,0.39285714285714285,0.17857142857142855,1.0
internet-ads,2,4,851,1,4,1,1,2,1,1,0.5714285714285714,0.39285714285714285,0.17857142857142855,1.0
internet-ads,2,4,1095,1,4,1,1,2,1,1,0.5714285714285714,0.39285714285714285,0.17857142857142855,1.0
internet-ads,2,4,1259,1,4,1,1,2,1,1,0.5714285714285714,0.39285714285714285,0.17857142857142855,1.0
internet-ads,2,4,1353,1,4,1,1,2,1,1,0.5714285714285714,0.39285714285714285,0.17857142857142855,1.0
internet-ads,2,4,1508,1,4,1,1,2,1,1,0.5714285714285714,0.39285714285714285,0.17857142857142855,1.0
internet-ads,2,4,1695,1,4,1,1,2,1,1,0.5714285714285714,0.39285714285714285,0.17857142857142855,1.0
internet-ads,2,4,1720,1,4,1,1,2,1,1,0.5714285714285714,0.39285714285714285,0.17857142857142855,1.0
internet-ads,2,4,1907,1,4,1,1,2,1,1,0.5714285714285714,0.39285714285714285,0.17857142857142855,1.0
internet-ads,2,4,2428,1,4,1,1,2,1,1,0.5714285714285714,0.39285714285714285,0.17857142857142855,1.0
internet-ads,2,4,2790,1,4,1,1,2,1,1,0.5714285714285714,0.39285714285714285,0.17857142857142855,1.0
internet-ads,2,4,2883,1,4,1,1,2,1,1,0.5714285714285714,0.39285714285714285,0.17857142857142855,1.0
internet-ads,2,4,2948,1,4,1,1,2,1,1,0.5714285714285714,0.39285714285714285,0.17857142857142855,1.0
internet-ads,2,4,3000,1,4,1,1,2,1,1,0.5714285714285714,0.39285714285714285,0.17857142857142855,1.0
internet-ads,2,4,3103,1,4,1,1,2,1,1,0.5714285714285714,0.39285714285714285,0.17857142857142855,1.0
internet-ads,2,8,207,1,8,1,1,2,1,1,0.45652173913043476,0.32608695652173914,0.13043478260869562,1.0
internet-ads,2,8,381,0,7,1,1,2,1,1,0.8,0.4,0.4,1.0
internet-ads,2,8,392,0,7,1,1,2,1,1,0.8,0.4,0.4,1.0
internet-ads,2,8,459,1,8,1,1,2,1,1,0.45652173913043476,0.32608695652173914,0.13043478260869562,1.0
internet-ads,2,8,624,1,8,1,1,2,1,1,0.45652173913043476,0.32608695652173914,0.13043478260869562,1.0
internet-ads,2,8,779,1,8,1,1,2,1,1,0.45652173913043476,0.32608695652173914,0.13043478260869562,1.0
internet-ads,2,8,851,1,8,1,1,2,1,1,0.45652173913043476,0.32608695652173914,0.13043478260869562,1.0
internet-ads,2,8,1095,1,8,1,1,2,1,1,0.45652173913043476,0.32608695652173914,0.13043478260869562,1.0
internet-ads,2,8,1259,1,8,1,1,2,1,1,0.45652173913043476,0.32608695652173914,0.13043478260869562,1.0
internet-ads,2,8,1353,1,8,1,1,2,1,1,0.45652173913043476,0.32608695652173914,0.13043478260869562,1.0
internet-ads,2,8,1508,1,8,1,1,2,1,1,0.45652173913043476,0.32608695652173914,0.13043478260869562,1.0
internet-ads,2,8,1695,1,8,1,1,2,1,1,0.45652173913043476,0.32608695652173914,0.13043478260869562,1.0
internet-ads,2,8,1720,1,8,1,1,2,1,1,0.45652173913043476,0.32608695652173914,0.13043478260869562,1.0
internet-ads,2,8,1907,1,8,1,1,2,1,1,0.45652173913043476,0.32608695652173914,0.13043478260869562,1.0
internet-ads,2,8,2428,1,8,1,1,2,1,1,0.45652173913043476,0.32608695652173914,0.13043478260869562,1.0
internet-ads,2,8,2790,1,8,1,1,2,1,1,0.45652173913043476,0.32608695652173914,0.13043478260869562,1.0
internet-ads,2,8,2883,1,8,1,1,2,1,1,0.45652173913043476,0.32608695652173914,0.13043478260869562,1.0
internet-ads,2,8,2948,1,8,1,1,2,1,1,0.45652173913043476,0.32608695652173914,0.13043478260869562,1.0
internet-ads,2,8,3000,1,8,1,1,2,1,1,0.45652173913043476,0.32608695652173914,0.13043478260869562,1.0
internet-ads,2,8,3103,1,8,1,1,2,1,1,0.45652173913043476,0.32608695652173914,0.13043478260869562,1.0
internet-ads,3,4,99,1,4,1,1,2,1,1,0.6756756756756757,0.4864864864864865,0.18918918918918914,1.0
internet-ads,3,4,387,1,4,1,1,2,1,1,0.6756756756756757,0.4864864864864865,0.18918918918918914,1.0
internet-ads,3,4,516,1,4,1,1,2,1,1,0.6756756756756757,0.4864864864864865,0.18918918918918914,1.0
internet-ads,3,4,997,1,4,1,1,2,1,1,0.6756756756756757,0.4864864864864865,0.18918918918918914,1.0
internet-ads,3,4,1742,1,4,1,1,2,1,1,0.6756756756756757,0.4864864864864865,0.18918918918918914,1.0
internet-ads,3,4,1828,1,4,1,1,2,1,1,0.6756756756756757,0.4864864864864865,0.18918918918918914,1.0
internet-ads,3,4,1974,1,4,1,1,2,1,1,0.6756756756756757,0.4864864864864865,0.18918918918918914,1.0
internet-ads,3,4,2120,1,4,1,1,2,1,1,0.6756756756756757,0.4864864864864865,0.18918918918918914,1.0
internet-ads,3,4,2203,1,4,1,1,2,1,1,0.6756756756756757,0.4864864864864865,0.18918918918918914,1.0
internet-ads,3,4,2274,1,3,1,2,2,1,1,1.0,0.5,0.5,1.0
internet-ads,3,4,2297,1,4,1,1,2,1,1,0.6756756756756757,0.4864864864864865,0.18918918918918914,1.0
internet-ads,3,4,2322,1,4,1,1,2,1,1,0.6756756756756757,0.4864864864864865,0.18918918918918914,1.0
internet-ads,3,4,2409,1,4,1,1,2,1,1,0.6756756756756757,0.4864864864864865,0.18918918918918914,1.0
internet-ads,3,4,2760,1,4,1,1,2,1,1,0.6756756756756757,0.4864864864864865,0.18918918918918914,1.0
internet-ads,3,4,2898,1,4,1,1,2,1,1,0.6756756756756757,0.4864864864864865,0.18918918918918914,1.0
internet-ads,3,4,3067,1,4,1,1,2,1,1,0.6756756756756757,0.4864864864864865,0.18918918918918914,1.0
internet-ads,3,4,3082,1,4,1,1,2,1,1,0.6756756756756757,0.4864864864864865,0.18918918918918914,1.0
internet-ads,3,4,3239,1,4,1,1,2,1,1,0.6756756756756757,0.4864864864864865,0.18918918918918914,1.0
internet-ads,3,8,99,1,8,1,1,2,1,1,0.5581395348837209,0.4069767441860465,0.1511627906976744,1.0
internet-ads,3,8,387,1,8,1,1,2,1,1,0.5581395348837209,0.4069767441860465,0.1511627906976744,1.0
internet-ads,3,8,516,1,8,1,1,2,1,1,0.5581395348837209,0.4069767441860465,0.1511627906976744,1.0
internet-ads,3,8,997,1,8,1,1,2,1,1,0.5581395348837209,0.4069767441860465,0.1511627906976744,1.0
internet-ads,3,8,1742,1,8,1,1,2,1,1,0.5581395348837209,0.4069767441860465,0.1511627906976744,1.0
internet-ads,3,8,1828,1,8,1,1,2,1,1,0.5581395348837209,0.4069767441860465,0.1511627906976744,1.0
internet-ads,3,8,1974,1,8,1,1,2,1,1,0.5581395348837209,0.4069767441860465,0.1511627906976744,1.0
internet-ads,3,8,2120,1,8,1,1,2,1,1,0.5581395348837209,0.4069767441860465,0.1511627906976744,1.0
internet-ads,3,8,2203,1,8,1,1,2,1,1,0.5581395348837209,0.4069767441860465,0.1511627906976744,1.0
internet-ads,3,8,2297,1,8,1,1,2,1,1,0.5581395348837209,0.4069767441860465,0.1511627906976744,1.0
internet-ads,3,8,2322,1,8,1,1,2,1,1,0.5581395348837209,0.4069767441860465,0.1511627906976744,1.0
internet-ads,3,8,2409,1,8,1,1,2,1,1,0.5581395348837209,0.4069767441860465,0.1511627906976744,1.0
internet-ads,3,8,2760,1,8,1,1,2,1,1,0.5581395348837209,0.4069767441860465,0.1511627906976744,1.0
internet-ads,3,8,2898,1,8,1,1,2,1,1,0.5581395348837209,0.4069767441860465,0.1511627906976744,1.0
internet-ads,3,8,3067,1,8,1,1,2,1,1,0.5581395348837209,0.4069767441860465,0.1511627906976744,1.0
internet-ads,3,8,3082,1,8,1,1,2,1,1,0.5581395348837209,0.4069767441860465,0.1511627906976744,1.0
internet-ads,3,8,3239,1,8,1,1,2,1,1,0.5581395348837209,0.4069767441860465,0.1511627906976744,1.0
internet-ads,4,8,284,1,8,1,1,2,1,1,0.65625,0.359375,0.296875,1.0
internet-ads,4,8,536,1,8,1,1,2,1,1,0.65625,0.359375,0.296875,1.0
internet-ads,4,8,588,1,8,1,1,2,1,1,0.65625,0.359375,0.296875,1.0
internet-ads,4,8,655,1,8,1,1,2,1,1,0.65625,0.359375,0.296875,1.0
internet-ads,4,8,1074,1,8,1,1,2,1,1,0.65625,0.359375,0.296875,1.0
internet-ads,4,8,1213,1,8,1,1,2,1,1,0.65625,0.359375,0.296875,1.0
internet-ads,4,8,1503,1,8,1,1,2,1,1,0.65625,0.359375,0.296875,1.0
internet-ads,4,8,2163,1,8,1,1,2,1,1,0.65625,0.359375,0.296875,1.0
internet-ads,4,8,2288,1,8,1,1,2,1,1,0.65625,0.359375,0.296875,1.0
internet-ads,4,8,2294,1,8,1,1,2,1,1,0.65625,0.359375,0.296875,1.0
internet-ads,4,8,2415,1,8,1,1,2,1,1,0.65625,0.359375,0.296875,1.0
internet-ads,4,8,2475,1,8,1,1,2,1,1,0.65625,0.359375,0.296875,1.0
internet-ads,4,8,2881,1,8,1,1,2,1,1,0.65625,0.359375,0.296875,1.0
internet-ads,4,8,2887,1,8,1,1,2,1,1,0.65625,0.359375,0.296875,1.0
internet-ads,4,8,2941,1,8,1,1,2,1,1,0.65625,0.359375,0.296875,1.0
internet-ads,4,8,3051,1,8,1,1,2,1,1,0.65625,0.359375,0.296875,1.0
internet-ads,4,8,3201,1,8,1,1,2,1,1,0.65625,0.359375,0.296875,1.0
internet-ads,4,8,3246,1,8,1,1,2,1,1,0.65625,0.359375,0.296875,1.0
internet-ads,5,4,1609,1,3,1,2,2,1,1,0.5957446808510638,0.5,0.0957446808510638,1.0
internet-ads,5,8,556,1,8,1,1,3,1,1,0.4807692307692308,0.19230769230769232,0.28846153846153844,1.0
internet-ads,5,8,556,1,8,2,7,2,1,1,0.14814814814814814,0.09259259259259259,0.05555555555555555,0.0
internet-ads,5,8,556,1,8,3,7,2,1,1,0.2857142857142857,0.17857142857142858,0.10714285714285712,0.0
internet-ads,5,8,556,1,8,4,7,2,1,1,0.5,0.3125,0.1875,1.0
internet-ads,5,8,645,1,8,1,1,3,1,1,0.4807692307692308,0.19230769230769232,0.28846153846153844,1.0
internet-ads,5,8,645,1,8,2,7,2,1,1,0.14814814814814814,0.09259259259259259,0.05555555555555555,0.0
internet-ads,5,8,645,1,8,3,7,2,1,1,0.2857142857142857,0.17857142857142858,0.10714285714285712,0.0
internet-ads,5,8,645,1,8,4,7,2,1,1,0.5,0.3125,0.1875,1.0
internet-ads,5,8,1334,1,8,1,1,3,1,1,0.4807692307692308,0.19230769230769232,0.28846153846153844,1.0
internet-ads,5,8,1334,1,8,2,7,2,1,1,0.14814814814814814,0.09259259259259259,0.05555555555555555,0.0
internet-ads,5,8,1334,1,8,3,7,2,1,1,0.2857142857142857,0.17857142857142858,0.10714285714285712,0.0
internet-ads,5,8,1334,1,8,4,7,2,1,1,0.5,0.3125,0.1875,1.0
internet-ads,5,8,1368,1,8,1,1,3,1,1,0.4807692307692308,0.19230769230769232,0.28846153846153844,1.0
internet-ads,5,8,1368,1,8,2,7,2,1,1,0.14814814814814814,0.09259259259259259,0.05555555555555555,0.0
internet-ads,5,8,1368,1,8,3,7,2,1,1,0.2857142857142857,0.17857142857142858,0.10714285714285712,0.0
internet-ads,5,8,1368,1,8,4,7,2,1,1,0.5,0.3125,0.1875,1.0
internet-ads,5,8,1609,1,3,1,2,2,1,1,0.4807692307692308,0.5,-0.019230769230769218,0.0
internet-ads,5,8,1671,1,8,1,1,3,1,1,0.4807692307692308,0.19230769230769232,0.28846153846153844,1.0
internet-ads,5,8,1671,1,8,2,7,2,1,1,0.14814814814814814,0.09259259259259259,0.05555555555555555,0.0
internet-ads,5,8,1671,1,8,3,7,2,1,1,0.2857142857142857,0.17857142857142858,0.10714285714285712,0.0
internet-ads,5,8,1671,1,8,4,7,2,1,1,0.5,0.3125,0.1875,1.0
internet-ads,5,8,1827,1,8,1,1,3,1,1,0.4807692307692308,0.19230769230769232,0.28846153846153844,1.0
internet-ads,5,8,1827,1,8,2,7,2,1,1,0.14814814814814814,0.09259259259259259,0.05555555555555555,0.0
internet-ads,5,8,1827,1,8,3,7,2,1,1,0.2857142857142857,0.17857142857142858,0.10714285714285712,0.0
internet-ads,5,8,1827,1,8,4,7,2,1,1,0.5,0.3125,0.1875,1.0
internet-ads,5,8,2410,1,8,1,1,3,1,1,0.4807692307692308,0.19230769230769232,0.28846153846153844,1.0
internet-ads,5,8,2410,1,8,2,7,2,1,1,0.14814814814814814,0.09259259259259259,0.05555555555555555,0.0
internet-ads,5,8,2410,1,8,3,7,2,1,1,0.2857142857142857,0.17857142857142858,0.10714285714285712,0.0
internet-ads,5,8,2410,1,8,4,7,2,1,1,0.5,0.3125,0.1875,1.0
internet-ads,5,8,2501,1,8,1,1,3,1,1,0.4807692307692308,0.19230769230769232,0.28846153846153844,1.0
internet-ads,5,8,2501,1,8,2,7,2,1,1,0.14814814814814814,0.09259259259259259,0.05555555555555555,0.0
internet-ads,5,8,2501,1,8,3,7,2,1,1,0.2857142857142857,0.17857142857142858,0.10714285714285712,0.0
internet-ads,5,8,2501,1,8,4,7,2,1,1,0.5,0.3125,0.1875,1.0
internet-ads,5,8,2530,1,8,1,1,3,1,1,0.4807692307692308,0.19230769230769232,0.28846153846153844,1.0
internet-ads,5,8,2530,1,8,2,7,2,1,1,0.14814814814814814,0.09259259259259259,0.05555555555555555,0.0
internet-ads,5,8,2530,1,8,3,7,2,1,1,0.2857142857142857,0.17857142857142858,0.10714285714285712,0.0
internet-ads,5,8,2530,1,8,4,7,2,1,1,0.5,0.3125,0.1875,1.0
internet-ads,5,8,2689,1,8,1,1,3,1,1,0.4807692307692308,0.19230769230769232,0.28846153846153844,1.0
internet-ads,5,8,2689,1,8,2,7,2,1,1,0.14814814814814814,0.09259259259259259,0.05555555555555555,0.0
internet-ads,5,8,2689,1,8,3,7,2,1,1,0.2857142857142857,0.17857142857142858,0.10714285714285712,0.0
internet-ads,5,8,2689,1,8,4,7,2,1,1,0.5,0.3125,0.1875,1.0
internet-ads,5,8,2769,1,8,1,1,3,1,1,0.4807692307692308,0.19230769230769232,0.28846153846153844,1.0
internet-ads,5,8,2769,1,8,2,7,2,1,1,0.14814814814814814,0.09259259259259259,0.05555555555555555,0.0
internet-ads,5,8,2769,1,8,3,7,2,1,1,0.2857142857142857,0.17857142857142858,0.10714285714285712,0.0
internet-ads,5,8,2769,1,8,4,7,2,1,1,0.5,0.3125,0.1875,1.0
internet-ads,5,8,2841,1,8,1,1,3,1,1,0.4807692307692308,0.19230769230769232,0.28846153846153844,1.0
internet-ads,5,8,2841,1,8,2,7,2,1,1,0.14814814814814814,0.09259259259259259,0.05555555555555555,0.0
internet-ads,5,8,2841,1,8,3,7,2,1,1,0.2857142857142857,0.17857142857142858,0.10714285714285712,0.0
internet-ads,5,8,2841,1,8,4,7,2,1,1,0.5,0.3125,0.1875,1.0
internet-ads,5,8,2915,1,8,1,1,3,1,1,0.4807692307692308,0.19230769230769232,0.28846153846153844,1.0
internet-ads,5,8,2915,1,8,2,7,2,1,1,0.14814814814814814,0.09259259259259259,0.05555555555555555,0.0
internet-ads,5,8,2915,1,8,3,7,2,1,1,0.2857142857142857,0.17857142857142858,0.10714285714285712,0.0
internet-ads,5,8,2915,1,8,4,7,2,1,1,0.5,0.3125,0.1875,1.0
internet-ads,5,8,3137,1,8,1,1,3,1,1,0.4807692307692308,0.19230769230769232,0.28846153846153844,1.0
internet-ads,5,8,3137,1,8,2,7,2,1,1,0.14814814814814814,0.09259259259259259,0.05555555555555555,0.0
internet-ads,5,8,3137,1,8,3,7,2,1,1,0.2857142857142857,0.17857142857142858,0.10714285714285712,0.0
internet-ads,5,8,3137,1,8,4,7,2,1,1,0.5,0.3125,0.1875,1.0
internet-ads,5,8,3227,1,8,1,1,3,1,1,0.4807692307692308,0.19230769230769232,0.28846153846153844,1.0
internet-ads,5,8,3227,1,8,2,7,2,1,1,0.14814814814814814,0.09259259259259259,0.05555555555555555,0.0
internet-ads,5,8,3227,1,8,3,7,2,1,1,0.2857142857142857,0.17857142857142858,0.10714285714285712,0.0
internet-ads,5,8,3227,1,8,4,7,2,1,1,0.5,0.3125,0.1875,1.0
internet-ads,5,8,3274,1,8,1,1,3,1,1,0.4807692307692308,0.19230769230769232,0.28846153846153844,1.0
internet-ads,5,8,3274,1,8,2,7,2,1,1,0.14814814814814814,0.09259259259259259,0.05555555555555555,0.0
internet-ads,5,8,3274,1,8,3,7,2,1,1,0.2857142857142857,0.17857142857142858,0.10714285714285712,0.0
internet-ads,5,8,3274,1,8,4,7,2,1,1,0.5,0.3125,0.1875,1.0
internet-ads,6,4,46,0,4,1,1,3,1,1,0.9767123287671233,0.33333333333333337,0.64337899543379,1.0
internet-ads,6,4,46,0,4,2,2,2,1,1,0.6470588235294118,0.5,0.1470588235294118,1.0
internet-ads,6,4,67,1,4,1,1,2,1,1,0.6666666666666666,0.4358974358974359,0.23076923076923073,1.0
internet-ads,6,4,153,0,4,1,1,3,1,1,0.9767123287671233,0.33333333333333337,0.64337899543379,1.0
internet-ads,6,4,153,0,4,2,2,2,1,1,0.6470588235294118,0.5,0.1470588235294118,1.0
internet-ads,6,4,618,1,4,1,1,2,1,1,0.6666666666666666,0.4358974358974359,0.23076923076923073,1.0
internet-ads,6,4,860,1,4,1,1,2,1,1,0.6666666666666666,0.4358974358974359,0.23076923076923073,1.0
internet-ads,6,4,938,1,4,1,1,2,1,1,0.6666666666666666,0.4358974358974359,0.23076923076923073,1.0
internet-ads,6,4,1016,1,4,1,1,2,1,1,0.6666666666666666,0.4358974358974359,0.23076923076923073,1.0
internet-ads,6,4,1140,1,4,1,1,2,1,1,0.6666666666666666,0.4358974358974359,0.23076923076923073,1.0
internet-ads,6,4,1143,1,4,1,1,2,1,1,0.6666666666666666,0.4358974358974359,0.23076923076923073,1.0
internet-ads,6,4,1185,1,4,1,1,2,1,1,0.6666666666666666,0.4358974358974359,0.23076923076923073,1.0
internet-ads,6,4,1537,1,4,1,1,2,1,1,0.6666666666666666,0.4358974358974359,0.23076923076923073,1.0
internet-ads,6,4,1670,1,4,1,1,2,1,1,0.6666666666666666,0.4358974358974359,0.23076923076923073,1.0
internet-ads,6,4,1715,1,4,1,1,2,1,1,0.6666666666666666,0.4358974358974359,0.23076923076923073,1.0
internet-ads,6,4,2313,1,4,1,1,2,1,1,0.6666666666666666,0.4358974358974359,0.23076923076923073,1.0
internet-ads,6,4,2412,1,4,1,1,2,1,1,0.6666666666666666,0.4358974358974359,0.23076923076923073,1.0
internet-ads,6,4,2635,1,4,1,1,2,1,1,0.6666666666666666,0.4358974358974359,0.23076923076923073,1.0
internet-ads,6,4,2661,1,4,1,1,2,1,1,0.6666666666666666,0.4358974358974359,0.23076923076923073,1.0
internet-ads,6,4,2671,1,4,1,1,2,1,1,0.6666666666666666,0.4358974358974359,0.23076923076923073,1.0
internet-ads,6,4,2802,1,4,1,1,2,1,1,0.6666666666666666,0.4358974358974359,0.23076923076923073,1.0
internet-ads,6,4,3008,1,4,1,1,2,1,1,0.6666666666666666,0.4358974358974359,0.23076923076923073,1.0
internet-ads,6,8,46,0,5,1,1,3,1,1,0.9805825242718447,0.33333333333333337,0.6472491909385113,1.0
internet-ads,6,8,46,0,5,2,2,2,1,1,0.7857142857142857,0.5,0.2857142857142857,1.0
internet-ads,6,8,67,0,5,1,4,3,1,1,0.9805825242718447,0.33333333333333337,0.6472491909385113,1.0
internet-ads,6,8,67,0,5,2,4,2,1,1,1.0,0.5,0.5,1.0
internet-ads,6,8,153,0,5,1,1,3,1,1,0.9805825242718447,0.33333333333333337,0.6472491909385113,1.0
internet-ads,6,8,153,0,5,2,2,2,1,1,0.7857142857142857,0.5,0.2857142857142857,1.0
internet-ads,6,8,618,1,8,1,1,4,1,1,0.6041666666666666,0.20833333333333334,0.39583333333333326,1.0
internet-ads,6,8,618,1,8,2,2,3,1,1,0.42105263157894735,0.19298245614035087,0.22807017543859648,1.0
internet-ads,6,8,618,1,8,3,4,2,1,1,0.2727272727272727,0.13636363636363635,0.13636363636363635,0.0
internet-ads,6,8,618,1,8,4,4,2,1,1,0.5,0.25,0.25,1.0
internet-ads,6,8,860,1,8,1,1,4,1,1,0.6041666666666666,0.20833333333333334,0.39583333333333326,1.0
internet-ads,6,8,860,1,8,2,2,3,1,1,0.42105263157894735,0.19298245614035087,0.22807017543859648,1.0
internet-ads,6,8,860,1,8,3,4,2,1,1,0.2727272727272727,0.13636363636363635,0.13636363636363635,0.0
internet-ads,6,8,860,1,8,4,4,2,1,1,0.5,0.25,0.25,1.0
internet-ads,6,8,938,1,8,1,1,4,1,1,0.6041666666666666,0.20833333333333334,0.39583333333333326,1.0
internet-ads,6,8,938,1,8,2,2,3,1,1,0.42105263157894735,0.19298245614035087,0.22807017543859648,1.0
internet-ads,6,8,938,1,8,3,4,2,1,1,0.2727272727272727,0.13636363636363635,0.13636363636363635,0.0
internet-ads,6,8,938,1,8,4,4,2,1,1,0.5,0.25,0.25,1.0
internet-ads,6,8,1016,1,8,1,1,4,1,1,0.6041666666666666,0.20833333333333334,0.39583333333333326,1.0
internet-ads,6,8,1016,1,8,2,2,3,1,1,0.42105263157894735,0.19298245614035087,0.22807017543859648,1.0
internet-ads,6,8,1016,1,8,3,4,2,1,1,0.2727272727272727,0.13636363636363635,0.13636363636363635,0.0
internet-ads,6,8,1016,1,8,4,4,2,1,1,0.5,0.25,0.25,1.0
internet-ads,6,8,1140,1,8,1,1,4,1,1,0.6041666666666666,0.20833333333333334,0.39583333333333326,1.0
internet-ads,6,8,1140,1,8,2,2,3,1,1,0.42105263157894735,0.19298245614035087,0.22807017543859648,1.0
internet-ads,6,8,1140,1,8,3,4,2,1,1,0.2727272727272727,0.13636363636363635,0.13636363636363635,0.0
internet-ads,6,8,1140,1,8,4,4,2,1,1,0.5,0.25,0.25,1.0
internet-ads,6,8,1143,1,8,1,1,4,1,1,0.6041666666666666,0.20833333333333334,0.39583333333333326,1.0
internet-ads,6,8,1143,1,8,2,2,3,1,1,0.42105263157894735,0.19298245614035087,0.22807017543859648,1.0
internet-ads,6,8,1143,1,8,3,4,2,1,1,0.2727272727272727,0.13636363636363635,0.13636363636363635,0.0
internet-ads,6,8,1143,1,8,4,4,2,1,1,0.5,0.25,0.25,1.0
internet-ads,6,8,1185,1,8,1,1,4,1,1,0.6041666666666666,0.20833333333333334,0.39583333333333326,1.0
internet-ads,6,8,1185,1,8,2,2,3,1,1,0.42105263157894735,0.19298245614035087,0.22807017543859648,1.0
internet-ads,6,8,1185,1,8,3,4,2,1,1,0.2727272727272727,0.13636363636363635,0.13636363636363635,0.0
internet-ads,6,8,1185,1,8,4,4,2,1,1,0.5,0.25,0.25,1.0
internet-ads,6,8,1537,1,8,1,1,4,1,1,0.6041666666666666,0.20833333333333334,0.39583333333333326,1.0
internet-ads,6,8,1537,1,8,2,2,3,1,1,0.42105263157894735,0.19298245614035087,0.22807017543859648,1.0
internet-ads,6,8,1537,1,8,3,4,2,1,1,0.2727272727272727,0.13636363636363635,0.13636363636363635,0.0
internet-ads,6,8,1537,1,8,4,4,2,1,1,0.5,0.25,0.25,1.0
internet-ads,6,8,1670,1,8,1,1,4,1,1,0.6041666666666666,0.20833333333333334,0.39583333333333326,1.0
internet-ads,6,8,1670,1,8,2,2,3,1,1,0.42105263157894735,0.19298245614035087,0.22807017543859648,1.0
internet-ads,6,8,1670,1,8,3,4,2,1,1,0.2727272727272727,0.13636363636363635,0.13636363636363635,0.0
internet-ads,6,8,1670,1,8,4,4,2,1,1,0.5,0.25,0.25,1.0
internet-ads,6,8,1715,1,8,1,1,4,1,1,0.6041666666666666,0.20833333333333334,0.39583333333333326,1.0
internet-ads,6,8,1715,1,8,2,2,3,1,1,0.42105263157894735,0.19298245614035087,0.22807017543859648,1.0
internet-ads,6,8,1715,1,8,3,4,2,1,1,0.2727272727272727,0.13636363636363635,0.13636363636363635,0.0
internet-ads,6,8,1715,1,8,4,4,2,1,1,0.5,0.25,0.25,1.0
internet-ads,6,8,2313,1,8,1,1,4,1,1,0.6041666666666666,0.20833333333333334,0.39583333333333326,1.0
internet-ads,6,8,2313,1,8,2,2,3,1,1,0.42105263157894735,0.19298245614035087,0.22807017543859648,1.0
internet-ads,6,8,2313,1,8,3,4,2,1,1,0.2727272727272727,0.13636363636363635,0.13636363636363635,0.0
internet-ads,6,8,2313,1,8,4,4,2,1,1,0.5,0.25,0.25,1.0
internet-ads,6,8,2412,1,8,1,1,4,1,1,0.6041666666666666,0.20833333333333334,0.39583333333333326,1.0
internet-ads,6,8,2412,1,8,2,2,3,1,1,0.42105263157894735,0.19298245614035087,0.22807017543859648,1.0
internet-ads,6,8,2412,1,8,3,4,2,1,1,0.2727272727272727,0.13636363636363635,0.13636363636363635,0.0
internet-ads,6,8,2412,1,8,4,4,2,1,1,0.5,0.25,0.25,1.0
internet-ads,6,8,2635,1,8,1,1,4,1,1,0.6041666666666666,0.20833333333333334,0.39583333333333326,1.0
internet-ads,6,8,2635,1,8,2,2,3,1,1,0.42105263157894735,0.19298245614035087,0.22807017543859648,1.0
internet-ads,6,8,2635,1,8,3,4,2,1,1,0.2727272727272727,0.13636363636363635,0.13636363636363635,0.0
internet-ads,6,8,2635,1,8,4,4,2,1,1,0.5,0.25,0.25,1.0
internet-ads,6,8,2661,1,8,1,1,4,1,1,0.6041666666666666,0.20833333333333334,0.39583333333333326,1.0
internet-ads,6,8,2661,1,8,2,2,3,1,1,0.42105263157894735,0.19298245614035087,0.22807017543859648,1.0
internet-ads,6,8,2661,1,8,3,4,2,1,1,0.2727272727272727,0.13636363636363635,0.13636363636363635,0.0
internet-ads,6,8,2661,1,8,4,4,2,1,1,0.5,0.25,0.25,1.0
internet-ads,6,8,2671,1,8,1,1,4,1,1,0.6041666666666666,0.20833333333333334,0.39583333333333326,1.0
internet-ads,6,8,2671,1,8,2,2,3,1,1,0.42105263157894735,0.19298245614035087,0.22807017543859648,1.0
internet-ads,6,8,2671,1,8,3,4,2,1,1,0.2727272727272727,0.13636363636363635,0.13636363636363635,0.0
internet-ads,6,8,2671,1,8,4,4,2,1,1,0.5,0.25,0.25,1.0
internet-ads,6,8,2802,1,8,1,1,4,1,1,0.6041666666666666,0.20833333333333334,0.39583333333333326,1.0
internet-ads,6,8,2802,1,8,2,2,3,1,1,0.42105263157894735,0.19298245614035087,0.22807017543859648,1.0
internet-ads,6,8,2802,1,8,3,4,2,1,1,0.2727272727272727,0.13636363636363635,0.13636363636363635,0.0
internet-ads,6,8,2802,1,8,4,4,2,1,1,0.5,0.25,0.25,1.0
internet-ads,6,8,3008,1,8,1,1,4,1,1,0.6041666666666666,0.20833333333333334,0.39583333333333326,1.0
internet-ads,6,8,3008,1,8,2,2,3,1,1,0.42105263157894735,0.19298245614035087,0.22807017543859648,1.0
internet-ads,6,8,3008,1,8,3,4,2,1,1,0.2727272727272727,0.13636363636363635,0.13636363636363635,0.0
internet-ads,6,8,3008,1,8,4,4,2,1,1,0.5,0.25,0.25,1.0
internet-ads,7,4,279,1,4,1,1,3,1,1,0.6326530612244898,0.3333333333333333,0.2993197278911565,1.0
internet-ads,7,4,279,1,4,2,2,2,1,1,0.8333333333333334,0.5,0.33333333333333337,1.0
internet-ads,7,4,386,1,4,1,1,3,1,1,0.6326530612244898,0.3333333333333333,0.2993197278911565,1.0
internet-ads,7,4,386,1,4,2,2,2,1,1,0.8333333333333334,0.5,0.33333333333333337,1.0
internet-ads,7,4,560,1,4,1,1,3,1,1,0.6326530612244898,0.3333333333333333,0.2993197278911565,1.0
internet-ads,7,4,560,1,4,2,2,2,1,1,0.8333333333333334,0.5,0.33333333333333337,1.0
internet-ads,7,4,684,1,4,1,1,3,1,1,0.6326530612244898,0.3333333333333333,0.2993197278911565,1.0
internet-ads,7,4,684,1,4,2,2,2,1,1,0.8333333333333334,0.5,0.33333333333333337,1.0
internet-ads,7,4,1092,1,4,1,1,3,1,1,0.6326530612244898,0.3333333333333333,0.2993197278911565,1.0
internet-ads,7,4,1092,1,4,2,2,2,1,1,0.8333333333333334,0.5,0.33333333333333337,1.0
internet-ads,7,4,1093,1,4,1,1,3,1,1,0.6326530612244898,0.3333333333333333,0.2993197278911565,1.0
internet-ads,7,4,1093,1,4,2,2,2,1,1,0.8333333333333334,0.5,0.33333333333333337,1.0
internet-ads,7,4,1116,1,4,1,1,3,1,1,0.6326530612244898,0.3333333333333333,0.2993197278911565,1.0
internet-ads,7,4,1116,1,4,2,2,2,1,1,0.8333333333333334,0.5,0.33333333333333337,1.0
internet-ads,7,4,1346,1,4,1,1,3,1,1,0.6326530612244898,0.3333333333333333,0.2993197278911565,1.0
internet-ads,7,4,1346,1,4,2,2,2,1,1,0.8333333333333334,0.5,0.33333333333333337,1.0
internet-ads,7,4,1501,1,4,1,1,3,1,1,0.6326530612244898,0.3333333333333333,0.2993197278911565,1.0
internet-ads,7,4,1501,1,4,2,2,2,1,1,0.8333333333333334,0.5,0.33333333333333337,1.0
internet-ads,7,4,1581,1,4,1,1,3,1,1,0.6326530612244898,0.3333333333333333,0.2993197278911565,1.0
internet-ads,7,4,1581,1,4,2,2,2,1,1,0.8333333333333334,0.5,0.33333333333333337,1.0
internet-ads,7,4,1643,1,4,1,1,3,1,1,0.6326530612244898,0.3333333333333333,0.2993197278911565,1.0
internet-ads,7,4,1643,1,4,2,2,2,1,1,0.8333333333333334,0.5,0.33333333333333337,1.0
internet-ads,7,4,1876,1,4,1,1,3,1,1,0.6326530612244898,0.3333333333333333,0.2993197278911565,1.0
internet-ads,7,4,1876,1,4,2,2,2,1,1,0.8333333333333334,0.5,0.33333333333333337,1.0
internet-ads,7,4,2184,1,4,1,1,3,1,1,0.6326530612244898,0.3333333333333333,0.2993197278911565,1.0
internet-ads,7,4,2184,1,4,2,2,2,1,1,0.8333333333333334,0.5,0.33333333333333337,1.0
internet-ads,7,4,2469,1,4,1,1,3,1,1,0.6326530612244898,0.3333333333333333,0.2993197278911565,1.0
internet-ads,7,4,2469,1,4,2,2,2,1,1,0.8333333333333334,0.5,0.33333333333333337,1.0
internet-ads,7,4,2587,1,4,1,1,3,1,1,0.6326530612244898,0.3333333333333333,0.2993197278911565,1.0
internet-ads,7,4,2587,1,4,2,2,2,1,1,0.8333333333333334,0.5,0.33333333333333337,1.0
internet-ads,7,4,2711,1,4,1,1,3,1,1,0.6326530612244898,0.3333333333333333,0.2993197278911565,1.0
internet-ads,7,4,2711,1,4,2,2,2,1,1,0.8333333333333334,0.5,0.33333333333333337,1.0
internet-ads,7,4,2852,1,4,1,1,3,1,1,0.6326530612244898,0.3333333333333333,0.2993197278911565,1.0
internet-ads,7,4,2852,1,4,2,2,2,1,1,0.8333333333333334,0.5,0.33333333333333337,1.0
internet-ads,7,4,2951,1,4,1,1,3,1,1,0.6326530612244898,0.3333333333333333,0.2993197278911565,1.0
internet-ads,7,4,2951,1,4,2,2,2,1,1,0.8333333333333334,0.5,0.33333333333333337,1.0
internet-ads,7,4,3218,1,4,1,1,3,1,1,0.6326530612244898,0.3333333333333333,0.2993197278911565,1.0
internet-ads,7,4,3218,1,4,2,2,2,1,1,0.8333333333333334,0.5,0.33333333333333337,1.0
internet-ads,7,8,244,0,8,1,2,2,1,1,0.2727272727272727,0.13636363636363635,0.13636363636363635,0.0
internet-ads,7,8,244,0,8,2,2,2,1,1,0.75,0.375,0.375,1.0
internet-ads,7,8,279,1,8,1,1,3,1,1,0.5535714285714286,0.29166666666666663,0.261904761904762,1.0
internet-ads,7,8,279,1,8,2,2,2,1,1,0.6,0.36,0.24,1.0
internet-ads,7,8,386,1,8,1,1,3,1,1,0.5535714285714286,0.29166666666666663,0.261904761904762,1.0
internet-ads,7,8,386,1,8,2,2,2,1,1,0.6,0.36,0.24,1.0
internet-ads,7,8,560,0,8,1,7,4,1,1,0.997134670487106,0.25,0.747134670487106,1.0
internet-ads,7,8,560,0,8,2,7,3,1,1,1.0,0.3333333333333333,0.6666666666666667,1.0
internet-ads,7,8,560,0,8,3,7,2,1,1,1.0,0.5,0.5,1.0
internet-ads,7,8,684,1,8,1,1,3,1,1,0.5535714285714286,0.29166666666666663,0.261904761904762,1.0
internet-ads,7,8,684,1,8,2,2,2,1,1,0.6,0.36,0.24,1.0
internet-ads,7,8,1092,1,8,1,1,3,1,1,0.5535714285714286,0.29166666666666663,0.261904761904762,1.0
internet-ads,7,8,1092,1,8,2,2,2,1,1,0.6,0.36,0.24,1.0
internet-ads,7,8,1093,1,8,1,1,3,1,1,0.5535714285714286,0.29166666666666663,0.261904761904762,1.0
internet-ads,7,8,1093,1,8,2,2,2,1,1,0.6,0.36,0.24,1.0
internet-ads,7,8,1116,1,8,1,1,3,1,1,0.5535714285714286,0.29166666666666663,0.261904761904762,1.0
internet-ads,7,8,1116,1,8,2,2,2,1,1,0.6,0.36,0.24,1.0
internet-ads,7,8,1346,1,8,1,1,3,1,1,0.5535714285714286,0.29166666666666663,0.261904761904762,1.0
internet-ads,7,8,1346,1,8,2,2,2,1,1,0.6,0.36,0.24,1.0
internet-ads,7,8,1501,1,8,1,1,3,1,1,0.5535714285714286,0.29166666666666663,0.261904761904762,1.0
internet-ads,7,8,1501,1,8,2,2,2,1,1,0.6,0.36,0.24,1.0
internet-ads,7,8,1581,1,8,1,1,3,1,1,0.5535714285714286,0.29166666666666663,0.261904761904762,1.0
internet-ads,7,8,1581,1,8,2,2,2,1,1,0.6,0.36,0.24,1.0
internet-ads,7,8,1643,1,8,1,1,3,1,1,0.5535714285714286,0.29166666666666663,0.261904761904762,1.0
internet-ads,7,8,1643,1,8,2,2,2,1,1,0.6,0.36,0.24,1.0
internet-ads,7,8,1876,1,8,1,1,3,1,1,0.5535714285714286,0.29166666666666663,0.261904761904762,1.0
internet-ads,7,8,1876,1,8,2,2,2,1,1,0.6,0.36,0.24,1.0
internet-ads,7,8,2184,1,8,1,1,3,1,1,0.5535714285714286,0.29166666666666663,0.261904761904762,1.0
internet-ads,7,8,2184,1,8,2,2,2,1,1,0.6,0.36,0.24,1.0
internet-ads,7,8,2469,1,8,1,1,3,1,1,0.5535714285714286,0.29166666666666663,0.261904761904762,1.0
internet-ads,7,8,2469,1,8,2,2,2,1,1,0.6,0.36,0.24,1.0
internet-ads,7,8,2587,1,8,1,1,3,1,1,0.5535714285714286,0.29166666666666663,0.261904761904762,1.0
internet-ads,7,8,2587,1,8,2,2,2,1,1,0.6,0.36,0.24,1.0
internet-ads,7,8,2711,1,8,1,1,3,1,1,0.5535714285714286,0.29166666666666663,0.261904761904762,1.0
internet-ads,7,8,2711,1,8,2,2,2,1,1,0.6,0.36,0.24,1.0
internet-ads,7,8,2852,1,8,1,1,3,1,1,0.5535714285714286,0.29166666666666663,0.261904761904762,1.0
internet-ads,7,8,2852,1,8,2,2,2,1,1,0.6,0.36,0.24,1.0
internet-ads,7,8,2951,1,8,1,1,3,1,1,0.5535714285714286,0.29166666666666663,0.261904761904762,1.0
internet-ads,7,8,2951,1,8,2,2,2,1,1,0.6,0.36,0.24,1.0
internet-ads,7,8,3218,1,8,1,1,3,1,1,0.5535714285714286,0.29166666666666663,0.261904761904762,1.0
internet-ads,7,8,3218,1,8,2,2,2,1,1,0.6,0.36,0.24,1.0
internet-ads,8,4,494,1,4,1,1,2,1,1,0.6875,0.4479166666666667,0.23958333333333331,1.0
internet-ads,8,4,620,1,4,1,1,2,1,1,0.6875,0.4479166666666667,0.23958333333333331,1.0
internet-ads,8,4,896,1,4,1,1,2,1,1,0.6875,0.4479166666666667,0.23958333333333331,1.0
internet-ads,8,4,936,1,4,1,1,2,1,1,0.6875,0.4479166666666667,0.23958333333333331,1.0
internet-ads,8,4,940,1,4,1,1,2,1,1,0.6875,0.4479166666666667,0.23958333333333331,1.0
internet-ads,8,4,1203,1,4,1,1,2,1,1,0.6875,0.4479166666666667,0.23958333333333331,1.0
internet-ads,8,4,1247,1,4,1,1,2,1,1,0.6875,0.4479166666666667,0.23958333333333331,1.0
internet-ads,8,4,1291,1,4,1,1,2,1,1,0.6875,0.4479166666666667,0.23958333333333331,1.0
internet-ads,8,4,1447,1,4,1,1,2,1,1,0.6875,0.4479166666666667,0.23958333333333331,1.0
internet-ads,8,4,1811,1,4,1,1,2,1,1,0.6875,0.4479166666666667,0.23958333333333331,1.0
internet-ads,8,4,2035,1,4,1,1,2,1,1,0.6875,0.4479166666666667,0.23958333333333331,1.0
internet-ads,8,4,2156,1,4,1,1,2,1,1,0.6875,0.4479166666666667,0.23958333333333331,1.0
internet-ads,8,4,2443,1,4,1,1,2,1,1,0.6875,0.4479166666666667,0.23958333333333331,1.0
internet-ads,8,4,2617,1,4,1,1,2,1,1,0.6875,0.4479166666666667,0.23958333333333331,1.0
internet-ads,8,4,3076,1,4,1,1,2,1,1,0.6875,0.4479166666666667,0.23958333333333331,1.0
internet-ads,8,4,3139,1,4,1,1,2,1,1,0.6875,0.4479166666666667,0.23958333333333331,1.0
internet-ads,8,4,3149,1,4,1,1,2,1,1,0.6875,0.4479166666666667,0.23958333333333331,1.0
internet-ads,8,8,494,1,8,1,1,3,1,1,0.5740740740740741,0.2716049382716049,0.30246913580246915,1.0
internet-ads,8,8,494,1,8,2,2,2,1,1,0.43478260869565216,0.2826086956521739,0.15217391304347827,1.0
internet-ads,8,8,620,1,8,1,1,3,1,1,0.5740740740740741,0.2716049382716049,0.30246913580246915,1.0
internet-ads,8,8,620,1,8,2,2,2,1,1,0.43478260869565216,0.2826086956521739,0.15217391304347827,1.0
internet-ads,8,8,896,1,8,1,1,3,1,1,0.5740740740740741,0.2716049382716049,0.30246913580246915,1.0
internet-ads,8,8,896,1,8,2,2,2,1,1,0.43478260869565216,0.2826086956521739,0.15217391304347827,1.0
internet-ads,8,8,936,1,8,1,1,3,1,1,0.5740740740740741,0.2716049382716049,0.30246913580246915,1.0
internet-ads,8,8,936,1,8,2,2,2,1,1,0.43478260869565216,0.2826086956521739,0.15217391304347827,1.0
internet-ads,8,8,940,1,8,1,1,3,1,1,0.5740740740740741,0.2716049382716049,0.30246913580246915,1.0
internet-ads,8,8,940,1,8,2,2,2,1,1,0.43478260869565216,0.2826086956521739,0.15217391304347827,1.0
internet-ads,8,8,1203,1,8,1,1,3,1,1,0.5740740740740741,0.2716049382716049,0.30246913580246915,1.0
internet-ads,8,8,1203,1,8,2,2,2,1,1,0.43478260869565216,0.2826086956521739,0.15217391304347827,1.0
internet-ads,8,8,1247,1,8,1,1,3,1,1,0.5740740740740741,0.2716049382716049,0.30246913580246915,1.0
internet-ads,8,8,1247,1,8,2,2,2,1,1,0.43478260869565216,0.2826086956521739,0.15217391304347827,1.0
internet-ads,8,8,1291,1,8,1,1,3,1,1,0.5740740740740741,0.2716049382716049,0.30246913580246915,1.0
internet-ads,8,8,1291,1,8,2,2,2,1,1,0.43478260869565216,0.2826086956521739,0.15217391304347827,1.0
internet-ads,8,8,1447,1,8,1,1,3,1,1,0.5740740740740741,0.2716049382716049,0.30246913580246915,1.0
internet-ads,8,8,1447,1,8,2,2,2,1,1,0.43478260869565216,0.2826086956521739,0.15217391304347827,1.0
internet-ads,8,8,1811,1,8,1,1,3,1,1,0.5740740740740741,0.2716049382716049,0.30246913580246915,1.0
internet-ads,8,8,1811,1,8,2,2,2,1,1,0.43478260869565216,0.2826086956521739,0.15217391304347827,1.0
internet-ads,8,8,2035,1,8,1,1,3,1,1,0.5740740740740741,0.2716049382716049,0.30246913580246915,1.0
internet-ads,8,8,2035,1,8,2,2,2,1,1,0.43478260869565216,0.2826086956521739,0.15217391304347827,1.0
internet-ads,8,8,2156,1,8,1,1,3,1,1,0.5740740740740741,0.2716049382716049,0.30246913580246915,1.0
internet-ads,8,8,2156,1,8,2,2,2,1,1,0.43478260869565216,0.2826086956521739,0.15217391304347827,1.0
internet-ads,8,8,2443,1,8,1,1,3,1,1,0.5740740740740741,0.2716049382716049,0.30246913580246915,1.0
internet-ads,8,8,2443,1,8,2,2,2,1,1,0.43478260869565216,0.2826086956521739,0.15217391304347827,1.0
internet-ads,8,8,2617,1,8,1,1,3,1,1,0.5740740740740741,0.2716049382716049,0.30246913580246915,1.0
internet-ads,8,8,2617,1,8,2,2,2,1,1,0.43478260869565216,0.2826086956521739,0.15217391304347827,1.0
internet-ads,8,8,3076,1,8,1,1,3,1,1,0.5740740740740741,0.2716049382716049,0.30246913580246915,1.0
internet-ads,8,8,3076,1,8,2,2,2,1,1,0.43478260869565216,0.2826086956521739,0.15217391304347827,1.0
internet-ads,8,8,3139,1,8,1,1,3,1,1,0.5740740740740741,0.2716049382716049,0.30246913580246915,1.0
internet-ads,8,8,3139,1,8,2,2,2,1,1,0.43478260869565216,0.2826086956521739,0.15217391304347827,1.0
internet-ads,8,8,3149,1,8,1,1,3,1,1,0.5740740740740741,0.2716049382716049,0.30246913580246915,1.0
internet-ads,8,8,3149,1,8,2,2,2,1,1,0.43478260869565216,0.2826086956521739,0.15217391304347827,1.0
internet-ads,9,4,151,0,4,1,1,2,1,1,0.990450204638472,0.5,0.490450204638472,1.0
internet-ads,9,4,530,1,4,1,1,3,1,1,0.6382978723404256,0.3333333333333333,0.30496453900709225,1.0
internet-ads,9,4,530,1,4,2,2,2,1,1,0.7058823529411765,0.5,0.20588235294117652,1.0
internet-ads,9,4,705,1,4,1,1,3,1,1,0.6382978723404256,0.3333333333333333,0.30496453900709225,1.0
internet-ads,9,4,705,1,4,2,2,2,1,1,0.7058823529411765,0.5,0.20588235294117652,1.0
internet-ads,9,4,710,1,4,1,1,3,1,1,0.6382978723404256,0.3333333333333333,0.30496453900709225,1.0
internet-ads,9,4,710,1,4,2,2,2,1,1,0.7058823529411765,0.5,0.20588235294117652,1.0
internet-ads,9,4,820,1,4,1,1,3,1,1,0.6382978723404256,0.3333333333333333,0.30496453900709225,1.0
internet-ads,9,4,820,1,4,2,2,2,1,1,0.7058823529411765,0.5,0.20588235294117652,1.0
internet-ads,9,4,1122,1,4,1,1,3,1,1,0.6382978723404256,0.3333333333333333,0.30496453900709225,1.0
internet-ads,9,4,1122,1,4,2,2,2,1,1,0.7058823529411765,0.5,0.20588235294117652,1.0
internet-ads,9,4,1128,1,4,1,1,3,1,1,0.6382978723404256,0.3333333333333333,0.30496453900709225,1.0
internet-ads,9,4,1128,1,4,2,2,2,1,1,0.7058823529411765,0.5,0.20588235294117652,1.0
internet-ads,9,4,1590,1,4,1,1,3,1,1,0.6382978723404256,0.3333333333333333,0.30496453900709225,1.0
internet-ads,9,4,1590,1,4,2,2,2,1,1,0.7058823529411765,0.5,0.20588235294117652,1.0
internet-ads,9,4,2049,1,4,1,1,3,1,1,0.6382978723404256,0.3333333333333333,0.30496453900709225,1.0
internet-ads,9,4,2049,1,4,2,2,2,1,1,0.7058823529411765,0.5,0.20588235294117652,1.0
internet-ads,9,4,2056,1,4,1,1,3,1,1,0.6382978723404256,0.3333333333333333,0.30496453900709225,1.0
internet-ads,9,4,2056,1,4,2,2,2,1,1,0.7058823529411765,0.5,0.20588235294117652,1.0
internet-ads,9,4,2101,1,4,1,1,3,1,1,0.6382978723404256,0.3333333333333333,0.30496453900709225,1.0
internet-ads,9,4,2101,1,4,2,2,2,1,1,0.7058823529411765,0.5,0.20588235294117652,1.0
internet-ads,9,4,2258,1,4,1,1,3,1,1,0.6382978723404256,0.3333333333333333,0.30496453900709225,1.0
internet-ads,9,4,2258,1,4,2,2,2,1,1,0.7058823529411765,0.5,0.20588235294117652,1.0
internet-ads,9,4,2264,1,4,1,1,3,1,1,0.6382978723404256,0.3333333333333333,0.30496453900709225,1.0
internet-ads,9,4,2264,1,4,2,2,2,1,1,0.7058823529411765,0.5,0.20588235294117652,1.0
internet-ads,9,4,2293,1,4,1,1,3,1,1,0.6382978723404256,0.3333333333333333,0.30496453900709225,1.0
internet-ads,9,4,2293,1,4,2,2,2,1,1,0.7058823529411765,0.5,0.20588235294117652,1.0
internet-ads,9,4,2542,1,4,1,1,3,1,1,0.6382978723404256,0.3333333333333333,0.30496453900709225,1.0
internet-ads,9,4,2542,1,4,2,2,2,1,1,0.7058823529411765,0.5,0.20588235294117652,1.0
internet-ads,9,4,2601,1,4,1,1,3,1,1,0.6382978723404256,0.3333333333333333,0.30496453900709225,1.0
internet-ads,9,4,2601,1,4,2,2,2,1,1,0.7058823529411765,0.5,0.20588235294117652,1.0
internet-ads,9,4,2851,1,4,1,1,3,1,1,0.6382978723404256,0.3333333333333333,0.30496453900709225,1.0
internet-ads,9,4,2851,1,4,2,2,2,1,1,0.7058823529411765,0.5,0.20588235294117652,1.0
internet-ads,9,8,151,0,5,1,1,3,1,1,0.9876373626373627,0.3333333333333333,0.6543040293040294,1.0
internet-ads,9,8,151,0,5,2,2,2,1,1,0.7777777777777778,0.5,0.2777777777777778,1.0
internet-ads,9,8,530,1,8,1,1,3,1,1,0.5384615384615384,0.28846153846153844,0.25,1.0
internet-ads,9,8,530,1,8,2,2,2,1,1,0.5,0.3541666666666667,0.14583333333333331,1.0
internet-ads,9,8,705,1,8,1,1,3,1,1,0.5384615384615384,0.28846153846153844,0.25,1.0
internet-ads,9,8,705,1,8,2,2,2,1,1,0.5,0.3541666666666667,0.14583333333333331,1.0
internet-ads,9,8,710,1,8,1,1,3,1,1,0.5384615384615384,0.28846153846153844,0.25,1.0
internet-ads,9,8,710,1,8,2,2,2,1,1,0.5,0.3541666666666667,0.14583333333333331,1.0
internet-ads,9,8,820,1,8,1,1,3,1,1,0.5384615384615384,0.28846153846153844,0.25,1.0
internet-ads,9,8,820,1,8,2,2,2,1,1,0.5,0.3541666666666667,0.14583333333333331,1.0
internet-ads,9,8,1122,1,8,1,1,3,1,1,0.5384615384615384,0.28846153846153844,0.25,1.0
internet-ads,9,8,1122,1,8,2,2,2,1,1,0.5,0.3541666666666667,0.14583333333333331,1.0
internet-ads,9,8,1128,1,8,1,1,3,1,1,0.5384615384615384,0.28846153846153844,0.25,1.0
internet-ads,9,8,1128,1,8,2,2,2,1,1,0.5,0.3541666666666667,0.14583333333333331,1.0
internet-ads,9,8,1590,1,8,1,1,3,1,1,0.5384615384615384,0.28846153846153844,0.25,1.0
internet-ads,9,8,1590,1,8,2,2,2,1,1,0.5,0.3541666666666667,0.14583333333333331,1.0
internet-ads,9,8,2049,1,8,1,1,3,1,1,0.5384615384615384,0.28846153846153844,0.25,1.0
internet-ads,9,8,2049,1,8,2,2,2,1,1,0.5,0.3541666666666667,0.14583333333333331,1.0
internet-ads,9,8,2056,1,8,1,1,3,1,1,0.5384615384615384,0.28846153846153844,0.25,1.0
internet-ads,9,8,2056,1,8,2,2,2,1,1,0.5,0.3541666666666667,0.14583333333333331,1.0
internet-ads,9,8,2101,1,8,1,1,3,1,1,0.5384615384615384,0.28846153846153844,0.25,1.0
internet-ads,9,8,2101,1,8,2,2,2,1,1,0.5,0.3541666666666667,0.14583333333333331,1.0
internet-ads,9,8,2258,1,8,1,1,3,1,1,0.5384615384615384,0.28846153846153844,0.25,1.0
internet-ads,9,8,2258,1,8,2,2,2,1,1,0.5,0.3541666666666667,0.14583333333333331,1.0
internet-ads,9,8,2264,1,8,1,1,3,1,1,0.5384615384615384,0.28846153846153844,0.25,1.0
internet-ads,9,8,2264,1,8,2,2,2,1,1,0.5,0.3541666666666667,0.14583333333333331,1.0
internet-ads,9,8,2293,1,8,1,1,3,1,1,0.5384615384615384,0.28846153846153844,0.25,1.0
internet-ads,9,8,2293,1,8,2,2,2,1,1,0.5,0.3541666666666667,0.14583333333333331,1.0
internet-ads,9,8,2542,1,8,1,1,3,1,1,0.5384615384615384,0.28846153846153844,0.25,1.0
internet-ads,9,8,2542,1,8,2,2,2,1,1,0.5,0.3541666666666667,0.14583333333333331,1.0
internet-ads,9,8,2601,1,8,1,1,3,1,1,0.5384615384615384,0.28846153846153844,0.25,1.0
internet-ads,9,8,2601,1,8,2,2,2,1,1,0.5,0.3541666666666667,0.14583333333333331,1.0
internet-ads,9,8,2851,1,8,1,1,3,1,1,0.5384615384615384,0.28846153846153844,0.25,1.0
internet-ads,9,8,2851,1,8,2,2,2,1,1,0.5,0.3541666666666667,0.14583333333333331,1.0
