dataset,seed,depth,query_index,class,full_length,method,length,shortened,ref_count,ref_success,coverage,precision,evaluable,below_target,structural
iris,0,4,4,0,2,mass_budget_prefix,2,0,11,11,0.44,1.0,1,0.0,1
iris,0,4,38,0,2,mass_budget_prefix,2,0,11,11,0.44,1.0,1,0.0,1
iris,0,4,66,1,2,mass_budget_prefix,2,0,9,9,0.36,1.0,1,0.0,1
iris,0,4,76,1,2,mass_budget_prefix,2,0,9,9,0.36,1.0,1,0.0,1
iris,0,4,80,1,2,mass_budget_prefix,2,0,9,9,0.36,1.0,1,0.0,1
iris,0,8,4,0,2,mass_budget_prefix,2,0,11,11,0.44,1.0,1,0.0,1
iris,0,8,38,0,2,mass_budget_prefix,2,0,11,11,0.44,1.0,1,0.0,1
iris,0,8,66,1,2,mass_budget_prefix,2,0,9,9,0.36,1.0,1,0.0,1
iris,0,8,76,1,2,mass_budget_prefix,2,0,9,9,0.36,1.0,1,0.0,1
iris,0,8,80,1,2,mass_budget_prefix,2,0,9,9,0.36,1.0,1,0.0,1
iris,1,4,31,0,2,mass_budget_prefix,1,1,12,11,0.48,0.9166666666666666,1,1.0,0
iris,1,4,34,0,2,mass_budget_prefix,1,1,12,11,0.48,0.9166666666666666,1,1.0,0
iris,1,4,37,0,2,mass_budget_prefix,1,1,12,11,0.48,0.9166666666666666,1,1.0,0
iris,1,4,79,1,2,mass_budget_prefix,2,0,12,12,0.48,1.0,1,0.0,1
iris,1,4,92,0,3,mass_budget_prefix,3,0,0,0,0.0,,0,,1
iris,1,8,31,0,2,mass_budget_prefix,1,1,12,11,0.48,0.9166666666666666,1,1.0,0
iris,1,8,34,0,2,mass_budget_prefix,1,1,12,11,0.48,0.9166666666666666,1,1.0,0
iris,1,8,37,0,2,mass_budget_prefix,1,1,12,11,0.48,0.9166666666666666,1,1.0,0
iris,1,8,79,1,2,mass_budget_prefix,2,0,12,12,0.48,1.0,1,0.0,1
iris,1,8,92,0,3,mass_budget_prefix,3,0,0,0,0.0,,0,,1
iris,2,4,4,0,1,mass_budget_prefix,1,0,12,12,0.48,1.0,1,0.0,1
iris,2,4,25,0,1,mass_budget_prefix,1,0,12,12,0.48,1.0,1,0.0,1
iris,2,4,26,0,4,mass_budget_prefix,4,0,0,0,0.0,,0,,1
iris,2,4,54,1,2,mass_budget_prefix,2,0,12,12,0.48,1.0,1,0.0,1
iris,2,4,67,1,2,mass_budget_prefix,2,0,12,12,0.48,1.0,1,0.0,1
iris,2,8,4,0,1,mass_budget_prefix,1,0,12,12,0.48,1.0,1,0.0,1
iris,2,8,25,0,1,mass_budget_prefix,1,0,12,12,0.48,1.0,1,0.0,1
iris,2,8,26,0,4,mass_budget_prefix,4,0,0,0,0.0,,0,,1
iris,2,8,54,1,2,mass_budget_prefix,2,0,12,12,0.48,1.0,1,0.0,1
iris,2,8,67,1,2,mass_budget_prefix,2,0,12,12,0.48,1.0,1,0.0,1
iris,3,4,26,1,2,mass_budget_prefix,1,1,14,12,0.56,0.8571428571428571,1,1.0,0
iris,3,4,36,0,1,mass_budget_prefix,1,0,11,11,0.44,1.0,1,0.0,1
iris,3,4,54,1,2,mass_budget_prefix,1,1,14,12,0.56,0.8571428571428571,1,1.0,0
iris,3,4,64,1,4,mass_budget_prefix,4,0,1,1,0.04,1.0,1,0.0,1
iris,3,4,71,1,4,mass_budget_prefix,4,0,1,1,0.04,1.0,1,0.0,1
iris,3,8,26,1,2,mass_budget_prefix,1,1,14,12,0.56,0.8571428571428571,1,1.0,0
iris,3,8,36,0,1,mass_budget_prefix,1,0,11,11,0.44,1.0,1,0.0,1
iris,3,8,54,1,2,mass_budget_prefix,1,1,14,12,0.56,0.8571428571428571,1,1.0,0
iris,3,8,64,1,4,mass_budget_prefix,4,0,1,1,0.04,1.0,1,0.0,1
iris,3,8,71,1,4,mass_budget_prefix,4,0,1,1,0.04,1.0,1,0.0,1
iris,4,4,0,0,1,mass_budget_prefix,1,0,10,10,0.4,1.0,1,0.0,1
iris,4,4,33,0,3,mass_budget_prefix,3,0,1,1,0.04,1.0,1,0.0,1
iris,4,4,40,0,1,mass_budget_prefix,1,0,10,10,0.4,1.0,1,0.0,1
iris,4,4,55,1,2,mass_budget_prefix,2,0,13,13,0.52,1.0,1,0.0,1
iris,4,4,56,0,1,mass_budget_prefix,1,0,10,10,0.4,1.0,1,0.0,1
iris,4,8,0,0,1,mass_budget_prefix,1,0,10,10,0.4,1.0,1,0.0,1
iris,4,8,33,0,3,mass_budget_prefix,3,0,1,1,0.04,1.0,1,0.0,1
iris,4,8,40,0,1,mass_budget_prefix,1,0,10,10,0.4,1.0,1,0.0,1
iris,4,8,55,1,2,mass_budget_prefix,2,0,13,13,0.52,1.0,1,0.0,1
iris,4,8,56,0,1,mass_budget_prefix,1,0,10,10,0.4,1.0,1,0.0,1
iris,5,4,13,0,1,mass_budget_prefix,1,0,11,11,0.44,1.0,1,0.0,1
iris,5,4,16,0,1,mass_budget_prefix,1,0,11,11,0.44,1.0,1,0.0,1
iris,5,4,56,0,1,mass_budget_prefix,1,0,11,11,0.44,1.0,1,0.0,1
iris,5,4,68,1,3,mass_budget_prefix,2,1,13,12,0.52,0.9230769230769231,1,1.0,0
iris,5,4,73,1,3,mass_budget_prefix,2,1,13,12,0.52,0.9230769230769231,1,1.0,0
iris,5,8,13,0,1,mass_budget_prefix,1,0,11,11,0.44,1.0,1,0.0,1
iris,5,8,16,0,1,mass_budget_prefix,1,0,11,11,0.44,1.0,1,0.0,1
iris,5,8,56,0,1,mass_budget_prefix,1,0,11,11,0.44,1.0,1,0.0,1
iris,5,8,68,1,3,mass_budget_prefix,2,1,13,12,0.52,0.9230769230769231,1,1.0,0
iris,5,8,73,1,3,mass_budget_prefix,2,1,13,12,0.52,0.9230769230769231,1,1.0,0
iris,6,4,16,0,2,mass_budget_prefix,1,1,14,13,0.56,0.9285714285714286,1,1.0,0
iris,6,4,23,0,2,mass_budget_prefix,1,1,14,13,0.56,0.9285714285714286,1,1.0,0
iris,6,4,48,0,2,mass_budget_prefix,1,1,14,13,0.56,0.9285714285714286,1,1.0,0
iris,6,4,58,1,2,mass_budget_prefix,2,0,10,10,0.4,1.0,1,0.0,1
iris,6,4,93,1,2,mass_budget_prefix,2,0,10,10,0.4,1.0,1,0.0,1
iris,6,8,16,0,2,mass_budget_prefix,1,1,14,13,0.56,0.9285714285714286,1,1.0,0
iris,6,8,23,0,2,mass_budget_prefix,1,1,14,13,0.56,0.9285714285714286,1,1.0,0
iris,6,8,48,0,2,mass_budget_prefix,1,1,14,13,0.56,0.9285714285714286,1,1.0,0
iris,6,8,58,1,2,mass_budget_prefix,2,0,10,10,0.4,1.0,1,0.0,1
iris,6,8,93,1,2,mass_budget_prefix,2,0,10,10,0.4,1.0,1,0.0,1
iris,7,4,7,0,2,mass_budget_prefix,2,0,12,12,0.48,1.0,1,0.0,1
iris,7,4,9,0,2,mass_budget_prefix,2,0,12,12,0.48,1.0,1,0.0,1
iris,7,4,71,1,2,mass_budget_prefix,2,0,2,2,0.08,1.0,1,0.0,1
iris,7,4,76,1,2,mass_budget_prefix,2,0,2,2,0.08,1.0,1,0.0,1
iris,7,4,93,1,2,mass_budget_prefix,1,1,11,11,0.44,1.0,1,0.0,0
iris,7,8,7,0,2,mass_budget_prefix,2,0,12,12,0.48,1.0,1,0.0,1
iris,7,8,9,0,2,mass_budget_prefix,2,0,12,12,0.48,1.0,1,0.0,1
iris,7,8,71,1,2,mass_budget_prefix,2,0,2,2,0.08,1.0,1,0.0,1
iris,7,8,76,1,2,mass_budget_prefix,2,0,2,2,0.08,1.0,1,0.0,1
iris,7,8,93,1,2,mass_budget_prefix,1,1,11,11,0.44,1.0,1,0.0,0
iris,8,4,17,0,1,mass_budget_prefix,1,0,10,10,0.4,1.0,1,0.0,1
iris,8,4,22,1,3,mass_budget_prefix,3,0,2,2,0.08,1.0,1,0.0,1
iris,8,4,56,0,1,mass_budget_prefix,1,0,10,10,0.4,1.0,1,0.0,1
iris,8,4,61,1,3,mass_budget_prefix,3,0,11,11,0.44,1.0,1,0.0,1
iris,8,4,85,1,3,mass_budget_prefix,3,0,11,11,0.44,1.0,1,0.0,1
iris,8,8,17,0,1,mass_budget_prefix,1,0,10,10,0.4,1.0,1,0.0,1
iris,8,8,22,1,3,mass_budget_prefix,3,0,2,2,0.08,1.0,1,0.0,1
iris,8,8,56,0,1,mass_budget_prefix,1,0,10,10,0.4,1.0,1,0.0,1
iris,8,8,61,1,3,mass_budget_prefix,3,0,11,11,0.44,1.0,1,0.0,1
iris,8,8,85,1,3,mass_budget_prefix,3,0,11,11,0.44,1.0,1,0.0,1
iris,9,4,30,0,1,mass_budget_prefix,1,0,12,12,0.48,1.0,1,0.0,1
iris,9,4,47,0,1,mass_budget_prefix,1,0,12,12,0.48,1.0,1,0.0,1
iris,9,4,49,0,1,mass_budget_prefix,1,0,12,12,0.48,1.0,1,0.0,1
iris,9,4,82,1,2,mass_budget_prefix,2,0,12,12,0.48,1.0,1,0.0,1
iris,9,4,94,1,2,mass_budget_prefix,2,0,12,12,0.48,1.0,1,0.0,1
iris,9,8,30,0,1,mass_budget_prefix,1,0,12,12,0.48,1.0,1,0.0,1
iris,9,8,47,0,1,mass_budget_prefix,1,0,12,12,0.48,1.0,1,0.0,1
iris,9,8,49,0,1,mass_budget_prefix,1,0,12,12,0.48,1.0,1,0.0,1
iris,9,8,82,1,2,mass_budget_prefix,2,0,12,12,0.48,1.0,1,0.0,1
iris,9,8,94,1,2,mass_budget_prefix,2,0,12,12,0.48,1.0,1,0.0,1
wine,0,4,2,0,2,mass_budget_prefix,2,0,17,17,0.5151515151515151,1.0,1,0.0,1
wine,0,4,46,0,2,mass_budget_prefix,2,0,17,17,0.5151515151515151,1.0,1,0.0,1
wine,0,4,49,0,2,mass_budget_prefix,2,0,17,17,0.5151515151515151,1.0,1,0.0,1
wine,0,4,64,1,1,mass_budget_prefix,1,0,14,14,0.42424242424242425,1.0,1,0.0,1
wine,0,4,84,1,1,mass_budget_prefix,1,0,14,14,0.42424242424242425,1.0,1,0.0,1
wine,0,4,121,1,2,mass_budget_prefix,2,0,2,2,0.06060606060606061,1.0,1,0.0,1
wine,0,4,126,1,2,mass_budget_prefix,2,0,2,2,0.06060606060606061,1.0,1,0.0,1
wine,0,8,2,0,2,mass_budget_prefix,2,0,17,17,0.5151515151515151,1.0,1,0.0,1
wine,0,8,46,0,2,mass_budget_prefix,2,0,17,17,0.5151515151515151,1.0,1,0.0,1
wine,0,8,49,0,2,mass_budget_prefix,2,0,17,17,0.5151515151515151,1.0,1,0.0,1
wine,0,8,64,1,1,mass_budget_prefix,1,0,14,14,0.42424242424242425,1.0,1,0.0,1
wine,0,8,84,1,1,mass_budget_prefix,1,0,14,14,0.42424242424242425,1.0,1,0.0,1
wine,0,8,121,1,2,mass_budget_prefix,2,0,2,2,0.06060606060606061,1.0,1,0.0,1
wine,0,8,126,1,2,mass_budget_prefix,2,0,2,2,0.06060606060606061,1.0,1,0.0,1
wine,1,4,9,0,2,mass_budget_prefix,1,1,16,14,0.48484848484848486,0.875,1,1.0,0
wine,1,4,24,0,2,mass_budget_prefix,1,1,16,14,0.48484848484848486,0.875,1,1.0,0
wine,1,4,54,0,2,mass_budget_prefix,1,1,16,14,0.48484848484848486,0.875,1,1.0,0
wine,1,4,73,1,2,mass_budget_prefix,2,0,2,2,0.06060606060606061,1.0,1,0.0,1
wine,1,4,89,1,1,mass_budget_prefix,1,0,17,17,0.5151515151515151,1.0,1,0.0,1
wine,1,4,92,1,1,mass_budget_prefix,1,0,17,17,0.5151515151515151,1.0,1,0.0,1
wine,1,4,102,1,1,mass_budget_prefix,1,0,17,17,0.5151515151515151,1.0,1,0.0,1
wine,1,8,9,0,2,mass_budget_prefix,1,1,16,14,0.48484848484848486,0.875,1,1.0,0
wine,1,8,24,0,2,mass_budget_prefix,1,1,16,14,0.48484848484848486,0.875,1,1.0,0
wine,1,8,54,0,2,mass_budget_prefix,1,1,16,14,0.48484848484848486,0.875,1,1.0,0
wine,1,8,73,1,2,mass_budget_prefix,2,0,2,2,0.06060606060606061,1.0,1,0.0,1
wine,1,8,89,1,1,mass_budget_prefix,1,0,17,17,0.5151515151515151,1.0,1,0.0,1
wine,1,8,92,1,1,mass_budget_prefix,1,0,17,17,0.5151515151515151,1.0,1,0.0,1
wine,1,8,102,1,1,mass_budget_prefix,1,0,17,17,0.5151515151515151,1.0,1,0.0,1
wine,2,4,8,0,2,mass_budget_prefix,1,1,20,19,0.6060606060606061,0.95,1,0.0,0
wine,2,4,44,0,2,mass_budget_prefix,1,1,20,19,0.6060606060606061,0.95,1,0.0,0
wine,2,4,47,0,2,mass_budget_prefix,1,1,20,19,0.6060606060606061,0.95,1,0.0,0
wine,2,4,77,1,1,mass_budget_prefix,1,0,13,13,0.3939393939393939,1.0,1,0.0,1
wine,2,4,100,1,1,mass_budget_prefix,1,0,13,13,0.3939393939393939,1.0,1,0.0,1
wine,2,4,120,1,1,mass_budget_prefix,1,0,13,13,0.3939393939393939,1.0,1,0.0,1
wine,2,4,127,1,1,mass_budget_prefix,1,0,13,13,0.3939393939393939,1.0,1,0.0,1
wine,2,8,8,0,2,mass_budget_prefix,1,1,20,19,0.6060606060606061,0.95,1,0.0,0
wine,2,8,44,0,2,mass_budget_prefix,1,1,20,19,0.6060606060606061,0.95,1,0.0,0
wine,2,8,47,0,2,mass_budget_prefix,1,1,20,19,0.6060606060606061,0.95,1,0.0,0
wine,2,8,77,1,1,mass_budget_prefix,1,0,13,13,0.3939393939393939,1.0,1,0.0,1
wine,2,8,100,1,1,mass_budget_prefix,1,0,13,13,0.3939393939393939,1.0,1,0.0,1
wine,2,8,120,1,1,mass_budget_prefix,1,0,13,13,0.3939393939393939,1.0,1,0.0,1
wine,2,8,127,1,1,mass_budget_prefix,1,0,13,13,0.3939393939393939,1.0,1,0.0,1
wine,3,4,17,0,2,mass_budget_prefix,1,1,18,18,0.5454545454545454,1.0,1,0.0,0
wine,3,4,25,0,2,mass_budget_prefix,1,1,18,18,0.5454545454545454,1.0,1,0.0,0
wine,3,4,42,0,2,mass_budget_prefix,1,1,18,18,0.5454545454545454,1.0,1,0.0,0
wine,3,4,77,1,2,mass_budget_prefix,2,0,14,14,0.42424242424242425,1.0,1,0.0,1
wine,3,4,81,1,2,mass_budget_prefix,2,0,14,14,0.42424242424242425,1.0,1,0.0,1
wine,3,4,97,1,2,mass_budget_prefix,2,0,14,14,0.42424242424242425,1.0,1,0.0,1
wine,3,4,118,0,3,mass_budget_prefix,3,0,0,0,0.0,,0,,1
wine,3,8,17,0,2,mass_budget_prefix,1,1,18,18,0.5454545454545454,1.0,1,0.0,0
wine,3,8,25,0,2,mass_budget_prefix,1,1,18,18,0.5454545454545454,1.0,1,0.0,0
wine,3,8,42,0,2,mass_budget_prefix,1,1,18,18,0.5454545454545454,1.0,1,0.0,0
wine,3,8,77,1,2,mass_budget_prefix,2,0,14,14,0.42424242424242425,1.0,1,0.0,1
wine,3,8,81,1,2,mass_budget_prefix,2,0,14,14,0.42424242424242425,1.0,1,0.0,1
wine,3,8,97,1,2,mass_budget_prefix,2,0,14,14,0.42424242424242425,1.0,1,0.0,1
wine,3,8,118,0,3,mass_budget_prefix,3,0,0,0,0.0,,0,,1
wine,4,4,6,0,1,mass_budget_prefix,1,0,20,20,0.6060606060606061,1.0,1,0.0,1
wine,4,4,20,0,1,mass_budget_prefix,1,0,20,20,0.6060606060606061,1.0,1,0.0,1
wine,4,4,57,0,1,mass_budget_prefix,1,0,20,20,0.6060606060606061,1.0,1,0.0,1
wine,4,4,61,1,1,mass_budget_prefix,1,0,13,13,0.3939393939393939,1.0,1,0.0,1
wine,4,4,62,0,1,mass_budget_prefix,1,0,20,20,0.6060606060606061,1.0,1,0.0,1
wine,4,4,72,0,1,mass_budget_prefix,1,0,20,20,0.6060606060606061,1.0,1,0.0,1
wine,4,4,78,1,1,mass_budget_prefix,1,0,13,13,0.3939393939393939,1.0,1,0.0,1
wine,4,8,6,0,1,mass_budget_prefix,1,0,20,20,0.6060606060606061,1.0,1,0.0,1
wine,4,8,20,0,1,mass_budget_prefix,1,0,20,20,0.6060606060606061,1.0,1,0.0,1
wine,4,8,57,0,1,mass_budget_prefix,1,0,20,20,0.6060606060606061,1.0,1,0.0,1
wine,4,8,61,1,1,mass_budget_prefix,1,0,13,13,0.3939393939393939,1.0,1,0.0,1
wine,4,8,62,0,1,mass_budget_prefix,1,0,20,20,0.6060606060606061,1.0,1,0.0,1
wine,4,8,72,0,1,mass_budget_prefix,1,0,20,20,0.6060606060606061,1.0,1,0.0,1
wine,4,8,78,1,1,mass_budget_prefix,1,0,13,13,0.3939393939393939,1.0,1,0.0,1
wine,5,4,14,0,2,mass_budget_prefix,1,1,19,19,0.5757575757575758,1.0,1,0.0,0
wine,5,4,18,0,2,mass_budget_prefix,1,1,19,19,0.5757575757575758,1.0,1,0.0,0
wine,5,4,56,0,2,mass_budget_prefix,1,1,19,19,0.5757575757575758,1.0,1,0.0,0
wine,5,4,60,1,1,mass_budget_prefix,1,0,14,14,0.42424242424242425,1.0,1,0.0,1
wine,5,4,63,1,1,mass_budget_prefix,1,0,14,14,0.42424242424242425,1.0,1,0.0,1
wine,5,4,77,1,1,mass_budget_prefix,1,0,14,14,0.42424242424242425,1.0,1,0.0,1
wine,5,4,118,1,1,mass_budget_prefix,1,0,14,14,0.42424242424242425,1.0,1,0.0,1
wine,5,8,14,0,2,mass_budget_prefix,1,1,19,19,0.5757575757575758,1.0,1,0.0,0
wine,5,8,18,0,2,mass_budget_prefix,1,1,19,19,0.5757575757575758,1.0,1,0.0,0
wine,5,8,56,0,2,mass_budget_prefix,1,1,19,19,0.5757575757575758,1.0,1,0.0,0
wine,5,8,60,1,1,mass_budget_prefix,1,0,14,14,0.42424242424242425,1.0,1,0.0,1
wine,5,8,63,1,1,mass_budget_prefix,1,0,14,14,0.42424242424242425,1.0,1,0.0,1
wine,5,8,77,1,1,mass_budget_prefix,1,0,14,14,0.42424242424242425,1.0,1,0.0,1
wine,5,8,118,1,1,mass_budget_prefix,1,0,14,14,0.42424242424242425,1.0,1,0.0,1
wine,6,4,37,0,2,mass_budget_prefix,2,0,14,14,0.42424242424242425,1.0,1,0.0,1
wine,6,4,43,1,1,mass_budget_prefix,1,0,19,19,0.5757575757575758,1.0,1,0.0,1
wine,6,4,54,0,2,mass_budget_prefix,2,0,14,14,0.42424242424242425,1.0,1,0.0,1
wine,6,4,72,1,1,mass_budget_prefix,1,0,19,19,0.5757575757575758,1.0,1,0.0,1
wine,6,4,82,1,1,mass_budget_prefix,1,0,19,19,0.5757575757575758,1.0,1,0.0,1
wine,6,4,95,0,2,mass_budget_prefix,2,0,14,14,0.42424242424242425,1.0,1,0.0,1
wine,6,4,121,1,1,mass_budget_prefix,1,0,19,19,0.5757575757575758,1.0,1,0.0,1
wine,6,8,37,0,2,mass_budget_prefix,2,0,14,14,0.42424242424242425,1.0,1,0.0,1
wine,6,8,43,1,1,mass_budget_prefix,1,0,19,19,0.5757575757575758,1.0,1,0.0,1
wine,6,8,54,0,2,mass_budget_prefix,2,0,14,14,0.42424242424242425,1.0,1,0.0,1
wine,6,8,72,1,1,mass_budget_prefix,1,0,19,19,0.5757575757575758,1.0,1,0.0,1
wine,6,8,82,1,1,mass_budget_prefix,1,0,19,19,0.5757575757575758,1.0,1,0.0,1
wine,6,8,95,0,2,mass_budget_prefix,2,0,14,14,0.42424242424242425,1.0,1,0.0,1
wine,6,8,121,1,1,mass_budget_prefix,1,0,19,19,0.5757575757575758,1.0,1,0.0,1
wine,7,4,2,0,1,mass_budget_prefix,1,0,13,13,0.3939393939393939,1.0,1,0.0,1
wine,7,4,40,1,1,mass_budget_prefix,1,0,20,20,0.6060606060606061,1.0,1,0.0,1
wine,7,4,53,0,1,mass_budget_prefix,1,0,13,13,0.3939393939393939,1.0,1,0.0,1
wine,7,4,66,1,1,mass_budget_prefix,1,0,20,20,0.6060606060606061,1.0,1,0.0,1
wine,7,4,68,1,1,mass_budget_prefix,1,0,20,20,0.6060606060606061,1.0,1,0.0,1
wine,7,4,122,1,1,mass_budget_prefix,1,0,20,20,0.6060606060606061,1.0,1,0.0,1
wine,7,4,124,1,1,mass_budget_prefix,1,0,20,20,0.6060606060606061,1.0,1,0.0,1
wine,7,8,2,0,1,mass_budget_prefix,1,0,13,13,0.3939393939393939,1.0,1,0.0,1
wine,7,8,40,1,1,mass_budget_prefix,1,0,20,20,0.6060606060606061,1.0,1,0.0,1
wine,7,8,53,0,1,mass_budget_prefix,1,0,13,13,0.3939393939393939,1.0,1,0.0,1
wine,7,8,66,1,1,mass_budget_prefix,1,0,20,20,0.6060606060606061,1.0,1,0.0,1
wine,7,8,68,1,1,mass_budget_prefix,1,0,20,20,0.6060606060606061,1.0,1,0.0,1
wine,7,8,122,1,1,mass_budget_prefix,1,0,20,20,0.6060606060606061,1.0,1,0.0,1
wine,7,8,124,1,1,mass_budget_prefix,1,0,20,20,0.6060606060606061,1.0,1,0.0,1
wine,8,4,16,0,2,mass_budget_prefix,2,0,18,18,0.5454545454545454,1.0,1,0.0,1
wine,8,4,24,0,2,mass_budget_prefix,2,0,18,18,0.5454545454545454,1.0,1,0.0,1
wine,8,4,44,0,2,mass_budget_prefix,2,0,18,18,0.5454545454545454,1.0,1,0.0,1
wine,8,4,68,0,2,mass_budget_prefix,2,0,18,18,0.5454545454545454,1.0,1,0.0,1
wine,8,4,91,1,1,mass_budget_prefix,1,0,15,15,0.45454545454545453,1.0,1,0.0,1
wine,8,4,110,1,1,mass_budget_prefix,1,0,15,15,0.45454545454545453,1.0,1,0.0,1
wine,8,4,119,1,1,mass_budget_prefix,1,0,15,15,0.45454545454545453,1.0,1,0.0,1
wine,8,8,16,0,2,mass_budget_prefix,2,0,18,18,0.5454545454545454,1.0,1,0.0,1
wine,8,8,24,0,2,mass_budget_prefix,2,0,18,18,0.5454545454545454,1.0,1,0.0,1
wine,8,8,44,0,2,mass_budget_prefix,2,0,18,18,0.5454545454545454,1.0,1,0.0,1
wine,8,8,68,0,2,mass_budget_prefix,2,0,18,18,0.5454545454545454,1.0,1,0.0,1
wine,8,8,91,1,1,mass_budget_prefix,1,0,15,15,0.45454545454545453,1.0,1,0.0,1
wine,8,8,110,1,1,mass_budget_prefix,1,0,15,15,0.45454545454545453,1.0,1,0.0,1
wine,8,8,119,1,1,mass_budget_prefix,1,0,15,15,0.45454545454545453,1.0,1,0.0,1
wine,9,4,20,0,2,mass_budget_prefix,1,1,16,15,0.48484848484848486,0.9375,1,1.0,0
wine,9,4,51,0,2,mass_budget_prefix,1,1,16,15,0.48484848484848486,0.9375,1,1.0,0
wine,9,4,57,0,2,mass_budget_prefix,1,1,16,15,0.48484848484848486,0.9375,1,1.0,0
wine,9,4,83,1,2,mass_budget_prefix,2,0,15,15,0.45454545454545453,1.0,1,0.0,1
wine,9,4,102,1,2,mass_budget_prefix,2,0,15,15,0.45454545454545453,1.0,1,0.0,1
wine,9,4,107,1,2,mass_budget_prefix,2,0,15,15,0.45454545454545453,1.0,1,0.0,1
wine,9,4,110,1,2,mass_budget_prefix,2,0,15,15,0.45454545454545453,1.0,1,0.0,1
wine,9,8,20,0,2,mass_budget_prefix,1,1,16,15,0.48484848484848486,0.9375,1,1.0,0
wine,9,8,51,0,2,mass_budget_prefix,1,1,16,15,0.48484848484848486,0.9375,1,1.0,0
wine,9,8,57,0,2,mass_budget_prefix,1,1,16,15,0.48484848484848486,0.9375,1,1.0,0
wine,9,8,83,1,2,mass_budget_prefix,2,0,15,15,0.45454545454545453,1.0,1,0.0,1
wine,9,8,102,1,2,mass_budget_prefix,2,0,15,15,0.45454545454545453,1.0,1,0.0,1
wine,9,8,107,1,2,mass_budget_prefix,2,0,15,15,0.45454545454545453,1.0,1,0.0,1
wine,9,8,110,1,2,mass_budget_prefix,2,0,15,15,0.45454545454545453,1.0,1,0.0,1
breast_cancer,0,4,8,0,3,mass_budget_prefix,3,0,5,5,0.035211267605633804,1.0,1,0.0,1
breast_cancer,0,4,39,1,3,mass_budget_prefix,3,0,5,5,0.035211267605633804,1.0,1,0.0,1
breast_cancer,0,4,46,1,3,mass_budget_prefix,3,0,84,84,0.5915492957746479,1.0,1,0.0,1
breast_cancer,0,4,68,1,3,mass_budget_prefix,3,0,5,5,0.035211267605633804,1.0,1,0.0,1
breast_cancer,0,4,100,1,3,mass_budget_prefix,3,0,84,84,0.5915492957746479,1.0,1,0.0,1
breast_cancer,0,4,105,0,3,mass_budget_prefix,3,0,5,5,0.035211267605633804,1.0,1,0.0,1
breast_cancer,0,4,116,1,3,mass_budget_prefix,3,0,84,84,0.5915492957746479,1.0,1,0.0,1
breast_cancer,0,4,151,1,3,mass_budget_prefix,3,0,84,84,0.5915492957746479,1.0,1,0.0,1
breast_cancer,0,4,161,0,2,mass_budget_prefix,1,1,46,46,0.323943661971831,1.0,1,0.0,0
breast_cancer,0,4,170,1,3,mass_budget_prefix,3,0,84,84,0.5915492957746479,1.0,1,0.0,1
breast_cancer,0,4,217,1,3,mass_budget_prefix,3,0,84,84,0.5915492957746479,1.0,1,0.0,1
breast_cancer,0,4,251,1,3,mass_budget_prefix,3,0,84,84,0.5915492957746479,1.0,1,0.0,1
breast_cancer,0,4,254,0,2,mass_budget_prefix,1,1,46,46,0.323943661971831,1.0,1,0.0,0
breast_cancer,0,4,267,1,3,mass_budget_prefix,3,0,84,84,0.5915492957746479,1.0,1,0.0,1
breast_cancer,0,4,280,0,2,mass_budget_prefix,1,1,46,46,0.323943661971831,1.0,1,0.0,0
breast_cancer,0,4,318,1,3,mass_budget_prefix,3,0,84,84,0.5915492957746479,1.0,1,0.0,1
breast_cancer,0,4,347,0,2,mass_budget_prefix,1,1,46,46,0.323943661971831,1.0,1,0.0,0
breast_cancer,0,4,483,1,3,mass_budget_prefix,3,0,84,84,0.5915492957746479,1.0,1,0.0,1
breast_cancer,0,4,492,0,2,mass_budget_prefix,1,1,46,46,0.323943661971831,1.0,1,0.0,0
breast_cancer,0,4,558,1,3,mass_budget_prefix,3,0,84,84,0.5915492957746479,1.0,1,0.0,1
breast_cancer,0,8,8,0,3,mass_budget_prefix,3,0,5,5,0.035211267605633804,1.0,1,0.0,1
breast_cancer,0,8,39,1,3,mass_budget_prefix,3,0,5,5,0.035211267605633804,1.0,1,0.0,1
breast_cancer,0,8,46,1,3,mass_budget_prefix,3,0,84,84,0.5915492957746479,1.0,1,0.0,1
breast_cancer,0,8,68,1,3,mass_budget_prefix,3,0,5,5,0.035211267605633804,1.0,1,0.0,1
breast_cancer,0,8,100,1,3,mass_budget_prefix,3,0,84,84,0.5915492957746479,1.0,1,0.0,1
breast_cancer,0,8,105,0,3,mass_budget_prefix,3,0,5,5,0.035211267605633804,1.0,1,0.0,1
breast_cancer,0,8,116,1,3,mass_budget_prefix,3,0,84,84,0.5915492957746479,1.0,1,0.0,1
breast_cancer,0,8,151,1,3,mass_budget_prefix,3,0,84,84,0.5915492957746479,1.0,1,0.0,1
breast_cancer,0,8,161,0,2,mass_budget_prefix,1,1,46,46,0.323943661971831,1.0,1,0.0,0
breast_cancer,0,8,170,1,3,mass_budget_prefix,3,0,84,84,0.5915492957746479,1.0,1,0.0,1
breast_cancer,0,8,217,1,3,mass_budget_prefix,3,0,84,84,0.5915492957746479,1.0,1,0.0,1
breast_cancer,0,8,251,1,3,mass_budget_prefix,3,0,84,84,0.5915492957746479,1.0,1,0.0,1
breast_cancer,0,8,254,0,2,mass_budget_prefix,1,1,46,46,0.323943661971831,1.0,1,0.0,0
breast_cancer,0,8,267,1,3,mass_budget_prefix,3,0,84,84,0.5915492957746479,1.0,1,0.0,1
breast_cancer,0,8,280,0,2,mass_budget_prefix,1,1,46,46,0.323943661971831,1.0,1,0.0,0
breast_cancer,0,8,318,1,3,mass_budget_prefix,3,0,84,84,0.5915492957746479,1.0,1,0.0,1
breast_cancer,0,8,347,0,2,mass_budget_prefix,1,1,46,46,0.323943661971831,1.0,1,0.0,0
breast_cancer,0,8,483,1,3,mass_budget_prefix,3,0,84,84,0.5915492957746479,1.0,1,0.0,1
breast_cancer,0,8,492,0,2,mass_budget_prefix,1,1,46,46,0.323943661971831,1.0,1,0.0,0
breast_cancer,0,8,558,1,3,mass_budget_prefix,3,0,84,84,0.5915492957746479,1.0,1,0.0,1
breast_cancer,1,4,24,0,3,mass_budget_prefix,3,0,44,44,0.30985915492957744,1.0,1,0.0,1
breast_cancer,1,4,35,0,3,mass_budget_prefix,3,0,44,44,0.30985915492957744,1.0,1,0.0,1
breast_cancer,1,4,141,1,3,mass_budget_prefix,3,0,1,1,0.007042253521126761,1.0,1,0.0,1
breast_cancer,1,4,145,1,4,mass_budget_prefix,4,0,76,76,0.5352112676056338,1.0,1,0.0,1
breast_cancer,1,4,164,0,3,mass_budget_prefix,3,0,44,44,0.30985915492957744,1.0,1,0.0,1
breast_cancer,1,4,179,1,4,mass_budget_prefix,4,0,76,76,0.5352112676056338,1.0,1,0.0,1
breast_cancer,1,4,186,0,4,mass_budget_prefix,4,0,2,2,0.014084507042253521,1.0,1,0.0,1
breast_cancer,1,4,216,1,4,mass_budget_prefix,4,0,76,76,0.5352112676056338,1.0,1,0.0,1
breast_cancer,1,4,220,1,4,mass_budget_prefix,4,0,76,76,0.5352112676056338,1.0,1,0.0,1
breast_cancer,1,4,264,0,3,mass_budget_prefix,3,0,44,44,0.30985915492957744,1.0,1,0.0,1
breast_cancer,1,4,274,0,3,mass_budget_prefix,2,1,5,4,0.035211267605633804,0.8,1,1.0,0
breast_cancer,1,4,301,1,4,mass_budget_prefix,4,0,76,76,0.5352112676056338,1.0,1,0.0,1
breast_cancer,1,4,312,1,4,mass_budget_prefix,4,0,76,76,0.5352112676056338,1.0,1,0.0,1
breast_cancer,1,4,334,1,4,mass_budget_prefix,4,0,76,76,0.5352112676056338,1.0,1,0.0,1
breast_cancer,1,4,378,1,4,mass_budget_prefix,4,0,76,76,0.5352112676056338,1.0,1,0.0,1
breast_cancer,1,4,395,1,4,mass_budget_prefix,4,0,76,76,0.5352112676056338,1.0,1,0.0,1
breast_cancer,1,4,458,1,4,mass_budget_prefix,4,0,76,76,0.5352112676056338,1.0,1,0.0,1
breast_cancer,1,4,535,0,3,mass_budget_prefix,3,0,44,44,0.30985915492957744,1.0,1,0.0,1
breast_cancer,1,4,540,1,4,mass_budget_prefix,4,0,76,76,0.5352112676056338,1.0,1,0.0,1
breast_cancer,1,4,550,1,4,mass_budget_prefix,4,0,76,76,0.5352112676056338,1.0,1,0.0,1
breast_cancer,1,8,24,0,3,mass_budget_prefix,3,0,44,44,0.30985915492957744,1.0,1,0.0,1
breast_cancer,1,8,35,0,3,mass_budget_prefix,3,0,44,44,0.30985915492957744,1.0,1,0.0,1
breast_cancer,1,8,141,1,3,mass_budget_prefix,3,0,1,1,0.007042253521126761,1.0,1,0.0,1
breast_cancer,1,8,145,1,5,mass_budget_prefix,5,0,71,71,0.5,1.0,1,0.0,1
breast_cancer,1,8,164,0,3,mass_budget_prefix,3,0,44,44,0.30985915492957744,1.0,1,0.0,1
breast_cancer,1,8,179,1,5,mass_budget_prefix,5,0,71,71,0.5,1.0,1,0.0,1
breast_cancer,1,8,186,0,4,mass_budget_prefix,4,0,1,1,0.007042253521126761,1.0,1,0.0,1
breast_cancer,1,8,216,1,5,mass_budget_prefix,5,0,71,71,0.5,1.0,1,0.0,1
breast_cancer,1,8,220,1,5,mass_budget_prefix,5,0,71,71,0.5,1.0,1,0.0,1
breast_cancer,1,8,264,0,3,mass_budget_prefix,3,0,44,44,0.30985915492957744,1.0,1,0.0,1
breast_cancer,1,8,274,0,3,mass_budget_prefix,2,1,5,4,0.035211267605633804,0.8,1,1.0,0
breast_cancer,1,8,301,1,5,mass_budget_prefix,5,0,71,71,0.5,1.0,1,0.0,1
breast_cancer,1,8,312,1,5,mass_budget_prefix,5,0,71,71,0.5,1.0,1,0.0,1
breast_cancer,1,8,334,1,5,mass_budget_prefix,5,0,71,71,0.5,1.0,1,0.0,1
breast_cancer,1,8,378,1,5,mass_budget_prefix,5,0,71,71,0.5,1.0,1,0.0,1
breast_cancer,1,8,395,1,5,mass_budget_prefix,5,0,71,71,0.5,1.0,1,0.0,1
breast_cancer,1,8,458,1,5,mass_budget_prefix,5,0,71,71,0.5,1.0,1,0.0,1
breast_cancer,1,8,535,0,3,mass_budget_prefix,3,0,44,44,0.30985915492957744,1.0,1,0.0,1
breast_cancer,1,8,540,1,5,mass_budget_prefix,5,0,71,71,0.5,1.0,1,0.0,1
breast_cancer,1,8,550,1,5,mass_budget_prefix,5,0,71,71,0.5,1.0,1,0.0,1
breast_cancer,2,4,25,0,2,mass_budget_prefix,1,1,42,42,0.29577464788732394,1.0,1,0.0,0
breast_cancer,2,4,74,1,4,mass_budget_prefix,4,0,85,85,0.5985915492957746,1.0,1,0.0,1
breast_cancer,2,4,124,1,4,mass_budget_prefix,4,0,85,85,0.5985915492957746,1.0,1,0.0,1
breast_cancer,2,4,141,0,2,mass_budget_prefix,1,1,42,42,0.29577464788732394,1.0,1,0.0,0
breast_cancer,2,4,153,1,4,mass_budget_prefix,4,0,85,85,0.5985915492957746,1.0,1,0.0,1
breast_cancer,2,4,175,1,4,mass_budget_prefix,4,0,85,85,0.5985915492957746,1.0,1,0.0,1
breast_cancer,2,4,237,0,2,mass_budget_prefix,1,1,42,42,0.29577464788732394,1.0,1,0.0,0
breast_cancer,2,4,283,0,2,mass_budget_prefix,1,1,42,42,0.29577464788732394,1.0,1,0.0,0
breast_cancer,2,4,288,1,4,mass_budget_prefix,4,0,6,6,0.04225352112676056,1.0,1,0.0,1
breast_cancer,2,4,317,0,2,mass_budget_prefix,1,1,42,42,0.29577464788732394,1.0,1,0.0,0
breast_cancer,2,4,398,1,4,mass_budget_prefix,4,0,85,85,0.5985915492957746,1.0,1,0.0,1
breast_cancer,2,4,415,1,4,mass_budget_prefix,4,0,85,85,0.5985915492957746,1.0,1,0.0,1
breast_cancer,2,4,435,0,3,mass_budget_prefix,3,0,9,9,0.06338028169014084,1.0,1,0.0,1
breast_cancer,2,4,459,1,4,mass_budget_prefix,4,0,85,85,0.5985915492957746,1.0,1,0.0,1
breast_cancer,2,4,468,0,2,mass_budget_prefix,1,1,42,42,0.29577464788732394,1.0,1,0.0,0
breast_cancer,2,4,500,1,4,mass_budget_prefix,4,0,6,6,0.04225352112676056,1.0,1,0.0,1
breast_cancer,2,4,502,1,4,mass_budget_prefix,4,0,85,85,0.5985915492957746,1.0,1,0.0,1
breast_cancer,2,4,504,1,4,mass_budget_prefix,4,0,6,6,0.04225352112676056,1.0,1,0.0,1
breast_cancer,2,4,546,1,4,mass_budget_prefix,4,0,85,85,0.5985915492957746,1.0,1,0.0,1
breast_cancer,2,4,564,0,2,mass_budget_prefix,1,1,42,42,0.29577464788732394,1.0,1,0.0,0
breast_cancer,2,8,25,0,2,mass_budget_prefix,1,1,42,42,0.29577464788732394,1.0,1,0.0,0
breast_cancer,2,8,74,1,5,mass_budget_prefix,5,0,81,81,0.5704225352112676,1.0,1,0.0,1
breast_cancer,2,8,124,1,5,mass_budget_prefix,5,0,81,81,0.5704225352112676,1.0,1,0.0,1
breast_cancer,2,8,141,0,2,mass_budget_prefix,1,1,42,42,0.29577464788732394,1.0,1,0.0,0
breast_cancer,2,8,153,1,5,mass_budget_prefix,5,0,81,81,0.5704225352112676,1.0,1,0.0,1
breast_cancer,2,8,175,1,5,mass_budget_prefix,5,0,81,81,0.5704225352112676,1.0,1,0.0,1
breast_cancer,2,8,237,0,2,mass_budget_prefix,1,1,42,42,0.29577464788732394,1.0,1,0.0,0
breast_cancer,2,8,283,0,2,mass_budget_prefix,1,1,42,42,0.29577464788732394,1.0,1,0.0,0
breast_cancer,2,8,288,1,5,mass_budget_prefix,5,0,4,4,0.028169014084507043,1.0,1,0.0,1
breast_cancer,2,8,317,0,2,mass_budget_prefix,1,1,42,42,0.29577464788732394,1.0,1,0.0,0
breast_cancer,2,8,398,1,5,mass_budget_prefix,5,0,81,81,0.5704225352112676,1.0,1,0.0,1
breast_cancer,2,8,415,1,5,mass_budget_prefix,5,0,81,81,0.5704225352112676,1.0,1,0.0,1
breast_cancer,2,8,435,0,3,mass_budget_prefix,3,0,7,7,0.04929577464788732,1.0,1,0.0,1
breast_cancer,2,8,459,1,6,mass_budget_prefix,6,0,1,1,0.007042253521126761,1.0,1,0.0,1
breast_cancer,2,8,468,0,2,mass_budget_prefix,1,1,42,42,0.29577464788732394,1.0,1,0.0,0
breast_cancer,2,8,500,1,5,mass_budget_prefix,5,0,4,4,0.028169014084507043,1.0,1,0.0,1
breast_cancer,2,8,502,1,5,mass_budget_prefix,5,0,81,81,0.5704225352112676,1.0,1,0.0,1
breast_cancer,2,8,504,0,6,mass_budget_prefix,6,0,2,2,0.014084507042253521,1.0,1,0.0,1
breast_cancer,2,8,546,1,5,mass_budget_prefix,5,0,81,81,0.5704225352112676,1.0,1,0.0,1
breast_cancer,2,8,564,0,2,mass_budget_prefix,1,1,42,42,0.29577464788732394,1.0,1,0.0,0
breast_cancer,3,4,125,1,4,mass_budget_prefix,2,1,92,92,0.647887323943662,1.0,1,0.0,0
breast_cancer,3,4,133,0,2,mass_budget_prefix,2,0,42,42,0.29577464788732394,1.0,1,0.0,1
breast_cancer,3,4,171,0,2,mass_budget_prefix,2,0,42,42,0.29577464788732394,1.0,1,0.0,1
breast_cancer,3,4,181,0,2,mass_budget_prefix,2,0,42,42,0.29577464788732394,1.0,1,0.0,1
breast_cancer,3,4,185,1,4,mass_budget_prefix,2,1,92,92,0.647887323943662,1.0,1,0.0,0
breast_cancer,3,4,186,0,2,mass_budget_prefix,2,0,42,42,0.29577464788732394,1.0,1,0.0,1
breast_cancer,3,4,210,0,2,mass_budget_prefix,2,0,42,42,0.29577464788732394,1.0,1,0.0,1
breast_cancer,3,4,331,1,4,mass_budget_prefix,2,1,92,92,0.647887323943662,1.0,1,0.0,0
breast_cancer,3,4,342,1,4,mass_budget_prefix,2,1,92,92,0.647887323943662,1.0,1,0.0,0
breast_cancer,3,4,392,0,2,mass_budget_prefix,2,0,42,42,0.29577464788732394,1.0,1,0.0,1
breast_cancer,3,4,444,0,2,mass_budget_prefix,2,0,42,42,0.29577464788732394,1.0,1,0.0,1
breast_cancer,3,4,466,1,4,mass_budget_prefix,2,1,92,92,0.647887323943662,1.0,1,0.0,0
breast_cancer,3,4,467,1,4,mass_budget_prefix,2,1,92,92,0.647887323943662,1.0,1,0.0,0
breast_cancer,3,4,504,1,4,mass_budget_prefix,2,1,92,92,0.647887323943662,1.0,1,0.0,0
breast_cancer,3,4,508,1,2,mass_budget_prefix,2,0,2,2,0.014084507042253521,1.0,1,0.0,1
breast_cancer,3,4,513,1,4,mass_budget_prefix,2,1,92,92,0.647887323943662,1.0,1,0.0,0
breast_cancer,3,4,529,1,4,mass_budget_prefix,2,1,92,92,0.647887323943662,1.0,1,0.0,0
breast_cancer,3,4,553,1,4,mass_budget_prefix,2,1,92,92,0.647887323943662,1.0,1,0.0,0
breast_cancer,3,4,563,0,2,mass_budget_prefix,2,0,42,42,0.29577464788732394,1.0,1,0.0,1
breast_cancer,3,4,566,0,2,mass_budget_prefix,2,0,42,42,0.29577464788732394,1.0,1,0.0,1
breast_cancer,3,8,125,1,6,mass_budget_prefix,6,0,73,73,0.5140845070422535,1.0,1,0.0,1
breast_cancer,3,8,133,0,2,mass_budget_prefix,1,1,44,44,0.30985915492957744,1.0,1,0.0,0
breast_cancer,3,8,171,0,2,mass_budget_prefix,1,1,44,44,0.30985915492957744,1.0,1,0.0,0
breast_cancer,3,8,181,0,2,mass_budget_prefix,1,1,44,44,0.30985915492957744,1.0,1,0.0,0
breast_cancer,3,8,185,1,6,mass_budget_prefix,6,0,73,73,0.5140845070422535,1.0,1,0.0,1
breast_cancer,3,8,186,0,2,mass_budget_prefix,1,1,44,44,0.30985915492957744,1.0,1,0.0,0
breast_cancer,3,8,210,0,2,mass_budget_prefix,1,1,44,44,0.30985915492957744,1.0,1,0.0,0
breast_cancer,3,8,331,1,6,mass_budget_prefix,6,0,73,73,0.5140845070422535,1.0,1,0.0,1
breast_cancer,3,8,342,1,6,mass_budget_prefix,6,0,73,73,0.5140845070422535,1.0,1,0.0,1
breast_cancer,3,8,392,0,2,mass_budget_prefix,1,1,44,44,0.30985915492957744,1.0,1,0.0,0
breast_cancer,3,8,444,0,2,mass_budget_prefix,1,1,44,44,0.30985915492957744,1.0,1,0.0,0
breast_cancer,3,8,466,1,6,mass_budget_prefix,6,0,73,73,0.5140845070422535,1.0,1,0.0,1
breast_cancer,3,8,467,1,6,mass_budget_prefix,6,0,73,73,0.5140845070422535,1.0,1,0.0,1
breast_cancer,3,8,504,1,6,mass_budget_prefix,6,0,73,73,0.5140845070422535,1.0,1,0.0,1
breast_cancer,3,8,508,0,2,mass_budget_prefix,1,1,44,44,0.30985915492957744,1.0,1,0.0,0
breast_cancer,3,8,513,1,6,mass_budget_prefix,6,0,8,8,0.056338028169014086,1.0,1,0.0,1
breast_cancer,3,8,529,1,6,mass_budget_prefix,6,0,73,73,0.5140845070422535,1.0,1,0.0,1
breast_cancer,3,8,553,1,6,mass_budget_prefix,6,0,73,73,0.5140845070422535,1.0,1,0.0,1
breast_cancer,3,8,563,0,2,mass_budget_prefix,1,1,44,44,0.30985915492957744,1.0,1,0.0,0
breast_cancer,3,8,566,0,2,mass_budget_prefix,1,1,44,44,0.30985915492957744,1.0,1,0.0,0
breast_cancer,4,4,26,0,4,mass_budget_prefix,4,0,40,40,0.28169014084507044,1.0,1,0.0,1
breast_cancer,4,4,88,1,4,mass_budget_prefix,4,0,76,76,0.5352112676056338,1.0,1,0.0,1
breast_cancer,4,4,98,1,4,mass_budget_prefix,4,0,76,76,0.5352112676056338,1.0,1,0.0,1
breast_cancer,4,4,100,0,4,mass_budget_prefix,4,0,40,40,0.28169014084507044,1.0,1,0.0,1
breast_cancer,4,4,117,0,4,mass_budget_prefix,4,0,40,40,0.28169014084507044,1.0,1,0.0,1
breast_cancer,4,4,142,1,4,mass_budget_prefix,4,0,76,76,0.5352112676056338,1.0,1,0.0,1
breast_cancer,4,4,200,1,4,mass_budget_prefix,4,0,76,76,0.5352112676056338,1.0,1,0.0,1
breast_cancer,4,4,204,1,4,mass_budget_prefix,4,0,76,76,0.5352112676056338,1.0,1,0.0,1
breast_cancer,4,4,215,1,4,mass_budget_prefix,4,0,76,76,0.5352112676056338,1.0,1,0.0,1
breast_cancer,4,4,265,0,4,mass_budget_prefix,4,0,40,40,0.28169014084507044,1.0,1,0.0,1
breast_cancer,4,4,266,1,4,mass_budget_prefix,4,0,76,76,0.5352112676056338,1.0,1,0.0,1
breast_cancer,4,4,287,1,4,mass_budget_prefix,4,0,76,76,0.5352112676056338,1.0,1,0.0,1
breast_cancer,4,4,327,1,4,mass_budget_prefix,4,0,76,76,0.5352112676056338,1.0,1,0.0,1
breast_cancer,4,4,366,0,4,mass_budget_prefix,4,0,40,40,0.28169014084507044,1.0,1,0.0,1
breast_cancer,4,4,382,1,4,mass_budget_prefix,4,0,76,76,0.5352112676056338,1.0,1,0.0,1
breast_cancer,4,4,409,1,4,mass_budget_prefix,4,0,76,76,0.5352112676056338,1.0,1,0.0,1
breast_cancer,4,4,469,1,4,mass_budget_prefix,4,0,76,76,0.5352112676056338,1.0,1,0.0,1
breast_cancer,4,4,476,1,3,mass_budget_prefix,3,0,13,13,0.09154929577464789,1.0,1,0.0,1
breast_cancer,4,4,503,0,4,mass_budget_prefix,4,0,40,40,0.28169014084507044,1.0,1,0.0,1
breast_cancer,4,4,562,0,4,mass_budget_prefix,4,0,40,40,0.28169014084507044,1.0,1,0.0,1
breast_cancer,4,8,26,0,4,mass_budget_prefix,4,0,40,40,0.28169014084507044,1.0,1,0.0,1
breast_cancer,4,8,88,1,5,mass_budget_prefix,4,1,76,75,0.5352112676056338,0.9868421052631579,1,0.0,0
breast_cancer,4,8,98,1,5,mass_budget_prefix,4,1,76,75,0.5352112676056338,0.9868421052631579,1,0.0,0
breast_cancer,4,8,100,0,4,mass_budget_prefix,4,0,40,40,0.28169014084507044,1.0,1,0.0,1
breast_cancer,4,8,117,0,4,mass_budget_prefix,4,0,40,40,0.28169014084507044,1.0,1,0.0,1
breast_cancer,4,8,142,1,5,mass_budget_prefix,4,1,76,75,0.5352112676056338,0.9868421052631579,1,0.0,0
breast_cancer,4,8,200,1,5,mass_budget_prefix,4,1,76,75,0.5352112676056338,0.9868421052631579,1,0.0,0
breast_cancer,4,8,204,1,5,mass_budget_prefix,4,1,76,75,0.5352112676056338,0.9868421052631579,1,0.0,0
breast_cancer,4,8,215,1,6,mass_budget_prefix,6,0,2,2,0.014084507042253521,1.0,1,0.0,1
breast_cancer,4,8,265,0,4,mass_budget_prefix,4,0,40,40,0.28169014084507044,1.0,1,0.0,1
breast_cancer,4,8,266,1,5,mass_budget_prefix,4,1,76,75,0.5352112676056338,0.9868421052631579,1,0.0,0
breast_cancer,4,8,287,1,5,mass_budget_prefix,4,1,76,75,0.5352112676056338,0.9868421052631579,1,0.0,0
breast_cancer,4,8,327,1,5,mass_budget_prefix,4,1,76,75,0.5352112676056338,0.9868421052631579,1,0.0,0
breast_cancer,4,8,366,0,4,mass_budget_prefix,4,0,40,40,0.28169014084507044,1.0,1,0.0,1
breast_cancer,4,8,382,1,5,mass_budget_prefix,4,1,76,75,0.5352112676056338,0.9868421052631579,1,0.0,0
breast_cancer,4,8,409,1,5,mass_budget_prefix,4,1,76,75,0.5352112676056338,0.9868421052631579,1,0.0,0
breast_cancer,4,8,469,1,6,mass_budget_prefix,6,0,2,2,0.014084507042253521,1.0,1,0.0,1
breast_cancer,4,8,476,1,3,mass_budget_prefix,3,0,11,11,0.07746478873239436,1.0,1,0.0,1
breast_cancer,4,8,503,0,4,mass_budget_prefix,4,0,40,40,0.28169014084507044,1.0,1,0.0,1
breast_cancer,4,8,562,0,4,mass_budget_prefix,4,0,40,40,0.28169014084507044,1.0,1,0.0,1
breast_cancer,5,4,15,0,3,mass_budget_prefix,3,0,44,44,0.30985915492957744,1.0,1,0.0,1
breast_cancer,5,4,24,0,3,mass_budget_prefix,3,0,44,44,0.30985915492957744,1.0,1,0.0,1
breast_cancer,5,4,30,0,3,mass_budget_prefix,3,0,44,44,0.30985915492957744,1.0,1,0.0,1
breast_cancer,5,4,44,0,3,mass_budget_prefix,3,0,2,2,0.014084507042253521,1.0,1,0.0,1
breast_cancer,5,4,55,1,4,mass_budget_prefix,2,1,84,84,0.5915492957746479,1.0,1,0.0,0
breast_cancer,5,4,61,1,4,mass_budget_prefix,2,1,84,84,0.5915492957746479,1.0,1,0.0,0
breast_cancer,5,4,79,1,4,mass_budget_prefix,2,1,84,84,0.5915492957746479,1.0,1,0.0,0
breast_cancer,5,4,106,1,4,mass_budget_prefix,2,1,84,84,0.5915492957746479,1.0,1,0.0,0
breast_cancer,5,4,108,0,3,mass_budget_prefix,3,0,44,44,0.30985915492957744,1.0,1,0.0,1
breast_cancer,5,4,109,1,4,mass_budget_prefix,2,1,84,84,0.5915492957746479,1.0,1,0.0,0
breast_cancer,5,4,180,0,3,mass_budget_prefix,3,0,44,44,0.30985915492957744,1.0,1,0.0,1
breast_cancer,5,4,190,0,3,mass_budget_prefix,3,0,2,2,0.014084507042253521,1.0,1,0.0,1
breast_cancer,5,4,277,0,3,mass_budget_prefix,3,0,44,44,0.30985915492957744,1.0,1,0.0,1
breast_cancer,5,4,350,1,4,mass_budget_prefix,2,1,84,84,0.5915492957746479,1.0,1,0.0,0
breast_cancer,5,4,358,1,4,mass_budget_prefix,2,1,84,84,0.5915492957746479,1.0,1,0.0,0
breast_cancer,5,4,359,1,4,mass_budget_prefix,2,1,84,84,0.5915492957746479,1.0,1,0.0,0
breast_cancer,5,4,421,1,3,mass_budget_prefix,3,0,4,4,0.028169014084507043,1.0,1,0.0,1
breast_cancer,5,4,465,0,4,mass_budget_prefix,4,0,4,4,0.028169014084507043,1.0,1,0.0,1
breast_cancer,5,4,544,1,4,mass_budget_prefix,2,1,84,84,0.5915492957746479,1.0,1,0.0,0
breast_cancer,5,4,546,1,4,mass_budget_prefix,2,1,84,84,0.5915492957746479,1.0,1,0.0,0
breast_cancer,5,8,15,0,3,mass_budget_prefix,3,0,44,44,0.30985915492957744,1.0,1,0.0,1
breast_cancer,5,8,24,0,3,mass_budget_prefix,3,0,44,44,0.30985915492957744,1.0,1,0.0,1
breast_cancer,5,8,30,0,3,mass_budget_prefix,3,0,44,44,0.30985915492957744,1.0,1,0.0,1
breast_cancer,5,8,44,0,3,mass_budget_prefix,3,0,2,2,0.014084507042253521,1.0,1,0.0,1
breast_cancer,5,8,55,1,5,mass_budget_prefix,5,0,77,77,0.5422535211267606,1.0,1,0.0,1
breast_cancer,5,8,61,1,5,mass_budget_prefix,5,0,77,77,0.5422535211267606,1.0,1,0.0,1
breast_cancer,5,8,79,1,5,mass_budget_prefix,5,0,77,77,0.5422535211267606,1.0,1,0.0,1
breast_cancer,5,8,106,1,5,mass_budget_prefix,5,0,77,77,0.5422535211267606,1.0,1,0.0,1
breast_cancer,5,8,108,0,3,mass_budget_prefix,3,0,44,44,0.30985915492957744,1.0,1,0.0,1
breast_cancer,5,8,109,1,5,mass_budget_prefix,5,0,77,77,0.5422535211267606,1.0,1,0.0,1
breast_cancer,5,8,180,0,3,mass_budget_prefix,3,0,44,44,0.30985915492957744,1.0,1,0.0,1
breast_cancer,5,8,190,0,3,mass_budget_prefix,3,0,2,2,0.014084507042253521,1.0,1,0.0,1
breast_cancer,5,8,277,0,3,mass_budget_prefix,3,0,44,44,0.30985915492957744,1.0,1,0.0,1
breast_cancer,5,8,350,1,5,mass_budget_prefix,5,0,77,77,0.5422535211267606,1.0,1,0.0,1
breast_cancer,5,8,358,1,5,mass_budget_prefix,5,0,77,77,0.5422535211267606,1.0,1,0.0,1
breast_cancer,5,8,359,1,5,mass_budget_prefix,5,0,77,77,0.5422535211267606,1.0,1,0.0,1
breast_cancer,5,8,421,1,3,mass_budget_prefix,3,0,3,3,0.02112676056338028,1.0,1,0.0,1
breast_cancer,5,8,465,0,4,mass_budget_prefix,4,0,4,4,0.028169014084507043,1.0,1,0.0,1
breast_cancer,5,8,544,1,5,mass_budget_prefix,5,0,77,77,0.5422535211267606,1.0,1,0.0,1
breast_cancer,5,8,546,1,5,mass_budget_prefix,5,0,77,77,0.5422535211267606,1.0,1,0.0,1
breast_cancer,6,4,66,1,4,mass_budget_prefix,2,1,85,84,0.5985915492957746,0.9882352941176471,1,0.0,0
breast_cancer,6,4,82,0,4,mass_budget_prefix,4,0,45,45,0.31690140845070425,1.0,1,0.0,1
breast_cancer,6,4,109,1,4,mass_budget_prefix,2,1,85,84,0.5985915492957746,0.9882352941176471,1,0.0,0
breast_cancer,6,4,152,1,3,mass_budget_prefix,3,0,6,6,0.04225352112676056,1.0,1,0.0,1
breast_cancer,6,4,157,0,3,mass_budget_prefix,3,0,1,1,0.007042253521126761,1.0,1,0.0,1
breast_cancer,6,4,184,0,3,mass_budget_prefix,3,0,1,1,0.007042253521126761,1.0,1,0.0,1
breast_cancer,6,4,209,1,4,mass_budget_prefix,4,0,2,2,0.014084507042253521,1.0,1,0.0,1
breast_cancer,6,4,220,1,4,mass_budget_prefix,2,1,85,84,0.5985915492957746,0.9882352941176471,1,0.0,0
breast_cancer,6,4,225,0,3,mass_budget_prefix,3,0,1,1,0.007042253521126761,1.0,1,0.0,1
breast_cancer,6,4,231,1,4,mass_budget_prefix,2,1,85,84,0.5985915492957746,0.9882352941176471,1,0.0,0
breast_cancer,6,4,259,0,4,mass_budget_prefix,4,0,45,45,0.31690140845070425,1.0,1,0.0,1
breast_cancer,6,4,265,0,4,mass_budget_prefix,4,0,45,45,0.31690140845070425,1.0,1,0.0,1
breast_cancer,6,4,366,0,4,mass_budget_prefix,4,0,45,45,0.31690140845070425,1.0,1,0.0,1
breast_cancer,6,4,388,1,4,mass_budget_prefix,2,1,85,84,0.5985915492957746,0.9882352941176471,1,0.0,0
breast_cancer,6,4,412,1,4,mass_budget_prefix,2,1,85,84,0.5985915492957746,0.9882352941176471,1,0.0,0
breast_cancer,6,4,487,0,4,mass_budget_prefix,4,0,45,45,0.31690140845070425,1.0,1,0.0,1
breast_cancer,6,4,499,0,4,mass_budget_prefix,4,0,45,45,0.31690140845070425,1.0,1,0.0,1
breast_cancer,6,4,529,1,4,mass_budget_prefix,2,1,85,84,0.5985915492957746,0.9882352941176471,1,0.0,0
breast_cancer,6,4,547,1,4,mass_budget_prefix,2,1,85,84,0.5985915492957746,0.9882352941176471,1,0.0,0
breast_cancer,6,4,564,0,4,mass_budget_prefix,4,0,45,45,0.31690140845070425,1.0,1,0.0,1
breast_cancer,6,8,66,1,4,mass_budget_prefix,2,1,85,82,0.5985915492957746,0.9647058823529412,1,0.0,0
breast_cancer,6,8,82,0,4,mass_budget_prefix,4,0,45,45,0.31690140845070425,1.0,1,0.0,1
breast_cancer,6,8,109,1,4,mass_budget_prefix,2,1,85,82,0.5985915492957746,0.9647058823529412,1,0.0,0
breast_cancer,6,8,152,1,3,mass_budget_prefix,2,1,6,5,0.04225352112676056,0.8333333333333334,1,1.0,0
breast_cancer,6,8,157,0,3,mass_budget_prefix,3,0,2,2,0.014084507042253521,1.0,1,0.0,1
breast_cancer,6,8,184,0,3,mass_budget_prefix,3,0,2,2,0.014084507042253521,1.0,1,0.0,1
breast_cancer,6,8,209,1,5,mass_budget_prefix,5,0,0,0,0.0,,0,,1
breast_cancer,6,8,220,1,4,mass_budget_prefix,2,1,85,82,0.5985915492957746,0.9647058823529412,1,0.0,0
breast_cancer,6,8,225,0,3,mass_budget_prefix,3,0,1,1,0.007042253521126761,1.0,1,0.0,1
breast_cancer,6,8,231,1,4,mass_budget_prefix,2,1,85,82,0.5985915492957746,0.9647058823529412,1,0.0,0
breast_cancer,6,8,259,0,4,mass_budget_prefix,4,0,45,45,0.31690140845070425,1.0,1,0.0,1
breast_cancer,6,8,265,0,4,mass_budget_prefix,4,0,45,45,0.31690140845070425,1.0,1,0.0,1
breast_cancer,6,8,366,0,4,mass_budget_prefix,4,0,45,45,0.31690140845070425,1.0,1,0.0,1
breast_cancer,6,8,388,1,4,mass_budget_prefix,2,1,85,82,0.5985915492957746,0.9647058823529412,1,0.0,0
breast_cancer,6,8,412,1,4,mass_budget_prefix,2,1,85,82,0.5985915492957746,0.9647058823529412,1,0.0,0
breast_cancer,6,8,487,0,4,mass_budget_prefix,4,0,45,45,0.31690140845070425,1.0,1,0.0,1
breast_cancer,6,8,499,0,4,mass_budget_prefix,4,0,45,45,0.31690140845070425,1.0,1,0.0,1
breast_cancer,6,8,529,1,4,mass_budget_prefix,2,1,85,82,0.5985915492957746,0.9647058823529412,1,0.0,0
breast_cancer,6,8,547,1,4,mass_budget_prefix,2,1,85,82,0.5985915492957746,0.9647058823529412,1,0.0,0
breast_cancer,6,8,564,0,4,mass_budget_prefix,4,0,45,45,0.31690140845070425,1.0,1,0.0,1
breast_cancer,7,4,19,1,4,mass_budget_prefix,2,1,82,80,0.5774647887323944,0.975609756097561,1,0.0,0
breast_cancer,7,4,61,1,4,mass_budget_prefix,2,1,82,80,0.5774647887323944,0.975609756097561,1,0.0,0
breast_cancer,7,4,107,1,4,mass_budget_prefix,2,1,82,80,0.5774647887323944,0.975609756097561,1,0.0,0
breast_cancer,7,4,198,0,4,mass_budget_prefix,4,0,43,43,0.3028169014084507,1.0,1,0.0,1
breast_cancer,7,4,209,1,2,mass_budget_prefix,2,0,4,4,0.028169014084507043,1.0,1,0.0,1
breast_cancer,7,4,213,0,4,mass_budget_prefix,4,0,43,43,0.3028169014084507,1.0,1,0.0,1
breast_cancer,7,4,232,1,4,mass_budget_prefix,2,1,82,80,0.5774647887323944,0.975609756097561,1,0.0,0
breast_cancer,7,4,264,0,4,mass_budget_prefix,4,0,43,43,0.3028169014084507,1.0,1,0.0,1
breast_cancer,7,4,280,0,4,mass_budget_prefix,4,0,43,43,0.3028169014084507,1.0,1,0.0,1
breast_cancer,7,4,322,1,4,mass_budget_prefix,2,1,82,80,0.5774647887323944,0.975609756097561,1,0.0,0
breast_cancer,7,4,373,0,4,mass_budget_prefix,4,0,43,43,0.3028169014084507,1.0,1,0.0,1
breast_cancer,7,4,377,1,4,mass_budget_prefix,2,1,82,80,0.5774647887323944,0.975609756097561,1,0.0,0
breast_cancer,7,4,389,0,4,mass_budget_prefix,4,0,43,43,0.3028169014084507,1.0,1,0.0,1
breast_cancer,7,4,421,0,4,mass_budget_prefix,4,0,0,0,0.0,,0,,1
breast_cancer,7,4,460,0,4,mass_budget_prefix,4,0,43,43,0.3028169014084507,1.0,1,0.0,1
breast_cancer,7,4,465,0,4,mass_budget_prefix,4,0,5,5,0.035211267605633804,1.0,1,0.0,1
breast_cancer,7,4,485,0,4,mass_budget_prefix,4,0,2,2,0.014084507042253521,1.0,1,0.0,1
breast_cancer,7,4,503,0,4,mass_budget_prefix,4,0,43,43,0.3028169014084507,1.0,1,0.0,1
breast_cancer,7,4,544,1,4,mass_budget_prefix,2,1,82,80,0.5774647887323944,0.975609756097561,1,0.0,0
breast_cancer,7,4,551,1,4,mass_budget_prefix,2,1,82,80,0.5774647887323944,0.975609756097561,1,0.0,0
breast_cancer,7,8,19,1,5,mass_budget_prefix,3,1,82,81,0.5774647887323944,0.9878048780487805,1,0.0,0
breast_cancer,7,8,61,1,5,mass_budget_prefix,3,1,82,81,0.5774647887323944,0.9878048780487805,1,0.0,0
breast_cancer,7,8,107,1,5,mass_budget_prefix,3,1,82,81,0.5774647887323944,0.9878048780487805,1,0.0,0
breast_cancer,7,8,198,0,4,mass_budget_prefix,4,0,43,43,0.3028169014084507,1.0,1,0.0,1
breast_cancer,7,8,209,1,2,mass_budget_prefix,2,0,4,4,0.028169014084507043,1.0,1,0.0,1
breast_cancer,7,8,213,0,4,mass_budget_prefix,4,0,43,43,0.3028169014084507,1.0,1,0.0,1
breast_cancer,7,8,232,1,5,mass_budget_prefix,3,1,82,81,0.5774647887323944,0.9878048780487805,1,0.0,0
breast_cancer,7,8,264,0,4,mass_budget_prefix,4,0,43,43,0.3028169014084507,1.0,1,0.0,1
breast_cancer,7,8,280,0,4,mass_budget_prefix,4,0,43,43,0.3028169014084507,1.0,1,0.0,1
breast_cancer,7,8,322,1,5,mass_budget_prefix,3,1,82,81,0.5774647887323944,0.9878048780487805,1,0.0,0
breast_cancer,7,8,373,0,4,mass_budget_prefix,4,0,43,43,0.3028169014084507,1.0,1,0.0,1
breast_cancer,7,8,377,1,5,mass_budget_prefix,3,1,82,81,0.5774647887323944,0.9878048780487805,1,0.0,0
breast_cancer,7,8,389,0,4,mass_budget_prefix,4,0,43,43,0.3028169014084507,1.0,1,0.0,1
breast_cancer,7,8,421,0,4,mass_budget_prefix,4,0,0,0,0.0,,0,,1
breast_cancer,7,8,460,0,4,mass_budget_prefix,4,0,43,43,0.3028169014084507,1.0,1,0.0,1
breast_cancer,7,8,465,0,5,mass_budget_prefix,5,0,4,4,0.028169014084507043,1.0,1,0.0,1
breast_cancer,7,8,485,1,5,mass_budget_prefix,5,0,2,2,0.014084507042253521,1.0,1,0.0,1
breast_cancer,7,8,503,0,4,mass_budget_prefix,4,0,43,43,0.3028169014084507,1.0,1,0.0,1
breast_cancer,7,8,544,1,5,mass_budget_prefix,3,1,82,81,0.5774647887323944,0.9878048780487805,1,0.0,0
breast_cancer,7,8,551,1,5,mass_budget_prefix,3,1,82,81,0.5774647887323944,0.9878048780487805,1,0.0,0
breast_cancer,8,4,10,0,3,mass_budget_prefix,3,0,5,5,0.035211267605633804,1.0,1,0.0,1
breast_cancer,8,4,31,0,2,mass_budget_prefix,2,0,41,41,0.2887323943661972,1.0,1,0.0,1
breast_cancer,8,4,43,0,2,mass_budget_prefix,2,0,41,41,0.2887323943661972,1.0,1,0.0,1
breast_cancer,8,4,51,1,4,mass_budget_prefix,2,1,88,85,0.6197183098591549,0.9659090909090909,1,0.0,0
breast_cancer,8,4,87,0,2,mass_budget_prefix,2,0,41,41,0.2887323943661972,1.0,1,0.0,1
breast_cancer,8,4,93,1,4,mass_budget_prefix,2,1,88,85,0.6197183098591549,0.9659090909090909,1,0.0,0
breast_cancer,8,4,94,0,2,mass_budget_prefix,2,0,41,41,0.2887323943661972,1.0,1,0.0,1
breast_cancer,8,4,124,1,4,mass_budget_prefix,2,1,88,85,0.6197183098591549,0.9659090909090909,1,0.0,0
breast_cancer,8,4,149,1,4,mass_budget_prefix,2,1,88,85,0.6197183098591549,0.9659090909090909,1,0.0,0
breast_cancer,8,4,167,0,2,mass_budget_prefix,2,0,41,41,0.2887323943661972,1.0,1,0.0,1
breast_cancer,8,4,244,0,2,mass_budget_prefix,2,0,41,41,0.2887323943661972,1.0,1,0.0,1
breast_cancer,8,4,276,1,4,mass_budget_prefix,2,1,88,85,0.6197183098591549,0.9659090909090909,1,0.0,0
breast_cancer,8,4,281,1,4,mass_budget_prefix,2,1,88,85,0.6197183098591549,0.9659090909090909,1,0.0,0
breast_cancer,8,4,308,1,4,mass_budget_prefix,2,1,88,85,0.6197183098591549,0.9659090909090909,1,0.0,0
breast_cancer,8,4,323,0,2,mass_budget_prefix,2,0,41,41,0.2887323943661972,1.0,1,0.0,1
breast_cancer,8,4,326,1,4,mass_budget_prefix,2,1,88,85,0.6197183098591549,0.9659090909090909,1,0.0,0
breast_cancer,8,4,336,1,4,mass_budget_prefix,2,1,88,85,0.6197183098591549,0.9659090909090909,1,0.0,0
breast_cancer,8,4,416,1,4,mass_budget_prefix,2,1,88,85,0.6197183098591549,0.9659090909090909,1,0.0,0
breast_cancer,8,4,510,1,4,mass_budget_prefix,2,1,88,85,0.6197183098591549,0.9659090909090909,1,0.0,0
breast_cancer,8,4,529,1,4,mass_budget_prefix,2,1,88,85,0.6197183098591549,0.9659090909090909,1,0.0,0
breast_cancer,8,8,10,0,3,mass_budget_prefix,3,0,4,4,0.028169014084507043,1.0,1,0.0,1
breast_cancer,8,8,31,0,2,mass_budget_prefix,2,0,41,41,0.2887323943661972,1.0,1,0.0,1
breast_cancer,8,8,43,0,2,mass_budget_prefix,2,0,41,41,0.2887323943661972,1.0,1,0.0,1
breast_cancer,8,8,51,1,5,mass_budget_prefix,5,0,82,82,0.5774647887323944,1.0,1,0.0,1
breast_cancer,8,8,87,0,2,mass_budget_prefix,2,0,41,41,0.2887323943661972,1.0,1,0.0,1
breast_cancer,8,8,93,1,5,mass_budget_prefix,5,0,82,82,0.5774647887323944,1.0,1,0.0,1
breast_cancer,8,8,94,0,2,mass_budget_prefix,2,0,41,41,0.2887323943661972,1.0,1,0.0,1
breast_cancer,8,8,124,1,5,mass_budget_prefix,5,0,82,82,0.5774647887323944,1.0,1,0.0,1
breast_cancer,8,8,149,1,5,mass_budget_prefix,5,0,82,82,0.5774647887323944,1.0,1,0.0,1
breast_cancer,8,8,167,0,2,mass_budget_prefix,2,0,41,41,0.2887323943661972,1.0,1,0.0,1
breast_cancer,8,8,244,0,2,mass_budget_prefix,2,0,41,41,0.2887323943661972,1.0,1,0.0,1
breast_cancer,8,8,276,1,5,mass_budget_prefix,5,0,82,82,0.5774647887323944,1.0,1,0.0,1
breast_cancer,8,8,281,1,5,mass_budget_prefix,5,0,82,82,0.5774647887323944,1.0,1,0.0,1
breast_cancer,8,8,308,1,5,mass_budget_prefix,5,0,82,82,0.5774647887323944,1.0,1,0.0,1
breast_cancer,8,8,323,0,2,mass_budget_prefix,2,0,41,41,0.2887323943661972,1.0,1,0.0,1
breast_cancer,8,8,326,1,5,mass_budget_prefix,5,0,82,82,0.5774647887323944,1.0,1,0.0,1
breast_cancer,8,8,336,1,5,mass_budget_prefix,5,0,82,82,0.5774647887323944,1.0,1,0.0,1
breast_cancer,8,8,416,1,5,mass_budget_prefix,5,0,82,82,0.5774647887323944,1.0,1,0.0,1
breast_cancer,8,8,510,1,5,mass_budget_prefix,5,0,82,82,0.5774647887323944,1.0,1,0.0,1
breast_cancer,8,8,529,1,5,mass_budget_prefix,5,0,82,82,0.5774647887323944,1.0,1,0.0,1
breast_cancer,9,4,83,0,4,mass_budget_prefix,4,0,45,45,0.31690140845070425,1.0,1,0.0,1
breast_cancer,9,4,88,1,4,mass_budget_prefix,3,1,84,84,0.5915492957746479,1.0,1,0.0,1
breast_cancer,9,4,119,0,4,mass_budget_prefix,4,0,45,45,0.31690140845070425,1.0,1,0.0,1
breast_cancer,9,4,158,1,4,mass_budget_prefix,3,1,84,84,0.5915492957746479,1.0,1,0.0,1
breast_cancer,9,4,169,1,4,mass_budget_prefix,3,1,84,84,0.5915492957746479,1.0,1,0.0,1
breast_cancer,9,4,198,0,4,mass_budget_prefix,4,0,45,45,0.31690140845070425,1.0,1,0.0,1
breast_cancer,9,4,210,0,4,mass_budget_prefix,4,0,45,45,0.31690140845070425,1.0,1,0.0,1
breast_cancer,9,4,255,0,4,mass_budget_prefix,4,0,45,45,0.31690140845070425,1.0,1,0.0,1
breast_cancer,9,4,283,0,4,mass_budget_prefix,4,0,45,45,0.31690140845070425,1.0,1,0.0,1
breast_cancer,9,4,293,1,4,mass_budget_prefix,3,1,84,84,0.5915492957746479,1.0,1,0.0,1
breast_cancer,9,4,315,1,4,mass_budget_prefix,3,1,84,84,0.5915492957746479,1.0,1,0.0,1
breast_cancer,9,4,320,1,4,mass_budget_prefix,3,1,84,84,0.5915492957746479,1.0,1,0.0,1
breast_cancer,9,4,331,1,4,mass_budget_prefix,3,1,84,84,0.5915492957746479,1.0,1,0.0,1
breast_cancer,9,4,388,1,4,mass_budget_prefix,3,1,84,84,0.5915492957746479,1.0,1,0.0,1
breast_cancer,9,4,409,1,4,mass_budget_prefix,3,1,84,84,0.5915492957746479,1.0,1,0.0,1
breast_cancer,9,4,410,1,4,mass_budget_prefix,3,1,84,84,0.5915492957746479,1.0,1,0.0,1
breast_cancer,9,4,414,1,3,mass_budget_prefix,3,0,1,1,0.007042253521126761,1.0,1,0.0,1
breast_cancer,9,4,449,0,4,mass_budget_prefix,4,0,45,45,0.31690140845070425,1.0,1,0.0,1
breast_cancer,9,4,484,0,4,mass_budget_prefix,4,0,2,2,0.014084507042253521,1.0,1,0.0,1
breast_cancer,9,4,513,1,3,mass_budget_prefix,3,0,1,1,0.007042253521126761,1.0,1,0.0,1
breast_cancer,9,8,83,0,4,mass_budget_prefix,4,0,46,46,0.323943661971831,1.0,1,0.0,1
breast_cancer,9,8,88,1,5,mass_budget_prefix,5,0,74,74,0.5211267605633803,1.0,1,0.0,1
breast_cancer,9,8,119,0,4,mass_budget_prefix,4,0,46,46,0.323943661971831,1.0,1,0.0,1
breast_cancer,9,8,158,1,5,mass_budget_prefix,5,0,74,74,0.5211267605633803,1.0,1,0.0,1
breast_cancer,9,8,169,0,6,mass_budget_prefix,6,0,4,4,0.028169014084507043,1.0,1,0.0,1
breast_cancer,9,8,198,0,4,mass_budget_prefix,4,0,46,46,0.323943661971831,1.0,1,0.0,1
breast_cancer,9,8,210,0,4,mass_budget_prefix,4,0,46,46,0.323943661971831,1.0,1,0.0,1
breast_cancer,9,8,255,0,4,mass_budget_prefix,4,0,46,46,0.323943661971831,1.0,1,0.0,1
breast_cancer,9,8,283,0,4,mass_budget_prefix,4,0,46,46,0.323943661971831,1.0,1,0.0,1
breast_cancer,9,8,293,1,5,mass_budget_prefix,5,0,74,74,0.5211267605633803,1.0,1,0.0,1
breast_cancer,9,8,315,1,5,mass_budget_prefix,5,0,74,74,0.5211267605633803,1.0,1,0.0,1
breast_cancer,9,8,320,1,5,mass_budget_prefix,5,0,74,74,0.5211267605633803,1.0,1,0.0,1
breast_cancer,9,8,331,1,5,mass_budget_prefix,5,0,74,74,0.5211267605633803,1.0,1,0.0,1
breast_cancer,9,8,388,1,5,mass_budget_prefix,5,0,74,74,0.5211267605633803,1.0,1,0.0,1
breast_cancer,9,8,409,1,5,mass_budget_prefix,5,0,74,74,0.5211267605633803,1.0,1,0.0,1
breast_cancer,9,8,410,1,5,mass_budget_prefix,5,0,74,74,0.5211267605633803,1.0,1,0.0,1
breast_cancer,9,8,414,1,3,mass_budget_prefix,3,0,1,1,0.007042253521126761,1.0,1,0.0,1
breast_cancer,9,8,449,0,4,mass_budget_prefix,4,0,46,46,0.323943661971831,1.0,1,0.0,1
breast_cancer,9,8,484,0,4,mass_budget_prefix,4,0,2,2,0.014084507042253521,1.0,1,0.0,1
breast_cancer,9,8,513,1,3,mass_budget_prefix,3,0,1,1,0.007042253521126761,1.0,1,0.0,1
digits-35,0,4,1,1,3,mass_budget_prefix,3,0,2,2,0.02197802197802198,1.0,1,0.0,1
digits-35,0,4,14,1,3,mass_budget_prefix,2,1,50,48,0.5494505494505495,0.96,1,0.0,0
digits-35,0,4,105,1,3,mass_budget_prefix,2,1,50,48,0.5494505494505495,0.96,1,0.0,0
digits-35,0,4,134,0,2,mass_budget_prefix,1,1,39,37,0.42857142857142855,0.9487179487179487,1,1.0,0
digits-35,0,4,136,0,2,mass_budget_prefix,1,1,39,37,0.42857142857142855,0.9487179487179487,1,1.0,0
digits-35,0,4,145,1,3,mass_budget_prefix,2,1,50,48,0.5494505494505495,0.96,1,0.0,0
digits-35,0,4,166,1,3,mass_budget_prefix,2,1,50,48,0.5494505494505495,0.96,1,0.0,0
digits-35,0,4,189,0,2,mass_budget_prefix,1,1,39,37,0.42857142857142855,0.9487179487179487,1,1.0,0
digits-35,0,4,206,0,2,mass_budget_prefix,1,1,39,37,0.42857142857142855,0.9487179487179487,1,1.0,0
digits-35,0,4,216,0,2,mass_budget_prefix,1,1,39,37,0.42857142857142855,0.9487179487179487,1,1.0,0
digits-35,0,4,217,0,2,mass_budget_prefix,1,1,39,37,0.42857142857142855,0.9487179487179487,1,1.0,0
digits-35,0,4,221,1,3,mass_budget_prefix,2,1,50,48,0.5494505494505495,0.96,1,0.0,0
digits-35,0,4,223,1,3,mass_budget_prefix,2,1,50,48,0.5494505494505495,0.96,1,0.0,0
digits-35,0,4,237,1,3,mass_budget_prefix,2,1,50,48,0.5494505494505495,0.96,1,0.0,0
digits-35,0,4,241,0,2,mass_budget_prefix,1,1,39,37,0.42857142857142855,0.9487179487179487,1,1.0,0
digits-35,0,4,321,0,2,mass_budget_prefix,1,1,39,37,0.42857142857142855,0.9487179487179487,1,1.0,0
digits-35,0,4,341,1,3,mass_budget_prefix,2,1,50,48,0.5494505494505495,0.96,1,0.0,0
digits-35,0,4,343,0,2,mass_budget_prefix,1,1,39,37,0.42857142857142855,0.9487179487179487,1,1.0,0
digits-35,0,4,356,1,3,mass_budget_prefix,2,1,50,48,0.5494505494505495,0.96,1,0.0,0
digits-35,0,8,1,1,3,mass_budget_prefix,3,0,2,2,0.02197802197802198,1.0,1,0.0,1
digits-35,0,8,14,1,3,mass_budget_prefix,2,1,50,48,0.5494505494505495,0.96,1,0.0,0
digits-35,0,8,105,1,3,mass_budget_prefix,2,1,50,48,0.5494505494505495,0.96,1,0.0,0
digits-35,0,8,134,0,2,mass_budget_prefix,1,1,39,37,0.42857142857142855,0.9487179487179487,1,1.0,0
digits-35,0,8,136,0,2,mass_budget_prefix,1,1,39,37,0.42857142857142855,0.9487179487179487,1,1.0,0
digits-35,0,8,145,1,3,mass_budget_prefix,2,1,50,48,0.5494505494505495,0.96,1,0.0,0
digits-35,0,8,166,1,3,mass_budget_prefix,2,1,50,48,0.5494505494505495,0.96,1,0.0,0
digits-35,0,8,189,0,2,mass_budget_prefix,1,1,39,37,0.42857142857142855,0.9487179487179487,1,1.0,0
digits-35,0,8,206,0,2,mass_budget_prefix,1,1,39,37,0.42857142857142855,0.9487179487179487,1,1.0,0
digits-35,0,8,216,0,2,mass_budget_prefix,1,1,39,37,0.42857142857142855,0.9487179487179487,1,1.0,0
digits-35,0,8,217,0,2,mass_budget_prefix,1,1,39,37,0.42857142857142855,0.9487179487179487,1,1.0,0
digits-35,0,8,221,1,3,mass_budget_prefix,2,1,50,48,0.5494505494505495,0.96,1,0.0,0
digits-35,0,8,223,1,3,mass_budget_prefix,2,1,50,48,0.5494505494505495,0.96,1,0.0,0
digits-35,0,8,237,1,3,mass_budget_prefix,2,1,50,48,0.5494505494505495,0.96,1,0.0,0
digits-35,0,8,241,0,2,mass_budget_prefix,1,1,39,37,0.42857142857142855,0.9487179487179487,1,1.0,0
digits-35,0,8,321,0,2,mass_budget_prefix,1,1,39,37,0.42857142857142855,0.9487179487179487,1,1.0,0
digits-35,0,8,341,1,3,mass_budget_prefix,2,1,50,48,0.5494505494505495,0.96,1,0.0,0
digits-35,0,8,343,0,2,mass_budget_prefix,1,1,39,37,0.42857142857142855,0.9487179487179487,1,1.0,0
digits-35,0,8,356,1,3,mass_budget_prefix,2,1,50,48,0.5494505494505495,0.96,1,0.0,0
digits-35,1,4,45,1,3,mass_budget_prefix,2,1,38,37,0.4175824175824176,0.9736842105263158,1,0.0,0
digits-35,1,4,50,0,1,mass_budget_prefix,1,0,49,49,0.5384615384615384,1.0,1,0.0,1
digits-35,1,4,66,1,3,mass_budget_prefix,2,1,38,37,0.4175824175824176,0.9736842105263158,1,0.0,0
digits-35,1,4,94,0,1,mass_budget_prefix,1,0,49,49,0.5384615384615384,1.0,1,0.0,1
digits-35,1,4,107,1,3,mass_budget_prefix,2,1,38,37,0.4175824175824176,0.9736842105263158,1,0.0,0
digits-35,1,4,159,1,3,mass_budget_prefix,2,1,38,37,0.4175824175824176,0.9736842105263158,1,0.0,0
digits-35,1,4,160,0,1,mass_budget_prefix,1,0,49,49,0.5384615384615384,1.0,1,0.0,1
digits-35,1,4,163,1,3,mass_budget_prefix,2,1,38,37,0.4175824175824176,0.9736842105263158,1,0.0,0
digits-35,1,4,228,1,3,mass_budget_prefix,2,1,38,37,0.4175824175824176,0.9736842105263158,1,0.0,0
digits-35,1,4,242,0,3,mass_budget_prefix,3,0,2,2,0.02197802197802198,1.0,1,0.0,1
digits-35,1,4,244,1,3,mass_budget_prefix,2,1,38,37,0.4175824175824176,0.9736842105263158,1,0.0,0
digits-35,1,4,256,0,1,mass_budget_prefix,1,0,49,49,0.5384615384615384,1.0,1,0.0,1
digits-35,1,4,266,0,1,mass_budget_prefix,1,0,49,49,0.5384615384615384,1.0,1,0.0,1
digits-35,1,4,272,1,3,mass_budget_prefix,2,1,38,37,0.4175824175824176,0.9736842105263158,1,0.0,0
digits-35,1,4,277,0,1,mass_budget_prefix,1,0,49,49,0.5384615384615384,1.0,1,0.0,1
digits-35,1,4,283,1,3,mass_budget_prefix,2,1,38,37,0.4175824175824176,0.9736842105263158,1,0.0,0
digits-35,1,4,296,1,3,mass_budget_prefix,2,1,38,37,0.4175824175824176,0.9736842105263158,1,0.0,0
digits-35,1,4,340,0,1,mass_budget_prefix,1,0,49,49,0.5384615384615384,1.0,1,0.0,1
digits-35,1,4,349,0,1,mass_budget_prefix,1,0,49,49,0.5384615384615384,1.0,1,0.0,1
digits-35,1,8,45,1,3,mass_budget_prefix,2,1,38,37,0.4175824175824176,0.9736842105263158,1,0.0,0
digits-35,1,8,50,0,1,mass_budget_prefix,1,0,49,49,0.5384615384615384,1.0,1,0.0,1
digits-35,1,8,66,1,3,mass_budget_prefix,2,1,38,37,0.4175824175824176,0.9736842105263158,1,0.0,0
digits-35,1,8,94,0,1,mass_budget_prefix,1,0,49,49,0.5384615384615384,1.0,1,0.0,1
digits-35,1,8,107,1,3,mass_budget_prefix,2,1,38,37,0.4175824175824176,0.9736842105263158,1,0.0,0
digits-35,1,8,159,1,3,mass_budget_prefix,2,1,38,37,0.4175824175824176,0.9736842105263158,1,0.0,0
digits-35,1,8,160,0,1,mass_budget_prefix,1,0,49,49,0.5384615384615384,1.0,1,0.0,1
digits-35,1,8,163,1,3,mass_budget_prefix,2,1,38,37,0.4175824175824176,0.9736842105263158,1,0.0,0
digits-35,1,8,228,1,3,mass_budget_prefix,2,1,38,37,0.4175824175824176,0.9736842105263158,1,0.0,0
digits-35,1,8,242,0,3,mass_budget_prefix,3,0,2,2,0.02197802197802198,1.0,1,0.0,1
digits-35,1,8,244,1,3,mass_budget_prefix,2,1,38,37,0.4175824175824176,0.9736842105263158,1,0.0,0
digits-35,1,8,256,0,1,mass_budget_prefix,1,0,49,49,0.5384615384615384,1.0,1,0.0,1
digits-35,1,8,266,0,1,mass_budget_prefix,1,0,49,49,0.5384615384615384,1.0,1,0.0,1
digits-35,1,8,272,1,3,mass_budget_prefix,2,1,38,37,0.4175824175824176,0.9736842105263158,1,0.0,0
digits-35,1,8,277,0,1,mass_budget_prefix,1,0,49,49,0.5384615384615384,1.0,1,0.0,1
digits-35,1,8,283,1,3,mass_budget_prefix,2,1,38,37,0.4175824175824176,0.9736842105263158,1,0.0,0
digits-35,1,8,296,1,3,mass_budget_prefix,2,1,38,37,0.4175824175824176,0.9736842105263158,1,0.0,0
digits-35,1,8,340,0,1,mass_budget_prefix,1,0,49,49,0.5384615384615384,1.0,1,0.0,1
digits-35,1,8,349,0,1,mass_budget_prefix,1,0,49,49,0.5384615384615384,1.0,1,0.0,1
digits-35,2,4,3,0,3,mass_budget_prefix,1,1,44,42,0.4835164835164835,0.9545454545454546,1,0.0,0
digits-35,2,4,27,0,3,mass_budget_prefix,1,1,44,42,0.4835164835164835,0.9545454545454546,1,0.0,0
digits-35,2,4,28,1,2,mass_budget_prefix,2,0,45,45,0.4945054945054945,1.0,1,0.0,1
digits-35,2,4,37,1,2,mass_budget_prefix,2,0,45,45,0.4945054945054945,1.0,1,0.0,1
digits-35,2,4,69,1,2,mass_budget_prefix,2,0,45,45,0.4945054945054945,1.0,1,0.0,1
digits-35,2,4,92,1,2,mass_budget_prefix,2,0,45,45,0.4945054945054945,1.0,1,0.0,1
digits-35,2,4,99,1,2,mass_budget_prefix,2,0,45,45,0.4945054945054945,1.0,1,0.0,1
digits-35,2,4,128,0,3,mass_budget_prefix,1,1,44,42,0.4835164835164835,0.9545454545454546,1,0.0,0
digits-35,2,4,141,0,3,mass_budget_prefix,1,1,44,42,0.4835164835164835,0.9545454545454546,1,0.0,0
digits-35,2,4,146,0,3,mass_budget_prefix,1,1,44,42,0.4835164835164835,0.9545454545454546,1,0.0,0
digits-35,2,4,151,1,2,mass_budget_prefix,2,0,45,45,0.4945054945054945,1.0,1,0.0,1
digits-35,2,4,192,0,3,mass_budget_prefix,3,0,2,2,0.02197802197802198,1.0,1,0.0,1
digits-35,2,4,195,1,2,mass_budget_prefix,2,0,45,45,0.4945054945054945,1.0,1,0.0,1
digits-35,2,4,224,0,3,mass_budget_prefix,1,1,44,42,0.4835164835164835,0.9545454545454546,1,0.0,0
digits-35,2,4,248,1,2,mass_budget_prefix,2,0,45,45,0.4945054945054945,1.0,1,0.0,1
digits-35,2,4,251,0,3,mass_budget_prefix,1,1,44,42,0.4835164835164835,0.9545454545454546,1,0.0,0
digits-35,2,4,271,0,3,mass_budget_prefix,1,1,44,42,0.4835164835164835,0.9545454545454546,1,0.0,0
digits-35,2,4,315,1,2,mass_budget_prefix,2,0,45,45,0.4945054945054945,1.0,1,0.0,1
digits-35,2,4,316,0,3,mass_budget_prefix,1,1,44,42,0.4835164835164835,0.9545454545454546,1,0.0,0
digits-35,2,8,3,0,3,mass_budget_prefix,1,1,44,42,0.4835164835164835,0.9545454545454546,1,0.0,0
digits-35,2,8,27,0,3,mass_budget_prefix,1,1,44,42,0.4835164835164835,0.9545454545454546,1,0.0,0
digits-35,2,8,28,1,2,mass_budget_prefix,2,0,45,45,0.4945054945054945,1.0,1,0.0,1
digits-35,2,8,37,1,2,mass_budget_prefix,2,0,45,45,0.4945054945054945,1.0,1,0.0,1
digits-35,2,8,69,1,2,mass_budget_prefix,2,0,45,45,0.4945054945054945,1.0,1,0.0,1
digits-35,2,8,92,1,2,mass_budget_prefix,2,0,45,45,0.4945054945054945,1.0,1,0.0,1
digits-35,2,8,99,1,2,mass_budget_prefix,2,0,45,45,0.4945054945054945,1.0,1,0.0,1
digits-35,2,8,128,0,3,mass_budget_prefix,1,1,44,42,0.4835164835164835,0.9545454545454546,1,0.0,0
digits-35,2,8,141,0,3,mass_budget_prefix,1,1,44,42,0.4835164835164835,0.9545454545454546,1,0.0,0
digits-35,2,8,146,0,3,mass_budget_prefix,1,1,44,42,0.4835164835164835,0.9545454545454546,1,0.0,0
digits-35,2,8,151,1,2,mass_budget_prefix,2,0,45,45,0.4945054945054945,1.0,1,0.0,1
digits-35,2,8,192,0,3,mass_budget_prefix,3,0,2,2,0.02197802197802198,1.0,1,0.0,1
digits-35,2,8,195,1,2,mass_budget_prefix,2,0,45,45,0.4945054945054945,1.0,1,0.0,1
digits-35,2,8,224,0,3,mass_budget_prefix,1,1,44,42,0.4835164835164835,0.9545454545454546,1,0.0,0
digits-35,2,8,248,1,2,mass_budget_prefix,2,0,45,45,0.4945054945054945,1.0,1,0.0,1
digits-35,2,8,251,0,3,mass_budget_prefix,1,1,44,42,0.4835164835164835,0.9545454545454546,1,0.0,0
digits-35,2,8,271,0,3,mass_budget_prefix,1,1,44,42,0.4835164835164835,0.9545454545454546,1,0.0,0
digits-35,2,8,315,1,2,mass_budget_prefix,2,0,45,45,0.4945054945054945,1.0,1,0.0,1
digits-35,2,8,316,0,3,mass_budget_prefix,1,1,44,42,0.4835164835164835,0.9545454545454546,1,0.0,0
digits-35,3,4,30,1,3,mass_budget_prefix,1,1,41,41,0.45054945054945056,1.0,1,0.0,0
digits-35,3,4,65,1,3,mass_budget_prefix,1,1,41,41,0.45054945054945056,1.0,1,0.0,0
digits-35,3,4,86,0,2,mass_budget_prefix,2,0,46,46,0.5054945054945055,1.0,1,0.0,1
digits-35,3,4,103,0,2,mass_budget_prefix,2,0,46,46,0.5054945054945055,1.0,1,0.0,1
digits-35,3,4,104,0,2,mass_budget_prefix,2,0,46,46,0.5054945054945055,1.0,1,0.0,1
digits-35,3,4,106,0,2,mass_budget_prefix,2,0,46,46,0.5054945054945055,1.0,1,0.0,1
digits-35,3,4,174,1,3,mass_budget_prefix,1,1,41,41,0.45054945054945056,1.0,1,0.0,0
digits-35,3,4,190,0,2,mass_budget_prefix,2,0,46,46,0.5054945054945055,1.0,1,0.0,1
digits-35,3,4,194,1,3,mass_budget_prefix,1,1,41,41,0.45054945054945056,1.0,1,0.0,0
digits-35,3,4,205,1,3,mass_budget_prefix,1,1,41,41,0.45054945054945056,1.0,1,0.0,0
digits-35,3,4,211,1,3,mass_budget_prefix,1,1,41,41,0.45054945054945056,1.0,1,0.0,0
digits-35,3,4,216,0,2,mass_budget_prefix,2,0,46,46,0.5054945054945055,1.0,1,0.0,1
digits-35,3,4,232,0,2,mass_budget_prefix,2,0,46,46,0.5054945054945055,1.0,1,0.0,1
digits-35,3,4,282,0,3,mass_budget_prefix,3,0,0,0,0.0,,0,,1
digits-35,3,4,297,0,2,mass_budget_prefix,2,0,46,46,0.5054945054945055,1.0,1,0.0,1
digits-35,3,4,305,1,3,mass_budget_prefix,1,1,41,41,0.45054945054945056,1.0,1,0.0,0
digits-35,3,4,309,1,3,mass_budget_prefix,1,1,41,41,0.45054945054945056,1.0,1,0.0,0
digits-35,3,4,321,0,2,mass_budget_prefix,2,0,46,46,0.5054945054945055,1.0,1,0.0,1
digits-35,3,4,358,1,3,mass_budget_prefix,3,0,4,4,0.04395604395604396,1.0,1,0.0,1
digits-35,3,8,30,1,3,mass_budget_prefix,1,1,41,41,0.45054945054945056,1.0,1,0.0,0
digits-35,3,8,65,1,3,mass_budget_prefix,1,1,41,41,0.45054945054945056,1.0,1,0.0,0
digits-35,3,8,86,0,2,mass_budget_prefix,2,0,46,46,0.5054945054945055,1.0,1,0.0,1
digits-35,3,8,103,0,2,mass_budget_prefix,2,0,46,46,0.5054945054945055,1.0,1,0.0,1
digits-35,3,8,104,0,2,mass_budget_prefix,2,0,46,46,0.5054945054945055,1.0,1,0.0,1
digits-35,3,8,106,0,2,mass_budget_prefix,2,0,46,46,0.5054945054945055,1.0,1,0.0,1
digits-35,3,8,174,1,3,mass_budget_prefix,1,1,41,41,0.45054945054945056,1.0,1,0.0,0
digits-35,3,8,190,0,2,mass_budget_prefix,2,0,46,46,0.5054945054945055,1.0,1,0.0,1
digits-35,3,8,194,1,3,mass_budget_prefix,1,1,41,41,0.45054945054945056,1.0,1,0.0,0
digits-35,3,8,205,1,3,mass_budget_prefix,1,1,41,41,0.45054945054945056,1.0,1,0.0,0
digits-35,3,8,211,1,3,mass_budget_prefix,1,1,41,41,0.45054945054945056,1.0,1,0.0,0
digits-35,3,8,216,0,2,mass_budget_prefix,2,0,46,46,0.5054945054945055,1.0,1,0.0,1
digits-35,3,8,232,0,2,mass_budget_prefix,2,0,46,46,0.5054945054945055,1.0,1,0.0,1
digits-35,3,8,282,0,3,mass_budget_prefix,3,0,0,0,0.0,,0,,1
digits-35,3,8,297,0,2,mass_budget_prefix,2,0,46,46,0.5054945054945055,1.0,1,0.0,1
digits-35,3,8,305,1,3,mass_budget_prefix,1,1,41,41,0.45054945054945056,1.0,1,0.0,0
digits-35,3,8,309,1,3,mass_budget_prefix,1,1,41,41,0.45054945054945056,1.0,1,0.0,0
digits-35,3,8,321,0,2,mass_budget_prefix,2,0,46,46,0.5054945054945055,1.0,1,0.0,1
digits-35,3,8,358,1,3,mass_budget_prefix,3,0,4,4,0.04395604395604396,1.0,1,0.0,1
digits-35,4,4,75,0,2,mass_budget_prefix,2,0,44,44,0.4835164835164835,1.0,1,0.0,1
digits-35,4,4,78,1,3,mass_budget_prefix,1,1,46,43,0.5054945054945055,0.9347826086956522,1,1.0,0
digits-35,4,4,84,0,2,mass_budget_prefix,2,0,44,44,0.4835164835164835,1.0,1,0.0,1
digits-35,4,4,106,0,2,mass_budget_prefix,2,0,44,44,0.4835164835164835,1.0,1,0.0,1
digits-35,4,4,125,1,3,mass_budget_prefix,1,1,46,43,0.5054945054945055,0.9347826086956522,1,1.0,0
digits-35,4,4,131,1,3,mass_budget_prefix,1,1,46,43,0.5054945054945055,0.9347826086956522,1,1.0,0
digits-35,4,4,133,1,3,mass_budget_prefix,1,1,46,43,0.5054945054945055,0.9347826086956522,1,1.0,0
digits-35,4,4,154,0,2,mass_budget_prefix,2,0,44,44,0.4835164835164835,1.0,1,0.0,1
digits-35,4,4,156,0,2,mass_budget_prefix,2,0,44,44,0.4835164835164835,1.0,1,0.0,1
digits-35,4,4,177,1,3,mass_budget_prefix,1,1,46,43,0.5054945054945055,0.9347826086956522,1,1.0,0
digits-35,4,4,184,0,2,mass_budget_prefix,2,0,44,44,0.4835164835164835,1.0,1,0.0,1
digits-35,4,4,190,0,2,mass_budget_prefix,2,0,44,44,0.4835164835164835,1.0,1,0.0,1
digits-35,4,4,208,0,2,mass_budget_prefix,2,0,44,44,0.4835164835164835,1.0,1,0.0,1
digits-35,4,4,236,0,2,mass_budget_prefix,2,0,44,44,0.4835164835164835,1.0,1,0.0,1
digits-35,4,4,243,1,3,mass_budget_prefix,3,0,1,1,0.01098901098901099,1.0,1,0.0,1
digits-35,4,4,257,1,3,mass_budget_prefix,1,1,46,43,0.5054945054945055,0.9347826086956522,1,1.0,0
digits-35,4,4,339,1,3,mass_budget_prefix,3,0,1,1,0.01098901098901099,1.0,1,0.0,1
digits-35,4,4,351,0,3,mass_budget_prefix,3,0,1,1,0.01098901098901099,1.0,1,0.0,1
digits-35,4,4,357,1,3,mass_budget_prefix,1,1,46,43,0.5054945054945055,0.9347826086956522,1,1.0,0
digits-35,4,8,75,0,2,mass_budget_prefix,2,0,44,44,0.4835164835164835,1.0,1,0.0,1
digits-35,4,8,78,1,3,mass_budget_prefix,1,1,46,43,0.5054945054945055,0.9347826086956522,1,1.0,0
digits-35,4,8,84,0,2,mass_budget_prefix,2,0,44,44,0.4835164835164835,1.0,1,0.0,1
digits-35,4,8,106,0,2,mass_budget_prefix,2,0,44,44,0.4835164835164835,1.0,1,0.0,1
digits-35,4,8,125,1,3,mass_budget_prefix,1,1,46,43,0.5054945054945055,0.9347826086956522,1,1.0,0
digits-35,4,8,131,1,3,mass_budget_prefix,1,1,46,43,0.5054945054945055,0.9347826086956522,1,1.0,0
digits-35,4,8,133,1,3,mass_budget_prefix,1,1,46,43,0.5054945054945055,0.9347826086956522,1,1.0,0
digits-35,4,8,154,0,2,mass_budget_prefix,2,0,44,44,0.4835164835164835,1.0,1,0.0,1
digits-35,4,8,156,0,2,mass_budget_prefix,2,0,44,44,0.4835164835164835,1.0,1,0.0,1
digits-35,4,8,177,1,3,mass_budget_prefix,1,1,46,43,0.5054945054945055,0.9347826086956522,1,1.0,0
digits-35,4,8,184,0,2,mass_budget_prefix,2,0,44,44,0.4835164835164835,1.0,1,0.0,1
digits-35,4,8,190,0,2,mass_budget_prefix,2,0,44,44,0.4835164835164835,1.0,1,0.0,1
digits-35,4,8,208,0,2,mass_budget_prefix,2,0,44,44,0.4835164835164835,1.0,1,0.0,1
digits-35,4,8,236,0,2,mass_budget_prefix,2,0,44,44,0.4835164835164835,1.0,1,0.0,1
digits-35,4,8,243,1,3,mass_budget_prefix,3,0,1,1,0.01098901098901099,1.0,1,0.0,1
digits-35,4,8,257,1,3,mass_budget_prefix,1,1,46,43,0.5054945054945055,0.9347826086956522,1,1.0,0
digits-35,4,8,339,1,3,mass_budget_prefix,3,0,1,1,0.01098901098901099,1.0,1,0.0,1
digits-35,4,8,351,0,3,mass_budget_prefix,3,0,1,1,0.01098901098901099,1.0,1,0.0,1
digits-35,4,8,357,1,3,mass_budget_prefix,1,1,46,43,0.5054945054945055,0.9347826086956522,1,1.0,0
digits-35,5,4,38,1,2,mass_budget_prefix,1,1,38,38,0.4175824175824176,1.0,1,0.0,0
digits-35,5,4,47,0,2,mass_budget_prefix,1,1,53,53,0.5824175824175825,1.0,1,0.0,0
digits-35,5,4,81,1,2,mass_budget_prefix,1,1,38,38,0.4175824175824176,1.0,1,0.0,0
digits-35,5,4,88,1,2,mass_budget_prefix,1,1,38,38,0.4175824175824176,1.0,1,0.0,0
digits-35,5,4,99,1,2,mass_budget_prefix,1,1,38,38,0.4175824175824176,1.0,1,0.0,0
digits-35,5,4,112,0,2,mass_budget_prefix,1,1,53,53,0.5824175824175825,1.0,1,0.0,0
digits-35,5,4,121,0,2,mass_budget_prefix,1,1,53,53,0.5824175824175825,1.0,1,0.0,0
digits-35,5,4,126,0,2,mass_budget_prefix,1,1,53,53,0.5824175824175825,1.0,1,0.0,0
digits-35,5,4,152,0,2,mass_budget_prefix,1,1,53,53,0.5824175824175825,1.0,1,0.0,0
digits-35,5,4,168,1,2,mass_budget_prefix,1,1,38,38,0.4175824175824176,1.0,1,0.0,0
digits-35,5,4,204,0,2,mass_budget_prefix,1,1,53,53,0.5824175824175825,1.0,1,0.0,0
digits-35,5,4,240,0,2,mass_budget_prefix,1,1,53,53,0.5824175824175825,1.0,1,0.0,0
digits-35,5,4,260,0,2,mass_budget_prefix,1,1,53,53,0.5824175824175825,1.0,1,0.0,0
digits-35,5,4,292,0,2,mass_budget_prefix,1,1,53,53,0.5824175824175825,1.0,1,0.0,0
digits-35,5,4,305,1,2,mass_budget_prefix,1,1,38,38,0.4175824175824176,1.0,1,0.0,0
digits-35,5,4,318,0,2,mass_budget_prefix,1,1,53,53,0.5824175824175825,1.0,1,0.0,0
digits-35,5,4,332,0,2,mass_budget_prefix,2,0,0,0,0.0,,0,,1
digits-35,5,4,357,1,2,mass_budget_prefix,1,1,38,38,0.4175824175824176,1.0,1,0.0,0
digits-35,5,4,361,0,2,mass_budget_prefix,1,1,53,53,0.5824175824175825,1.0,1,0.0,0
digits-35,5,8,38,1,2,mass_budget_prefix,1,1,38,38,0.4175824175824176,1.0,1,0.0,0
digits-35,5,8,47,0,2,mass_budget_prefix,1,1,53,53,0.5824175824175825,1.0,1,0.0,0
digits-35,5,8,81,1,2,mass_budget_prefix,1,1,38,38,0.4175824175824176,1.0,1,0.0,0
digits-35,5,8,88,1,2,mass_budget_prefix,1,1,38,38,0.4175824175824176,1.0,1,0.0,0
digits-35,5,8,99,1,2,mass_budget_prefix,1,1,38,38,0.4175824175824176,1.0,1,0.0,0
digits-35,5,8,112,0,2,mass_budget_prefix,1,1,53,53,0.5824175824175825,1.0,1,0.0,0
digits-35,5,8,121,0,2,mass_budget_prefix,1,1,53,53,0.5824175824175825,1.0,1,0.0,0
digits-35,5,8,126,0,2,mass_budget_prefix,1,1,53,53,0.5824175824175825,1.0,1,0.0,0
digits-35,5,8,152,0,2,mass_budget_prefix,1,1,53,53,0.5824175824175825,1.0,1,0.0,0
digits-35,5,8,168,1,2,mass_budget_prefix,1,1,38,38,0.4175824175824176,1.0,1,0.0,0
digits-35,5,8,204,0,2,mass_budget_prefix,1,1,53,53,0.5824175824175825,1.0,1,0.0,0
digits-35,5,8,240,0,2,mass_budget_prefix,1,1,53,53,0.5824175824175825,1.0,1,0.0,0
digits-35,5,8,260,0,2,mass_budget_prefix,1,1,53,53,0.5824175824175825,1.0,1,0.0,0
digits-35,5,8,292,0,2,mass_budget_prefix,1,1,53,53,0.5824175824175825,1.0,1,0.0,0
digits-35,5,8,305,1,2,mass_budget_prefix,1,1,38,38,0.4175824175824176,1.0,1,0.0,0
digits-35,5,8,318,0,2,mass_budget_prefix,1,1,53,53,0.5824175824175825,1.0,1,0.0,0
digits-35,5,8,332,0,2,mass_budget_prefix,2,0,0,0,0.0,,0,,1
digits-35,5,8,357,1,2,mass_budget_prefix,1,1,38,38,0.4175824175824176,1.0,1,0.0,0
digits-35,5,8,361,0,2,mass_budget_prefix,1,1,53,53,0.5824175824175825,1.0,1,0.0,0
digits-35,6,4,64,1,2,mass_budget_prefix,2,0,45,45,0.4945054945054945,1.0,1,0.0,1
digits-35,6,4,72,1,2,mass_budget_prefix,2,0,45,45,0.4945054945054945,1.0,1,0.0,1
digits-35,6,4,81,1,2,mass_budget_prefix,2,0,45,45,0.4945054945054945,1.0,1,0.0,1
digits-35,6,4,118,1,2,mass_budget_prefix,2,0,45,45,0.4945054945054945,1.0,1,0.0,1
digits-35,6,4,126,0,3,mass_budget_prefix,2,1,40,40,0.43956043956043955,1.0,1,0.0,0
digits-35,6,4,147,0,3,mass_budget_prefix,2,1,40,40,0.43956043956043955,1.0,1,0.0,0
digits-35,6,4,163,0,3,mass_budget_prefix,3,0,2,2,0.02197802197802198,1.0,1,0.0,1
digits-35,6,4,165,1,3,mass_budget_prefix,3,0,1,1,0.01098901098901099,1.0,1,0.0,1
digits-35,6,4,178,0,3,mass_budget_prefix,2,1,40,40,0.43956043956043955,1.0,1,0.0,0
digits-35,6,4,206,0,3,mass_budget_prefix,2,1,40,40,0.43956043956043955,1.0,1,0.0,0
digits-35,6,4,223,1,2,mass_budget_prefix,2,0,45,45,0.4945054945054945,1.0,1,0.0,1
digits-35,6,4,233,0,3,mass_budget_prefix,2,1,40,40,0.43956043956043955,1.0,1,0.0,0
digits-35,6,4,249,1,2,mass_budget_prefix,2,0,45,45,0.4945054945054945,1.0,1,0.0,1
digits-35,6,4,250,0,3,mass_budget_prefix,2,1,40,40,0.43956043956043955,1.0,1,0.0,0
digits-35,6,4,277,0,3,mass_budget_prefix,2,1,40,40,0.43956043956043955,1.0,1,0.0,0
digits-35,6,4,299,1,2,mass_budget_prefix,2,0,45,45,0.4945054945054945,1.0,1,0.0,1
digits-35,6,4,301,1,2,mass_budget_prefix,2,0,45,45,0.4945054945054945,1.0,1,0.0,1
digits-35,6,4,341,1,2,mass_budget_prefix,2,0,45,45,0.4945054945054945,1.0,1,0.0,1
digits-35,6,4,361,1,2,mass_budget_prefix,2,0,45,45,0.4945054945054945,1.0,1,0.0,1
digits-35,6,8,64,1,2,mass_budget_prefix,2,0,45,45,0.4945054945054945,1.0,1,0.0,1
digits-35,6,8,72,1,2,mass_budget_prefix,2,0,45,45,0.4945054945054945,1.0,1,0.0,1
digits-35,6,8,81,1,2,mass_budget_prefix,2,0,45,45,0.4945054945054945,1.0,1,0.0,1
digits-35,6,8,118,1,2,mass_budget_prefix,2,0,45,45,0.4945054945054945,1.0,1,0.0,1
digits-35,6,8,126,0,3,mass_budget_prefix,2,1,40,40,0.43956043956043955,1.0,1,0.0,0
digits-35,6,8,147,0,3,mass_budget_prefix,2,1,40,40,0.43956043956043955,1.0,1,0.0,0
digits-35,6,8,163,0,3,mass_budget_prefix,3,0,2,2,0.02197802197802198,1.0,1,0.0,1
digits-35,6,8,165,1,3,mass_budget_prefix,3,0,1,1,0.01098901098901099,1.0,1,0.0,1
digits-35,6,8,178,0,3,mass_budget_prefix,2,1,40,40,0.43956043956043955,1.0,1,0.0,0
digits-35,6,8,206,0,3,mass_budget_prefix,2,1,40,40,0.43956043956043955,1.0,1,0.0,0
digits-35,6,8,223,1,2,mass_budget_prefix,2,0,45,45,0.4945054945054945,1.0,1,0.0,1
digits-35,6,8,233,0,3,mass_budget_prefix,2,1,40,40,0.43956043956043955,1.0,1,0.0,0
digits-35,6,8,249,1,2,mass_budget_prefix,2,0,45,45,0.4945054945054945,1.0,1,0.0,1
digits-35,6,8,250,0,3,mass_budget_prefix,2,1,40,40,0.43956043956043955,1.0,1,0.0,0
digits-35,6,8,277,0,3,mass_budget_prefix,2,1,40,40,0.43956043956043955,1.0,1,0.0,0
digits-35,6,8,299,1,2,mass_budget_prefix,2,0,45,45,0.4945054945054945,1.0,1,0.0,1
digits-35,6,8,301,1,2,mass_budget_prefix,2,0,45,45,0.4945054945054945,1.0,1,0.0,1
digits-35,6,8,341,1,2,mass_budget_prefix,2,0,45,45,0.4945054945054945,1.0,1,0.0,1
digits-35,6,8,361,1,2,mass_budget_prefix,2,0,45,45,0.4945054945054945,1.0,1,0.0,1
digits-35,7,4,44,1,3,mass_budget_prefix,2,1,45,43,0.4945054945054945,0.9555555555555556,1,0.0,0
digits-35,7,4,48,1,3,mass_budget_prefix,2,1,45,43,0.4945054945054945,0.9555555555555556,1,0.0,0
digits-35,7,4,59,0,2,mass_budget_prefix,1,1,41,41,0.45054945054945056,1.0,1,0.0,0
digits-35,7,4,71,1,3,mass_budget_prefix,2,1,45,43,0.4945054945054945,0.9555555555555556,1,0.0,0
digits-35,7,4,72,1,3,mass_budget_prefix,2,1,45,43,0.4945054945054945,0.9555555555555556,1,0.0,0
digits-35,7,4,95,0,2,mass_budget_prefix,1,1,41,41,0.45054945054945056,1.0,1,0.0,0
digits-35,7,4,98,1,3,mass_budget_prefix,2,1,45,43,0.4945054945054945,0.9555555555555556,1,0.0,0
digits-35,7,4,103,0,2,mass_budget_prefix,1,1,41,41,0.45054945054945056,1.0,1,0.0,0
digits-35,7,4,124,1,3,mass_budget_prefix,2,1,45,43,0.4945054945054945,0.9555555555555556,1,0.0,0
digits-35,7,4,160,0,2,mass_budget_prefix,1,1,41,41,0.45054945054945056,1.0,1,0.0,0
digits-35,7,4,164,0,2,mass_budget_prefix,1,1,41,41,0.45054945054945056,1.0,1,0.0,0
digits-35,7,4,270,1,3,mass_budget_prefix,2,1,45,43,0.4945054945054945,0.9555555555555556,1,0.0,0
digits-35,7,4,277,0,2,mass_budget_prefix,1,1,41,41,0.45054945054945056,1.0,1,0.0,0
digits-35,7,4,288,0,2,mass_budget_prefix,1,1,41,41,0.45054945054945056,1.0,1,0.0,0
digits-35,7,4,296,1,3,mass_budget_prefix,2,1,45,43,0.4945054945054945,0.9555555555555556,1,0.0,0
digits-35,7,4,301,1,3,mass_budget_prefix,2,1,45,43,0.4945054945054945,0.9555555555555556,1,0.0,0
digits-35,7,4,317,1,3,mass_budget_prefix,2,1,45,43,0.4945054945054945,0.9555555555555556,1,0.0,0
digits-35,7,4,362,0,2,mass_budget_prefix,1,1,41,41,0.45054945054945056,1.0,1,0.0,0
digits-35,7,4,364,0,2,mass_budget_prefix,1,1,41,41,0.45054945054945056,1.0,1,0.0,0
digits-35,7,8,44,1,3,mass_budget_prefix,2,1,45,43,0.4945054945054945,0.9555555555555556,1,0.0,0
digits-35,7,8,48,1,3,mass_budget_prefix,2,1,45,43,0.4945054945054945,0.9555555555555556,1,0.0,0
digits-35,7,8,59,0,2,mass_budget_prefix,1,1,41,41,0.45054945054945056,1.0,1,0.0,0
digits-35,7,8,71,1,3,mass_budget_prefix,2,1,45,43,0.4945054945054945,0.9555555555555556,1,0.0,0
digits-35,7,8,72,1,3,mass_budget_prefix,2,1,45,43,0.4945054945054945,0.9555555555555556,1,0.0,0
digits-35,7,8,95,0,2,mass_budget_prefix,1,1,41,41,0.45054945054945056,1.0,1,0.0,0
digits-35,7,8,98,1,3,mass_budget_prefix,2,1,45,43,0.4945054945054945,0.9555555555555556,1,0.0,0
digits-35,7,8,103,0,2,mass_budget_prefix,1,1,41,41,0.45054945054945056,1.0,1,0.0,0
digits-35,7,8,124,1,3,mass_budget_prefix,2,1,45,43,0.4945054945054945,0.9555555555555556,1,0.0,0
digits-35,7,8,160,0,2,mass_budget_prefix,1,1,41,41,0.45054945054945056,1.0,1,0.0,0
digits-35,7,8,164,0,2,mass_budget_prefix,1,1,41,41,0.45054945054945056,1.0,1,0.0,0
digits-35,7,8,270,1,3,mass_budget_prefix,2,1,45,43,0.4945054945054945,0.9555555555555556,1,0.0,0
digits-35,7,8,277,0,2,mass_budget_prefix,1,1,41,41,0.45054945054945056,1.0,1,0.0,0
digits-35,7,8,288,0,2,mass_budget_prefix,1,1,41,41,0.45054945054945056,1.0,1,0.0,0
digits-35,7,8,296,1,3,mass_budget_prefix,2,1,45,43,0.4945054945054945,0.9555555555555556,1,0.0,0
digits-35,7,8,301,1,3,mass_budget_prefix,2,1,45,43,0.4945054945054945,0.9555555555555556,1,0.0,0
digits-35,7,8,317,1,3,mass_budget_prefix,2,1,45,43,0.4945054945054945,0.9555555555555556,1,0.0,0
digits-35,7,8,362,0,2,mass_budget_prefix,1,1,41,41,0.45054945054945056,1.0,1,0.0,0
digits-35,7,8,364,0,2,mass_budget_prefix,1,1,41,41,0.45054945054945056,1.0,1,0.0,0
digits-35,8,4,9,1,2,mass_budget_prefix,1,1,46,46,0.5054945054945055,1.0,1,0.0,0
digits-35,8,4,11,1,2,mass_budget_prefix,1,1,46,46,0.5054945054945055,1.0,1,0.0,0
digits-35,8,4,13,1,2,mass_budget_prefix,1,1,46,46,0.5054945054945055,1.0,1,0.0,0
digits-35,8,4,43,1,2,mass_budget_prefix,1,1,46,46,0.5054945054945055,1.0,1,0.0,0
digits-35,8,4,73,0,3,mass_budget_prefix,3,0,42,42,0.46153846153846156,1.0,1,0.0,1
digits-35,8,4,94,0,3,mass_budget_prefix,3,0,42,42,0.46153846153846156,1.0,1,0.0,1
digits-35,8,4,105,0,3,mass_budget_prefix,3,0,0,0,0.0,,0,,1
digits-35,8,4,134,0,3,mass_budget_prefix,3,0,42,42,0.46153846153846156,1.0,1,0.0,1
digits-35,8,4,141,0,3,mass_budget_prefix,3,0,42,42,0.46153846153846156,1.0,1,0.0,1
digits-35,8,4,146,0,3,mass_budget_prefix,3,0,42,42,0.46153846153846156,1.0,1,0.0,1
digits-35,8,4,226,1,2,mass_budget_prefix,1,1,46,46,0.5054945054945055,1.0,1,0.0,0
digits-35,8,4,246,1,2,mass_budget_prefix,1,1,46,46,0.5054945054945055,1.0,1,0.0,0
digits-35,8,4,282,0,3,mass_budget_prefix,3,0,42,42,0.46153846153846156,1.0,1,0.0,1
digits-35,8,4,283,1,2,mass_budget_prefix,1,1,46,46,0.5054945054945055,1.0,1,0.0,0
digits-35,8,4,292,0,4,mass_budget_prefix,4,0,0,0,0.0,,0,,1
digits-35,8,4,294,0,3,mass_budget_prefix,3,0,42,42,0.46153846153846156,1.0,1,0.0,1
digits-35,8,4,305,1,2,mass_budget_prefix,1,1,46,46,0.5054945054945055,1.0,1,0.0,0
digits-35,8,4,330,1,2,mass_budget_prefix,1,1,46,46,0.5054945054945055,1.0,1,0.0,0
digits-35,8,4,340,0,3,mass_budget_prefix,3,0,42,42,0.46153846153846156,1.0,1,0.0,1
digits-35,8,8,9,1,2,mass_budget_prefix,1,1,46,46,0.5054945054945055,1.0,1,0.0,0
digits-35,8,8,11,1,2,mass_budget_prefix,1,1,46,46,0.5054945054945055,1.0,1,0.0,0
digits-35,8,8,13,1,2,mass_budget_prefix,1,1,46,46,0.5054945054945055,1.0,1,0.0,0
digits-35,8,8,43,1,2,mass_budget_prefix,1,1,46,46,0.5054945054945055,1.0,1,0.0,0
digits-35,8,8,73,0,3,mass_budget_prefix,3,0,42,42,0.46153846153846156,1.0,1,0.0,1
digits-35,8,8,94,0,3,mass_budget_prefix,3,0,42,42,0.46153846153846156,1.0,1,0.0,1
digits-35,8,8,105,0,3,mass_budget_prefix,3,0,0,0,0.0,,0,,1
digits-35,8,8,134,0,3,mass_budget_prefix,3,0,42,42,0.46153846153846156,1.0,1,0.0,1
digits-35,8,8,141,0,3,mass_budget_prefix,3,0,42,42,0.46153846153846156,1.0,1,0.0,1
digits-35,8,8,146,0,3,mass_budget_prefix,3,0,42,42,0.46153846153846156,1.0,1,0.0,1
digits-35,8,8,226,1,2,mass_budget_prefix,1,1,46,46,0.5054945054945055,1.0,1,0.0,0
digits-35,8,8,246,1,2,mass_budget_prefix,1,1,46,46,0.5054945054945055,1.0,1,0.0,0
digits-35,8,8,282,0,3,mass_budget_prefix,3,0,42,42,0.46153846153846156,1.0,1,0.0,1
digits-35,8,8,283,1,2,mass_budget_prefix,1,1,46,46,0.5054945054945055,1.0,1,0.0,0
digits-35,8,8,292,0,4,mass_budget_prefix,4,0,0,0,0.0,,0,,1
digits-35,8,8,294,0,3,mass_budget_prefix,3,0,42,42,0.46153846153846156,1.0,1,0.0,1
digits-35,8,8,305,1,2,mass_budget_prefix,1,1,46,46,0.5054945054945055,1.0,1,0.0,0
digits-35,8,8,330,1,2,mass_budget_prefix,1,1,46,46,0.5054945054945055,1.0,1,0.0,0
digits-35,8,8,340,0,3,mass_budget_prefix,3,0,42,42,0.46153846153846156,1.0,1,0.0,1
digits-35,9,4,11,1,4,mass_budget_prefix,3,1,43,41,0.4725274725274725,0.9534883720930233,1,0.0,0
digits-35,9,4,36,0,2,mass_budget_prefix,2,0,40,40,0.43956043956043955,1.0,1,0.0,1
digits-35,9,4,46,1,4,mass_budget_prefix,3,1,43,41,0.4725274725274725,0.9534883720930233,1,0.0,0
digits-35,9,4,55,0,2,mass_budget_prefix,2,0,3,3,0.03296703296703297,1.0,1,0.0,1
digits-35,9,4,56,1,4,mass_budget_prefix,3,1,43,41,0.4725274725274725,0.9534883720930233,1,0.0,0
digits-35,9,4,70,1,4,mass_budget_prefix,3,1,43,41,0.4725274725274725,0.9534883720930233,1,0.0,0
digits-35,9,4,77,0,2,mass_budget_prefix,2,0,40,40,0.43956043956043955,1.0,1,0.0,1
digits-35,9,4,96,1,4,mass_budget_prefix,3,1,43,41,0.4725274725274725,0.9534883720930233,1,0.0,0
digits-35,9,4,127,1,4,mass_budget_prefix,3,1,43,41,0.4725274725274725,0.9534883720930233,1,0.0,0
digits-35,9,4,133,1,4,mass_budget_prefix,3,1,43,41,0.4725274725274725,0.9534883720930233,1,0.0,0
digits-35,9,4,160,0,2,mass_budget_prefix,2,0,40,40,0.43956043956043955,1.0,1,0.0,1
digits-35,9,4,288,0,2,mass_budget_prefix,2,0,40,40,0.43956043956043955,1.0,1,0.0,1
digits-35,9,4,306,1,4,mass_budget_prefix,3,1,43,41,0.4725274725274725,0.9534883720930233,1,0.0,0
digits-35,9,4,319,0,2,mass_budget_prefix,2,0,40,40,0.43956043956043955,1.0,1,0.0,1
digits-35,9,4,332,0,3,mass_budget_prefix,3,0,1,1,0.01098901098901099,1.0,1,0.0,1
digits-35,9,4,334,0,2,mass_budget_prefix,2,0,40,40,0.43956043956043955,1.0,1,0.0,1
digits-35,9,4,336,0,2,mass_budget_prefix,2,0,3,3,0.03296703296703297,1.0,1,0.0,1
digits-35,9,4,345,0,2,mass_budget_prefix,2,0,40,40,0.43956043956043955,1.0,1,0.0,1
digits-35,9,4,349,0,2,mass_budget_prefix,2,0,40,40,0.43956043956043955,1.0,1,0.0,1
digits-35,9,8,11,1,4,mass_budget_prefix,3,1,43,41,0.4725274725274725,0.9534883720930233,1,0.0,0
digits-35,9,8,36,0,2,mass_budget_prefix,2,0,40,40,0.43956043956043955,1.0,1,0.0,1
digits-35,9,8,46,1,4,mass_budget_prefix,3,1,43,41,0.4725274725274725,0.9534883720930233,1,0.0,0
digits-35,9,8,55,0,2,mass_budget_prefix,2,0,3,3,0.03296703296703297,1.0,1,0.0,1
digits-35,9,8,56,1,4,mass_budget_prefix,3,1,43,41,0.4725274725274725,0.9534883720930233,1,0.0,0
digits-35,9,8,70,1,4,mass_budget_prefix,3,1,43,41,0.4725274725274725,0.9534883720930233,1,0.0,0
digits-35,9,8,77,0,2,mass_budget_prefix,2,0,40,40,0.43956043956043955,1.0,1,0.0,1
digits-35,9,8,96,1,4,mass_budget_prefix,3,1,43,41,0.4725274725274725,0.9534883720930233,1,0.0,0
digits-35,9,8,127,1,4,mass_budget_prefix,3,1,43,41,0.4725274725274725,0.9534883720930233,1,0.0,0
digits-35,9,8,133,1,4,mass_budget_prefix,3,1,43,41,0.4725274725274725,0.9534883720930233,1,0.0,0
digits-35,9,8,160,0,2,mass_budget_prefix,2,0,40,40,0.43956043956043955,1.0,1,0.0,1
digits-35,9,8,288,0,2,mass_budget_prefix,2,0,40,40,0.43956043956043955,1.0,1,0.0,1
digits-35,9,8,306,1,4,mass_budget_prefix,3,1,43,41,0.4725274725274725,0.9534883720930233,1,0.0,0
digits-35,9,8,319,0,2,mass_budget_prefix,2,0,40,40,0.43956043956043955,1.0,1,0.0,1
digits-35,9,8,332,0,3,mass_budget_prefix,3,0,1,1,0.01098901098901099,1.0,1,0.0,1
digits-35,9,8,334,0,2,mass_budget_prefix,2,0,40,40,0.43956043956043955,1.0,1,0.0,1
digits-35,9,8,336,0,2,mass_budget_prefix,2,0,3,3,0.03296703296703297,1.0,1,0.0,1
digits-35,9,8,345,0,2,mass_budget_prefix,2,0,40,40,0.43956043956043955,1.0,1,0.0,1
digits-35,9,8,349,0,2,mass_budget_prefix,2,0,40,40,0.43956043956043955,1.0,1,0.0,1
synthetic_d8,0,4,23,1,4,mass_budget_prefix,4,0,38,38,0.304,1.0,1,0.0,1
synthetic_d8,0,4,28,1,4,mass_budget_prefix,4,0,38,38,0.304,1.0,1,0.0,1
synthetic_d8,0,4,39,1,4,mass_budget_prefix,4,0,38,38,0.304,1.0,1,0.0,1
synthetic_d8,0,4,41,1,4,mass_budget_prefix,4,0,1,1,0.008,1.0,1,0.0,1
synthetic_d8,0,4,54,0,4,mass_budget_prefix,4,0,25,25,0.2,1.0,1,0.0,1
synthetic_d8,0,4,72,1,4,mass_budget_prefix,4,0,5,5,0.04,1.0,1,0.0,1
synthetic_d8,0,4,94,0,4,mass_budget_prefix,4,0,12,12,0.096,1.0,1,0.0,1
synthetic_d8,0,4,102,0,4,mass_budget_prefix,4,0,5,5,0.04,1.0,1,0.0,1
synthetic_d8,0,4,103,0,4,mass_budget_prefix,4,0,13,13,0.104,1.0,1,0.0,1
synthetic_d8,0,4,106,0,4,mass_budget_prefix,4,0,25,25,0.2,1.0,1,0.0,1
synthetic_d8,0,4,114,1,4,mass_budget_prefix,4,0,38,38,0.304,1.0,1,0.0,1
synthetic_d8,0,4,199,1,4,mass_budget_prefix,4,0,38,38,0.304,1.0,1,0.0,1
synthetic_d8,0,4,200,0,4,mass_budget_prefix,4,0,18,18,0.144,1.0,1,0.0,1
synthetic_d8,0,4,312,1,4,mass_budget_prefix,4,0,38,38,0.304,1.0,1,0.0,1
synthetic_d8,0,4,339,0,4,mass_budget_prefix,4,0,18,18,0.144,1.0,1,0.0,1
synthetic_d8,0,4,348,1,4,mass_budget_prefix,4,0,38,38,0.304,1.0,1,0.0,1
synthetic_d8,0,4,378,0,4,mass_budget_prefix,4,0,18,18,0.144,1.0,1,0.0,1
synthetic_d8,0,4,421,0,4,mass_budget_prefix,4,0,12,12,0.096,1.0,1,0.0,1
synthetic_d8,0,4,425,1,4,mass_budget_prefix,4,0,38,38,0.304,1.0,1,0.0,1
synthetic_d8,0,4,471,0,4,mass_budget_prefix,4,0,18,18,0.144,1.0,1,0.0,1
synthetic_d8,0,8,23,1,4,mass_budget_prefix,4,0,38,38,0.304,1.0,1,0.0,1
synthetic_d8,0,8,28,1,4,mass_budget_prefix,4,0,38,38,0.304,1.0,1,0.0,1
synthetic_d8,0,8,39,1,4,mass_budget_prefix,4,0,38,38,0.304,1.0,1,0.0,1
synthetic_d8,0,8,41,1,5,mass_budget_prefix,5,0,1,1,0.008,1.0,1,0.0,1
synthetic_d8,0,8,54,0,4,mass_budget_prefix,4,0,25,25,0.2,1.0,1,0.0,1
synthetic_d8,0,8,72,1,6,mass_budget_prefix,6,0,4,4,0.032,1.0,1,0.0,1
synthetic_d8,0,8,94,0,5,mass_budget_prefix,5,0,3,3,0.024,1.0,1,0.0,1
synthetic_d8,0,8,102,0,5,mass_budget_prefix,5,0,5,5,0.04,1.0,1,0.0,1
synthetic_d8,0,8,103,0,8,mass_budget_prefix,8,0,2,2,0.016,1.0,1,0.0,1
synthetic_d8,0,8,106,0,4,mass_budget_prefix,4,0,25,25,0.2,1.0,1,0.0,1
synthetic_d8,0,8,114,1,4,mass_budget_prefix,4,0,38,38,0.304,1.0,1,0.0,1
synthetic_d8,0,8,199,1,4,mass_budget_prefix,4,0,38,38,0.304,1.0,1,0.0,1
synthetic_d8,0,8,200,0,6,mass_budget_prefix,6,0,11,11,0.088,1.0,1,0.0,1
synthetic_d8,0,8,312,1,4,mass_budget_prefix,4,0,38,38,0.304,1.0,1,0.0,1
synthetic_d8,0,8,339,0,6,mass_budget_prefix,6,0,11,11,0.088,1.0,1,0.0,1
synthetic_d8,0,8,348,1,4,mass_budget_prefix,4,0,38,38,0.304,1.0,1,0.0,1
synthetic_d8,0,8,378,0,6,mass_budget_prefix,6,0,11,11,0.088,1.0,1,0.0,1
synthetic_d8,0,8,421,0,5,mass_budget_prefix,5,0,3,3,0.024,1.0,1,0.0,1
synthetic_d8,0,8,425,1,4,mass_budget_prefix,4,0,38,38,0.304,1.0,1,0.0,1
synthetic_d8,0,8,471,0,6,mass_budget_prefix,6,0,11,11,0.088,1.0,1,0.0,1
synthetic_d8,1,4,16,1,4,mass_budget_prefix,4,0,23,23,0.184,1.0,1,0.0,1
synthetic_d8,1,4,24,0,4,mass_budget_prefix,3,1,25,25,0.2,1.0,1,0.0,1
synthetic_d8,1,4,60,1,2,mass_budget_prefix,2,0,23,23,0.184,1.0,1,0.0,1
synthetic_d8,1,4,87,1,4,mass_budget_prefix,4,0,23,23,0.184,1.0,1,0.0,1
synthetic_d8,1,4,90,0,4,mass_budget_prefix,3,1,10,9,0.08,0.9,1,1.0,0
synthetic_d8,1,4,95,0,4,mass_budget_prefix,3,1,25,25,0.2,1.0,1,0.0,1
synthetic_d8,1,4,96,0,4,mass_budget_prefix,4,0,16,16,0.128,1.0,1,0.0,1
synthetic_d8,1,4,124,1,2,mass_budget_prefix,2,0,23,23,0.184,1.0,1,0.0,1
synthetic_d8,1,4,200,0,4,mass_budget_prefix,3,1,10,9,0.08,0.9,1,1.0,0
synthetic_d8,1,4,251,0,4,mass_budget_prefix,4,0,16,16,0.128,1.0,1,0.0,1
synthetic_d8,1,4,268,1,2,mass_budget_prefix,2,0,23,23,0.184,1.0,1,0.0,1
synthetic_d8,1,4,303,0,4,mass_budget_prefix,4,0,4,4,0.032,1.0,1,0.0,1
synthetic_d8,1,4,324,1,4,mass_budget_prefix,4,0,23,23,0.184,1.0,1,0.0,1
synthetic_d8,1,4,382,1,2,mass_budget_prefix,2,0,23,23,0.184,1.0,1,0.0,1
synthetic_d8,1,4,389,0,4,mass_budget_prefix,3,1,25,25,0.2,1.0,1,0.0,1
synthetic_d8,1,4,401,1,4,mass_budget_prefix,4,0,18,18,0.144,1.0,1,0.0,1
synthetic_d8,1,4,454,0,4,mass_budget_prefix,4,0,16,16,0.128,1.0,1,0.0,1
synthetic_d8,1,4,458,1,4,mass_budget_prefix,4,0,23,23,0.184,1.0,1,0.0,1
synthetic_d8,1,4,479,0,4,mass_budget_prefix,3,1,10,9,0.08,0.9,1,1.0,0
synthetic_d8,1,4,498,1,2,mass_budget_prefix,2,0,23,23,0.184,1.0,1,0.0,1
synthetic_d8,1,8,16,1,7,mass_budget_prefix,7,0,20,20,0.16,1.0,1,0.0,1
synthetic_d8,1,8,24,0,4,mass_budget_prefix,4,0,22,22,0.176,1.0,1,0.0,1
synthetic_d8,1,8,60,1,2,mass_budget_prefix,2,0,23,23,0.184,1.0,1,0.0,1
synthetic_d8,1,8,87,1,7,mass_budget_prefix,7,0,20,20,0.16,1.0,1,0.0,1
synthetic_d8,1,8,90,0,5,mass_budget_prefix,5,0,8,8,0.064,1.0,1,0.0,1
synthetic_d8,1,8,95,0,4,mass_budget_prefix,4,0,22,22,0.176,1.0,1,0.0,1
synthetic_d8,1,8,96,0,4,mass_budget_prefix,4,0,16,16,0.128,1.0,1,0.0,1
synthetic_d8,1,8,124,1,2,mass_budget_prefix,2,0,23,23,0.184,1.0,1,0.0,1
synthetic_d8,1,8,200,0,5,mass_budget_prefix,5,0,8,8,0.064,1.0,1,0.0,1
synthetic_d8,1,8,251,0,4,mass_budget_prefix,4,0,16,16,0.128,1.0,1,0.0,1
synthetic_d8,1,8,268,1,2,mass_budget_prefix,2,0,23,23,0.184,1.0,1,0.0,1
synthetic_d8,1,8,303,0,4,mass_budget_prefix,4,0,4,4,0.032,1.0,1,0.0,1
synthetic_d8,1,8,324,1,7,mass_budget_prefix,7,0,20,20,0.16,1.0,1,0.0,1
synthetic_d8,1,8,382,1,2,mass_budget_prefix,2,0,23,23,0.184,1.0,1,0.0,1
synthetic_d8,1,8,389,0,4,mass_budget_prefix,4,0,22,22,0.176,1.0,1,0.0,1
synthetic_d8,1,8,401,0,6,mass_budget_prefix,6,0,9,9,0.072,1.0,1,0.0,1
synthetic_d8,1,8,454,0,4,mass_budget_prefix,4,0,16,16,0.128,1.0,1,0.0,1
synthetic_d8,1,8,458,1,7,mass_budget_prefix,7,0,20,20,0.16,1.0,1,0.0,1
synthetic_d8,1,8,479,1,5,mass_budget_prefix,5,0,1,1,0.008,1.0,1,0.0,1
synthetic_d8,1,8,498,1,2,mass_budget_prefix,2,0,23,23,0.184,1.0,1,0.0,1
synthetic_d8,2,4,0,0,4,mass_budget_prefix,4,0,9,9,0.072,1.0,1,0.0,1
synthetic_d8,2,4,16,0,4,mass_budget_prefix,4,0,31,31,0.248,1.0,1,0.0,1
synthetic_d8,2,4,39,1,3,mass_budget_prefix,3,0,40,40,0.32,1.0,1,0.0,1
synthetic_d8,2,4,40,1,3,mass_budget_prefix,3,0,40,40,0.32,1.0,1,0.0,1
synthetic_d8,2,4,83,1,3,mass_budget_prefix,3,0,40,40,0.32,1.0,1,0.0,1
synthetic_d8,2,4,95,1,4,mass_budget_prefix,4,0,3,3,0.024,1.0,1,0.0,1
synthetic_d8,2,4,128,1,4,mass_budget_prefix,4,0,3,3,0.024,1.0,1,0.0,1
synthetic_d8,2,4,151,0,4,mass_budget_prefix,4,0,22,22,0.176,1.0,1,0.0,1
synthetic_d8,2,4,163,1,3,mass_budget_prefix,3,0,40,40,0.32,1.0,1,0.0,1
synthetic_d8,2,4,173,1,4,mass_budget_prefix,4,0,3,3,0.024,1.0,1,0.0,1
synthetic_d8,2,4,224,0,4,mass_budget_prefix,4,0,31,31,0.248,1.0,1,0.0,1
synthetic_d8,2,4,312,1,4,mass_budget_prefix,4,0,5,5,0.04,1.0,1,0.0,1
synthetic_d8,2,4,363,1,4,mass_budget_prefix,4,0,3,3,0.024,1.0,1,0.0,1
synthetic_d8,2,4,381,0,4,mass_budget_prefix,4,0,31,31,0.248,1.0,1,0.0,1
synthetic_d8,2,4,407,0,4,mass_budget_prefix,4,0,31,31,0.248,1.0,1,0.0,1
synthetic_d8,2,4,433,0,4,mass_budget_prefix,4,0,22,22,0.176,1.0,1,0.0,1
synthetic_d8,2,4,440,0,4,mass_budget_prefix,4,0,9,9,0.072,1.0,1,0.0,1
synthetic_d8,2,4,445,0,4,mass_budget_prefix,4,0,9,9,0.072,1.0,1,0.0,1
synthetic_d8,2,4,454,0,4,mass_budget_prefix,4,0,22,22,0.176,1.0,1,0.0,1
synthetic_d8,2,4,489,0,4,mass_budget_prefix,4,0,22,22,0.176,1.0,1,0.0,1
synthetic_d8,2,8,0,1,6,mass_budget_prefix,6,0,3,3,0.024,1.0,1,0.0,1
synthetic_d8,2,8,16,0,5,mass_budget_prefix,4,1,31,31,0.248,1.0,1,0.0,0
synthetic_d8,2,8,39,1,3,mass_budget_prefix,3,0,40,40,0.32,1.0,1,0.0,1
synthetic_d8,2,8,40,1,3,mass_budget_prefix,3,0,40,40,0.32,1.0,1,0.0,1
synthetic_d8,2,8,83,1,3,mass_budget_prefix,3,0,40,40,0.32,1.0,1,0.0,1
synthetic_d8,2,8,95,1,4,mass_budget_prefix,4,0,3,3,0.024,1.0,1,0.0,1
synthetic_d8,2,8,128,1,4,mass_budget_prefix,4,0,3,3,0.024,1.0,1,0.0,1
synthetic_d8,2,8,151,0,8,mass_budget_prefix,8,0,0,0,0.0,,0,,1
synthetic_d8,2,8,163,1,3,mass_budget_prefix,3,0,40,40,0.32,1.0,1,0.0,1
synthetic_d8,2,8,173,1,4,mass_budget_prefix,4,0,3,3,0.024,1.0,1,0.0,1
synthetic_d8,2,8,224,0,5,mass_budget_prefix,4,1,31,31,0.248,1.0,1,0.0,0
synthetic_d8,2,8,312,1,4,mass_budget_prefix,4,0,5,5,0.04,1.0,1,0.0,1
synthetic_d8,2,8,363,1,4,mass_budget_prefix,4,0,3,3,0.024,1.0,1,0.0,1
synthetic_d8,2,8,381,0,6,mass_budget_prefix,6,0,1,1,0.008,1.0,1,0.0,1
synthetic_d8,2,8,407,0,5,mass_budget_prefix,4,1,31,31,0.248,1.0,1,0.0,0
synthetic_d8,2,8,433,0,6,mass_budget_prefix,6,0,20,20,0.16,1.0,1,0.0,1
synthetic_d8,2,8,440,0,5,mass_budget_prefix,5,0,5,5,0.04,1.0,1,0.0,1
synthetic_d8,2,8,445,0,5,mass_budget_prefix,5,0,5,5,0.04,1.0,1,0.0,1
synthetic_d8,2,8,454,0,6,mass_budget_prefix,6,0,20,20,0.16,1.0,1,0.0,1
synthetic_d8,2,8,489,0,6,mass_budget_prefix,6,0,20,20,0.16,1.0,1,0.0,1
synthetic_d8,3,4,0,1,4,mass_budget_prefix,4,0,3,3,0.024,1.0,1,0.0,1
synthetic_d8,3,4,45,1,4,mass_budget_prefix,4,0,0,0,0.0,,0,,1
synthetic_d8,3,4,67,0,4,mass_budget_prefix,4,0,39,39,0.312,1.0,1,0.0,1
synthetic_d8,3,4,97,1,4,mass_budget_prefix,4,0,41,41,0.328,1.0,1,0.0,1
synthetic_d8,3,4,128,0,4,mass_budget_prefix,4,0,39,39,0.312,1.0,1,0.0,1
synthetic_d8,3,4,131,0,4,mass_budget_prefix,4,0,8,8,0.064,1.0,1,0.0,1
synthetic_d8,3,4,140,1,2,mass_budget_prefix,2,0,3,3,0.024,1.0,1,0.0,1
synthetic_d8,3,4,191,0,4,mass_budget_prefix,4,0,4,4,0.032,1.0,1,0.0,1
synthetic_d8,3,4,218,0,4,mass_budget_prefix,4,0,39,39,0.312,1.0,1,0.0,1
synthetic_d8,3,4,232,1,4,mass_budget_prefix,4,0,41,41,0.328,1.0,1,0.0,1
synthetic_d8,3,4,276,1,4,mass_budget_prefix,4,0,41,41,0.328,1.0,1,0.0,1
synthetic_d8,3,4,278,0,4,mass_budget_prefix,3,1,12,11,0.096,0.9166666666666666,1,1.0,0
synthetic_d8,3,4,294,0,4,mass_budget_prefix,3,1,12,11,0.096,0.9166666666666666,1,1.0,0
synthetic_d8,3,4,314,0,4,mass_budget_prefix,3,1,12,11,0.096,0.9166666666666666,1,1.0,0
synthetic_d8,3,4,354,1,4,mass_budget_prefix,4,0,41,41,0.328,1.0,1,0.0,1
synthetic_d8,3,4,359,0,4,mass_budget_prefix,3,1,12,11,0.096,0.9166666666666666,1,1.0,0
synthetic_d8,3,4,381,0,4,mass_budget_prefix,4,0,39,39,0.312,1.0,1,0.0,1
synthetic_d8,3,4,394,1,4,mass_budget_prefix,4,0,12,12,0.096,1.0,1,0.0,1
synthetic_d8,3,4,399,1,4,mass_budget_prefix,4,0,12,12,0.096,1.0,1,0.0,1
synthetic_d8,3,4,400,1,4,mass_budget_prefix,4,0,41,41,0.328,1.0,1,0.0,1
synthetic_d8,3,8,0,0,5,mass_budget_prefix,5,0,1,1,0.008,1.0,1,0.0,1
synthetic_d8,3,8,45,1,4,mass_budget_prefix,4,0,0,0,0.0,,0,,1
synthetic_d8,3,8,67,0,5,mass_budget_prefix,5,0,33,33,0.264,1.0,1,0.0,1
synthetic_d8,3,8,97,1,5,mass_budget_prefix,5,0,40,40,0.32,1.0,1,0.0,1
synthetic_d8,3,8,128,0,5,mass_budget_prefix,5,0,33,33,0.264,1.0,1,0.0,1
synthetic_d8,3,8,131,0,6,mass_budget_prefix,5,1,3,2,0.024,0.6666666666666666,1,1.0,0
synthetic_d8,3,8,140,1,2,mass_budget_prefix,2,0,3,3,0.024,1.0,1,0.0,1
synthetic_d8,3,8,191,0,5,mass_budget_prefix,4,1,4,4,0.032,1.0,1,0.0,0
synthetic_d8,3,8,218,0,5,mass_budget_prefix,5,0,33,33,0.264,1.0,1,0.0,1
synthetic_d8,3,8,232,1,5,mass_budget_prefix,5,0,40,40,0.32,1.0,1,0.0,1
synthetic_d8,3,8,276,1,5,mass_budget_prefix,5,0,40,40,0.32,1.0,1,0.0,1
synthetic_d8,3,8,278,0,5,mass_budget_prefix,5,0,10,10,0.08,1.0,1,0.0,1
synthetic_d8,3,8,294,0,5,mass_budget_prefix,5,0,10,10,0.08,1.0,1,0.0,1
synthetic_d8,3,8,314,0,5,mass_budget_prefix,5,0,10,10,0.08,1.0,1,0.0,1
synthetic_d8,3,8,354,1,5,mass_budget_prefix,5,0,40,40,0.32,1.0,1,0.0,1
synthetic_d8,3,8,359,0,5,mass_budget_prefix,5,0,10,10,0.08,1.0,1,0.0,1
synthetic_d8,3,8,381,0,5,mass_budget_prefix,5,0,33,33,0.264,1.0,1,0.0,1
synthetic_d8,3,8,394,1,4,mass_budget_prefix,4,0,12,12,0.096,1.0,1,0.0,1
synthetic_d8,3,8,399,1,4,mass_budget_prefix,4,0,12,12,0.096,1.0,1,0.0,1
synthetic_d8,3,8,400,1,6,mass_budget_prefix,6,0,1,1,0.008,1.0,1,0.0,1
synthetic_d8,4,4,24,0,4,mass_budget_prefix,4,0,26,26,0.208,1.0,1,0.0,1
synthetic_d8,4,4,35,0,4,mass_budget_prefix,4,0,28,28,0.224,1.0,1,0.0,1
synthetic_d8,4,4,43,0,4,mass_budget_prefix,4,0,26,26,0.208,1.0,1,0.0,1
synthetic_d8,4,4,44,1,4,mass_budget_prefix,4,0,7,7,0.056,1.0,1,0.0,1
synthetic_d8,4,4,110,1,3,mass_budget_prefix,2,1,35,35,0.28,1.0,1,0.0,0
synthetic_d8,4,4,117,0,4,mass_budget_prefix,4,0,26,26,0.208,1.0,1,0.0,1
synthetic_d8,4,4,119,1,4,mass_budget_prefix,4,0,4,4,0.032,1.0,1,0.0,1
synthetic_d8,4,4,129,0,4,mass_budget_prefix,4,0,26,26,0.208,1.0,1,0.0,1
synthetic_d8,4,4,134,1,3,mass_budget_prefix,2,1,35,35,0.28,1.0,1,0.0,0
synthetic_d8,4,4,182,1,3,mass_budget_prefix,2,1,35,35,0.28,1.0,1,0.0,0
synthetic_d8,4,4,191,0,4,mass_budget_prefix,4,0,2,2,0.016,1.0,1,0.0,1
synthetic_d8,4,4,247,1,3,mass_budget_prefix,2,1,35,35,0.28,1.0,1,0.0,0
synthetic_d8,4,4,257,1,3,mass_budget_prefix,2,1,35,35,0.28,1.0,1,0.0,0
synthetic_d8,4,4,292,1,3,mass_budget_prefix,2,1,35,35,0.28,1.0,1,0.0,0
synthetic_d8,4,4,297,1,3,mass_budget_prefix,2,1,35,35,0.28,1.0,1,0.0,0
synthetic_d8,4,4,324,1,4,mass_budget_prefix,4,0,4,4,0.032,1.0,1,0.0,1
synthetic_d8,4,4,326,0,4,mass_budget_prefix,4,0,26,26,0.208,1.0,1,0.0,1
synthetic_d8,4,4,350,1,3,mass_budget_prefix,3,0,5,5,0.04,1.0,1,0.0,1
synthetic_d8,4,4,361,0,4,mass_budget_prefix,4,0,26,26,0.208,1.0,1,0.0,1
synthetic_d8,4,4,459,0,4,mass_budget_prefix,4,0,26,26,0.208,1.0,1,0.0,1
synthetic_d8,4,8,24,0,4,mass_budget_prefix,4,0,26,26,0.208,1.0,1,0.0,1
synthetic_d8,4,8,35,0,6,mass_budget_prefix,5,1,17,17,0.136,1.0,1,0.0,0
synthetic_d8,4,8,43,0,4,mass_budget_prefix,4,0,26,26,0.208,1.0,1,0.0,1
synthetic_d8,4,8,44,1,5,mass_budget_prefix,5,0,6,6,0.048,1.0,1,0.0,1
synthetic_d8,4,8,110,1,3,mass_budget_prefix,2,1,35,35,0.28,1.0,1,0.0,0
synthetic_d8,4,8,117,0,4,mass_budget_prefix,4,0,26,26,0.208,1.0,1,0.0,1
synthetic_d8,4,8,119,1,5,mass_budget_prefix,5,0,1,1,0.008,1.0,1,0.0,1
synthetic_d8,4,8,129,0,4,mass_budget_prefix,4,0,26,26,0.208,1.0,1,0.0,1
synthetic_d8,4,8,134,1,3,mass_budget_prefix,2,1,35,35,0.28,1.0,1,0.0,0
synthetic_d8,4,8,182,1,3,mass_budget_prefix,2,1,35,35,0.28,1.0,1,0.0,0
synthetic_d8,4,8,191,1,5,mass_budget_prefix,5,0,0,0,0.0,,0,,1
synthetic_d8,4,8,247,1,3,mass_budget_prefix,2,1,35,35,0.28,1.0,1,0.0,0
synthetic_d8,4,8,257,1,3,mass_budget_prefix,2,1,35,35,0.28,1.0,1,0.0,0
synthetic_d8,4,8,292,1,3,mass_budget_prefix,2,1,35,35,0.28,1.0,1,0.0,0
synthetic_d8,4,8,297,1,3,mass_budget_prefix,2,1,35,35,0.28,1.0,1,0.0,0
synthetic_d8,4,8,324,0,6,mass_budget_prefix,6,0,2,2,0.016,1.0,1,0.0,1
synthetic_d8,4,8,326,0,4,mass_budget_prefix,4,0,26,26,0.208,1.0,1,0.0,1
synthetic_d8,4,8,350,1,3,mass_budget_prefix,3,0,5,5,0.04,1.0,1,0.0,1
synthetic_d8,4,8,361,0,4,mass_budget_prefix,4,0,26,26,0.208,1.0,1,0.0,1
synthetic_d8,4,8,459,0,4,mass_budget_prefix,4,0,26,26,0.208,1.0,1,0.0,1
synthetic_d8,5,4,42,0,4,mass_budget_prefix,3,1,31,31,0.248,1.0,1,0.0,0
synthetic_d8,5,4,45,1,3,mass_budget_prefix,3,0,27,27,0.216,1.0,1,0.0,1
synthetic_d8,5,4,52,1,4,mass_budget_prefix,4,0,13,13,0.104,1.0,1,0.0,1
synthetic_d8,5,4,77,1,3,mass_budget_prefix,3,0,27,27,0.216,1.0,1,0.0,1
synthetic_d8,5,4,184,1,3,mass_budget_prefix,3,0,27,27,0.216,1.0,1,0.0,1
synthetic_d8,5,4,204,0,4,mass_budget_prefix,3,1,31,31,0.248,1.0,1,0.0,0
synthetic_d8,5,4,217,1,3,mass_budget_prefix,3,0,27,27,0.216,1.0,1,0.0,1
synthetic_d8,5,4,245,1,4,mass_budget_prefix,4,0,13,13,0.104,1.0,1,0.0,1
synthetic_d8,5,4,255,1,4,mass_budget_prefix,4,0,11,11,0.088,1.0,1,0.0,1
synthetic_d8,5,4,312,1,4,mass_budget_prefix,4,0,0,0,0.0,,0,,1
synthetic_d8,5,4,362,1,4,mass_budget_prefix,4,0,11,11,0.088,1.0,1,0.0,1
synthetic_d8,5,4,377,0,4,mass_budget_prefix,4,0,8,8,0.064,1.0,1,0.0,1
synthetic_d8,5,4,389,0,4,mass_budget_prefix,3,1,31,31,0.248,1.0,1,0.0,0
synthetic_d8,5,4,392,0,4,mass_budget_prefix,3,1,31,31,0.248,1.0,1,0.0,0
synthetic_d8,5,4,393,1,3,mass_budget_prefix,3,0,27,27,0.216,1.0,1,0.0,1
synthetic_d8,5,4,399,1,4,mass_budget_prefix,4,0,13,13,0.104,1.0,1,0.0,1
synthetic_d8,5,4,400,1,4,mass_budget_prefix,4,0,13,13,0.104,1.0,1,0.0,1
synthetic_d8,5,4,422,1,3,mass_budget_prefix,3,0,27,27,0.216,1.0,1,0.0,1
synthetic_d8,5,4,423,1,4,mass_budget_prefix,4,0,11,11,0.088,1.0,1,0.0,1
synthetic_d8,5,4,455,1,3,mass_budget_prefix,3,0,27,27,0.216,1.0,1,0.0,1
synthetic_d8,5,8,42,0,6,mass_budget_prefix,6,0,24,24,0.192,1.0,1,0.0,1
synthetic_d8,5,8,45,1,3,mass_budget_prefix,3,0,27,27,0.216,1.0,1,0.0,1
synthetic_d8,5,8,52,1,6,mass_budget_prefix,6,0,9,9,0.072,1.0,1,0.0,1
synthetic_d8,5,8,77,1,3,mass_budget_prefix,3,0,27,27,0.216,1.0,1,0.0,1
synthetic_d8,5,8,184,1,3,mass_budget_prefix,3,0,27,27,0.216,1.0,1,0.0,1
synthetic_d8,5,8,204,0,6,mass_budget_prefix,6,0,1,1,0.008,1.0,1,0.0,1
synthetic_d8,5,8,217,1,3,mass_budget_prefix,3,0,27,27,0.216,1.0,1,0.0,1
synthetic_d8,5,8,245,1,6,mass_budget_prefix,6,0,9,9,0.072,1.0,1,0.0,1
synthetic_d8,5,8,255,0,6,mass_budget_prefix,6,0,2,2,0.016,1.0,1,0.0,1
synthetic_d8,5,8,312,1,4,mass_budget_prefix,4,0,0,0,0.0,,0,,1
synthetic_d8,5,8,362,1,6,mass_budget_prefix,6,0,7,7,0.056,1.0,1,0.0,1
synthetic_d8,5,8,377,0,4,mass_budget_prefix,4,0,8,8,0.064,1.0,1,0.0,1
synthetic_d8,5,8,389,0,6,mass_budget_prefix,6,0,24,24,0.192,1.0,1,0.0,1
synthetic_d8,5,8,392,0,6,mass_budget_prefix,6,0,24,24,0.192,1.0,1,0.0,1
synthetic_d8,5,8,393,1,3,mass_budget_prefix,3,0,27,27,0.216,1.0,1,0.0,1
synthetic_d8,5,8,399,1,6,mass_budget_prefix,6,0,9,9,0.072,1.0,1,0.0,1
synthetic_d8,5,8,400,1,6,mass_budget_prefix,6,0,9,9,0.072,1.0,1,0.0,1
synthetic_d8,5,8,422,1,3,mass_budget_prefix,3,0,27,27,0.216,1.0,1,0.0,1
synthetic_d8,5,8,423,0,6,mass_budget_prefix,6,0,2,2,0.016,1.0,1,0.0,1
synthetic_d8,5,8,455,1,3,mass_budget_prefix,3,0,27,27,0.216,1.0,1,0.0,1
synthetic_d8,6,4,11,1,4,mass_budget_prefix,3,1,42,41,0.336,0.9761904761904762,1,0.0,0
synthetic_d8,6,4,44,1,4,mass_budget_prefix,4,0,13,13,0.104,1.0,1,0.0,1
synthetic_d8,6,4,69,1,4,mass_budget_prefix,3,1,42,41,0.336,0.9761904761904762,1,0.0,0
synthetic_d8,6,4,100,0,4,mass_budget_prefix,4,0,26,26,0.208,1.0,1,0.0,1
synthetic_d8,6,4,122,0,4,mass_budget_prefix,4,0,26,26,0.208,1.0,1,0.0,1
synthetic_d8,6,4,129,0,3,mass_budget_prefix,3,0,31,31,0.248,1.0,1,0.0,1
synthetic_d8,6,4,135,1,4,mass_budget_prefix,3,1,42,41,0.336,0.9761904761904762,1,0.0,0
synthetic_d8,6,4,140,0,4,mass_budget_prefix,4,0,26,26,0.208,1.0,1,0.0,1
synthetic_d8,6,4,187,1,4,mass_budget_prefix,3,1,42,41,0.336,0.9761904761904762,1,0.0,0
synthetic_d8,6,4,256,0,4,mass_budget_prefix,4,0,26,26,0.208,1.0,1,0.0,1
synthetic_d8,6,4,269,1,4,mass_budget_prefix,3,1,42,41,0.336,0.9761904761904762,1,0.0,0
synthetic_d8,6,4,277,0,4,mass_budget_prefix,4,0,26,26,0.208,1.0,1,0.0,1
synthetic_d8,6,4,288,0,3,mass_budget_prefix,3,0,31,31,0.248,1.0,1,0.0,1
synthetic_d8,6,4,309,0,3,mass_budget_prefix,3,0,31,31,0.248,1.0,1,0.0,1
synthetic_d8,6,4,363,0,3,mass_budget_prefix,3,0,31,31,0.248,1.0,1,0.0,1
synthetic_d8,6,4,384,0,4,mass_budget_prefix,4,0,26,26,0.208,1.0,1,0.0,1
synthetic_d8,6,4,395,1,4,mass_budget_prefix,3,1,42,41,0.336,0.9761904761904762,1,0.0,0
synthetic_d8,6,4,444,0,3,mass_budget_prefix,3,0,31,31,0.248,1.0,1,0.0,1
synthetic_d8,6,4,478,1,3,mass_budget_prefix,3,0,4,4,0.032,1.0,1,0.0,1
synthetic_d8,6,4,489,0,4,mass_budget_prefix,4,0,26,26,0.208,1.0,1,0.0,1
synthetic_d8,6,8,11,1,6,mass_budget_prefix,6,0,3,3,0.024,1.0,1,0.0,1
synthetic_d8,6,8,44,1,7,mass_budget_prefix,7,0,3,3,0.024,1.0,1,0.0,1
synthetic_d8,6,8,69,1,5,mass_budget_prefix,5,0,38,38,0.304,1.0,1,0.0,1
synthetic_d8,6,8,100,0,6,mass_budget_prefix,5,1,18,18,0.144,1.0,1,0.0,0
synthetic_d8,6,8,122,0,7,mass_budget_prefix,7,0,5,5,0.04,1.0,1,0.0,1
synthetic_d8,6,8,129,0,3,mass_budget_prefix,2,1,35,35,0.28,1.0,1,0.0,0
synthetic_d8,6,8,135,1,5,mass_budget_prefix,5,0,38,38,0.304,1.0,1,0.0,1
synthetic_d8,6,8,140,0,6,mass_budget_prefix,5,1,18,18,0.144,1.0,1,0.0,0
synthetic_d8,6,8,187,1,5,mass_budget_prefix,5,0,38,38,0.304,1.0,1,0.0,1
synthetic_d8,6,8,256,0,6,mass_budget_prefix,5,1,18,18,0.144,1.0,1,0.0,0
synthetic_d8,6,8,269,1,5,mass_budget_prefix,5,0,38,38,0.304,1.0,1,0.0,1
synthetic_d8,6,8,277,0,6,mass_budget_prefix,5,1,18,18,0.144,1.0,1,0.0,0
synthetic_d8,6,8,288,0,3,mass_budget_prefix,2,1,35,35,0.28,1.0,1,0.0,0
synthetic_d8,6,8,309,0,3,mass_budget_prefix,2,1,35,35,0.28,1.0,1,0.0,0
synthetic_d8,6,8,363,0,3,mass_budget_prefix,2,1,35,35,0.28,1.0,1,0.0,0
synthetic_d8,6,8,384,0,6,mass_budget_prefix,5,1,18,18,0.144,1.0,1,0.0,0
synthetic_d8,6,8,395,1,5,mass_budget_prefix,5,0,38,38,0.304,1.0,1,0.0,1
synthetic_d8,6,8,444,0,3,mass_budget_prefix,2,1,35,35,0.28,1.0,1,0.0,0
synthetic_d8,6,8,478,0,3,mass_budget_prefix,3,0,1,1,0.008,1.0,1,0.0,1
synthetic_d8,6,8,489,1,7,mass_budget_prefix,7,0,0,0,0.0,,0,,1
synthetic_d8,7,4,6,1,4,mass_budget_prefix,4,0,3,3,0.024,1.0,1,0.0,1
synthetic_d8,7,4,12,1,4,mass_budget_prefix,4,0,45,45,0.36,1.0,1,0.0,1
synthetic_d8,7,4,29,1,4,mass_budget_prefix,4,0,5,5,0.04,1.0,1,0.0,1
synthetic_d8,7,4,51,0,4,mass_budget_prefix,4,0,22,22,0.176,1.0,1,0.0,1
synthetic_d8,7,4,80,0,4,mass_budget_prefix,4,0,22,22,0.176,1.0,1,0.0,1
synthetic_d8,7,4,105,1,4,mass_budget_prefix,4,0,3,3,0.024,1.0,1,0.0,1
synthetic_d8,7,4,129,0,4,mass_budget_prefix,4,0,6,6,0.048,1.0,1,0.0,1
synthetic_d8,7,4,158,1,4,mass_budget_prefix,4,0,45,45,0.36,1.0,1,0.0,1
synthetic_d8,7,4,160,1,4,mass_budget_prefix,4,0,5,5,0.04,1.0,1,0.0,1
synthetic_d8,7,4,240,0,4,mass_budget_prefix,4,0,26,26,0.208,1.0,1,0.0,1
synthetic_d8,7,4,260,1,4,mass_budget_prefix,4,0,45,45,0.36,1.0,1,0.0,1
synthetic_d8,7,4,269,1,4,mass_budget_prefix,4,0,45,45,0.36,1.0,1,0.0,1
synthetic_d8,7,4,270,0,4,mass_budget_prefix,4,0,26,26,0.208,1.0,1,0.0,1
synthetic_d8,7,4,330,1,4,mass_budget_prefix,4,0,10,10,0.08,1.0,1,0.0,1
synthetic_d8,7,4,339,1,4,mass_budget_prefix,4,0,10,10,0.08,1.0,1,0.0,1
synthetic_d8,7,4,341,1,4,mass_budget_prefix,4,0,45,45,0.36,1.0,1,0.0,1
synthetic_d8,7,4,379,1,4,mass_budget_prefix,4,0,10,10,0.08,1.0,1,0.0,1
synthetic_d8,7,4,402,0,4,mass_budget_prefix,4,0,26,26,0.208,1.0,1,0.0,1
synthetic_d8,7,4,407,0,4,mass_budget_prefix,4,0,22,22,0.176,1.0,1,0.0,1
synthetic_d8,7,4,433,0,4,mass_budget_prefix,4,0,26,26,0.208,1.0,1,0.0,1
synthetic_d8,7,8,6,1,5,mass_budget_prefix,4,1,3,2,0.024,0.6666666666666666,1,1.0,0
synthetic_d8,7,8,12,1,6,mass_budget_prefix,6,0,42,42,0.336,1.0,1,0.0,1
synthetic_d8,7,8,29,1,4,mass_budget_prefix,4,0,4,4,0.032,1.0,1,0.0,1
synthetic_d8,7,8,51,0,4,mass_budget_prefix,4,0,22,22,0.176,1.0,1,0.0,1
synthetic_d8,7,8,80,0,4,mass_budget_prefix,4,0,22,22,0.176,1.0,1,0.0,1
synthetic_d8,7,8,105,1,5,mass_budget_prefix,4,1,3,2,0.024,0.6666666666666666,1,1.0,0
synthetic_d8,7,8,129,0,5,mass_budget_prefix,5,0,5,5,0.04,1.0,1,0.0,1
synthetic_d8,7,8,158,1,6,mass_budget_prefix,6,0,42,42,0.336,1.0,1,0.0,1
synthetic_d8,7,8,160,1,4,mass_budget_prefix,4,0,4,4,0.032,1.0,1,0.0,1
synthetic_d8,7,8,240,0,4,mass_budget_prefix,4,0,26,26,0.208,1.0,1,0.0,1
synthetic_d8,7,8,260,1,6,mass_budget_prefix,6,0,42,42,0.336,1.0,1,0.0,1
synthetic_d8,7,8,269,1,6,mass_budget_prefix,6,0,42,42,0.336,1.0,1,0.0,1
synthetic_d8,7,8,270,0,4,mass_budget_prefix,4,0,26,26,0.208,1.0,1,0.0,1
synthetic_d8,7,8,330,0,6,mass_budget_prefix,6,0,4,4,0.032,1.0,1,0.0,1
synthetic_d8,7,8,339,0,6,mass_budget_prefix,6,0,0,0,0.0,,0,,1
synthetic_d8,7,8,341,1,6,mass_budget_prefix,6,0,42,42,0.336,1.0,1,0.0,1
synthetic_d8,7,8,379,1,6,mass_budget_prefix,6,0,5,5,0.04,1.0,1,0.0,1
synthetic_d8,7,8,402,0,4,mass_budget_prefix,4,0,26,26,0.208,1.0,1,0.0,1
synthetic_d8,7,8,407,0,4,mass_budget_prefix,4,0,22,22,0.176,1.0,1,0.0,1
synthetic_d8,7,8,433,0,4,mass_budget_prefix,4,0,26,26,0.208,1.0,1,0.0,1
synthetic_d8,8,4,5,0,4,mass_budget_prefix,4,0,18,18,0.144,1.0,1,0.0,1
synthetic_d8,8,4,15,1,4,mass_budget_prefix,4,0,15,15,0.12,1.0,1,0.0,1
synthetic_d8,8,4,81,1,3,mass_budget_prefix,3,0,32,32,0.256,1.0,1,0.0,1
synthetic_d8,8,4,87,1,3,mass_budget_prefix,3,0,8,8,0.064,1.0,1,0.0,1
synthetic_d8,8,4,88,1,3,mass_budget_prefix,3,0,32,32,0.256,1.0,1,0.0,1
synthetic_d8,8,4,116,1,4,mass_budget_prefix,4,0,9,9,0.072,1.0,1,0.0,1
synthetic_d8,8,4,141,1,3,mass_budget_prefix,3,0,8,8,0.064,1.0,1,0.0,1
synthetic_d8,8,4,167,1,3,mass_budget_prefix,3,0,32,32,0.256,1.0,1,0.0,1
synthetic_d8,8,4,181,0,4,mass_budget_prefix,4,0,1,1,0.008,1.0,1,0.0,1
synthetic_d8,8,4,244,0,4,mass_budget_prefix,4,0,20,20,0.16,1.0,1,0.0,1
synthetic_d8,8,4,298,0,4,mass_budget_prefix,4,0,1,1,0.008,1.0,1,0.0,1
synthetic_d8,8,4,309,0,4,mass_budget_prefix,4,0,20,20,0.16,1.0,1,0.0,1
synthetic_d8,8,4,347,1,4,mass_budget_prefix,4,0,2,2,0.016,1.0,1,0.0,1
synthetic_d8,8,4,349,0,4,mass_budget_prefix,4,0,18,18,0.144,1.0,1,0.0,1
synthetic_d8,8,4,369,0,4,mass_budget_prefix,4,0,20,20,0.16,1.0,1,0.0,1
synthetic_d8,8,4,375,0,4,mass_budget_prefix,4,0,20,20,0.16,1.0,1,0.0,1
synthetic_d8,8,4,410,1,4,mass_budget_prefix,4,0,2,2,0.016,1.0,1,0.0,1
synthetic_d8,8,4,412,1,3,mass_budget_prefix,3,0,32,32,0.256,1.0,1,0.0,1
synthetic_d8,8,4,421,0,4,mass_budget_prefix,4,0,4,4,0.032,1.0,1,0.0,1
synthetic_d8,8,4,459,0,4,mass_budget_prefix,4,0,20,20,0.16,1.0,1,0.0,1
synthetic_d8,8,8,5,0,5,mass_budget_prefix,5,0,14,14,0.112,1.0,1,0.0,1
synthetic_d8,8,8,15,1,5,mass_budget_prefix,4,1,15,10,0.12,0.6666666666666666,1,1.0,0
synthetic_d8,8,8,81,1,3,mass_budget_prefix,3,0,32,32,0.256,1.0,1,0.0,1
synthetic_d8,8,8,87,1,3,mass_budget_prefix,3,0,8,8,0.064,1.0,1,0.0,1
synthetic_d8,8,8,88,1,3,mass_budget_prefix,3,0,32,32,0.256,1.0,1,0.0,1
synthetic_d8,8,8,116,1,5,mass_budget_prefix,5,0,6,6,0.048,1.0,1,0.0,1
synthetic_d8,8,8,141,1,3,mass_budget_prefix,3,0,8,8,0.064,1.0,1,0.0,1
synthetic_d8,8,8,167,1,3,mass_budget_prefix,3,0,32,32,0.256,1.0,1,0.0,1
synthetic_d8,8,8,181,0,4,mass_budget_prefix,4,0,1,1,0.008,1.0,1,0.0,1
synthetic_d8,8,8,244,0,4,mass_budget_prefix,4,0,20,20,0.16,1.0,1,0.0,1
synthetic_d8,8,8,298,0,4,mass_budget_prefix,4,0,1,1,0.008,1.0,1,0.0,1
synthetic_d8,8,8,309,0,4,mass_budget_prefix,4,0,20,20,0.16,1.0,1,0.0,1
synthetic_d8,8,8,347,1,6,mass_budget_prefix,6,0,0,0,0.0,,0,,1
synthetic_d8,8,8,349,0,5,mass_budget_prefix,5,0,14,14,0.112,1.0,1,0.0,1
synthetic_d8,8,8,369,0,4,mass_budget_prefix,4,0,20,20,0.16,1.0,1,0.0,1
synthetic_d8,8,8,375,0,4,mass_budget_prefix,4,0,20,20,0.16,1.0,1,0.0,1
synthetic_d8,8,8,410,1,4,mass_budget_prefix,4,0,2,2,0.016,1.0,1,0.0,1
synthetic_d8,8,8,412,1,3,mass_budget_prefix,3,0,32,32,0.256,1.0,1,0.0,1
synthetic_d8,8,8,421,0,4,mass_budget_prefix,4,0,4,4,0.032,1.0,1,0.0,1
synthetic_d8,8,8,459,0,4,mass_budget_prefix,4,0,20,20,0.16,1.0,1,0.0,1
synthetic_d8,9,4,18,0,4,mass_budget_prefix,4,0,11,11,0.088,1.0,1,0.0,1
synthetic_d8,9,4,34,0,4,mass_budget_prefix,4,0,7,7,0.056,1.0,1,0.0,1
synthetic_d8,9,4,63,0,4,mass_budget_prefix,4,0,28,28,0.224,1.0,1,0.0,1
synthetic_d8,9,4,88,1,3,mass_budget_prefix,2,1,39,37,0.312,0.9487179487179487,1,1.0,0
synthetic_d8,9,4,97,1,3,mass_budget_prefix,2,1,39,37,0.312,0.9487179487179487,1,1.0,0
synthetic_d8,9,4,129,0,4,mass_budget_prefix,4,0,2,2,0.016,1.0,1,0.0,1
synthetic_d8,9,4,146,0,4,mass_budget_prefix,4,0,12,12,0.096,1.0,1,0.0,1
synthetic_d8,9,4,147,1,4,mass_budget_prefix,4,0,6,6,0.048,1.0,1,0.0,1
synthetic_d8,9,4,194,0,4,mass_budget_prefix,4,0,8,8,0.064,1.0,1,0.0,1
synthetic_d8,9,4,202,1,3,mass_budget_prefix,2,1,39,37,0.312,0.9487179487179487,1,1.0,0
synthetic_d8,9,4,224,0,4,mass_budget_prefix,4,0,28,28,0.224,1.0,1,0.0,1
synthetic_d8,9,4,272,0,4,mass_budget_prefix,4,0,11,11,0.088,1.0,1,0.0,1
synthetic_d8,9,4,315,1,4,mass_budget_prefix,4,0,6,6,0.048,1.0,1,0.0,1
synthetic_d8,9,4,343,0,4,mass_budget_prefix,4,0,2,2,0.016,1.0,1,0.0,1
synthetic_d8,9,4,365,0,4,mass_budget_prefix,4,0,8,8,0.064,1.0,1,0.0,1
synthetic_d8,9,4,367,1,3,mass_budget_prefix,2,1,39,37,0.312,0.9487179487179487,1,1.0,0
synthetic_d8,9,4,375,0,4,mass_budget_prefix,4,0,28,28,0.224,1.0,1,0.0,1
synthetic_d8,9,4,390,1,3,mass_budget_prefix,2,1,39,37,0.312,0.9487179487179487,1,1.0,0
synthetic_d8,9,4,407,0,4,mass_budget_prefix,4,0,28,28,0.224,1.0,1,0.0,1
synthetic_d8,9,4,463,0,4,mass_budget_prefix,4,0,7,7,0.056,1.0,1,0.0,1
synthetic_d8,9,8,18,0,4,mass_budget_prefix,4,0,11,11,0.088,1.0,1,0.0,1
synthetic_d8,9,8,34,1,6,mass_budget_prefix,6,0,4,4,0.032,1.0,1,0.0,1
synthetic_d8,9,8,63,0,4,mass_budget_prefix,4,0,28,28,0.224,1.0,1,0.0,1
synthetic_d8,9,8,88,1,3,mass_budget_prefix,2,1,39,37,0.312,0.9487179487179487,1,1.0,0
synthetic_d8,9,8,97,1,3,mass_budget_prefix,2,1,39,37,0.312,0.9487179487179487,1,1.0,0
synthetic_d8,9,8,129,1,5,mass_budget_prefix,5,0,1,1,0.008,1.0,1,0.0,1
synthetic_d8,9,8,146,0,6,mass_budget_prefix,6,0,1,1,0.008,1.0,1,0.0,1
synthetic_d8,9,8,147,1,5,mass_budget_prefix,4,1,6,6,0.048,1.0,1,0.0,0
synthetic_d8,9,8,194,0,4,mass_budget_prefix,4,0,8,8,0.064,1.0,1,0.0,1
synthetic_d8,9,8,202,1,3,mass_budget_prefix,2,1,39,37,0.312,0.9487179487179487,1,1.0,0
synthetic_d8,9,8,224,0,4,mass_budget_prefix,4,0,28,28,0.224,1.0,1,0.0,1
synthetic_d8,9,8,272,0,4,mass_budget_prefix,4,0,11,11,0.088,1.0,1,0.0,1
synthetic_d8,9,8,315,1,5,mass_budget_prefix,4,1,6,6,0.048,1.0,1,0.0,0
synthetic_d8,9,8,343,1,4,mass_budget_prefix,4,0,1,1,0.008,1.0,1,0.0,1
synthetic_d8,9,8,365,1,6,mass_budget_prefix,6,0,2,2,0.016,1.0,1,0.0,1
synthetic_d8,9,8,367,1,3,mass_budget_prefix,2,1,39,37,0.312,0.9487179487179487,1,1.0,0
synthetic_d8,9,8,375,0,4,mass_budget_prefix,4,0,28,28,0.224,1.0,1,0.0,1
synthetic_d8,9,8,390,1,3,mass_budget_prefix,2,1,39,37,0.312,0.9487179487179487,1,1.0,0
synthetic_d8,9,8,407,0,4,mass_budget_prefix,4,0,28,28,0.224,1.0,1,0.0,1
synthetic_d8,9,8,463,0,7,mass_budget_prefix,7,0,0,0,0.0,,0,,1
synthetic_d20,0,4,1,0,4,mass_budget_prefix,4,0,34,34,0.17,1.0,1,0.0,1
synthetic_d20,0,4,7,1,4,mass_budget_prefix,3,1,46,46,0.23,1.0,1,0.0,1
synthetic_d20,0,4,20,0,4,mass_budget_prefix,4,0,34,34,0.17,1.0,1,0.0,1
synthetic_d20,0,4,24,0,4,mass_budget_prefix,4,0,63,63,0.315,1.0,1,0.0,1
synthetic_d20,0,4,32,1,4,mass_budget_prefix,3,1,46,46,0.23,1.0,1,0.0,1
synthetic_d20,0,4,61,1,4,mass_budget_prefix,4,0,0,0,0.0,,0,,1
synthetic_d20,0,4,107,1,4,mass_budget_prefix,3,1,46,46,0.23,1.0,1,0.0,1
synthetic_d20,0,4,173,0,4,mass_budget_prefix,4,0,34,34,0.17,1.0,1,0.0,1
synthetic_d20,0,4,192,1,4,mass_budget_prefix,3,1,46,46,0.23,1.0,1,0.0,1
synthetic_d20,0,4,410,0,4,mass_budget_prefix,4,0,63,63,0.315,1.0,1,0.0,1
synthetic_d20,0,4,420,0,4,mass_budget_prefix,4,0,34,34,0.17,1.0,1,0.0,1
synthetic_d20,0,4,459,1,4,mass_budget_prefix,4,0,33,33,0.165,1.0,1,0.0,1
synthetic_d20,0,4,510,1,4,mass_budget_prefix,3,1,46,46,0.23,1.0,1,0.0,1
synthetic_d20,0,4,524,0,4,mass_budget_prefix,4,0,34,34,0.17,1.0,1,0.0,1
synthetic_d20,0,4,607,0,4,mass_budget_prefix,4,0,63,63,0.315,1.0,1,0.0,1
synthetic_d20,0,4,608,1,4,mass_budget_prefix,4,0,7,7,0.035,1.0,1,0.0,1
synthetic_d20,0,4,623,0,4,mass_budget_prefix,3,1,6,6,0.03,1.0,1,0.0,0
synthetic_d20,0,4,666,1,4,mass_budget_prefix,4,0,7,7,0.035,1.0,1,0.0,1
synthetic_d20,0,4,727,1,4,mass_budget_prefix,3,1,46,46,0.23,1.0,1,0.0,1
synthetic_d20,0,4,729,1,4,mass_budget_prefix,3,1,46,46,0.23,1.0,1,0.0,1
synthetic_d20,0,8,1,0,8,mass_budget_prefix,8,0,1,1,0.005,1.0,1,0.0,1
synthetic_d20,0,8,7,1,5,mass_budget_prefix,3,1,46,45,0.23,0.9782608695652174,1,0.0,0
synthetic_d20,0,8,20,0,7,mass_budget_prefix,7,0,31,31,0.155,1.0,1,0.0,1
synthetic_d20,0,8,24,0,7,mass_budget_prefix,6,1,19,17,0.095,0.8947368421052632,1,1.0,0
synthetic_d20,0,8,32,1,5,mass_budget_prefix,3,1,46,45,0.23,0.9782608695652174,1,0.0,0
synthetic_d20,0,8,61,1,4,mass_budget_prefix,4,0,0,0,0.0,,0,,1
synthetic_d20,0,8,107,1,5,mass_budget_prefix,3,1,46,45,0.23,0.9782608695652174,1,0.0,0
synthetic_d20,0,8,173,0,7,mass_budget_prefix,7,0,1,1,0.005,1.0,1,0.0,1
synthetic_d20,0,8,192,1,5,mass_budget_prefix,3,1,46,45,0.23,0.9782608695652174,1,0.0,0
synthetic_d20,0,8,410,0,8,mass_budget_prefix,8,0,1,1,0.005,1.0,1,0.0,1
synthetic_d20,0,8,420,0,7,mass_budget_prefix,7,0,31,31,0.155,1.0,1,0.0,1
synthetic_d20,0,8,459,1,7,mass_budget_prefix,4,1,33,31,0.165,0.9393939393939394,1,1.0,0
synthetic_d20,0,8,510,1,5,mass_budget_prefix,3,1,46,45,0.23,0.9782608695652174,1,0.0,0
synthetic_d20,0,8,524,0,7,mass_budget_prefix,7,0,31,31,0.155,1.0,1,0.0,1
synthetic_d20,0,8,607,0,8,mass_budget_prefix,8,0,1,1,0.005,1.0,1,0.0,1
synthetic_d20,0,8,608,1,5,mass_budget_prefix,5,0,7,7,0.035,1.0,1,0.0,1
synthetic_d20,0,8,623,0,5,mass_budget_prefix,3,1,6,5,0.03,0.8333333333333334,1,1.0,0
synthetic_d20,0,8,666,1,5,mass_budget_prefix,5,0,7,7,0.035,1.0,1,0.0,1
synthetic_d20,0,8,727,1,5,mass_budget_prefix,3,1,46,45,0.23,0.9782608695652174,1,0.0,0
synthetic_d20,0,8,729,1,5,mass_budget_prefix,3,1,46,45,0.23,0.9782608695652174,1,0.0,0
synthetic_d20,1,4,56,1,4,mass_budget_prefix,3,1,50,48,0.25,0.96,1,0.0,0
synthetic_d20,1,4,226,0,4,mass_budget_prefix,4,0,49,49,0.245,1.0,1,0.0,1
synthetic_d20,1,4,241,1,4,mass_budget_prefix,3,1,50,48,0.25,0.96,1,0.0,0
synthetic_d20,1,4,242,0,4,mass_budget_prefix,4,0,36,36,0.18,1.0,1,0.0,1
synthetic_d20,1,4,254,0,4,mass_budget_prefix,4,0,36,36,0.18,1.0,1,0.0,1
synthetic_d20,1,4,256,0,4,mass_budget_prefix,4,0,49,49,0.245,1.0,1,0.0,1
synthetic_d20,1,4,263,1,4,mass_budget_prefix,4,0,7,7,0.035,1.0,1,0.0,1
synthetic_d20,1,4,374,1,3,mass_budget_prefix,3,0,8,8,0.04,1.0,1,0.0,1
synthetic_d20,1,4,381,1,4,mass_budget_prefix,4,0,7,7,0.035,1.0,1,0.0,1
synthetic_d20,1,4,393,1,4,mass_budget_prefix,3,1,50,48,0.25,0.96,1,0.0,0
synthetic_d20,1,4,408,1,4,mass_budget_prefix,3,1,50,48,0.25,0.96,1,0.0,0
synthetic_d20,1,4,417,0,4,mass_budget_prefix,4,0,36,36,0.18,1.0,1,0.0,1
synthetic_d20,1,4,440,1,3,mass_budget_prefix,3,0,8,8,0.04,1.0,1,0.0,1
synthetic_d20,1,4,454,0,4,mass_budget_prefix,4,0,31,31,0.155,1.0,1,0.0,1
synthetic_d20,1,4,462,0,4,mass_budget_prefix,4,0,49,49,0.245,1.0,1,0.0,1
synthetic_d20,1,4,466,1,4,mass_budget_prefix,3,1,50,48,0.25,0.96,1,0.0,0
synthetic_d20,1,4,562,1,4,mass_budget_prefix,3,1,50,48,0.25,0.96,1,0.0,0
synthetic_d20,1,4,676,1,3,mass_budget_prefix,3,0,8,8,0.04,1.0,1,0.0,1
synthetic_d20,1,4,724,1,4,mass_budget_prefix,4,0,7,7,0.035,1.0,1,0.0,1
synthetic_d20,1,4,742,1,4,mass_budget_prefix,3,1,50,48,0.25,0.96,1,0.0,0
synthetic_d20,1,8,56,1,6,mass_budget_prefix,6,0,47,47,0.235,1.0,1,0.0,1
synthetic_d20,1,8,226,1,8,mass_budget_prefix,7,1,18,18,0.09,1.0,1,0.0,0
synthetic_d20,1,8,241,1,6,mass_budget_prefix,6,0,47,47,0.235,1.0,1,0.0,1
synthetic_d20,1,8,242,1,8,mass_budget_prefix,7,1,9,7,0.045,0.7777777777777778,1,1.0,0
synthetic_d20,1,8,254,0,8,mass_budget_prefix,8,0,16,16,0.08,1.0,1,0.0,1
synthetic_d20,1,8,256,0,7,mass_budget_prefix,7,0,11,11,0.055,1.0,1,0.0,1
synthetic_d20,1,8,263,1,4,mass_budget_prefix,4,0,7,7,0.035,1.0,1,0.0,1
synthetic_d20,1,8,374,1,3,mass_budget_prefix,3,0,8,8,0.04,1.0,1,0.0,1
synthetic_d20,1,8,381,1,4,mass_budget_prefix,4,0,7,7,0.035,1.0,1,0.0,1
synthetic_d20,1,8,393,1,6,mass_budget_prefix,6,0,47,47,0.235,1.0,1,0.0,1
synthetic_d20,1,8,408,1,6,mass_budget_prefix,6,0,47,47,0.235,1.0,1,0.0,1
synthetic_d20,1,8,417,1,8,mass_budget_prefix,7,1,9,7,0.045,0.7777777777777778,1,1.0,0
synthetic_d20,1,8,440,1,3,mass_budget_prefix,3,0,8,8,0.04,1.0,1,0.0,1
synthetic_d20,1,8,454,0,6,mass_budget_prefix,5,1,23,21,0.115,0.9130434782608695,1,1.0,0
synthetic_d20,1,8,462,0,8,mass_budget_prefix,8,0,1,1,0.005,1.0,1,0.0,1
synthetic_d20,1,8,466,1,6,mass_budget_prefix,6,0,47,47,0.235,1.0,1,0.0,1
synthetic_d20,1,8,562,1,6,mass_budget_prefix,6,0,47,47,0.235,1.0,1,0.0,1
synthetic_d20,1,8,676,1,3,mass_budget_prefix,3,0,8,8,0.04,1.0,1,0.0,1
synthetic_d20,1,8,724,1,4,mass_budget_prefix,4,0,7,7,0.035,1.0,1,0.0,1
synthetic_d20,1,8,742,1,6,mass_budget_prefix,6,0,47,47,0.235,1.0,1,0.0,1
synthetic_d20,2,4,30,0,4,mass_budget_prefix,4,0,80,80,0.4,1.0,1,0.0,1
synthetic_d20,2,4,180,0,4,mass_budget_prefix,4,0,17,17,0.085,1.0,1,0.0,1
synthetic_d20,2,4,239,1,4,mass_budget_prefix,4,0,26,26,0.13,1.0,1,0.0,1
synthetic_d20,2,4,296,1,4,mass_budget_prefix,4,0,26,26,0.13,1.0,1,0.0,1
synthetic_d20,2,4,316,0,4,mass_budget_prefix,4,0,80,80,0.4,1.0,1,0.0,1
synthetic_d20,2,4,319,1,4,mass_budget_prefix,4,0,26,26,0.13,1.0,1,0.0,1
synthetic_d20,2,4,380,0,4,mass_budget_prefix,4,0,1,1,0.005,1.0,1,0.0,1
synthetic_d20,2,4,383,1,4,mass_budget_prefix,4,0,26,26,0.13,1.0,1,0.0,1
synthetic_d20,2,4,420,1,4,mass_budget_prefix,4,0,26,26,0.13,1.0,1,0.0,1
synthetic_d20,2,4,460,0,4,mass_budget_prefix,4,0,17,17,0.085,1.0,1,0.0,1
synthetic_d20,2,4,475,0,4,mass_budget_prefix,4,0,80,80,0.4,1.0,1,0.0,1
synthetic_d20,2,4,490,0,4,mass_budget_prefix,4,0,80,80,0.4,1.0,1,0.0,1
synthetic_d20,2,4,513,0,4,mass_budget_prefix,4,0,17,17,0.085,1.0,1,0.0,1
synthetic_d20,2,4,534,1,3,mass_budget_prefix,3,0,9,9,0.045,1.0,1,0.0,1
synthetic_d20,2,4,649,1,4,mass_budget_prefix,4,0,26,26,0.13,1.0,1,0.0,1
synthetic_d20,2,4,691,0,4,mass_budget_prefix,4,0,80,80,0.4,1.0,1,0.0,1
synthetic_d20,2,4,717,1,4,mass_budget_prefix,4,0,26,26,0.13,1.0,1,0.0,1
synthetic_d20,2,4,755,0,4,mass_budget_prefix,4,0,80,80,0.4,1.0,1,0.0,1
synthetic_d20,2,4,769,0,4,mass_budget_prefix,4,0,80,80,0.4,1.0,1,0.0,1
synthetic_d20,2,4,785,0,4,mass_budget_prefix,4,0,80,80,0.4,1.0,1,0.0,1
synthetic_d20,2,8,30,1,7,mass_budget_prefix,7,0,0,0,0.0,,0,,1
synthetic_d20,2,8,180,1,7,mass_budget_prefix,7,0,1,1,0.005,1.0,1,0.0,1
synthetic_d20,2,8,239,0,8,mass_budget_prefix,8,0,6,6,0.03,1.0,1,0.0,1
synthetic_d20,2,8,296,1,6,mass_budget_prefix,6,0,11,11,0.055,1.0,1,0.0,1
synthetic_d20,2,8,316,0,8,mass_budget_prefix,8,0,21,21,0.105,1.0,1,0.0,1
synthetic_d20,2,8,319,0,8,mass_budget_prefix,8,0,0,0,0.0,,0,,1
synthetic_d20,2,8,380,1,4,mass_budget_prefix,4,0,5,5,0.025,1.0,1,0.0,1
synthetic_d20,2,8,383,0,7,mass_budget_prefix,7,0,2,2,0.01,1.0,1,0.0,1
synthetic_d20,2,8,420,0,6,mass_budget_prefix,6,0,0,0,0.0,,0,,1
synthetic_d20,2,8,460,1,7,mass_budget_prefix,7,0,0,0,0.0,,0,,1
synthetic_d20,2,8,475,0,8,mass_budget_prefix,8,0,21,21,0.105,1.0,1,0.0,1
synthetic_d20,2,8,490,0,8,mass_budget_prefix,8,0,21,21,0.105,1.0,1,0.0,1
synthetic_d20,2,8,513,1,6,mass_budget_prefix,6,0,7,7,0.035,1.0,1,0.0,1
synthetic_d20,2,8,534,1,3,mass_budget_prefix,3,0,9,9,0.045,1.0,1,0.0,1
synthetic_d20,2,8,649,1,8,mass_budget_prefix,8,0,3,3,0.015,1.0,1,0.0,1
synthetic_d20,2,8,691,1,8,mass_budget_prefix,8,0,6,6,0.03,1.0,1,0.0,1
synthetic_d20,2,8,717,1,8,mass_budget_prefix,8,0,3,3,0.015,1.0,1,0.0,1
synthetic_d20,2,8,755,0,8,mass_budget_prefix,8,0,36,36,0.18,1.0,1,0.0,1
synthetic_d20,2,8,769,0,8,mass_budget_prefix,8,0,36,36,0.18,1.0,1,0.0,1
synthetic_d20,2,8,785,0,8,mass_budget_prefix,8,0,21,21,0.105,1.0,1,0.0,1
synthetic_d20,3,4,88,1,4,mass_budget_prefix,4,0,43,43,0.215,1.0,1,0.0,1
synthetic_d20,3,4,91,0,4,mass_budget_prefix,4,0,20,20,0.1,1.0,1,0.0,1
synthetic_d20,3,4,118,1,4,mass_budget_prefix,4,0,25,25,0.125,1.0,1,0.0,1
synthetic_d20,3,4,132,0,4,mass_budget_prefix,4,0,14,14,0.07,1.0,1,0.0,1
synthetic_d20,3,4,157,0,4,mass_budget_prefix,4,0,20,20,0.1,1.0,1,0.0,1
synthetic_d20,3,4,164,0,4,mass_budget_prefix,4,0,26,26,0.13,1.0,1,0.0,1
synthetic_d20,3,4,172,0,2,mass_budget_prefix,2,0,7,7,0.035,1.0,1,0.0,1
synthetic_d20,3,4,271,0,4,mass_budget_prefix,4,0,26,26,0.13,1.0,1,0.0,1
synthetic_d20,3,4,341,0,4,mass_budget_prefix,4,0,26,26,0.13,1.0,1,0.0,1
synthetic_d20,3,4,349,0,4,mass_budget_prefix,4,0,26,26,0.13,1.0,1,0.0,1
synthetic_d20,3,4,376,1,4,mass_budget_prefix,4,0,43,43,0.215,1.0,1,0.0,1
synthetic_d20,3,4,474,0,4,mass_budget_prefix,4,0,43,43,0.215,1.0,1,0.0,1
synthetic_d20,3,4,514,1,4,mass_budget_prefix,4,0,43,43,0.215,1.0,1,0.0,1
synthetic_d20,3,4,521,0,2,mass_budget_prefix,2,0,7,7,0.035,1.0,1,0.0,1
synthetic_d20,3,4,534,1,3,mass_budget_prefix,3,0,10,10,0.05,1.0,1,0.0,1
synthetic_d20,3,4,573,0,4,mass_budget_prefix,4,0,20,20,0.1,1.0,1,0.0,1
synthetic_d20,3,4,612,1,4,mass_budget_prefix,4,0,25,25,0.125,1.0,1,0.0,1
synthetic_d20,3,4,648,0,2,mass_budget_prefix,2,0,7,7,0.035,1.0,1,0.0,1
synthetic_d20,3,4,671,0,4,mass_budget_prefix,4,0,26,26,0.13,1.0,1,0.0,1
synthetic_d20,3,4,793,1,4,mass_budget_prefix,3,1,5,4,0.025,0.8,1,1.0,0
synthetic_d20,3,8,88,1,8,mass_budget_prefix,7,1,38,38,0.19,1.0,1,0.0,0
synthetic_d20,3,8,91,0,7,mass_budget_prefix,6,1,12,11,0.06,0.9166666666666666,1,1.0,0
synthetic_d20,3,8,118,1,8,mass_budget_prefix,7,1,7,7,0.035,1.0,1,0.0,0
synthetic_d20,3,8,132,0,5,mass_budget_prefix,5,0,12,12,0.06,1.0,1,0.0,1
synthetic_d20,3,8,157,0,7,mass_budget_prefix,6,1,12,11,0.06,0.9166666666666666,1,1.0,0
synthetic_d20,3,8,164,0,6,mass_budget_prefix,6,0,5,5,0.025,1.0,1,0.0,1
synthetic_d20,3,8,172,0,2,mass_budget_prefix,2,0,7,7,0.035,1.0,1,0.0,1
synthetic_d20,3,8,271,0,6,mass_budget_prefix,6,0,5,5,0.025,1.0,1,0.0,1
synthetic_d20,3,8,341,0,8,mass_budget_prefix,8,0,6,6,0.03,1.0,1,0.0,1
synthetic_d20,3,8,349,0,8,mass_budget_prefix,8,0,6,6,0.03,1.0,1,0.0,1
synthetic_d20,3,8,376,1,8,mass_budget_prefix,7,1,38,38,0.19,1.0,1,0.0,0
synthetic_d20,3,8,474,0,6,mass_budget_prefix,4,1,43,43,0.215,1.0,1,0.0,0
synthetic_d20,3,8,514,0,8,mass_budget_prefix,8,0,0,0,0.0,,0,,1
synthetic_d20,3,8,521,0,2,mass_budget_prefix,2,0,7,7,0.035,1.0,1,0.0,1
synthetic_d20,3,8,534,1,3,mass_budget_prefix,3,0,10,10,0.05,1.0,1,0.0,1
synthetic_d20,3,8,573,0,7,mass_budget_prefix,6,1,12,11,0.06,0.9166666666666666,1,1.0,0
synthetic_d20,3,8,612,0,6,mass_budget_prefix,6,0,0,0,0.0,,0,,1
synthetic_d20,3,8,648,0,2,mass_budget_prefix,2,0,7,7,0.035,1.0,1,0.0,1
synthetic_d20,3,8,671,1,7,mass_budget_prefix,7,0,8,8,0.04,1.0,1,0.0,1
synthetic_d20,3,8,793,1,4,mass_budget_prefix,4,0,5,5,0.025,1.0,1,0.0,1
synthetic_d20,4,4,33,1,4,mass_budget_prefix,2,1,16,15,0.08,0.9375,1,1.0,0
synthetic_d20,4,4,45,1,4,mass_budget_prefix,3,1,50,48,0.25,0.96,1,0.0,0
synthetic_d20,4,4,47,0,4,mass_budget_prefix,4,0,27,27,0.135,1.0,1,0.0,1
synthetic_d20,4,4,54,0,4,mass_budget_prefix,4,0,43,43,0.215,1.0,1,0.0,1
synthetic_d20,4,4,90,1,4,mass_budget_prefix,4,0,42,42,0.21,1.0,1,0.0,1
synthetic_d20,4,4,111,1,4,mass_budget_prefix,3,1,50,48,0.25,0.96,1,0.0,0
synthetic_d20,4,4,221,1,4,mass_budget_prefix,3,1,50,48,0.25,0.96,1,0.0,0
synthetic_d20,4,4,288,1,4,mass_budget_prefix,4,0,42,42,0.21,1.0,1,0.0,1
synthetic_d20,4,4,316,0,3,mass_budget_prefix,3,0,7,7,0.035,1.0,1,0.0,1
synthetic_d20,4,4,381,1,4,mass_budget_prefix,2,1,16,15,0.08,0.9375,1,1.0,0
synthetic_d20,4,4,448,0,4,mass_budget_prefix,4,0,27,27,0.135,1.0,1,0.0,1
synthetic_d20,4,4,452,1,4,mass_budget_prefix,4,0,42,42,0.21,1.0,1,0.0,1
synthetic_d20,4,4,485,1,4,mass_budget_prefix,2,1,16,15,0.08,0.9375,1,1.0,0
synthetic_d20,4,4,489,0,4,mass_budget_prefix,4,0,8,8,0.04,1.0,1,0.0,1
synthetic_d20,4,4,520,0,3,mass_budget_prefix,3,0,7,7,0.035,1.0,1,0.0,1
synthetic_d20,4,4,540,0,4,mass_budget_prefix,4,0,27,27,0.135,1.0,1,0.0,1
synthetic_d20,4,4,583,1,4,mass_budget_prefix,3,1,50,48,0.25,0.96,1,0.0,0
synthetic_d20,4,4,598,1,4,mass_budget_prefix,3,1,50,48,0.25,0.96,1,0.0,0
synthetic_d20,4,4,629,0,4,mass_budget_prefix,4,0,2,2,0.01,1.0,1,0.0,1
synthetic_d20,4,4,657,1,4,mass_budget_prefix,4,0,42,42,0.21,1.0,1,0.0,1
synthetic_d20,4,8,33,1,4,mass_budget_prefix,2,1,16,15,0.08,0.9375,1,1.0,0
synthetic_d20,4,8,45,1,5,mass_budget_prefix,3,1,50,48,0.25,0.96,1,0.0,0
synthetic_d20,4,8,47,0,8,mass_budget_prefix,8,0,4,4,0.02,1.0,1,0.0,1
synthetic_d20,4,8,54,0,8,mass_budget_prefix,8,0,31,31,0.155,1.0,1,0.0,1
synthetic_d20,4,8,90,0,7,mass_budget_prefix,7,0,4,4,0.02,1.0,1,0.0,1
synthetic_d20,4,8,111,1,5,mass_budget_prefix,3,1,50,48,0.25,0.96,1,0.0,0
synthetic_d20,4,8,221,1,5,mass_budget_prefix,3,1,50,48,0.25,0.96,1,0.0,0
synthetic_d20,4,8,288,0,8,mass_budget_prefix,8,0,15,15,0.075,1.0,1,0.0,1
synthetic_d20,4,8,316,0,3,mass_budget_prefix,3,0,7,7,0.035,1.0,1,0.0,1
synthetic_d20,4,8,381,1,4,mass_budget_prefix,2,1,16,15,0.08,0.9375,1,1.0,0
synthetic_d20,4,8,448,0,6,mass_budget_prefix,6,0,12,12,0.06,1.0,1,0.0,1
synthetic_d20,4,8,452,1,7,mass_budget_prefix,7,0,3,3,0.015,1.0,1,0.0,1
synthetic_d20,4,8,485,1,4,mass_budget_prefix,2,1,16,15,0.08,0.9375,1,1.0,0
synthetic_d20,4,8,489,0,5,mass_budget_prefix,4,1,8,8,0.04,1.0,1,0.0,0
synthetic_d20,4,8,520,0,3,mass_budget_prefix,3,0,7,7,0.035,1.0,1,0.0,1
synthetic_d20,4,8,540,1,8,mass_budget_prefix,8,0,5,5,0.025,1.0,1,0.0,1
synthetic_d20,4,8,583,1,5,mass_budget_prefix,3,1,50,48,0.25,0.96,1,0.0,0
synthetic_d20,4,8,598,1,5,mass_budget_prefix,3,1,50,48,0.25,0.96,1,0.0,0
synthetic_d20,4,8,629,1,5,mass_budget_prefix,5,0,0,0,0.0,,0,,1
synthetic_d20,4,8,657,1,7,mass_budget_prefix,7,0,5,5,0.025,1.0,1,0.0,1
synthetic_d20,5,4,0,0,4,mass_budget_prefix,3,1,60,60,0.3,1.0,1,0.0,0
synthetic_d20,5,4,2,0,4,mass_budget_prefix,4,0,10,10,0.05,1.0,1,0.0,1
synthetic_d20,5,4,14,1,4,mass_budget_prefix,4,0,54,54,0.27,1.0,1,0.0,1
synthetic_d20,5,4,89,1,4,mass_budget_prefix,4,0,54,54,0.27,1.0,1,0.0,1
synthetic_d20,5,4,162,1,4,mass_budget_prefix,4,0,54,54,0.27,1.0,1,0.0,1
synthetic_d20,5,4,174,0,4,mass_budget_prefix,3,1,60,60,0.3,1.0,1,0.0,0
synthetic_d20,5,4,187,1,4,mass_budget_prefix,4,0,11,11,0.055,1.0,1,0.0,1
synthetic_d20,5,4,219,0,4,mass_budget_prefix,4,0,5,5,0.025,1.0,1,0.0,1
synthetic_d20,5,4,277,1,4,mass_budget_prefix,4,0,54,54,0.27,1.0,1,0.0,1
synthetic_d20,5,4,318,0,4,mass_budget_prefix,3,1,60,60,0.3,1.0,1,0.0,0
synthetic_d20,5,4,390,0,4,mass_budget_prefix,3,1,60,60,0.3,1.0,1,0.0,0
synthetic_d20,5,4,392,0,4,mass_budget_prefix,4,0,7,7,0.035,1.0,1,0.0,1
synthetic_d20,5,4,500,0,4,mass_budget_prefix,4,0,10,10,0.05,1.0,1,0.0,1
synthetic_d20,5,4,511,1,4,mass_budget_prefix,4,0,28,28,0.14,1.0,1,0.0,1
synthetic_d20,5,4,550,1,4,mass_budget_prefix,4,0,54,54,0.27,1.0,1,0.0,1
synthetic_d20,5,4,592,0,4,mass_budget_prefix,4,0,10,10,0.05,1.0,1,0.0,1
synthetic_d20,5,4,626,0,4,mass_budget_prefix,3,1,60,60,0.3,1.0,1,0.0,0
synthetic_d20,5,4,667,1,4,mass_budget_prefix,4,0,28,28,0.14,1.0,1,0.0,1
synthetic_d20,5,4,723,1,4,mass_budget_prefix,4,0,28,28,0.14,1.0,1,0.0,1
synthetic_d20,5,4,787,1,4,mass_budget_prefix,4,0,28,28,0.14,1.0,1,0.0,1
synthetic_d20,5,8,0,0,6,mass_budget_prefix,6,0,12,12,0.06,1.0,1,0.0,1
synthetic_d20,5,8,2,0,4,mass_budget_prefix,4,0,10,10,0.05,1.0,1,0.0,1
synthetic_d20,5,8,14,1,5,mass_budget_prefix,5,0,49,49,0.245,1.0,1,0.0,1
synthetic_d20,5,8,89,1,5,mass_budget_prefix,5,0,49,49,0.245,1.0,1,0.0,1
synthetic_d20,5,8,162,1,5,mass_budget_prefix,5,0,49,49,0.245,1.0,1,0.0,1
synthetic_d20,5,8,174,0,6,mass_budget_prefix,6,0,12,12,0.06,1.0,1,0.0,1
synthetic_d20,5,8,187,1,7,mass_budget_prefix,7,0,6,6,0.03,1.0,1,0.0,1
synthetic_d20,5,8,219,0,4,mass_budget_prefix,4,0,5,5,0.025,1.0,1,0.0,1
synthetic_d20,5,8,277,1,5,mass_budget_prefix,5,0,49,49,0.245,1.0,1,0.0,1
synthetic_d20,5,8,318,0,6,mass_budget_prefix,6,0,22,22,0.11,1.0,1,0.0,1
synthetic_d20,5,8,390,0,8,mass_budget_prefix,8,0,14,14,0.07,1.0,1,0.0,1
synthetic_d20,5,8,392,0,5,mass_budget_prefix,5,0,6,6,0.03,1.0,1,0.0,1
synthetic_d20,5,8,500,0,4,mass_budget_prefix,4,0,10,10,0.05,1.0,1,0.0,1
synthetic_d20,5,8,511,1,7,mass_budget_prefix,7,0,2,2,0.01,1.0,1,0.0,1
synthetic_d20,5,8,550,1,5,mass_budget_prefix,5,0,49,49,0.245,1.0,1,0.0,1
synthetic_d20,5,8,592,0,4,mass_budget_prefix,4,0,10,10,0.05,1.0,1,0.0,1
synthetic_d20,5,8,626,1,8,mass_budget_prefix,8,0,3,3,0.015,1.0,1,0.0,1
synthetic_d20,5,8,667,0,8,mass_budget_prefix,8,0,7,7,0.035,1.0,1,0.0,1
synthetic_d20,5,8,723,1,7,mass_budget_prefix,7,0,2,2,0.01,1.0,1,0.0,1
synthetic_d20,5,8,787,1,8,mass_budget_prefix,8,0,1,1,0.005,1.0,1,0.0,1
synthetic_d20,6,4,6,1,4,mass_budget_prefix,3,1,68,67,0.34,0.9852941176470589,1,0.0,0
synthetic_d20,6,4,36,0,4,mass_budget_prefix,4,0,4,4,0.02,1.0,1,0.0,1
synthetic_d20,6,4,50,0,4,mass_budget_prefix,4,0,31,31,0.155,1.0,1,0.0,1
synthetic_d20,6,4,86,1,4,mass_budget_prefix,3,1,68,67,0.34,0.9852941176470589,1,0.0,0
synthetic_d20,6,4,237,1,4,mass_budget_prefix,3,1,68,67,0.34,0.9852941176470589,1,0.0,0
synthetic_d20,6,4,293,0,4,mass_budget_prefix,4,0,50,50,0.25,1.0,1,0.0,1
synthetic_d20,6,4,336,0,4,mass_budget_prefix,4,0,50,50,0.25,1.0,1,0.0,1
synthetic_d20,6,4,362,1,4,mass_budget_prefix,3,1,68,67,0.34,0.9852941176470589,1,0.0,0
synthetic_d20,6,4,390,0,4,mass_budget_prefix,4,0,50,50,0.25,1.0,1,0.0,1
synthetic_d20,6,4,393,1,4,mass_budget_prefix,3,1,68,67,0.34,0.9852941176470589,1,0.0,0
synthetic_d20,6,4,416,0,4,mass_budget_prefix,4,0,6,6,0.03,1.0,1,0.0,1
synthetic_d20,6,4,471,1,4,mass_budget_prefix,4,0,15,15,0.075,1.0,1,0.0,1
synthetic_d20,6,4,504,0,4,mass_budget_prefix,4,0,3,3,0.015,1.0,1,0.0,1
synthetic_d20,6,4,531,1,4,mass_budget_prefix,3,1,68,67,0.34,0.9852941176470589,1,0.0,0
synthetic_d20,6,4,549,0,4,mass_budget_prefix,4,0,6,6,0.03,1.0,1,0.0,1
synthetic_d20,6,4,631,0,4,mass_budget_prefix,4,0,50,50,0.25,1.0,1,0.0,1
synthetic_d20,6,4,739,0,4,mass_budget_prefix,4,0,31,31,0.155,1.0,1,0.0,1
synthetic_d20,6,4,764,1,4,mass_budget_prefix,3,1,68,67,0.34,0.9852941176470589,1,0.0,0
synthetic_d20,6,4,796,1,4,mass_budget_prefix,4,0,15,15,0.075,1.0,1,0.0,1
synthetic_d20,6,4,797,0,4,mass_budget_prefix,4,0,31,31,0.155,1.0,1,0.0,1
synthetic_d20,6,8,6,1,6,mass_budget_prefix,5,1,40,38,0.2,0.95,1,0.0,0
synthetic_d20,6,8,36,1,5,mass_budget_prefix,5,0,1,1,0.005,1.0,1,0.0,1
synthetic_d20,6,8,50,0,7,mass_budget_prefix,7,0,6,6,0.03,1.0,1,0.0,1
synthetic_d20,6,8,86,1,6,mass_budget_prefix,5,1,40,38,0.2,0.95,1,0.0,0
synthetic_d20,6,8,237,1,6,mass_budget_prefix,5,1,40,38,0.2,0.95,1,0.0,0
synthetic_d20,6,8,293,0,8,mass_budget_prefix,7,1,16,14,0.08,0.875,1,1.0,0
synthetic_d20,6,8,336,0,7,mass_budget_prefix,7,0,31,31,0.155,1.0,1,0.0,1
synthetic_d20,6,8,362,1,7,mass_budget_prefix,7,0,12,12,0.06,1.0,1,0.0,1
synthetic_d20,6,8,390,0,8,mass_budget_prefix,7,1,16,14,0.08,0.875,1,1.0,0
synthetic_d20,6,8,393,1,7,mass_budget_prefix,7,0,12,12,0.06,1.0,1,0.0,1
synthetic_d20,6,8,416,0,4,mass_budget_prefix,4,0,6,6,0.03,1.0,1,0.0,1
synthetic_d20,6,8,471,1,6,mass_budget_prefix,5,1,15,14,0.075,0.9333333333333333,1,1.0,0
synthetic_d20,6,8,504,0,4,mass_budget_prefix,4,0,5,5,0.025,1.0,1,0.0,1
synthetic_d20,6,8,531,0,6,mass_budget_prefix,6,0,2,2,0.01,1.0,1,0.0,1
synthetic_d20,6,8,549,0,4,mass_budget_prefix,4,0,6,6,0.03,1.0,1,0.0,1
synthetic_d20,6,8,631,0,7,mass_budget_prefix,7,0,31,31,0.155,1.0,1,0.0,1
synthetic_d20,6,8,739,0,7,mass_budget_prefix,6,1,15,15,0.075,1.0,1,0.0,0
synthetic_d20,6,8,764,1,7,mass_budget_prefix,7,0,12,12,0.06,1.0,1,0.0,1
synthetic_d20,6,8,796,0,5,mass_budget_prefix,5,0,0,0,0.0,,0,,1
synthetic_d20,6,8,797,0,8,mass_budget_prefix,7,1,8,3,0.04,0.375,1,1.0,0
synthetic_d20,7,4,102,0,4,mass_budget_prefix,4,0,9,9,0.045,1.0,1,0.0,1
synthetic_d20,7,4,157,0,4,mass_budget_prefix,4,0,9,9,0.045,1.0,1,0.0,1
synthetic_d20,7,4,211,0,4,mass_budget_prefix,4,0,59,59,0.295,1.0,1,0.0,1
synthetic_d20,7,4,230,0,4,mass_budget_prefix,4,0,59,59,0.295,1.0,1,0.0,1
synthetic_d20,7,4,237,1,3,mass_budget_prefix,3,0,17,17,0.085,1.0,1,0.0,1
synthetic_d20,7,4,255,0,4,mass_budget_prefix,4,0,59,59,0.295,1.0,1,0.0,1
synthetic_d20,7,4,265,1,4,mass_budget_prefix,4,0,33,33,0.165,1.0,1,0.0,1
synthetic_d20,7,4,301,0,4,mass_budget_prefix,4,0,9,9,0.045,1.0,1,0.0,1
synthetic_d20,7,4,348,1,4,mass_budget_prefix,3,1,44,41,0.22,0.9318181818181818,1,1.0,0
synthetic_d20,7,4,356,1,4,mass_budget_prefix,3,1,44,41,0.22,0.9318181818181818,1,1.0,0
synthetic_d20,7,4,412,1,3,mass_budget_prefix,3,0,17,17,0.085,1.0,1,0.0,1
synthetic_d20,7,4,415,1,4,mass_budget_prefix,4,0,1,1,0.005,1.0,1,0.0,1
synthetic_d20,7,4,453,0,4,mass_budget_prefix,4,0,59,59,0.295,1.0,1,0.0,1
synthetic_d20,7,4,491,1,3,mass_budget_prefix,3,0,17,17,0.085,1.0,1,0.0,1
synthetic_d20,7,4,620,1,4,mass_budget_prefix,4,0,33,33,0.165,1.0,1,0.0,1
synthetic_d20,7,4,723,0,4,mass_budget_prefix,4,0,21,21,0.105,1.0,1,0.0,1
synthetic_d20,7,4,739,0,4,mass_budget_prefix,4,0,9,9,0.045,1.0,1,0.0,1
synthetic_d20,7,4,740,0,4,mass_budget_prefix,4,0,59,59,0.295,1.0,1,0.0,1
synthetic_d20,7,4,749,1,4,mass_budget_prefix,3,1,10,10,0.05,1.0,1,0.0,0
synthetic_d20,7,4,764,1,4,mass_budget_prefix,3,1,44,41,0.22,0.9318181818181818,1,1.0,0
synthetic_d20,7,8,102,0,7,mass_budget_prefix,7,0,0,0,0.0,,0,,1
synthetic_d20,7,8,157,1,6,mass_budget_prefix,6,0,2,2,0.01,1.0,1,0.0,1
synthetic_d20,7,8,211,0,6,mass_budget_prefix,6,0,24,24,0.12,1.0,1,0.0,1
synthetic_d20,7,8,230,0,8,mass_budget_prefix,7,1,31,31,0.155,1.0,1,0.0,0
synthetic_d20,7,8,237,1,3,mass_budget_prefix,3,0,17,17,0.085,1.0,1,0.0,1
synthetic_d20,7,8,255,0,8,mass_budget_prefix,7,1,31,31,0.155,1.0,1,0.0,0
synthetic_d20,7,8,265,1,8,mass_budget_prefix,7,1,17,15,0.085,0.8823529411764706,1,1.0,0
synthetic_d20,7,8,301,1,6,mass_budget_prefix,6,0,2,2,0.01,1.0,1,0.0,1
synthetic_d20,7,8,348,1,7,mass_budget_prefix,5,1,39,36,0.195,0.9230769230769231,1,1.0,0
synthetic_d20,7,8,356,1,7,mass_budget_prefix,5,1,39,36,0.195,0.9230769230769231,1,1.0,0
synthetic_d20,7,8,412,1,3,mass_budget_prefix,3,0,17,17,0.085,1.0,1,0.0,1
synthetic_d20,7,8,415,1,5,mass_budget_prefix,5,0,1,1,0.005,1.0,1,0.0,1
synthetic_d20,7,8,453,0,6,mass_budget_prefix,6,0,24,24,0.12,1.0,1,0.0,1
synthetic_d20,7,8,491,1,3,mass_budget_prefix,3,0,17,17,0.085,1.0,1,0.0,1
synthetic_d20,7,8,620,1,8,mass_budget_prefix,8,0,1,1,0.005,1.0,1,0.0,1
synthetic_d20,7,8,723,0,6,mass_budget_prefix,4,1,21,19,0.105,0.9047619047619048,1,1.0,0
synthetic_d20,7,8,739,0,6,mass_budget_prefix,6,0,5,5,0.025,1.0,1,0.0,1
synthetic_d20,7,8,740,0,6,mass_budget_prefix,6,0,24,24,0.12,1.0,1,0.0,1
synthetic_d20,7,8,749,1,4,mass_budget_prefix,4,0,9,9,0.045,1.0,1,0.0,1
synthetic_d20,7,8,764,1,7,mass_budget_prefix,5,1,39,36,0.195,0.9230769230769231,1,1.0,0
synthetic_d20,8,4,140,1,4,mass_budget_prefix,3,1,51,50,0.255,0.9803921568627451,1,0.0,0
synthetic_d20,8,4,141,0,4,mass_budget_prefix,4,0,69,69,0.345,1.0,1,0.0,1
synthetic_d20,8,4,187,1,4,mass_budget_prefix,3,1,8,6,0.04,0.75,1,1.0,0
synthetic_d20,8,4,203,0,4,mass_budget_prefix,4,0,69,69,0.345,1.0,1,0.0,1
synthetic_d20,8,4,224,1,4,mass_budget_prefix,3,1,51,50,0.255,0.9803921568627451,1,0.0,0
synthetic_d20,8,4,241,1,4,mass_budget_prefix,3,1,51,50,0.255,0.9803921568627451,1,0.0,0
synthetic_d20,8,4,253,0,4,mass_budget_prefix,4,0,69,69,0.345,1.0,1,0.0,1
synthetic_d20,8,4,261,0,4,mass_budget_prefix,4,0,69,69,0.345,1.0,1,0.0,1
synthetic_d20,8,4,287,1,4,mass_budget_prefix,4,0,5,5,0.025,1.0,1,0.0,1
synthetic_d20,8,4,333,0,4,mass_budget_prefix,4,0,2,2,0.01,1.0,1,0.0,1
synthetic_d20,8,4,335,1,4,mass_budget_prefix,4,0,7,7,0.035,1.0,1,0.0,1
synthetic_d20,8,4,346,1,2,mass_budget_prefix,2,0,13,13,0.065,1.0,1,0.0,1
synthetic_d20,8,4,388,0,4,mass_budget_prefix,4,0,27,27,0.135,1.0,1,0.0,1
synthetic_d20,8,4,520,0,4,mass_budget_prefix,4,0,69,69,0.345,1.0,1,0.0,1
synthetic_d20,8,4,567,0,4,mass_budget_prefix,4,0,27,27,0.135,1.0,1,0.0,1
synthetic_d20,8,4,582,0,4,mass_budget_prefix,4,0,69,69,0.345,1.0,1,0.0,1
synthetic_d20,8,4,662,0,4,mass_budget_prefix,4,0,69,69,0.345,1.0,1,0.0,1
synthetic_d20,8,4,765,0,4,mass_budget_prefix,4,0,27,27,0.135,1.0,1,0.0,1
synthetic_d20,8,4,788,0,4,mass_budget_prefix,4,0,69,69,0.345,1.0,1,0.0,1
synthetic_d20,8,4,792,0,4,mass_budget_prefix,4,0,69,69,0.345,1.0,1,0.0,1
synthetic_d20,8,8,140,1,5,mass_budget_prefix,4,1,50,49,0.25,0.98,1,0.0,0
synthetic_d20,8,8,141,1,5,mass_budget_prefix,5,0,4,4,0.02,1.0,1,0.0,1
synthetic_d20,8,8,187,1,4,mass_budget_prefix,4,0,8,8,0.04,1.0,1,0.0,1
synthetic_d20,8,8,203,1,8,mass_budget_prefix,8,0,0,0,0.0,,0,,1
synthetic_d20,8,8,224,1,5,mass_budget_prefix,4,1,50,49,0.25,0.98,1,0.0,0
synthetic_d20,8,8,241,1,5,mass_budget_prefix,4,1,50,49,0.25,0.98,1,0.0,0
synthetic_d20,8,8,253,0,8,mass_budget_prefix,6,1,53,51,0.265,0.9622641509433962,1,0.0,0
synthetic_d20,8,8,261,1,5,mass_budget_prefix,5,0,4,4,0.02,1.0,1,0.0,1
synthetic_d20,8,8,287,0,5,mass_budget_prefix,5,0,4,4,0.02,1.0,1,0.0,1
synthetic_d20,8,8,333,0,4,mass_budget_prefix,4,0,2,2,0.01,1.0,1,0.0,1
synthetic_d20,8,8,335,1,7,mass_budget_prefix,7,0,4,4,0.02,1.0,1,0.0,1
synthetic_d20,8,8,346,1,2,mass_budget_prefix,2,0,13,13,0.065,1.0,1,0.0,1
synthetic_d20,8,8,388,0,6,mass_budget_prefix,6,0,10,10,0.05,1.0,1,0.0,1
synthetic_d20,8,8,520,0,8,mass_budget_prefix,6,1,53,51,0.265,0.9622641509433962,1,0.0,0
synthetic_d20,8,8,567,0,8,mass_budget_prefix,8,0,8,8,0.04,1.0,1,0.0,1
synthetic_d20,8,8,582,0,8,mass_budget_prefix,6,1,53,51,0.265,0.9622641509433962,1,0.0,0
synthetic_d20,8,8,662,0,8,mass_budget_prefix,6,1,53,51,0.265,0.9622641509433962,1,0.0,0
synthetic_d20,8,8,765,0,6,mass_budget_prefix,6,0,10,10,0.05,1.0,1,0.0,1
synthetic_d20,8,8,788,0,8,mass_budget_prefix,6,1,53,51,0.265,0.9622641509433962,1,0.0,0
synthetic_d20,8,8,792,0,8,mass_budget_prefix,6,1,53,51,0.265,0.9622641509433962,1,0.0,0
synthetic_d20,9,4,23,0,4,mass_budget_prefix,4,0,1,1,0.005,1.0,1,0.0,1
synthetic_d20,9,4,84,0,4,mass_budget_prefix,3,1,85,82,0.425,0.9647058823529412,1,0.0,0
synthetic_d20,9,4,104,0,4,mass_budget_prefix,3,1,85,82,0.425,0.9647058823529412,1,0.0,0
synthetic_d20,9,4,111,1,4,mass_budget_prefix,2,1,63,55,0.315,0.873015873015873,1,1.0,0
synthetic_d20,9,4,114,0,4,mass_budget_prefix,3,1,85,82,0.425,0.9647058823529412,1,0.0,0
synthetic_d20,9,4,150,0,4,mass_budget_prefix,4,0,5,5,0.025,1.0,1,0.0,1
synthetic_d20,9,4,158,1,4,mass_budget_prefix,3,1,8,7,0.04,0.875,1,1.0,0
synthetic_d20,9,4,219,1,3,mass_budget_prefix,3,0,16,16,0.08,1.0,1,0.0,1
synthetic_d20,9,4,238,1,4,mass_budget_prefix,2,1,63,55,0.315,0.873015873015873,1,1.0,0
synthetic_d20,9,4,257,0,4,mass_budget_prefix,3,1,85,82,0.425,0.9647058823529412,1,0.0,0
synthetic_d20,9,4,280,1,4,mass_budget_prefix,2,1,63,55,0.315,0.873015873015873,1,1.0,0
synthetic_d20,9,4,339,0,4,mass_budget_prefix,4,0,16,16,0.08,1.0,1,0.0,1
synthetic_d20,9,4,418,0,4,mass_budget_prefix,3,1,85,82,0.425,0.9647058823529412,1,0.0,0
synthetic_d20,9,4,425,0,4,mass_budget_prefix,3,1,85,82,0.425,0.9647058823529412,1,0.0,0
synthetic_d20,9,4,456,0,4,mass_budget_prefix,4,0,16,16,0.08,1.0,1,0.0,1
synthetic_d20,9,4,498,0,4,mass_budget_prefix,3,1,85,82,0.425,0.9647058823529412,1,0.0,0
synthetic_d20,9,4,517,0,4,mass_budget_prefix,3,1,85,82,0.425,0.9647058823529412,1,0.0,0
synthetic_d20,9,4,546,0,4,mass_budget_prefix,4,0,16,16,0.08,1.0,1,0.0,1
synthetic_d20,9,4,563,0,4,mass_budget_prefix,4,0,16,16,0.08,1.0,1,0.0,1
synthetic_d20,9,4,733,1,4,mass_budget_prefix,2,1,63,55,0.315,0.873015873015873,1,1.0,0
synthetic_d20,9,8,23,0,4,mass_budget_prefix,4,0,1,1,0.005,1.0,1,0.0,1
synthetic_d20,9,8,84,0,8,mass_budget_prefix,7,1,34,33,0.17,0.9705882352941176,1,0.0,0
synthetic_d20,9,8,104,0,8,mass_budget_prefix,8,0,17,17,0.085,1.0,1,0.0,1
synthetic_d20,9,8,111,1,5,mass_budget_prefix,5,0,48,48,0.24,1.0,1,0.0,1
synthetic_d20,9,8,114,0,8,mass_budget_prefix,7,1,34,33,0.17,0.9705882352941176,1,0.0,0
synthetic_d20,9,8,150,0,4,mass_budget_prefix,4,0,4,4,0.02,1.0,1,0.0,1
synthetic_d20,9,8,158,1,4,mass_budget_prefix,3,1,8,7,0.04,0.875,1,1.0,0
synthetic_d20,9,8,219,1,3,mass_budget_prefix,3,0,16,16,0.08,1.0,1,0.0,1
synthetic_d20,9,8,238,1,5,mass_budget_prefix,5,0,48,48,0.24,1.0,1,0.0,1
synthetic_d20,9,8,257,0,5,mass_budget_prefix,5,0,17,17,0.085,1.0,1,0.0,1
synthetic_d20,9,8,280,1,5,mass_budget_prefix,5,0,48,48,0.24,1.0,1,0.0,1
synthetic_d20,9,8,339,0,7,mass_budget_prefix,7,0,6,6,0.03,1.0,1,0.0,1
synthetic_d20,9,8,418,0,8,mass_budget_prefix,7,1,34,33,0.17,0.9705882352941176,1,0.0,0
synthetic_d20,9,8,425,0,8,mass_budget_prefix,7,1,34,33,0.17,0.9705882352941176,1,0.0,0
synthetic_d20,9,8,456,1,7,mass_budget_prefix,7,0,2,2,0.01,1.0,1,0.0,1
synthetic_d20,9,8,498,0,8,mass_budget_prefix,7,1,34,33,0.17,0.9705882352941176,1,0.0,0
synthetic_d20,9,8,517,0,8,mass_budget_prefix,7,1,34,33,0.17,0.9705882352941176,1,0.0,0
synthetic_d20,9,8,546,0,7,mass_budget_prefix,7,0,6,6,0.03,1.0,1,0.0,1
synthetic_d20,9,8,563,1,8,mass_budget_prefix,8,0,0,0,0.0,,0,,1
synthetic_d20,9,8,733,1,5,mass_budget_prefix,5,0,48,48,0.24,1.0,1,0.0,1
synthetic_d50,0,4,29,1,4,mass_budget_prefix,3,1,66,63,0.264,0.9545454545454546,1,0.0,0
synthetic_d50,0,4,37,0,4,mass_budget_prefix,4,0,7,7,0.028,1.0,1,0.0,1
synthetic_d50,0,4,82,0,4,mass_budget_prefix,4,0,35,35,0.14,1.0,1,0.0,1
synthetic_d50,0,4,135,0,4,mass_budget_prefix,4,0,14,14,0.056,1.0,1,0.0,1
synthetic_d50,0,4,181,0,4,mass_budget_prefix,3,1,51,49,0.204,0.9607843137254902,1,0.0,0
synthetic_d50,0,4,270,0,4,mass_budget_prefix,4,0,7,7,0.028,1.0,1,0.0,1
synthetic_d50,0,4,278,1,4,mass_budget_prefix,3,1,66,63,0.264,0.9545454545454546,1,0.0,0
synthetic_d50,0,4,313,1,4,mass_budget_prefix,3,1,66,63,0.264,0.9545454545454546,1,0.0,0
synthetic_d50,0,4,357,0,4,mass_budget_prefix,4,0,35,35,0.14,1.0,1,0.0,1
synthetic_d50,0,4,400,0,4,mass_budget_prefix,3,1,51,49,0.204,0.9607843137254902,1,0.0,0
synthetic_d50,0,4,407,1,4,mass_budget_prefix,4,0,34,34,0.136,1.0,1,0.0,1
synthetic_d50,0,4,408,0,4,mass_budget_prefix,4,0,7,7,0.028,1.0,1,0.0,1
synthetic_d50,0,4,410,0,4,mass_budget_prefix,3,1,51,49,0.204,0.9607843137254902,1,0.0,0
synthetic_d50,0,4,464,1,4,mass_budget_prefix,3,1,66,63,0.264,0.9545454545454546,1,0.0,0
synthetic_d50,0,4,495,1,4,mass_budget_prefix,4,0,6,6,0.024,1.0,1,0.0,1
synthetic_d50,0,4,548,0,4,mass_budget_prefix,4,0,35,35,0.14,1.0,1,0.0,1
synthetic_d50,0,4,551,0,4,mass_budget_prefix,3,1,51,49,0.204,0.9607843137254902,1,0.0,0
synthetic_d50,0,4,557,1,4,mass_budget_prefix,3,1,66,63,0.264,0.9545454545454546,1,0.0,0
synthetic_d50,0,4,662,1,4,mass_budget_prefix,4,0,34,34,0.136,1.0,1,0.0,1
synthetic_d50,0,4,844,1,4,mass_budget_prefix,3,1,66,63,0.264,0.9545454545454546,1,0.0,0
synthetic_d50,0,8,29,0,8,mass_budget_prefix,8,0,8,8,0.032,1.0,1,0.0,1
synthetic_d50,0,8,37,0,5,mass_budget_prefix,4,1,7,7,0.028,1.0,1,0.0,0
synthetic_d50,0,8,82,0,8,mass_budget_prefix,6,1,5,4,0.02,0.8,1,1.0,0
synthetic_d50,0,8,135,0,6,mass_budget_prefix,6,0,14,14,0.056,1.0,1,0.0,1
synthetic_d50,0,8,181,0,6,mass_budget_prefix,6,0,45,45,0.18,1.0,1,0.0,1
synthetic_d50,0,8,270,0,5,mass_budget_prefix,4,1,7,7,0.028,1.0,1,0.0,0
synthetic_d50,0,8,278,0,8,mass_budget_prefix,8,0,8,8,0.032,1.0,1,0.0,1
synthetic_d50,0,8,313,1,7,mass_budget_prefix,6,1,42,41,0.168,0.9761904761904762,1,0.0,0
synthetic_d50,0,8,357,0,8,mass_budget_prefix,6,1,5,4,0.02,0.8,1,1.0,0
synthetic_d50,0,8,400,0,6,mass_budget_prefix,6,0,45,45,0.18,1.0,1,0.0,1
synthetic_d50,0,8,407,1,7,mass_budget_prefix,6,1,27,27,0.108,1.0,1,0.0,0
synthetic_d50,0,8,408,0,5,mass_budget_prefix,4,1,7,7,0.028,1.0,1,0.0,0
synthetic_d50,0,8,410,0,6,mass_budget_prefix,6,0,45,45,0.18,1.0,1,0.0,1
synthetic_d50,0,8,464,1,7,mass_budget_prefix,6,1,42,41,0.168,0.9761904761904762,1,0.0,0
synthetic_d50,0,8,495,1,5,mass_budget_prefix,5,0,3,3,0.012,1.0,1,0.0,1
synthetic_d50,0,8,548,0,8,mass_budget_prefix,6,1,5,4,0.02,0.8,1,1.0,0
synthetic_d50,0,8,551,0,6,mass_budget_prefix,6,0,45,45,0.18,1.0,1,0.0,1
synthetic_d50,0,8,557,1,7,mass_budget_prefix,6,1,42,41,0.168,0.9761904761904762,1,0.0,0
synthetic_d50,0,8,662,1,7,mass_budget_prefix,6,1,27,27,0.108,1.0,1,0.0,0
synthetic_d50,0,8,844,1,7,mass_budget_prefix,6,1,42,41,0.168,0.9761904761904762,1,0.0,0
synthetic_d50,1,4,195,1,4,mass_budget_prefix,4,0,66,66,0.264,1.0,1,0.0,1
synthetic_d50,1,4,327,0,4,mass_budget_prefix,4,0,31,31,0.124,1.0,1,0.0,1
synthetic_d50,1,4,333,0,4,mass_budget_prefix,4,0,31,31,0.124,1.0,1,0.0,1
synthetic_d50,1,4,338,0,4,mass_budget_prefix,4,0,31,31,0.124,1.0,1,0.0,1
synthetic_d50,1,4,357,1,4,mass_budget_prefix,4,0,66,66,0.264,1.0,1,0.0,1
synthetic_d50,1,4,396,0,4,mass_budget_prefix,3,1,49,49,0.196,1.0,1,0.0,0
synthetic_d50,1,4,408,0,4,mass_budget_prefix,3,1,15,13,0.06,0.8666666666666667,1,1.0,0
synthetic_d50,1,4,417,0,4,mass_budget_prefix,3,1,15,13,0.06,0.8666666666666667,1,1.0,0
synthetic_d50,1,4,422,0,4,mass_budget_prefix,3,1,49,49,0.196,1.0,1,0.0,0
synthetic_d50,1,4,434,1,4,mass_budget_prefix,4,0,4,4,0.016,1.0,1,0.0,1
synthetic_d50,1,4,446,1,4,mass_budget_prefix,4,0,41,41,0.164,1.0,1,0.0,1
synthetic_d50,1,4,555,1,4,mass_budget_prefix,4,0,1,1,0.004,1.0,1,0.0,1
synthetic_d50,1,4,577,1,4,mass_budget_prefix,4,0,66,66,0.264,1.0,1,0.0,1
synthetic_d50,1,4,632,1,4,mass_budget_prefix,4,0,13,13,0.052,1.0,1,0.0,1
synthetic_d50,1,4,639,0,4,mass_budget_prefix,3,1,15,13,0.06,0.8666666666666667,1,1.0,0
synthetic_d50,1,4,678,1,4,mass_budget_prefix,4,0,41,41,0.164,1.0,1,0.0,1
synthetic_d50,1,4,697,1,4,mass_budget_prefix,4,0,1,1,0.004,1.0,1,0.0,1
synthetic_d50,1,4,863,0,4,mass_budget_prefix,3,1,49,49,0.196,1.0,1,0.0,0
synthetic_d50,1,4,924,0,4,mass_budget_prefix,3,1,8,8,0.032,1.0,1,0.0,0
synthetic_d50,1,4,942,0,4,mass_budget_prefix,3,1,49,49,0.196,1.0,1,0.0,0
synthetic_d50,1,8,195,1,8,mass_budget_prefix,7,1,38,36,0.152,0.9473684210526315,1,1.0,0
synthetic_d50,1,8,327,1,6,mass_budget_prefix,6,0,2,2,0.008,1.0,1,0.0,1
synthetic_d50,1,8,333,0,8,mass_budget_prefix,7,1,22,22,0.088,1.0,1,0.0,0
synthetic_d50,1,8,338,1,8,mass_budget_prefix,8,0,0,0,0.0,,0,,1
synthetic_d50,1,8,357,1,8,mass_budget_prefix,7,1,38,36,0.152,0.9473684210526315,1,1.0,0
synthetic_d50,1,8,396,0,7,mass_budget_prefix,3,1,49,47,0.196,0.9591836734693877,1,0.0,0
synthetic_d50,1,8,408,0,7,mass_budget_prefix,6,1,9,9,0.036,1.0,1,0.0,0
synthetic_d50,1,8,417,1,5,mass_budget_prefix,5,0,2,2,0.008,1.0,1,0.0,1
synthetic_d50,1,8,422,0,7,mass_budget_prefix,3,1,49,47,0.196,0.9591836734693877,1,0.0,0
synthetic_d50,1,8,434,1,5,mass_budget_prefix,5,0,3,3,0.012,1.0,1,0.0,1
synthetic_d50,1,8,446,1,4,mass_budget_prefix,4,0,41,41,0.164,1.0,1,0.0,1
synthetic_d50,1,8,555,0,5,mass_budget_prefix,5,0,1,1,0.004,1.0,1,0.0,1
synthetic_d50,1,8,577,1,7,mass_budget_prefix,7,0,2,2,0.008,1.0,1,0.0,1
synthetic_d50,1,8,632,1,4,mass_budget_prefix,4,0,13,13,0.052,1.0,1,0.0,1
synthetic_d50,1,8,639,0,7,mass_budget_prefix,6,1,9,9,0.036,1.0,1,0.0,0
synthetic_d50,1,8,678,1,4,mass_budget_prefix,4,0,41,41,0.164,1.0,1,0.0,1
synthetic_d50,1,8,697,1,5,mass_budget_prefix,5,0,0,0,0.0,,0,,1
synthetic_d50,1,8,863,0,7,mass_budget_prefix,3,1,49,47,0.196,0.9591836734693877,1,0.0,0
synthetic_d50,1,8,924,0,5,mass_budget_prefix,5,0,6,6,0.024,1.0,1,0.0,1
synthetic_d50,1,8,942,0,7,mass_budget_prefix,3,1,49,47,0.196,0.9591836734693877,1,0.0,0
synthetic_d50,2,4,56,0,4,mass_budget_prefix,4,0,48,48,0.192,1.0,1,0.0,1
synthetic_d50,2,4,98,0,4,mass_budget_prefix,4,0,15,15,0.06,1.0,1,0.0,1
synthetic_d50,2,4,186,0,4,mass_budget_prefix,4,0,48,48,0.192,1.0,1,0.0,1
synthetic_d50,2,4,306,1,4,mass_budget_prefix,4,0,16,16,0.064,1.0,1,0.0,1
synthetic_d50,2,4,325,1,4,mass_budget_prefix,3,1,25,24,0.1,0.96,1,0.0,0
synthetic_d50,2,4,368,1,4,mass_budget_prefix,4,0,52,52,0.208,1.0,1,0.0,1
synthetic_d50,2,4,389,0,4,mass_budget_prefix,4,0,12,12,0.048,1.0,1,0.0,1
synthetic_d50,2,4,464,1,4,mass_budget_prefix,3,1,25,24,0.1,0.96,1,0.0,0
synthetic_d50,2,4,516,1,4,mass_budget_prefix,3,1,25,24,0.1,0.96,1,0.0,0
synthetic_d50,2,4,517,0,4,mass_budget_prefix,4,0,48,48,0.192,1.0,1,0.0,1
synthetic_d50,2,4,518,0,4,mass_budget_prefix,4,0,8,8,0.032,1.0,1,0.0,1
synthetic_d50,2,4,532,0,4,mass_budget_prefix,4,0,48,48,0.192,1.0,1,0.0,1
synthetic_d50,2,4,735,0,4,mass_budget_prefix,4,0,6,6,0.024,1.0,1,0.0,1
synthetic_d50,2,4,751,1,4,mass_budget_prefix,4,0,52,52,0.208,1.0,1,0.0,1
synthetic_d50,2,4,790,0,4,mass_budget_prefix,4,0,11,11,0.044,1.0,1,0.0,1
synthetic_d50,2,4,797,1,4,mass_budget_prefix,4,0,52,52,0.208,1.0,1,0.0,1
synthetic_d50,2,4,853,0,4,mass_budget_prefix,4,0,6,6,0.024,1.0,1,0.0,1
synthetic_d50,2,4,867,0,4,mass_budget_prefix,4,0,48,48,0.192,1.0,1,0.0,1
synthetic_d50,2,4,890,0,4,mass_budget_prefix,4,0,48,48,0.192,1.0,1,0.0,1
synthetic_d50,2,4,908,1,4,mass_budget_prefix,4,0,52,52,0.208,1.0,1,0.0,1
synthetic_d50,2,8,56,0,8,mass_budget_prefix,5,1,45,44,0.18,0.9777777777777777,1,0.0,0
synthetic_d50,2,8,98,0,5,mass_budget_prefix,5,0,13,13,0.052,1.0,1,0.0,1
synthetic_d50,2,8,186,0,8,mass_budget_prefix,5,1,45,44,0.18,0.9777777777777777,1,0.0,0
synthetic_d50,2,8,306,0,5,mass_budget_prefix,5,0,5,5,0.02,1.0,1,0.0,1
synthetic_d50,2,8,325,1,8,mass_budget_prefix,3,1,25,20,0.1,0.8,1,1.0,0
synthetic_d50,2,8,368,1,7,mass_budget_prefix,6,1,44,43,0.176,0.9772727272727273,1,0.0,0
synthetic_d50,2,8,389,1,6,mass_budget_prefix,6,0,3,3,0.012,1.0,1,0.0,1
synthetic_d50,2,8,464,1,8,mass_budget_prefix,3,1,25,20,0.1,0.8,1,1.0,0
synthetic_d50,2,8,516,1,8,mass_budget_prefix,8,0,0,0,0.0,,0,,1
synthetic_d50,2,8,517,0,8,mass_budget_prefix,5,1,45,44,0.18,0.9777777777777777,1,0.0,0
synthetic_d50,2,8,518,1,5,mass_budget_prefix,5,0,1,1,0.004,1.0,1,0.0,1
synthetic_d50,2,8,532,0,8,mass_budget_prefix,5,1,45,44,0.18,0.9777777777777777,1,0.0,0
synthetic_d50,2,8,735,0,5,mass_budget_prefix,5,0,4,4,0.016,1.0,1,0.0,1
synthetic_d50,2,8,751,1,7,mass_budget_prefix,6,1,44,43,0.176,0.9772727272727273,1,0.0,0
synthetic_d50,2,8,790,1,6,mass_budget_prefix,6,0,6,6,0.024,1.0,1,0.0,1
synthetic_d50,2,8,797,1,7,mass_budget_prefix,6,1,44,43,0.176,0.9772727272727273,1,0.0,0
synthetic_d50,2,8,853,1,5,mass_budget_prefix,5,0,2,2,0.008,1.0,1,0.0,1
synthetic_d50,2,8,867,0,8,mass_budget_prefix,5,1,45,44,0.18,0.9777777777777777,1,0.0,0
synthetic_d50,2,8,890,0,8,mass_budget_prefix,5,1,45,44,0.18,0.9777777777777777,1,0.0,0
synthetic_d50,2,8,908,1,7,mass_budget_prefix,7,0,5,5,0.02,1.0,1,0.0,1
synthetic_d50,3,4,6,1,4,mass_budget_prefix,4,0,49,49,0.196,1.0,1,0.0,1
synthetic_d50,3,4,60,0,4,mass_budget_prefix,4,0,2,2,0.008,1.0,1,0.0,1
synthetic_d50,3,4,129,0,2,mass_budget_prefix,2,0,8,8,0.032,1.0,1,0.0,1
synthetic_d50,3,4,267,1,4,mass_budget_prefix,4,0,49,49,0.196,1.0,1,0.0,1
synthetic_d50,3,4,296,1,4,mass_budget_prefix,4,0,6,6,0.024,1.0,1,0.0,1
synthetic_d50,3,4,375,1,4,mass_budget_prefix,4,0,49,49,0.196,1.0,1,0.0,1
synthetic_d50,3,4,399,0,4,mass_budget_prefix,4,0,41,41,0.164,1.0,1,0.0,1
synthetic_d50,3,4,427,1,4,mass_budget_prefix,4,0,49,49,0.196,1.0,1,0.0,1
synthetic_d50,3,4,481,1,4,mass_budget_prefix,4,0,32,32,0.128,1.0,1,0.0,1
synthetic_d50,3,4,523,0,4,mass_budget_prefix,4,0,54,54,0.216,1.0,1,0.0,1
synthetic_d50,3,4,531,1,4,mass_budget_prefix,4,0,20,20,0.08,1.0,1,0.0,1
synthetic_d50,3,4,646,1,4,mass_budget_prefix,4,0,5,5,0.02,1.0,1,0.0,1
synthetic_d50,3,4,649,1,4,mass_budget_prefix,4,0,6,6,0.024,1.0,1,0.0,1
synthetic_d50,3,4,656,1,4,mass_budget_prefix,4,0,32,32,0.128,1.0,1,0.0,1
synthetic_d50,3,4,679,0,4,mass_budget_prefix,4,0,54,54,0.216,1.0,1,0.0,1
synthetic_d50,3,4,713,1,4,mass_budget_prefix,4,0,49,49,0.196,1.0,1,0.0,1
synthetic_d50,3,4,731,1,4,mass_budget_prefix,4,0,20,20,0.08,1.0,1,0.0,1
synthetic_d50,3,4,762,0,4,mass_budget_prefix,4,0,54,54,0.216,1.0,1,0.0,1
synthetic_d50,3,4,763,1,4,mass_budget_prefix,4,0,49,49,0.196,1.0,1,0.0,1
synthetic_d50,3,4,893,1,4,mass_budget_prefix,4,0,49,49,0.196,1.0,1,0.0,1
synthetic_d50,3,8,6,1,8,mass_budget_prefix,7,1,44,44,0.176,1.0,1,0.0,0
synthetic_d50,3,8,60,0,5,mass_budget_prefix,4,1,2,2,0.008,1.0,1,0.0,0
synthetic_d50,3,8,129,0,2,mass_budget_prefix,2,0,8,8,0.032,1.0,1,0.0,1
synthetic_d50,3,8,267,0,8,mass_budget_prefix,8,0,1,1,0.004,1.0,1,0.0,1
synthetic_d50,3,8,296,0,5,mass_budget_prefix,5,0,2,2,0.008,1.0,1,0.0,1
synthetic_d50,3,8,375,1,8,mass_budget_prefix,7,1,44,44,0.176,1.0,1,0.0,0
synthetic_d50,3,8,399,0,7,mass_budget_prefix,6,1,29,28,0.116,0.9655172413793104,1,0.0,0
synthetic_d50,3,8,427,1,8,mass_budget_prefix,7,1,44,44,0.176,1.0,1,0.0,0
synthetic_d50,3,8,481,1,7,mass_budget_prefix,7,0,2,2,0.008,1.0,1,0.0,1
synthetic_d50,3,8,523,0,8,mass_budget_prefix,7,1,45,45,0.18,1.0,1,0.0,1
synthetic_d50,3,8,531,1,5,mass_budget_prefix,4,1,20,20,0.08,1.0,1,0.0,0
synthetic_d50,3,8,646,1,5,mass_budget_prefix,4,1,5,3,0.02,0.6,1,1.0,0
synthetic_d50,3,8,649,0,5,mass_budget_prefix,5,0,2,2,0.008,1.0,1,0.0,1
synthetic_d50,3,8,656,1,7,mass_budget_prefix,7,0,15,15,0.06,1.0,1,0.0,1
synthetic_d50,3,8,679,0,8,mass_budget_prefix,7,1,45,45,0.18,1.0,1,0.0,1
synthetic_d50,3,8,713,1,8,mass_budget_prefix,7,1,44,44,0.176,1.0,1,0.0,0
synthetic_d50,3,8,731,1,5,mass_budget_prefix,4,1,20,20,0.08,1.0,1,0.0,0
synthetic_d50,3,8,762,1,6,mass_budget_prefix,6,0,0,0,0.0,,0,,1
synthetic_d50,3,8,763,1,8,mass_budget_prefix,7,1,44,44,0.176,1.0,1,0.0,0
synthetic_d50,3,8,893,1,8,mass_budget_prefix,7,1,44,44,0.176,1.0,1,0.0,0
synthetic_d50,4,4,17,1,4,mass_budget_prefix,4,0,28,28,0.112,1.0,1,0.0,1
synthetic_d50,4,4,99,1,4,mass_budget_prefix,2,1,23,23,0.092,1.0,1,0.0,0
synthetic_d50,4,4,129,0,4,mass_budget_prefix,3,1,32,30,0.128,0.9375,1,1.0,0
synthetic_d50,4,4,290,0,4,mass_budget_prefix,3,1,32,30,0.128,0.9375,1,1.0,0
synthetic_d50,4,4,337,0,4,mass_budget_prefix,4,0,55,55,0.22,1.0,1,0.0,1
synthetic_d50,4,4,354,1,4,mass_budget_prefix,2,1,23,23,0.092,1.0,1,0.0,0
synthetic_d50,4,4,358,1,4,mass_budget_prefix,4,0,31,31,0.124,1.0,1,0.0,1
synthetic_d50,4,4,364,1,4,mass_budget_prefix,4,0,31,31,0.124,1.0,1,0.0,1
synthetic_d50,4,4,374,0,4,mass_budget_prefix,4,0,10,10,0.04,1.0,1,0.0,1
synthetic_d50,4,4,388,1,4,mass_budget_prefix,4,0,20,20,0.08,1.0,1,0.0,1
synthetic_d50,4,4,450,1,4,mass_budget_prefix,2,1,23,23,0.092,1.0,1,0.0,0
synthetic_d50,4,4,543,1,4,mass_budget_prefix,2,1,23,23,0.092,1.0,1,0.0,0
synthetic_d50,4,4,621,0,4,mass_budget_prefix,4,0,22,22,0.088,1.0,1,0.0,1
synthetic_d50,4,4,723,0,4,mass_budget_prefix,4,0,55,55,0.22,1.0,1,0.0,1
synthetic_d50,4,4,765,0,4,mass_budget_prefix,4,0,55,55,0.22,1.0,1,0.0,1
synthetic_d50,4,4,810,0,4,mass_budget_prefix,4,0,10,10,0.04,1.0,1,0.0,1
synthetic_d50,4,4,846,1,4,mass_budget_prefix,4,0,28,28,0.112,1.0,1,0.0,1
synthetic_d50,4,4,861,0,4,mass_budget_prefix,4,0,22,22,0.088,1.0,1,0.0,1
synthetic_d50,4,4,874,1,4,mass_budget_prefix,4,0,31,31,0.124,1.0,1,0.0,1
synthetic_d50,4,4,947,1,4,mass_budget_prefix,4,0,28,28,0.112,1.0,1,0.0,1
synthetic_d50,4,8,17,1,7,mass_budget_prefix,6,1,25,24,0.1,0.96,1,0.0,0
synthetic_d50,4,8,99,1,4,mass_budget_prefix,2,1,23,23,0.092,1.0,1,0.0,0
synthetic_d50,4,8,129,0,6,mass_budget_prefix,6,0,0,0,0.0,,0,,1
synthetic_d50,4,8,290,1,6,mass_budget_prefix,6,0,4,4,0.016,1.0,1,0.0,1
synthetic_d50,4,8,337,0,8,mass_budget_prefix,8,0,19,19,0.076,1.0,1,0.0,1
synthetic_d50,4,8,354,1,4,mass_budget_prefix,2,1,23,23,0.092,1.0,1,0.0,0
synthetic_d50,4,8,358,1,7,mass_budget_prefix,7,0,22,22,0.088,1.0,1,0.0,1
synthetic_d50,4,8,364,1,7,mass_budget_prefix,7,0,22,22,0.088,1.0,1,0.0,1
synthetic_d50,4,8,374,0,5,mass_budget_prefix,5,0,8,8,0.032,1.0,1,0.0,1
synthetic_d50,4,8,388,0,6,mass_budget_prefix,6,0,5,5,0.02,1.0,1,0.0,1
synthetic_d50,4,8,450,1,4,mass_budget_prefix,2,1,23,23,0.092,1.0,1,0.0,0
synthetic_d50,4,8,543,1,4,mass_budget_prefix,2,1,23,23,0.092,1.0,1,0.0,0
synthetic_d50,4,8,621,0,5,mass_budget_prefix,5,0,19,19,0.076,1.0,1,0.0,1
synthetic_d50,4,8,723,0,8,mass_budget_prefix,8,0,10,10,0.04,1.0,1,0.0,1
synthetic_d50,4,8,765,0,5,mass_budget_prefix,5,0,12,12,0.048,1.0,1,0.0,1
synthetic_d50,4,8,810,0,5,mass_budget_prefix,5,0,8,8,0.032,1.0,1,0.0,1
synthetic_d50,4,8,846,1,7,mass_budget_prefix,6,1,25,24,0.1,0.96,1,0.0,0
synthetic_d50,4,8,861,0,5,mass_budget_prefix,5,0,19,19,0.076,1.0,1,0.0,1
synthetic_d50,4,8,874,1,7,mass_budget_prefix,7,0,22,22,0.088,1.0,1,0.0,1
synthetic_d50,4,8,947,0,6,mass_budget_prefix,6,0,0,0,0.0,,0,,1
synthetic_d50,5,4,153,0,4,mass_budget_prefix,4,0,11,11,0.044,1.0,1,0.0,1
synthetic_d50,5,4,179,1,4,mass_budget_prefix,4,0,25,25,0.1,1.0,1,0.0,1
synthetic_d50,5,4,198,1,4,mass_budget_prefix,4,0,23,23,0.092,1.0,1,0.0,1
synthetic_d50,5,4,259,1,4,mass_budget_prefix,4,0,10,10,0.04,1.0,1,0.0,1
synthetic_d50,5,4,269,1,4,mass_budget_prefix,4,0,2,2,0.008,1.0,1,0.0,1
synthetic_d50,5,4,315,0,4,mass_budget_prefix,3,1,57,55,0.228,0.9649122807017544,1,0.0,0
synthetic_d50,5,4,316,1,4,mass_budget_prefix,4,0,16,16,0.064,1.0,1,0.0,1
synthetic_d50,5,4,350,1,4,mass_budget_prefix,4,0,12,12,0.048,1.0,1,0.0,1
synthetic_d50,5,4,353,1,4,mass_budget_prefix,3,1,42,42,0.168,1.0,1,0.0,0
synthetic_d50,5,4,371,0,4,mass_budget_prefix,4,0,35,35,0.14,1.0,1,0.0,1
synthetic_d50,5,4,448,0,4,mass_budget_prefix,4,0,35,35,0.14,1.0,1,0.0,1
synthetic_d50,5,4,455,0,4,mass_budget_prefix,3,1,57,55,0.228,0.9649122807017544,1,0.0,0
synthetic_d50,5,4,464,1,4,mass_budget_prefix,4,0,23,23,0.092,1.0,1,0.0,1
synthetic_d50,5,4,673,0,4,mass_budget_prefix,4,0,35,35,0.14,1.0,1,0.0,1
synthetic_d50,5,4,715,0,4,mass_budget_prefix,4,0,11,11,0.044,1.0,1,0.0,1
synthetic_d50,5,4,727,0,4,mass_budget_prefix,4,0,35,35,0.14,1.0,1,0.0,1
synthetic_d50,5,4,867,1,4,mass_budget_prefix,4,0,25,25,0.1,1.0,1,0.0,1
synthetic_d50,5,4,909,0,4,mass_budget_prefix,4,0,11,11,0.044,1.0,1,0.0,1
synthetic_d50,5,4,977,1,4,mass_budget_prefix,4,0,16,16,0.064,1.0,1,0.0,1
synthetic_d50,5,4,987,1,4,mass_budget_prefix,3,1,42,42,0.168,1.0,1,0.0,0
synthetic_d50,5,8,153,0,6,mass_budget_prefix,5,1,9,9,0.036,1.0,1,0.0,0
synthetic_d50,5,8,179,1,6,mass_budget_prefix,6,0,21,21,0.084,1.0,1,0.0,1
synthetic_d50,5,8,198,1,7,mass_budget_prefix,7,0,4,4,0.016,1.0,1,0.0,1
synthetic_d50,5,8,259,1,4,mass_budget_prefix,4,0,10,10,0.04,1.0,1,0.0,1
synthetic_d50,5,8,269,1,4,mass_budget_prefix,4,0,2,2,0.008,1.0,1,0.0,1
synthetic_d50,5,8,315,0,8,mass_budget_prefix,7,1,51,51,0.204,1.0,1,0.0,1
synthetic_d50,5,8,316,1,8,mass_budget_prefix,8,0,2,2,0.008,1.0,1,0.0,1
synthetic_d50,5,8,350,0,6,mass_budget_prefix,6,0,1,1,0.004,1.0,1,0.0,1
synthetic_d50,5,8,353,1,7,mass_budget_prefix,5,1,41,41,0.164,1.0,1,0.0,0
synthetic_d50,5,8,371,0,8,mass_budget_prefix,8,0,20,20,0.08,1.0,1,0.0,1
synthetic_d50,5,8,448,0,8,mass_budget_prefix,8,0,20,20,0.08,1.0,1,0.0,1
synthetic_d50,5,8,455,0,8,mass_budget_prefix,7,1,51,51,0.204,1.0,1,0.0,1
synthetic_d50,5,8,464,1,7,mass_budget_prefix,7,0,12,12,0.048,1.0,1,0.0,1
synthetic_d50,5,8,673,1,8,mass_budget_prefix,8,0,5,5,0.02,1.0,1,0.0,1
synthetic_d50,5,8,715,0,6,mass_budget_prefix,5,1,9,9,0.036,1.0,1,0.0,0
synthetic_d50,5,8,727,0,8,mass_budget_prefix,8,0,20,20,0.08,1.0,1,0.0,1
synthetic_d50,5,8,867,1,6,mass_budget_prefix,6,0,21,21,0.084,1.0,1,0.0,1
synthetic_d50,5,8,909,0,6,mass_budget_prefix,5,1,9,9,0.036,1.0,1,0.0,0
synthetic_d50,5,8,977,1,6,mass_budget_prefix,6,0,11,11,0.044,1.0,1,0.0,1
synthetic_d50,5,8,987,1,7,mass_budget_prefix,5,1,41,41,0.164,1.0,1,0.0,0
synthetic_d50,6,4,7,0,4,mass_budget_prefix,4,0,21,21,0.084,1.0,1,0.0,1
synthetic_d50,6,4,72,0,4,mass_budget_prefix,4,0,35,35,0.14,1.0,1,0.0,1
synthetic_d50,6,4,113,1,4,mass_budget_prefix,4,0,38,38,0.152,1.0,1,0.0,1
synthetic_d50,6,4,141,1,4,mass_budget_prefix,3,1,102,102,0.408,1.0,1,0.0,0
synthetic_d50,6,4,207,1,4,mass_budget_prefix,3,1,102,102,0.408,1.0,1,0.0,0
synthetic_d50,6,4,325,1,4,mass_budget_prefix,4,0,38,38,0.152,1.0,1,0.0,1
synthetic_d50,6,4,378,0,4,mass_budget_prefix,4,0,16,16,0.064,1.0,1,0.0,1
synthetic_d50,6,4,462,1,4,mass_budget_prefix,3,1,102,102,0.408,1.0,1,0.0,0
synthetic_d50,6,4,550,0,4,mass_budget_prefix,4,0,16,16,0.064,1.0,1,0.0,1
synthetic_d50,6,4,602,1,4,mass_budget_prefix,3,1,102,102,0.408,1.0,1,0.0,0
synthetic_d50,6,4,662,1,4,mass_budget_prefix,3,1,102,102,0.408,1.0,1,0.0,0
synthetic_d50,6,4,664,1,4,mass_budget_prefix,4,0,38,38,0.152,1.0,1,0.0,1
synthetic_d50,6,4,721,0,4,mass_budget_prefix,4,0,10,10,0.04,1.0,1,0.0,1
synthetic_d50,6,4,744,0,4,mass_budget_prefix,4,0,4,4,0.016,1.0,1,0.0,1
synthetic_d50,6,4,792,0,4,mass_budget_prefix,4,0,35,35,0.14,1.0,1,0.0,1
synthetic_d50,6,4,833,1,4,mass_budget_prefix,3,1,102,102,0.408,1.0,1,0.0,0
synthetic_d50,6,4,856,0,4,mass_budget_prefix,4,0,16,16,0.064,1.0,1,0.0,1
synthetic_d50,6,4,926,0,4,mass_budget_prefix,4,0,21,21,0.084,1.0,1,0.0,1
synthetic_d50,6,4,960,0,4,mass_budget_prefix,4,0,16,16,0.064,1.0,1,0.0,1
synthetic_d50,6,4,990,0,4,mass_budget_prefix,4,0,35,35,0.14,1.0,1,0.0,1
synthetic_d50,6,8,7,1,8,mass_budget_prefix,8,0,5,5,0.02,1.0,1,0.0,1
synthetic_d50,6,8,72,0,4,mass_budget_prefix,4,0,35,35,0.14,1.0,1,0.0,1
synthetic_d50,6,8,113,1,7,mass_budget_prefix,6,1,27,26,0.108,0.9629629629629629,1,0.0,0
synthetic_d50,6,8,141,1,8,mass_budget_prefix,8,0,75,75,0.3,1.0,1,0.0,1
synthetic_d50,6,8,207,1,8,mass_budget_prefix,8,0,75,75,0.3,1.0,1,0.0,1
synthetic_d50,6,8,325,1,7,mass_budget_prefix,6,1,27,26,0.108,0.9629629629629629,1,0.0,0
synthetic_d50,6,8,378,0,6,mass_budget_prefix,6,0,4,4,0.016,1.0,1,0.0,1
synthetic_d50,6,8,462,1,8,mass_budget_prefix,8,0,75,75,0.3,1.0,1,0.0,1
synthetic_d50,6,8,550,1,6,mass_budget_prefix,6,0,3,3,0.012,1.0,1,0.0,1
synthetic_d50,6,8,602,1,8,mass_budget_prefix,8,0,75,75,0.3,1.0,1,0.0,1
synthetic_d50,6,8,662,1,8,mass_budget_prefix,8,0,75,75,0.3,1.0,1,0.0,1
synthetic_d50,6,8,664,0,7,mass_budget_prefix,7,0,1,1,0.004,1.0,1,0.0,1
synthetic_d50,6,8,721,1,5,mass_budget_prefix,5,0,1,1,0.004,1.0,1,0.0,1
synthetic_d50,6,8,744,1,4,mass_budget_prefix,4,0,0,0,0.0,,0,,1
synthetic_d50,6,8,792,0,4,mass_budget_prefix,4,0,35,35,0.14,1.0,1,0.0,1
synthetic_d50,6,8,833,1,8,mass_budget_prefix,8,0,75,75,0.3,1.0,1,0.0,1
synthetic_d50,6,8,856,0,6,mass_budget_prefix,6,0,9,9,0.036,1.0,1,0.0,1
synthetic_d50,6,8,926,0,6,mass_budget_prefix,6,0,14,14,0.056,1.0,1,0.0,1
synthetic_d50,6,8,960,0,6,mass_budget_prefix,6,0,4,4,0.016,1.0,1,0.0,1
synthetic_d50,6,8,990,0,4,mass_budget_prefix,4,0,35,35,0.14,1.0,1,0.0,1
synthetic_d50,7,4,16,0,4,mass_budget_prefix,4,0,65,65,0.26,1.0,1,0.0,1
synthetic_d50,7,4,20,1,4,mass_budget_prefix,3,1,63,61,0.252,0.9682539682539683,1,0.0,0
synthetic_d50,7,4,59,1,4,mass_budget_prefix,3,1,63,61,0.252,0.9682539682539683,1,0.0,0
synthetic_d50,7,4,89,0,4,mass_budget_prefix,4,0,15,15,0.06,1.0,1,0.0,1
synthetic_d50,7,4,125,0,4,mass_budget_prefix,4,0,65,65,0.26,1.0,1,0.0,1
synthetic_d50,7,4,188,1,4,mass_budget_prefix,4,0,21,21,0.084,1.0,1,0.0,1
synthetic_d50,7,4,226,1,4,mass_budget_prefix,3,1,63,61,0.252,0.9682539682539683,1,0.0,0
synthetic_d50,7,4,235,1,4,mass_budget_prefix,4,0,21,21,0.084,1.0,1,0.0,1
synthetic_d50,7,4,278,0,4,mass_budget_prefix,4,0,65,65,0.26,1.0,1,0.0,1
synthetic_d50,7,4,326,1,4,mass_budget_prefix,4,0,2,2,0.008,1.0,1,0.0,1
synthetic_d50,7,4,347,0,4,mass_budget_prefix,4,0,12,12,0.048,1.0,1,0.0,1
synthetic_d50,7,4,382,0,4,mass_budget_prefix,4,0,65,65,0.26,1.0,1,0.0,1
synthetic_d50,7,4,519,0,4,mass_budget_prefix,4,0,11,11,0.044,1.0,1,0.0,1
synthetic_d50,7,4,585,0,4,mass_budget_prefix,4,0,65,65,0.26,1.0,1,0.0,1
synthetic_d50,7,4,658,1,4,mass_budget_prefix,3,1,63,61,0.252,0.9682539682539683,1,0.0,0
synthetic_d50,7,4,767,1,4,mass_budget_prefix,3,1,63,61,0.252,0.9682539682539683,1,0.0,0
synthetic_d50,7,4,773,0,4,mass_budget_prefix,4,0,65,65,0.26,1.0,1,0.0,1
synthetic_d50,7,4,787,0,4,mass_budget_prefix,4,0,2,2,0.008,1.0,1,0.0,1
synthetic_d50,7,4,856,0,4,mass_budget_prefix,4,0,11,11,0.044,1.0,1,0.0,1
synthetic_d50,7,4,905,0,4,mass_budget_prefix,4,0,65,65,0.26,1.0,1,0.0,1
synthetic_d50,7,8,16,1,6,mass_budget_prefix,6,0,4,4,0.016,1.0,1,0.0,1
synthetic_d50,7,8,20,1,6,mass_budget_prefix,6,0,6,6,0.024,1.0,1,0.0,1
synthetic_d50,7,8,59,1,8,mass_budget_prefix,6,1,45,44,0.18,0.9777777777777777,1,0.0,0
synthetic_d50,7,8,89,0,7,mass_budget_prefix,7,0,16,16,0.064,1.0,1,0.0,1
synthetic_d50,7,8,125,1,7,mass_budget_prefix,7,0,2,2,0.008,1.0,1,0.0,1
synthetic_d50,7,8,188,1,5,mass_budget_prefix,5,0,20,20,0.08,1.0,1,0.0,1
synthetic_d50,7,8,226,1,8,mass_budget_prefix,6,1,45,44,0.18,0.9777777777777777,1,0.0,0
synthetic_d50,7,8,235,1,5,mass_budget_prefix,5,0,20,20,0.08,1.0,1,0.0,1
synthetic_d50,7,8,278,0,6,mass_budget_prefix,6,0,38,38,0.152,1.0,1,0.0,1
synthetic_d50,7,8,326,1,4,mass_budget_prefix,4,0,2,2,0.008,1.0,1,0.0,1
synthetic_d50,7,8,347,0,6,mass_budget_prefix,6,0,6,6,0.024,1.0,1,0.0,1
synthetic_d50,7,8,382,0,6,mass_budget_prefix,6,0,38,38,0.152,1.0,1,0.0,1
synthetic_d50,7,8,519,0,6,mass_budget_prefix,6,0,7,7,0.028,1.0,1,0.0,1
synthetic_d50,7,8,585,0,6,mass_budget_prefix,6,0,38,38,0.152,1.0,1,0.0,1
synthetic_d50,7,8,658,1,8,mass_budget_prefix,6,1,45,44,0.18,0.9777777777777777,1,0.0,0
synthetic_d50,7,8,767,1,7,mass_budget_prefix,7,0,1,1,0.004,1.0,1,0.0,1
synthetic_d50,7,8,773,0,6,mass_budget_prefix,6,0,38,38,0.152,1.0,1,0.0,1
synthetic_d50,7,8,787,0,4,mass_budget_prefix,4,0,2,2,0.008,1.0,1,0.0,1
synthetic_d50,7,8,856,0,4,mass_budget_prefix,4,0,11,11,0.044,1.0,1,0.0,1
synthetic_d50,7,8,905,0,6,mass_budget_prefix,6,0,38,38,0.152,1.0,1,0.0,1
synthetic_d50,8,4,100,0,4,mass_budget_prefix,4,0,14,14,0.056,1.0,1,0.0,1
synthetic_d50,8,4,120,0,4,mass_budget_prefix,4,0,41,41,0.164,1.0,1,0.0,1
synthetic_d50,8,4,140,0,4,mass_budget_prefix,4,0,41,41,0.164,1.0,1,0.0,1
synthetic_d50,8,4,166,1,4,mass_budget_prefix,4,0,61,61,0.244,1.0,1,0.0,1
synthetic_d50,8,4,174,0,4,mass_budget_prefix,4,0,41,41,0.164,1.0,1,0.0,1
synthetic_d50,8,4,252,0,4,mass_budget_prefix,4,0,14,14,0.056,1.0,1,0.0,1
synthetic_d50,8,4,363,0,4,mass_budget_prefix,4,0,41,41,0.164,1.0,1,0.0,1
synthetic_d50,8,4,386,1,4,mass_budget_prefix,4,0,61,61,0.244,1.0,1,0.0,1
synthetic_d50,8,4,445,0,4,mass_budget_prefix,4,0,5,5,0.02,1.0,1,0.0,1
synthetic_d50,8,4,451,1,4,mass_budget_prefix,4,0,14,14,0.056,1.0,1,0.0,1
synthetic_d50,8,4,526,0,4,mass_budget_prefix,4,0,41,41,0.164,1.0,1,0.0,1
synthetic_d50,8,4,552,0,4,mass_budget_prefix,4,0,14,14,0.056,1.0,1,0.0,1
synthetic_d50,8,4,598,0,4,mass_budget_prefix,4,0,4,4,0.016,1.0,1,0.0,1
synthetic_d50,8,4,773,0,4,mass_budget_prefix,4,0,19,19,0.076,1.0,1,0.0,1
synthetic_d50,8,4,807,1,4,mass_budget_prefix,4,0,61,61,0.244,1.0,1,0.0,1
synthetic_d50,8,4,809,1,4,mass_budget_prefix,4,0,61,61,0.244,1.0,1,0.0,1
synthetic_d50,8,4,902,0,4,mass_budget_prefix,4,0,3,3,0.012,1.0,1,0.0,1
synthetic_d50,8,4,932,1,4,mass_budget_prefix,4,0,27,27,0.108,1.0,1,0.0,1
synthetic_d50,8,4,942,0,4,mass_budget_prefix,4,0,41,41,0.164,1.0,1,0.0,1
synthetic_d50,8,4,997,1,4,mass_budget_prefix,4,0,61,61,0.244,1.0,1,0.0,1
synthetic_d50,8,8,100,0,5,mass_budget_prefix,5,0,11,11,0.044,1.0,1,0.0,1
synthetic_d50,8,8,120,0,6,mass_budget_prefix,4,1,41,41,0.164,1.0,1,0.0,0
synthetic_d50,8,8,140,0,6,mass_budget_prefix,4,1,41,41,0.164,1.0,1,0.0,0
synthetic_d50,8,8,166,1,8,mass_budget_prefix,7,1,57,56,0.228,0.9824561403508771,1,0.0,0
synthetic_d50,8,8,174,0,6,mass_budget_prefix,4,1,41,41,0.164,1.0,1,0.0,0
synthetic_d50,8,8,252,1,5,mass_budget_prefix,5,0,3,3,0.012,1.0,1,0.0,1
synthetic_d50,8,8,363,0,6,mass_budget_prefix,4,1,41,41,0.164,1.0,1,0.0,0
synthetic_d50,8,8,386,1,8,mass_budget_prefix,7,1,57,56,0.228,0.9824561403508771,1,0.0,0
synthetic_d50,8,8,445,1,5,mass_budget_prefix,5,0,3,3,0.012,1.0,1,0.0,1
synthetic_d50,8,8,451,1,5,mass_budget_prefix,4,1,14,12,0.056,0.8571428571428571,1,1.0,0
synthetic_d50,8,8,526,0,6,mass_budget_prefix,4,1,41,41,0.164,1.0,1,0.0,0
synthetic_d50,8,8,552,0,5,mass_budget_prefix,4,1,14,14,0.056,1.0,1,0.0,0
synthetic_d50,8,8,598,1,5,mass_budget_prefix,5,0,0,0,0.0,,0,,1
synthetic_d50,8,8,773,0,6,mass_budget_prefix,6,0,7,7,0.028,1.0,1,0.0,1
synthetic_d50,8,8,807,0,8,mass_budget_prefix,8,0,1,1,0.004,1.0,1,0.0,1
synthetic_d50,8,8,809,1,8,mass_budget_prefix,7,1,57,56,0.228,0.9824561403508771,1,0.0,0
synthetic_d50,8,8,902,1,5,mass_budget_prefix,5,0,1,1,0.004,1.0,1,0.0,1
synthetic_d50,8,8,932,1,6,mass_budget_prefix,6,0,25,25,0.1,1.0,1,0.0,1
synthetic_d50,8,8,942,0,6,mass_budget_prefix,4,1,41,41,0.164,1.0,1,0.0,0
synthetic_d50,8,8,997,1,8,mass_budget_prefix,7,1,57,56,0.228,0.9824561403508771,1,0.0,0
synthetic_d50,9,4,31,0,4,mass_budget_prefix,3,1,68,67,0.272,0.9852941176470589,1,0.0,0
synthetic_d50,9,4,104,0,4,mass_budget_prefix,3,1,68,67,0.272,0.9852941176470589,1,0.0,0
synthetic_d50,9,4,126,1,4,mass_budget_prefix,3,1,41,38,0.164,0.926829268292683,1,1.0,0
synthetic_d50,9,4,144,1,4,mass_budget_prefix,4,0,52,52,0.208,1.0,1,0.0,1
synthetic_d50,9,4,276,0,4,mass_budget_prefix,3,1,68,67,0.272,0.9852941176470589,1,0.0,0
synthetic_d50,9,4,345,1,4,mass_budget_prefix,3,1,41,38,0.164,0.926829268292683,1,1.0,0
synthetic_d50,9,4,367,1,4,mass_budget_prefix,4,0,52,52,0.208,1.0,1,0.0,1
synthetic_d50,9,4,376,0,4,mass_budget_prefix,4,0,9,9,0.036,1.0,1,0.0,1
synthetic_d50,9,4,431,1,4,mass_budget_prefix,4,0,52,52,0.208,1.0,1,0.0,1
synthetic_d50,9,4,453,0,4,mass_budget_prefix,3,1,68,67,0.272,0.9852941176470589,1,0.0,0
synthetic_d50,9,4,482,1,4,mass_budget_prefix,4,0,52,52,0.208,1.0,1,0.0,1
synthetic_d50,9,4,490,0,4,mass_budget_prefix,3,1,68,67,0.272,0.9852941176470589,1,0.0,0
synthetic_d50,9,4,578,1,4,mass_budget_prefix,4,0,52,52,0.208,1.0,1,0.0,1
synthetic_d50,9,4,602,1,4,mass_budget_prefix,4,0,52,52,0.208,1.0,1,0.0,1
synthetic_d50,9,4,807,1,4,mass_budget_prefix,4,0,52,52,0.208,1.0,1,0.0,1
synthetic_d50,9,4,884,1,4,mass_budget_prefix,4,0,6,6,0.024,1.0,1,0.0,1
synthetic_d50,9,4,889,0,4,mass_budget_prefix,4,0,3,3,0.012,1.0,1,0.0,1
synthetic_d50,9,4,904,0,4,mass_budget_prefix,3,1,68,67,0.272,0.9852941176470589,1,0.0,0
synthetic_d50,9,4,913,0,4,mass_budget_prefix,4,0,6,6,0.024,1.0,1,0.0,1
synthetic_d50,9,4,960,0,4,mass_budget_prefix,3,1,68,67,0.272,0.9852941176470589,1,0.0,0
synthetic_d50,9,8,31,0,6,mass_budget_prefix,6,0,2,2,0.008,1.0,1,0.0,1
synthetic_d50,9,8,104,0,8,mass_budget_prefix,7,1,59,59,0.236,1.0,1,0.0,0
synthetic_d50,9,8,126,0,6,mass_budget_prefix,6,0,3,3,0.012,1.0,1,0.0,1
synthetic_d50,9,8,144,1,8,mass_budget_prefix,6,1,49,49,0.196,1.0,1,0.0,0
synthetic_d50,9,8,276,0,6,mass_budget_prefix,6,0,2,2,0.008,1.0,1,0.0,1
synthetic_d50,9,8,345,1,7,mass_budget_prefix,5,1,34,28,0.136,0.8235294117647058,1,1.0,0
synthetic_d50,9,8,367,1,8,mass_budget_prefix,6,1,49,49,0.196,1.0,1,0.0,0
synthetic_d50,9,8,376,0,5,mass_budget_prefix,5,0,5,5,0.02,1.0,1,0.0,1
synthetic_d50,9,8,431,1,8,mass_budget_prefix,6,1,49,49,0.196,1.0,1,0.0,0
synthetic_d50,9,8,453,0,8,mass_budget_prefix,7,1,59,59,0.236,1.0,1,0.0,0
synthetic_d50,9,8,482,1,8,mass_budget_prefix,6,1,49,49,0.196,1.0,1,0.0,0
synthetic_d50,9,8,490,0,8,mass_budget_prefix,7,1,59,59,0.236,1.0,1,0.0,0
synthetic_d50,9,8,578,1,8,mass_budget_prefix,6,1,49,49,0.196,1.0,1,0.0,0
synthetic_d50,9,8,602,1,8,mass_budget_prefix,6,1,49,49,0.196,1.0,1,0.0,0
synthetic_d50,9,8,807,1,8,mass_budget_prefix,6,1,49,49,0.196,1.0,1,0.0,0
synthetic_d50,9,8,884,1,6,mass_budget_prefix,6,0,6,6,0.024,1.0,1,0.0,1
synthetic_d50,9,8,889,0,4,mass_budget_prefix,4,0,3,3,0.012,1.0,1,0.0,1
synthetic_d50,9,8,904,0,8,mass_budget_prefix,7,1,59,59,0.236,1.0,1,0.0,0
synthetic_d50,9,8,913,0,5,mass_budget_prefix,5,0,6,6,0.024,1.0,1,0.0,1
synthetic_d50,9,8,960,0,8,mass_budget_prefix,7,1,59,59,0.236,1.0,1,0.0,0
synthetic_lowsep,0,4,63,0,4,mass_budget_prefix,4,0,72,72,0.36,1.0,1,0.0,1
synthetic_lowsep,0,4,82,0,4,mass_budget_prefix,4,0,72,72,0.36,1.0,1,0.0,1
synthetic_lowsep,0,4,217,0,4,mass_budget_prefix,4,0,72,72,0.36,1.0,1,0.0,1
synthetic_lowsep,0,4,229,1,4,mass_budget_prefix,3,1,15,15,0.075,1.0,1,0.0,0
synthetic_lowsep,0,4,231,1,4,mass_budget_prefix,3,1,15,15,0.075,1.0,1,0.0,0
synthetic_lowsep,0,4,262,1,4,mass_budget_prefix,4,0,33,33,0.165,1.0,1,0.0,1
synthetic_lowsep,0,4,273,1,4,mass_budget_prefix,4,0,12,12,0.06,1.0,1,0.0,1
synthetic_lowsep,0,4,293,0,4,mass_budget_prefix,4,0,72,72,0.36,1.0,1,0.0,1
synthetic_lowsep,0,4,339,1,4,mass_budget_prefix,4,0,12,12,0.06,1.0,1,0.0,1
synthetic_lowsep,0,4,343,0,3,mass_budget_prefix,3,0,5,5,0.025,1.0,1,0.0,1
synthetic_lowsep,0,4,380,1,4,mass_budget_prefix,3,1,15,15,0.075,1.0,1,0.0,0
synthetic_lowsep,0,4,419,1,4,mass_budget_prefix,3,1,15,15,0.075,1.0,1,0.0,0
synthetic_lowsep,0,4,503,0,4,mass_budget_prefix,4,0,46,46,0.23,1.0,1,0.0,1
synthetic_lowsep,0,4,547,0,4,mass_budget_prefix,4,0,46,46,0.23,1.0,1,0.0,1
synthetic_lowsep,0,4,563,0,4,mass_budget_prefix,4,0,72,72,0.36,1.0,1,0.0,1
synthetic_lowsep,0,4,619,1,4,mass_budget_prefix,4,0,33,33,0.165,1.0,1,0.0,1
synthetic_lowsep,0,4,639,0,4,mass_budget_prefix,4,0,72,72,0.36,1.0,1,0.0,1
synthetic_lowsep,0,4,641,0,4,mass_budget_prefix,4,0,72,72,0.36,1.0,1,0.0,1
synthetic_lowsep,0,4,667,0,4,mass_budget_prefix,4,0,72,72,0.36,1.0,1,0.0,1
synthetic_lowsep,0,4,726,0,4,mass_budget_prefix,4,0,72,72,0.36,1.0,1,0.0,1
synthetic_lowsep,0,8,63,0,8,mass_budget_prefix,6,1,50,48,0.25,0.96,1,0.0,0
synthetic_lowsep,0,8,82,0,8,mass_budget_prefix,6,1,50,48,0.25,0.96,1,0.0,0
synthetic_lowsep,0,8,217,0,8,mass_budget_prefix,7,1,7,6,0.035,0.8571428571428571,1,1.0,0
synthetic_lowsep,0,8,229,1,8,mass_budget_prefix,8,0,12,12,0.06,1.0,1,0.0,1
synthetic_lowsep,0,8,231,0,8,mass_budget_prefix,8,0,1,1,0.005,1.0,1,0.0,1
synthetic_lowsep,0,8,262,0,8,mass_budget_prefix,8,0,7,7,0.035,1.0,1,0.0,1
synthetic_lowsep,0,8,273,1,6,mass_budget_prefix,6,0,9,9,0.045,1.0,1,0.0,1
synthetic_lowsep,0,8,293,0,8,mass_budget_prefix,6,1,50,48,0.25,0.96,1,0.0,0
synthetic_lowsep,0,8,339,1,6,mass_budget_prefix,6,0,9,9,0.045,1.0,1,0.0,1
synthetic_lowsep,0,8,343,0,3,mass_budget_prefix,3,0,5,5,0.025,1.0,1,0.0,1
synthetic_lowsep,0,8,380,1,8,mass_budget_prefix,8,0,12,12,0.06,1.0,1,0.0,1
synthetic_lowsep,0,8,419,1,8,mass_budget_prefix,8,0,12,12,0.06,1.0,1,0.0,1
synthetic_lowsep,0,8,503,0,8,mass_budget_prefix,7,1,24,24,0.12,1.0,1,0.0,0
synthetic_lowsep,0,8,547,0,8,mass_budget_prefix,8,0,4,4,0.02,1.0,1,0.0,1
synthetic_lowsep,0,8,563,0,8,mass_budget_prefix,6,1,50,48,0.25,0.96,1,0.0,0
synthetic_lowsep,0,8,619,0,8,mass_budget_prefix,8,0,7,7,0.035,1.0,1,0.0,1
synthetic_lowsep,0,8,639,0,8,mass_budget_prefix,6,1,50,48,0.25,0.96,1,0.0,0
synthetic_lowsep,0,8,641,0,8,mass_budget_prefix,6,1,50,48,0.25,0.96,1,0.0,0
synthetic_lowsep,0,8,667,1,7,mass_budget_prefix,7,0,1,1,0.005,1.0,1,0.0,1
synthetic_lowsep,0,8,726,0,8,mass_budget_prefix,7,1,7,6,0.035,0.8571428571428571,1,1.0,0
synthetic_lowsep,1,4,86,0,4,mass_budget_prefix,4,0,24,24,0.12,1.0,1,0.0,1
synthetic_lowsep,1,4,106,0,4,mass_budget_prefix,4,0,47,47,0.235,1.0,1,0.0,1
synthetic_lowsep,1,4,123,1,4,mass_budget_prefix,4,0,64,64,0.32,1.0,1,0.0,1
synthetic_lowsep,1,4,133,1,4,mass_budget_prefix,4,0,27,27,0.135,1.0,1,0.0,1
synthetic_lowsep,1,4,197,0,4,mass_budget_prefix,4,0,47,47,0.235,1.0,1,0.0,1
synthetic_lowsep,1,4,204,1,4,mass_budget_prefix,4,0,27,27,0.135,1.0,1,0.0,1
synthetic_lowsep,1,4,255,1,4,mass_budget_prefix,4,0,11,11,0.055,1.0,1,0.0,1
synthetic_lowsep,1,4,309,1,4,mass_budget_prefix,4,0,11,11,0.055,1.0,1,0.0,1
synthetic_lowsep,1,4,332,1,4,mass_budget_prefix,4,0,64,64,0.32,1.0,1,0.0,1
synthetic_lowsep,1,4,479,1,4,mass_budget_prefix,4,0,64,64,0.32,1.0,1,0.0,1
synthetic_lowsep,1,4,500,0,4,mass_budget_prefix,4,0,24,24,0.12,1.0,1,0.0,1
synthetic_lowsep,1,4,506,1,4,mass_budget_prefix,4,0,27,27,0.135,1.0,1,0.0,1
synthetic_lowsep,1,4,527,1,4,mass_budget_prefix,4,0,27,27,0.135,1.0,1,0.0,1
synthetic_lowsep,1,4,529,1,4,mass_budget_prefix,4,0,64,64,0.32,1.0,1,0.0,1
synthetic_lowsep,1,4,541,0,4,mass_budget_prefix,4,0,24,24,0.12,1.0,1,0.0,1
synthetic_lowsep,1,4,616,0,4,mass_budget_prefix,4,0,47,47,0.235,1.0,1,0.0,1
synthetic_lowsep,1,4,619,1,4,mass_budget_prefix,4,0,64,64,0.32,1.0,1,0.0,1
synthetic_lowsep,1,4,662,1,4,mass_budget_prefix,4,0,3,3,0.015,1.0,1,0.0,1
synthetic_lowsep,1,4,721,0,4,mass_budget_prefix,4,0,47,47,0.235,1.0,1,0.0,1
synthetic_lowsep,1,4,754,1,4,mass_budget_prefix,4,0,64,64,0.32,1.0,1,0.0,1
synthetic_lowsep,1,8,86,0,8,mass_budget_prefix,8,0,23,23,0.115,1.0,1,0.0,1
synthetic_lowsep,1,8,106,0,8,mass_budget_prefix,8,0,10,10,0.05,1.0,1,0.0,1
synthetic_lowsep,1,8,123,1,8,mass_budget_prefix,8,0,10,10,0.05,1.0,1,0.0,1
synthetic_lowsep,1,8,133,1,6,mass_budget_prefix,6,0,16,16,0.08,1.0,1,0.0,1
synthetic_lowsep,1,8,197,0,8,mass_budget_prefix,8,0,30,30,0.15,1.0,1,0.0,1
synthetic_lowsep,1,8,204,1,6,mass_budget_prefix,6,0,16,16,0.08,1.0,1,0.0,1
synthetic_lowsep,1,8,255,0,7,mass_budget_prefix,7,0,3,3,0.015,1.0,1,0.0,1
synthetic_lowsep,1,8,309,1,6,mass_budget_prefix,5,1,8,6,0.04,0.75,1,1.0,0
synthetic_lowsep,1,8,332,1,8,mass_budget_prefix,8,0,10,10,0.05,1.0,1,0.0,1
synthetic_lowsep,1,8,479,1,7,mass_budget_prefix,7,0,6,6,0.03,1.0,1,0.0,1
synthetic_lowsep,1,8,500,0,8,mass_budget_prefix,8,0,23,23,0.115,1.0,1,0.0,1
synthetic_lowsep,1,8,506,1,6,mass_budget_prefix,6,0,16,16,0.08,1.0,1,0.0,1
synthetic_lowsep,1,8,527,1,6,mass_budget_prefix,6,0,16,16,0.08,1.0,1,0.0,1
synthetic_lowsep,1,8,529,1,8,mass_budget_prefix,8,0,10,10,0.05,1.0,1,0.0,1
synthetic_lowsep,1,8,541,0,7,mass_budget_prefix,7,0,1,1,0.005,1.0,1,0.0,1
synthetic_lowsep,1,8,616,0,8,mass_budget_prefix,8,0,30,30,0.15,1.0,1,0.0,1
synthetic_lowsep,1,8,619,0,8,mass_budget_prefix,8,0,14,14,0.07,1.0,1,0.0,1
synthetic_lowsep,1,8,662,1,5,mass_budget_prefix,5,0,0,0,0.0,,0,,1
synthetic_lowsep,1,8,721,0,8,mass_budget_prefix,8,0,30,30,0.15,1.0,1,0.0,1
synthetic_lowsep,1,8,754,1,8,mass_budget_prefix,8,0,10,10,0.05,1.0,1,0.0,1
synthetic_lowsep,2,4,3,0,4,mass_budget_prefix,4,0,113,113,0.565,1.0,1,0.0,1
synthetic_lowsep,2,4,6,1,4,mass_budget_prefix,3,1,33,33,0.165,1.0,1,0.0,0
synthetic_lowsep,2,4,51,0,4,mass_budget_prefix,4,0,113,113,0.565,1.0,1,0.0,1
synthetic_lowsep,2,4,114,0,4,mass_budget_prefix,4,0,113,113,0.565,1.0,1,0.0,1
synthetic_lowsep,2,4,132,0,4,mass_budget_prefix,4,0,113,113,0.565,1.0,1,0.0,1
synthetic_lowsep,2,4,198,0,4,mass_budget_prefix,4,0,113,113,0.565,1.0,1,0.0,1
synthetic_lowsep,2,4,221,0,4,mass_budget_prefix,4,0,113,113,0.565,1.0,1,0.0,1
synthetic_lowsep,2,4,334,0,4,mass_budget_prefix,4,0,113,113,0.565,1.0,1,0.0,1
synthetic_lowsep,2,4,368,0,4,mass_budget_prefix,4,0,113,113,0.565,1.0,1,0.0,1
synthetic_lowsep,2,4,369,0,4,mass_budget_prefix,4,0,113,113,0.565,1.0,1,0.0,1
synthetic_lowsep,2,4,392,0,4,mass_budget_prefix,4,0,113,113,0.565,1.0,1,0.0,1
synthetic_lowsep,2,4,401,0,4,mass_budget_prefix,4,0,22,22,0.11,1.0,1,0.0,1
synthetic_lowsep,2,4,412,0,4,mass_budget_prefix,4,0,113,113,0.565,1.0,1,0.0,1
synthetic_lowsep,2,4,470,1,4,mass_budget_prefix,3,1,33,33,0.165,1.0,1,0.0,0
synthetic_lowsep,2,4,487,0,3,mass_budget_prefix,3,0,2,2,0.01,1.0,1,0.0,1
synthetic_lowsep,2,4,493,1,3,mass_budget_prefix,3,0,8,8,0.04,1.0,1,0.0,1
synthetic_lowsep,2,4,561,0,4,mass_budget_prefix,4,0,22,22,0.11,1.0,1,0.0,1
synthetic_lowsep,2,4,612,0,4,mass_budget_prefix,4,0,113,113,0.565,1.0,1,0.0,1
synthetic_lowsep,2,4,675,0,4,mass_budget_prefix,4,0,22,22,0.11,1.0,1,0.0,1
synthetic_lowsep,2,4,785,0,4,mass_budget_prefix,4,0,113,113,0.565,1.0,1,0.0,1
synthetic_lowsep,2,8,3,0,8,mass_budget_prefix,8,0,21,21,0.105,1.0,1,0.0,1
synthetic_lowsep,2,8,6,1,5,mass_budget_prefix,5,0,27,27,0.135,1.0,1,0.0,1
synthetic_lowsep,2,8,51,0,8,mass_budget_prefix,8,0,21,21,0.105,1.0,1,0.0,1
synthetic_lowsep,2,8,114,0,8,mass_budget_prefix,8,0,21,21,0.105,1.0,1,0.0,1
synthetic_lowsep,2,8,132,0,8,mass_budget_prefix,8,0,32,32,0.16,1.0,1,0.0,1
synthetic_lowsep,2,8,198,0,8,mass_budget_prefix,8,0,21,21,0.105,1.0,1,0.0,1
synthetic_lowsep,2,8,221,0,8,mass_budget_prefix,8,0,32,32,0.16,1.0,1,0.0,1
synthetic_lowsep,2,8,334,1,8,mass_budget_prefix,8,0,10,10,0.05,1.0,1,0.0,1
synthetic_lowsep,2,8,368,0,8,mass_budget_prefix,8,0,21,21,0.105,1.0,1,0.0,1
synthetic_lowsep,2,8,369,0,8,mass_budget_prefix,8,0,21,21,0.105,1.0,1,0.0,1
synthetic_lowsep,2,8,392,0,8,mass_budget_prefix,8,0,21,21,0.105,1.0,1,0.0,1
synthetic_lowsep,2,8,401,0,7,mass_budget_prefix,7,0,21,21,0.105,1.0,1,0.0,1
synthetic_lowsep,2,8,412,0,8,mass_budget_prefix,8,0,32,32,0.16,1.0,1,0.0,1
synthetic_lowsep,2,8,470,1,5,mass_budget_prefix,5,0,27,27,0.135,1.0,1,0.0,1
synthetic_lowsep,2,8,487,0,3,mass_budget_prefix,3,0,2,2,0.01,1.0,1,0.0,1
synthetic_lowsep,2,8,493,1,3,mass_budget_prefix,3,0,8,8,0.04,1.0,1,0.0,1
synthetic_lowsep,2,8,561,0,7,mass_budget_prefix,7,0,21,21,0.105,1.0,1,0.0,1
synthetic_lowsep,2,8,612,0,8,mass_budget_prefix,8,0,21,21,0.105,1.0,1,0.0,1
synthetic_lowsep,2,8,675,0,7,mass_budget_prefix,7,0,21,21,0.105,1.0,1,0.0,1
synthetic_lowsep,2,8,785,0,8,mass_budget_prefix,8,0,21,21,0.105,1.0,1,0.0,1
synthetic_lowsep,3,4,35,0,4,mass_budget_prefix,3,1,64,63,0.32,0.984375,1,0.0,0
synthetic_lowsep,3,4,67,1,4,mass_budget_prefix,4,0,6,6,0.03,1.0,1,0.0,1
synthetic_lowsep,3,4,107,0,4,mass_budget_prefix,3,1,64,63,0.32,0.984375,1,0.0,0
synthetic_lowsep,3,4,180,1,4,mass_budget_prefix,4,0,3,3,0.015,1.0,1,0.0,1
synthetic_lowsep,3,4,202,0,4,mass_budget_prefix,4,0,19,19,0.095,1.0,1,0.0,1
synthetic_lowsep,3,4,279,0,4,mass_budget_prefix,4,0,12,12,0.06,1.0,1,0.0,1
synthetic_lowsep,3,4,293,0,4,mass_budget_prefix,3,1,64,63,0.32,0.984375,1,0.0,0
synthetic_lowsep,3,4,419,1,4,mass_budget_prefix,4,0,12,12,0.06,1.0,1,0.0,1
synthetic_lowsep,3,4,435,1,4,mass_budget_prefix,4,0,6,6,0.03,1.0,1,0.0,1
synthetic_lowsep,3,4,463,0,4,mass_budget_prefix,4,0,5,5,0.025,1.0,1,0.0,1
synthetic_lowsep,3,4,503,1,4,mass_budget_prefix,4,0,24,24,0.12,1.0,1,0.0,1
synthetic_lowsep,3,4,513,1,4,mass_budget_prefix,4,0,24,24,0.12,1.0,1,0.0,1
synthetic_lowsep,3,4,561,1,3,mass_budget_prefix,3,0,14,14,0.07,1.0,1,0.0,1
synthetic_lowsep,3,4,566,0,4,mass_budget_prefix,4,0,12,12,0.06,1.0,1,0.0,1
synthetic_lowsep,3,4,614,1,4,mass_budget_prefix,4,0,24,24,0.12,1.0,1,0.0,1
synthetic_lowsep,3,4,645,0,4,mass_budget_prefix,3,1,64,63,0.32,0.984375,1,0.0,0
synthetic_lowsep,3,4,686,1,4,mass_budget_prefix,4,0,24,24,0.12,1.0,1,0.0,1
synthetic_lowsep,3,4,693,1,4,mass_budget_prefix,4,0,10,10,0.05,1.0,1,0.0,1
synthetic_lowsep,3,4,777,0,4,mass_budget_prefix,3,1,64,63,0.32,0.984375,1,0.0,0
synthetic_lowsep,3,4,793,0,4,mass_budget_prefix,3,1,64,63,0.32,0.984375,1,0.0,0
synthetic_lowsep,3,8,35,0,8,mass_budget_prefix,8,0,21,21,0.105,1.0,1,0.0,1
synthetic_lowsep,3,8,67,1,4,mass_budget_prefix,4,0,6,6,0.03,1.0,1,0.0,1
synthetic_lowsep,3,8,107,0,8,mass_budget_prefix,8,0,10,10,0.05,1.0,1,0.0,1
synthetic_lowsep,3,8,180,0,6,mass_budget_prefix,6,0,0,0,0.0,,0,,1
synthetic_lowsep,3,8,202,0,8,mass_budget_prefix,8,0,7,7,0.035,1.0,1,0.0,1
synthetic_lowsep,3,8,279,0,8,mass_budget_prefix,8,0,8,8,0.04,1.0,1,0.0,1
synthetic_lowsep,3,8,293,0,8,mass_budget_prefix,8,0,21,21,0.105,1.0,1,0.0,1
synthetic_lowsep,3,8,419,1,4,mass_budget_prefix,4,0,12,12,0.06,1.0,1,0.0,1
synthetic_lowsep,3,8,435,1,4,mass_budget_prefix,4,0,6,6,0.03,1.0,1,0.0,1
synthetic_lowsep,3,8,463,0,4,mass_budget_prefix,4,0,5,5,0.025,1.0,1,0.0,1
synthetic_lowsep,3,8,503,0,8,mass_budget_prefix,7,1,5,5,0.025,1.0,1,0.0,0
synthetic_lowsep,3,8,513,0,6,mass_budget_prefix,6,0,7,7,0.035,1.0,1,0.0,1
synthetic_lowsep,3,8,561,1,3,mass_budget_prefix,3,0,14,14,0.07,1.0,1,0.0,1
synthetic_lowsep,3,8,566,0,8,mass_budget_prefix,8,0,8,8,0.04,1.0,1,0.0,1
synthetic_lowsep,3,8,614,0,8,mass_budget_prefix,7,1,5,5,0.025,1.0,1,0.0,0
synthetic_lowsep,3,8,645,0,8,mass_budget_prefix,8,0,21,21,0.105,1.0,1,0.0,1
synthetic_lowsep,3,8,686,1,6,mass_budget_prefix,6,0,9,9,0.045,1.0,1,0.0,1
synthetic_lowsep,3,8,693,1,6,mass_budget_prefix,4,1,10,7,0.05,0.7,1,1.0,0
synthetic_lowsep,3,8,777,1,7,mass_budget_prefix,7,0,6,6,0.03,1.0,1,0.0,1
synthetic_lowsep,3,8,793,0,8,mass_budget_prefix,8,0,21,21,0.105,1.0,1,0.0,1
synthetic_lowsep,4,4,37,0,4,mass_budget_prefix,4,0,63,63,0.315,1.0,1,0.0,1
synthetic_lowsep,4,4,41,0,4,mass_budget_prefix,4,0,12,12,0.06,1.0,1,0.0,1
synthetic_lowsep,4,4,67,0,4,mass_budget_prefix,4,0,12,12,0.06,1.0,1,0.0,1
synthetic_lowsep,4,4,70,1,4,mass_budget_prefix,4,0,37,37,0.185,1.0,1,0.0,1
synthetic_lowsep,4,4,141,1,4,mass_budget_prefix,4,0,12,12,0.06,1.0,1,0.0,1
synthetic_lowsep,4,4,175,1,4,mass_budget_prefix,4,0,12,12,0.06,1.0,1,0.0,1
synthetic_lowsep,4,4,197,0,4,mass_budget_prefix,4,0,63,63,0.315,1.0,1,0.0,1
synthetic_lowsep,4,4,248,0,4,mass_budget_prefix,4,0,63,63,0.315,1.0,1,0.0,1
synthetic_lowsep,4,4,330,0,4,mass_budget_prefix,4,0,63,63,0.315,1.0,1,0.0,1
synthetic_lowsep,4,4,345,0,4,mass_budget_prefix,4,0,5,5,0.025,1.0,1,0.0,1
synthetic_lowsep,4,4,361,1,4,mass_budget_prefix,4,0,37,37,0.185,1.0,1,0.0,1
synthetic_lowsep,4,4,382,0,4,mass_budget_prefix,4,0,5,5,0.025,1.0,1,0.0,1
synthetic_lowsep,4,4,405,0,4,mass_budget_prefix,4,0,63,63,0.315,1.0,1,0.0,1
synthetic_lowsep,4,4,436,1,4,mass_budget_prefix,4,0,37,37,0.185,1.0,1,0.0,1
synthetic_lowsep,4,4,495,0,4,mass_budget_prefix,4,0,63,63,0.315,1.0,1,0.0,1
synthetic_lowsep,4,4,584,0,4,mass_budget_prefix,4,0,63,63,0.315,1.0,1,0.0,1
synthetic_lowsep,4,4,598,1,4,mass_budget_prefix,4,0,12,12,0.06,1.0,1,0.0,1
synthetic_lowsep,4,4,604,1,4,mass_budget_prefix,4,0,37,37,0.185,1.0,1,0.0,1
synthetic_lowsep,4,4,715,1,4,mass_budget_prefix,4,0,12,12,0.06,1.0,1,0.0,1
synthetic_lowsep,4,4,748,0,4,mass_budget_prefix,4,0,5,5,0.025,1.0,1,0.0,1
synthetic_lowsep,4,8,37,0,8,mass_budget_prefix,8,0,19,19,0.095,1.0,1,0.0,1
synthetic_lowsep,4,8,41,0,8,mass_budget_prefix,7,1,10,10,0.05,1.0,1,0.0,1
synthetic_lowsep,4,8,67,0,8,mass_budget_prefix,7,1,10,10,0.05,1.0,1,0.0,1
synthetic_lowsep,4,8,70,1,7,mass_budget_prefix,6,1,31,31,0.155,1.0,1,0.0,0
synthetic_lowsep,4,8,141,1,5,mass_budget_prefix,5,0,6,6,0.03,1.0,1,0.0,1
synthetic_lowsep,4,8,175,1,7,mass_budget_prefix,7,0,8,8,0.04,1.0,1,0.0,1
synthetic_lowsep,4,8,197,0,8,mass_budget_prefix,8,0,19,19,0.095,1.0,1,0.0,1
synthetic_lowsep,4,8,248,1,7,mass_budget_prefix,7,0,8,8,0.04,1.0,1,0.0,1
synthetic_lowsep,4,8,330,0,8,mass_budget_prefix,8,0,7,7,0.035,1.0,1,0.0,1
synthetic_lowsep,4,8,345,0,7,mass_budget_prefix,7,0,1,1,0.005,1.0,1,0.0,1
synthetic_lowsep,4,8,361,1,7,mass_budget_prefix,6,1,31,31,0.155,1.0,1,0.0,0
synthetic_lowsep,4,8,382,0,7,mass_budget_prefix,7,0,1,1,0.005,1.0,1,0.0,1
synthetic_lowsep,4,8,405,1,7,mass_budget_prefix,7,0,8,8,0.04,1.0,1,0.0,1
synthetic_lowsep,4,8,436,1,7,mass_budget_prefix,7,0,0,0,0.0,,0,,1
synthetic_lowsep,4,8,495,0,8,mass_budget_prefix,7,1,14,14,0.07,1.0,1,0.0,1
synthetic_lowsep,4,8,584,0,8,mass_budget_prefix,8,0,7,7,0.035,1.0,1,0.0,1
synthetic_lowsep,4,8,598,1,5,mass_budget_prefix,5,0,6,6,0.03,1.0,1,0.0,1
synthetic_lowsep,4,8,604,1,7,mass_budget_prefix,6,1,31,31,0.155,1.0,1,0.0,0
synthetic_lowsep,4,8,715,1,7,mass_budget_prefix,7,0,8,8,0.04,1.0,1,0.0,1
synthetic_lowsep,4,8,748,0,7,mass_budget_prefix,7,0,1,1,0.005,1.0,1,0.0,1
synthetic_lowsep,5,4,6,1,4,mass_budget_prefix,2,1,39,35,0.195,0.8974358974358975,1,1.0,0
synthetic_lowsep,5,4,11,0,4,mass_budget_prefix,4,0,17,17,0.085,1.0,1,0.0,1
synthetic_lowsep,5,4,212,0,4,mass_budget_prefix,4,0,17,17,0.085,1.0,1,0.0,1
synthetic_lowsep,5,4,219,0,4,mass_budget_prefix,4,0,17,17,0.085,1.0,1,0.0,1
synthetic_lowsep,5,4,237,0,4,mass_budget_prefix,4,0,17,17,0.085,1.0,1,0.0,1
synthetic_lowsep,5,4,247,0,4,mass_budget_prefix,4,0,9,9,0.045,1.0,1,0.0,1
synthetic_lowsep,5,4,339,1,4,mass_budget_prefix,4,0,8,8,0.04,1.0,1,0.0,1
synthetic_lowsep,5,4,409,1,4,mass_budget_prefix,4,0,70,70,0.35,1.0,1,0.0,1
synthetic_lowsep,5,4,496,1,4,mass_budget_prefix,4,0,70,70,0.35,1.0,1,0.0,1
synthetic_lowsep,5,4,524,1,4,mass_budget_prefix,4,0,70,70,0.35,1.0,1,0.0,1
synthetic_lowsep,5,4,529,1,4,mass_budget_prefix,4,0,70,70,0.35,1.0,1,0.0,1
synthetic_lowsep,5,4,631,1,4,mass_budget_prefix,4,0,70,70,0.35,1.0,1,0.0,1
synthetic_lowsep,5,4,668,1,4,mass_budget_prefix,4,0,70,70,0.35,1.0,1,0.0,1
synthetic_lowsep,5,4,702,0,4,mass_budget_prefix,4,0,1,1,0.005,1.0,1,0.0,1
synthetic_lowsep,5,4,718,1,4,mass_budget_prefix,2,1,39,35,0.195,0.8974358974358975,1,1.0,0
synthetic_lowsep,5,4,726,0,4,mass_budget_prefix,4,0,17,17,0.085,1.0,1,0.0,1
synthetic_lowsep,5,4,740,1,4,mass_budget_prefix,4,0,0,0,0.0,,0,,1
synthetic_lowsep,5,4,741,1,4,mass_budget_prefix,2,1,39,35,0.195,0.8974358974358975,1,1.0,0
synthetic_lowsep,5,4,767,0,4,mass_budget_prefix,4,0,17,17,0.085,1.0,1,0.0,1
synthetic_lowsep,5,4,787,1,4,mass_budget_prefix,4,0,70,70,0.35,1.0,1,0.0,1
synthetic_lowsep,5,8,6,1,6,mass_budget_prefix,6,0,32,32,0.16,1.0,1,0.0,1
synthetic_lowsep,5,8,11,1,6,mass_budget_prefix,6,0,1,1,0.005,1.0,1,0.0,1
synthetic_lowsep,5,8,212,1,6,mass_budget_prefix,6,0,1,1,0.005,1.0,1,0.0,1
synthetic_lowsep,5,8,219,0,6,mass_budget_prefix,5,1,15,14,0.075,0.9333333333333333,1,1.0,0
synthetic_lowsep,5,8,237,0,6,mass_budget_prefix,5,1,15,14,0.075,0.9333333333333333,1,1.0,0
synthetic_lowsep,5,8,247,1,6,mass_budget_prefix,6,0,1,1,0.005,1.0,1,0.0,1
synthetic_lowsep,5,8,339,1,4,mass_budget_prefix,4,0,8,8,0.04,1.0,1,0.0,1
synthetic_lowsep,5,8,409,0,8,mass_budget_prefix,8,0,10,10,0.05,1.0,1,0.0,1
synthetic_lowsep,5,8,496,0,8,mass_budget_prefix,8,0,3,3,0.015,1.0,1,0.0,1
synthetic_lowsep,5,8,524,0,8,mass_budget_prefix,7,1,4,4,0.02,1.0,1,0.0,0
synthetic_lowsep,5,8,529,0,8,mass_budget_prefix,8,0,7,7,0.035,1.0,1,0.0,1
synthetic_lowsep,5,8,631,0,8,mass_budget_prefix,8,0,3,3,0.015,1.0,1,0.0,1
synthetic_lowsep,5,8,668,0,8,mass_budget_prefix,7,1,4,4,0.02,1.0,1,0.0,0
synthetic_lowsep,5,8,702,1,4,mass_budget_prefix,4,0,8,8,0.04,1.0,1,0.0,1
synthetic_lowsep,5,8,718,1,6,mass_budget_prefix,6,0,32,32,0.16,1.0,1,0.0,1
synthetic_lowsep,5,8,726,0,6,mass_budget_prefix,5,1,15,14,0.075,0.9333333333333333,1,1.0,0
synthetic_lowsep,5,8,740,1,4,mass_budget_prefix,4,0,0,0,0.0,,0,,1
synthetic_lowsep,5,8,741,1,6,mass_budget_prefix,6,0,32,32,0.16,1.0,1,0.0,1
synthetic_lowsep,5,8,767,0,6,mass_budget_prefix,5,1,15,14,0.075,0.9333333333333333,1,1.0,0
synthetic_lowsep,5,8,787,0,8,mass_budget_prefix,7,1,4,4,0.02,1.0,1,0.0,0
synthetic_lowsep,6,4,6,1,4,mass_budget_prefix,4,0,16,16,0.08,1.0,1,0.0,1
synthetic_lowsep,6,4,101,0,4,mass_budget_prefix,4,0,33,33,0.165,1.0,1,0.0,1
synthetic_lowsep,6,4,148,1,4,mass_budget_prefix,3,1,14,13,0.07,0.9285714285714286,1,1.0,0
synthetic_lowsep,6,4,201,1,4,mass_budget_prefix,3,1,14,13,0.07,0.9285714285714286,1,1.0,0
synthetic_lowsep,6,4,221,0,4,mass_budget_prefix,4,0,69,69,0.345,1.0,1,0.0,1
synthetic_lowsep,6,4,243,0,4,mass_budget_prefix,4,0,69,69,0.345,1.0,1,0.0,1
synthetic_lowsep,6,4,250,0,4,mass_budget_prefix,4,0,19,19,0.095,1.0,1,0.0,1
synthetic_lowsep,6,4,263,0,4,mass_budget_prefix,4,0,69,69,0.345,1.0,1,0.0,1
synthetic_lowsep,6,4,311,1,4,mass_budget_prefix,4,0,25,25,0.125,1.0,1,0.0,1
synthetic_lowsep,6,4,322,1,4,mass_budget_prefix,4,0,16,16,0.08,1.0,1,0.0,1
synthetic_lowsep,6,4,338,0,4,mass_budget_prefix,4,0,69,69,0.345,1.0,1,0.0,1
synthetic_lowsep,6,4,357,0,4,mass_budget_prefix,4,0,69,69,0.345,1.0,1,0.0,1
synthetic_lowsep,6,4,385,0,4,mass_budget_prefix,4,0,69,69,0.345,1.0,1,0.0,1
synthetic_lowsep,6,4,516,1,4,mass_budget_prefix,4,0,19,19,0.095,1.0,1,0.0,1
synthetic_lowsep,6,4,521,0,4,mass_budget_prefix,4,0,19,19,0.095,1.0,1,0.0,1
synthetic_lowsep,6,4,635,0,4,mass_budget_prefix,4,0,19,19,0.095,1.0,1,0.0,1
synthetic_lowsep,6,4,647,0,4,mass_budget_prefix,4,0,69,69,0.345,1.0,1,0.0,1
synthetic_lowsep,6,4,674,0,4,mass_budget_prefix,4,0,69,69,0.345,1.0,1,0.0,1
synthetic_lowsep,6,4,712,0,4,mass_budget_prefix,4,0,19,19,0.095,1.0,1,0.0,1
synthetic_lowsep,6,4,739,0,4,mass_budget_prefix,4,0,69,69,0.345,1.0,1,0.0,1
synthetic_lowsep,6,8,6,1,5,mass_budget_prefix,5,0,15,15,0.075,1.0,1,0.0,1
synthetic_lowsep,6,8,101,0,7,mass_budget_prefix,7,0,14,14,0.07,1.0,1,0.0,1
synthetic_lowsep,6,8,148,1,5,mass_budget_prefix,3,1,14,12,0.07,0.8571428571428571,1,1.0,0
synthetic_lowsep,6,8,201,1,5,mass_budget_prefix,3,1,14,12,0.07,0.8571428571428571,1,1.0,0
synthetic_lowsep,6,8,221,0,8,mass_budget_prefix,8,0,39,39,0.195,1.0,1,0.0,1
synthetic_lowsep,6,8,243,1,6,mass_budget_prefix,5,1,2,2,0.01,1.0,1,0.0,0
synthetic_lowsep,6,8,250,0,8,mass_budget_prefix,8,0,4,4,0.02,1.0,1,0.0,1
synthetic_lowsep,6,8,263,0,8,mass_budget_prefix,8,0,39,39,0.195,1.0,1,0.0,1
synthetic_lowsep,6,8,311,1,8,mass_budget_prefix,7,1,7,7,0.035,1.0,1,0.0,0
synthetic_lowsep,6,8,322,1,5,mass_budget_prefix,5,0,15,15,0.075,1.0,1,0.0,1
synthetic_lowsep,6,8,338,0,8,mass_budget_prefix,8,0,11,11,0.055,1.0,1,0.0,1
synthetic_lowsep,6,8,357,0,8,mass_budget_prefix,8,0,39,39,0.195,1.0,1,0.0,1
synthetic_lowsep,6,8,385,0,8,mass_budget_prefix,8,0,39,39,0.195,1.0,1,0.0,1
synthetic_lowsep,6,8,516,1,7,mass_budget_prefix,7,0,3,3,0.015,1.0,1,0.0,1
synthetic_lowsep,6,8,521,0,6,mass_budget_prefix,6,0,1,1,0.005,1.0,1,0.0,1
synthetic_lowsep,6,8,635,1,8,mass_budget_prefix,8,0,0,0,0.0,,0,,1
synthetic_lowsep,6,8,647,0,8,mass_budget_prefix,8,0,39,39,0.195,1.0,1,0.0,1
synthetic_lowsep,6,8,674,0,8,mass_budget_prefix,8,0,11,11,0.055,1.0,1,0.0,1
synthetic_lowsep,6,8,712,1,7,mass_budget_prefix,7,0,2,2,0.01,1.0,1,0.0,1
synthetic_lowsep,6,8,739,1,8,mass_budget_prefix,8,0,5,5,0.025,1.0,1,0.0,1
synthetic_lowsep,7,4,20,1,4,mass_budget_prefix,3,1,53,53,0.265,1.0,1,0.0,0
synthetic_lowsep,7,4,113,0,4,mass_budget_prefix,4,0,42,42,0.21,1.0,1,0.0,1
synthetic_lowsep,7,4,133,1,4,mass_budget_prefix,3,1,53,53,0.265,1.0,1,0.0,0
synthetic_lowsep,7,4,146,0,4,mass_budget_prefix,4,0,42,42,0.21,1.0,1,0.0,1
synthetic_lowsep,7,4,207,1,4,mass_budget_prefix,4,0,18,18,0.09,1.0,1,0.0,1
synthetic_lowsep,7,4,291,0,4,mass_budget_prefix,4,0,42,42,0.21,1.0,1,0.0,1
synthetic_lowsep,7,4,335,0,4,mass_budget_prefix,4,0,23,23,0.115,1.0,1,0.0,1
synthetic_lowsep,7,4,373,0,3,mass_budget_prefix,3,0,4,4,0.02,1.0,1,0.0,1
synthetic_lowsep,7,4,378,0,4,mass_budget_prefix,4,0,42,42,0.21,1.0,1,0.0,1
synthetic_lowsep,7,4,387,1,4,mass_budget_prefix,3,1,53,53,0.265,1.0,1,0.0,0
synthetic_lowsep,7,4,472,1,4,mass_budget_prefix,4,0,18,18,0.09,1.0,1,0.0,1
synthetic_lowsep,7,4,526,0,4,mass_budget_prefix,4,0,23,23,0.115,1.0,1,0.0,1
synthetic_lowsep,7,4,532,1,4,mass_budget_prefix,3,1,53,53,0.265,1.0,1,0.0,0
synthetic_lowsep,7,4,558,0,4,mass_budget_prefix,4,0,23,23,0.115,1.0,1,0.0,1
synthetic_lowsep,7,4,566,1,4,mass_budget_prefix,3,1,53,53,0.265,1.0,1,0.0,0
synthetic_lowsep,7,4,597,0,4,mass_budget_prefix,4,0,42,42,0.21,1.0,1,0.0,1
synthetic_lowsep,7,4,610,0,4,mass_budget_prefix,4,0,23,23,0.115,1.0,1,0.0,1
synthetic_lowsep,7,4,690,0,4,mass_budget_prefix,4,0,22,22,0.11,1.0,1,0.0,1
synthetic_lowsep,7,4,710,1,4,mass_budget_prefix,4,0,18,18,0.09,1.0,1,0.0,1
synthetic_lowsep,7,4,714,0,4,mass_budget_prefix,4,0,42,42,0.21,1.0,1,0.0,1
synthetic_lowsep,7,8,20,1,7,mass_budget_prefix,7,0,27,27,0.135,1.0,1,0.0,1
synthetic_lowsep,7,8,113,0,8,mass_budget_prefix,8,0,23,23,0.115,1.0,1,0.0,1
synthetic_lowsep,7,8,133,1,8,mass_budget_prefix,8,0,11,11,0.055,1.0,1,0.0,1
synthetic_lowsep,7,8,146,0,8,mass_budget_prefix,8,0,23,23,0.115,1.0,1,0.0,1
synthetic_lowsep,7,8,207,1,6,mass_budget_prefix,5,1,13,13,0.065,1.0,1,0.0,0
synthetic_lowsep,7,8,291,1,6,mass_budget_prefix,6,0,0,0,0.0,,0,,1
synthetic_lowsep,7,8,335,0,8,mass_budget_prefix,8,0,8,8,0.04,1.0,1,0.0,1
synthetic_lowsep,7,8,373,0,3,mass_budget_prefix,3,0,4,4,0.02,1.0,1,0.0,1
synthetic_lowsep,7,8,378,0,8,mass_budget_prefix,8,0,2,2,0.01,1.0,1,0.0,1
synthetic_lowsep,7,8,387,1,7,mass_budget_prefix,7,0,27,27,0.135,1.0,1,0.0,1
synthetic_lowsep,7,8,472,1,6,mass_budget_prefix,5,1,13,13,0.065,1.0,1,0.0,0
synthetic_lowsep,7,8,526,1,7,mass_budget_prefix,7,0,4,4,0.02,1.0,1,0.0,1
synthetic_lowsep,7,8,532,1,8,mass_budget_prefix,8,0,11,11,0.055,1.0,1,0.0,1
synthetic_lowsep,7,8,558,0,8,mass_budget_prefix,8,0,8,8,0.04,1.0,1,0.0,1
synthetic_lowsep,7,8,566,1,8,mass_budget_prefix,8,0,11,11,0.055,1.0,1,0.0,1
synthetic_lowsep,7,8,597,0,8,mass_budget_prefix,8,0,23,23,0.115,1.0,1,0.0,1
synthetic_lowsep,7,8,610,0,8,mass_budget_prefix,8,0,8,8,0.04,1.0,1,0.0,1
synthetic_lowsep,7,8,690,0,8,mass_budget_prefix,7,1,14,14,0.07,1.0,1,0.0,0
synthetic_lowsep,7,8,710,1,6,mass_budget_prefix,5,1,13,13,0.065,1.0,1,0.0,0
synthetic_lowsep,7,8,714,0,8,mass_budget_prefix,8,0,23,23,0.115,1.0,1,0.0,1
synthetic_lowsep,8,4,35,0,4,mass_budget_prefix,4,0,25,25,0.125,1.0,1,0.0,1
synthetic_lowsep,8,4,37,0,4,mass_budget_prefix,4,0,99,99,0.495,1.0,1,0.0,1
synthetic_lowsep,8,4,59,1,3,mass_budget_prefix,2,1,5,5,0.025,1.0,1,0.0,0
synthetic_lowsep,8,4,120,0,4,mass_budget_prefix,4,0,25,25,0.125,1.0,1,0.0,1
synthetic_lowsep,8,4,141,1,4,mass_budget_prefix,4,0,31,31,0.155,1.0,1,0.0,1
synthetic_lowsep,8,4,194,0,4,mass_budget_prefix,4,0,99,99,0.495,1.0,1,0.0,1
synthetic_lowsep,8,4,203,1,4,mass_budget_prefix,4,0,31,31,0.155,1.0,1,0.0,1
synthetic_lowsep,8,4,276,0,4,mass_budget_prefix,4,0,99,99,0.495,1.0,1,0.0,1
synthetic_lowsep,8,4,306,1,4,mass_budget_prefix,4,0,31,31,0.155,1.0,1,0.0,1
synthetic_lowsep,8,4,359,1,4,mass_budget_prefix,4,0,5,5,0.025,1.0,1,0.0,1
synthetic_lowsep,8,4,445,1,4,mass_budget_prefix,4,0,31,31,0.155,1.0,1,0.0,1
synthetic_lowsep,8,4,480,0,4,mass_budget_prefix,4,0,99,99,0.495,1.0,1,0.0,1
synthetic_lowsep,8,4,503,1,4,mass_budget_prefix,4,0,31,31,0.155,1.0,1,0.0,1
synthetic_lowsep,8,4,556,1,4,mass_budget_prefix,4,0,3,3,0.015,1.0,1,0.0,1
synthetic_lowsep,8,4,582,1,2,mass_budget_prefix,2,0,17,17,0.085,1.0,1,0.0,1
synthetic_lowsep,8,4,584,0,4,mass_budget_prefix,4,0,99,99,0.495,1.0,1,0.0,1
synthetic_lowsep,8,4,625,0,4,mass_budget_prefix,4,0,99,99,0.495,1.0,1,0.0,1
synthetic_lowsep,8,4,647,0,4,mass_budget_prefix,4,0,99,99,0.495,1.0,1,0.0,1
synthetic_lowsep,8,4,655,0,4,mass_budget_prefix,4,0,99,99,0.495,1.0,1,0.0,1
synthetic_lowsep,8,4,670,0,4,mass_budget_prefix,4,0,99,99,0.495,1.0,1,0.0,1
synthetic_lowsep,8,8,35,0,8,mass_budget_prefix,8,0,1,1,0.005,1.0,1,0.0,1
synthetic_lowsep,8,8,37,0,8,mass_budget_prefix,8,0,16,16,0.08,1.0,1,0.0,1
synthetic_lowsep,8,8,59,1,3,mass_budget_prefix,2,1,5,5,0.025,1.0,1,0.0,0
synthetic_lowsep,8,8,120,0,6,mass_budget_prefix,6,0,14,14,0.07,1.0,1,0.0,1
synthetic_lowsep,8,8,141,1,8,mass_budget_prefix,8,0,2,2,0.01,1.0,1,0.0,1
synthetic_lowsep,8,8,194,0,8,mass_budget_prefix,8,0,16,16,0.08,1.0,1,0.0,1
synthetic_lowsep,8,8,203,0,8,mass_budget_prefix,8,0,8,8,0.04,1.0,1,0.0,1
synthetic_lowsep,8,8,276,1,8,mass_budget_prefix,8,0,9,9,0.045,1.0,1,0.0,1
synthetic_lowsep,8,8,306,1,8,mass_budget_prefix,8,0,2,2,0.01,1.0,1,0.0,1
synthetic_lowsep,8,8,359,1,5,mass_budget_prefix,4,1,5,5,0.025,1.0,1,0.0,0
synthetic_lowsep,8,8,445,0,6,mass_budget_prefix,6,0,2,2,0.01,1.0,1,0.0,1
synthetic_lowsep,8,8,480,1,8,mass_budget_prefix,7,1,18,16,0.09,0.8888888888888888,1,1.0,0
synthetic_lowsep,8,8,503,1,8,mass_budget_prefix,8,0,9,9,0.045,1.0,1,0.0,1
synthetic_lowsep,8,8,556,0,5,mass_budget_prefix,5,0,0,0,0.0,,0,,1
synthetic_lowsep,8,8,582,1,2,mass_budget_prefix,2,0,17,17,0.085,1.0,1,0.0,1
synthetic_lowsep,8,8,584,0,8,mass_budget_prefix,8,0,16,16,0.08,1.0,1,0.0,1
synthetic_lowsep,8,8,625,0,8,mass_budget_prefix,8,0,16,16,0.08,1.0,1,0.0,1
synthetic_lowsep,8,8,647,0,8,mass_budget_prefix,8,0,16,16,0.08,1.0,1,0.0,1
synthetic_lowsep,8,8,655,1,8,mass_budget_prefix,8,0,9,9,0.045,1.0,1,0.0,1
synthetic_lowsep,8,8,670,0,7,mass_budget_prefix,6,1,26,24,0.13,0.9230769230769231,1,1.0,0
synthetic_lowsep,9,4,37,1,4,mass_budget_prefix,4,0,24,24,0.12,1.0,1,0.0,1
synthetic_lowsep,9,4,91,1,4,mass_budget_prefix,2,1,39,36,0.195,0.9230769230769231,1,1.0,0
synthetic_lowsep,9,4,115,1,4,mass_budget_prefix,2,1,39,36,0.195,0.9230769230769231,1,1.0,0
synthetic_lowsep,9,4,176,0,4,mass_budget_prefix,4,0,89,89,0.445,1.0,1,0.0,1
synthetic_lowsep,9,4,199,1,4,mass_budget_prefix,4,0,24,24,0.12,1.0,1,0.0,1
synthetic_lowsep,9,4,253,1,4,mass_budget_prefix,2,1,39,36,0.195,0.9230769230769231,1,1.0,0
synthetic_lowsep,9,4,266,0,4,mass_budget_prefix,4,0,22,22,0.11,1.0,1,0.0,1
synthetic_lowsep,9,4,286,0,4,mass_budget_prefix,4,0,89,89,0.445,1.0,1,0.0,1
synthetic_lowsep,9,4,291,1,4,mass_budget_prefix,4,0,24,24,0.12,1.0,1,0.0,1
synthetic_lowsep,9,4,304,0,4,mass_budget_prefix,4,0,89,89,0.445,1.0,1,0.0,1
synthetic_lowsep,9,4,335,0,4,mass_budget_prefix,4,0,89,89,0.445,1.0,1,0.0,1
synthetic_lowsep,9,4,339,1,4,mass_budget_prefix,4,0,6,6,0.03,1.0,1,0.0,1
synthetic_lowsep,9,4,353,1,4,mass_budget_prefix,4,0,6,6,0.03,1.0,1,0.0,1
synthetic_lowsep,9,4,375,1,4,mass_budget_prefix,4,0,24,24,0.12,1.0,1,0.0,1
synthetic_lowsep,9,4,390,0,4,mass_budget_prefix,4,0,89,89,0.445,1.0,1,0.0,1
synthetic_lowsep,9,4,425,1,4,mass_budget_prefix,2,1,39,36,0.195,0.9230769230769231,1,1.0,0
synthetic_lowsep,9,4,559,0,4,mass_budget_prefix,4,0,89,89,0.445,1.0,1,0.0,1
synthetic_lowsep,9,4,577,1,4,mass_budget_prefix,2,1,39,36,0.195,0.9230769230769231,1,1.0,0
synthetic_lowsep,9,4,652,1,4,mass_budget_prefix,2,1,39,36,0.195,0.9230769230769231,1,1.0,0
synthetic_lowsep,9,4,781,1,4,mass_budget_prefix,4,0,24,24,0.12,1.0,1,0.0,1
synthetic_lowsep,9,8,37,1,8,mass_budget_prefix,8,0,14,14,0.07,1.0,1,0.0,1
synthetic_lowsep,9,8,91,1,5,mass_budget_prefix,2,1,39,33,0.195,0.8461538461538461,1,1.0,0
synthetic_lowsep,9,8,115,1,5,mass_budget_prefix,2,1,39,33,0.195,0.8461538461538461,1,1.0,0
synthetic_lowsep,9,8,176,0,8,mass_budget_prefix,8,0,14,14,0.07,1.0,1,0.0,1
synthetic_lowsep,9,8,199,0,8,mass_budget_prefix,8,0,1,1,0.005,1.0,1,0.0,1
synthetic_lowsep,9,8,253,1,5,mass_budget_prefix,2,1,39,33,0.195,0.8461538461538461,1,1.0,0
synthetic_lowsep,9,8,266,0,7,mass_budget_prefix,7,0,19,19,0.095,1.0,1,0.0,1
synthetic_lowsep,9,8,286,0,8,mass_budget_prefix,8,0,22,22,0.11,1.0,1,0.0,1
synthetic_lowsep,9,8,291,1,8,mass_budget_prefix,8,0,14,14,0.07,1.0,1,0.0,1
synthetic_lowsep,9,8,304,0,8,mass_budget_prefix,8,0,22,22,0.11,1.0,1,0.0,1
synthetic_lowsep,9,8,335,0,8,mass_budget_prefix,8,0,14,14,0.07,1.0,1,0.0,1
synthetic_lowsep,9,8,339,1,4,mass_budget_prefix,4,0,6,6,0.03,1.0,1,0.0,1
synthetic_lowsep,9,8,353,1,4,mass_budget_prefix,4,0,6,6,0.03,1.0,1,0.0,1
synthetic_lowsep,9,8,375,1,8,mass_budget_prefix,8,0,14,14,0.07,1.0,1,0.0,1
synthetic_lowsep,9,8,390,0,8,mass_budget_prefix,8,0,8,8,0.04,1.0,1,0.0,1
synthetic_lowsep,9,8,425,1,5,mass_budget_prefix,2,1,39,33,0.195,0.8461538461538461,1,1.0,0
synthetic_lowsep,9,8,559,1,6,mass_budget_prefix,6,0,7,7,0.035,1.0,1,0.0,1
synthetic_lowsep,9,8,577,1,5,mass_budget_prefix,2,1,39,33,0.195,0.8461538461538461,1,1.0,0
synthetic_lowsep,9,8,652,1,5,mass_budget_prefix,2,1,39,33,0.195,0.8461538461538461,1,1.0,0
synthetic_lowsep,9,8,781,1,8,mass_budget_prefix,8,0,14,14,0.07,1.0,1,0.0,1
banknote,0,4,47,1,3,mass_budget_prefix,3,0,20,20,0.05830903790087463,1.0,1,0.0,1
banknote,0,4,164,1,4,mass_budget_prefix,4,0,109,109,0.3177842565597668,1.0,1,0.0,1
banknote,0,4,283,1,4,mass_budget_prefix,4,0,40,40,0.11661807580174927,1.0,1,0.0,1
banknote,0,4,392,1,4,mass_budget_prefix,4,0,40,40,0.11661807580174927,1.0,1,0.0,1
banknote,0,4,415,1,4,mass_budget_prefix,4,0,109,109,0.3177842565597668,1.0,1,0.0,1
banknote,0,4,488,1,4,mass_budget_prefix,4,0,40,40,0.11661807580174927,1.0,1,0.0,1
banknote,0,4,540,1,4,mass_budget_prefix,4,0,109,109,0.3177842565597668,1.0,1,0.0,1
banknote,0,4,553,1,4,mass_budget_prefix,4,0,109,109,0.3177842565597668,1.0,1,0.0,1
banknote,0,4,566,1,4,mass_budget_prefix,4,0,109,109,0.3177842565597668,1.0,1,0.0,1
banknote,0,4,651,1,4,mass_budget_prefix,4,0,109,109,0.3177842565597668,1.0,1,0.0,1
banknote,0,4,737,1,4,mass_budget_prefix,4,0,109,109,0.3177842565597668,1.0,1,0.0,1
banknote,0,4,959,0,4,mass_budget_prefix,4,0,6,6,0.01749271137026239,1.0,1,0.0,1
banknote,0,4,1122,0,4,mass_budget_prefix,4,0,97,97,0.282798833819242,1.0,1,0.0,1
banknote,0,4,1153,0,4,mass_budget_prefix,4,0,27,27,0.07871720116618076,1.0,1,0.0,1
banknote,0,4,1192,0,4,mass_budget_prefix,4,0,27,27,0.07871720116618076,1.0,1,0.0,1
banknote,0,4,1198,0,4,mass_budget_prefix,4,0,97,97,0.282798833819242,1.0,1,0.0,1
banknote,0,4,1261,0,4,mass_budget_prefix,4,0,97,97,0.282798833819242,1.0,1,0.0,1
banknote,0,4,1279,0,3,mass_budget_prefix,3,0,3,3,0.008746355685131196,1.0,1,0.0,1
banknote,0,4,1291,0,4,mass_budget_prefix,4,0,11,11,0.03206997084548105,1.0,1,0.0,1
banknote,0,4,1309,0,4,mass_budget_prefix,4,0,27,27,0.07871720116618076,1.0,1,0.0,1
banknote,0,8,47,1,3,mass_budget_prefix,3,0,20,20,0.05830903790087463,1.0,1,0.0,1
banknote,0,8,164,1,4,mass_budget_prefix,4,0,109,109,0.3177842565597668,1.0,1,0.0,1
banknote,0,8,283,1,7,mass_budget_prefix,7,0,2,2,0.0058309037900874635,1.0,1,0.0,1
banknote,0,8,392,1,6,mass_budget_prefix,6,0,34,34,0.09912536443148688,1.0,1,0.0,1
banknote,0,8,415,1,4,mass_budget_prefix,4,0,109,109,0.3177842565597668,1.0,1,0.0,1
banknote,0,8,488,1,6,mass_budget_prefix,6,0,34,34,0.09912536443148688,1.0,1,0.0,1
banknote,0,8,540,1,4,mass_budget_prefix,4,0,109,109,0.3177842565597668,1.0,1,0.0,1
banknote,0,8,553,1,4,mass_budget_prefix,4,0,109,109,0.3177842565597668,1.0,1,0.0,1
banknote,0,8,566,1,4,mass_budget_prefix,4,0,109,109,0.3177842565597668,1.0,1,0.0,1
banknote,0,8,651,1,4,mass_budget_prefix,4,0,109,109,0.3177842565597668,1.0,1,0.0,1
banknote,0,8,737,1,4,mass_budget_prefix,4,0,109,109,0.3177842565597668,1.0,1,0.0,1
banknote,0,8,959,0,5,mass_budget_prefix,5,0,2,2,0.0058309037900874635,1.0,1,0.0,1
banknote,0,8,1122,0,6,mass_budget_prefix,6,0,86,86,0.25072886297376096,1.0,1,0.0,1
banknote,0,8,1153,0,5,mass_budget_prefix,4,1,27,27,0.07871720116618076,1.0,1,0.0,0
banknote,0,8,1192,0,5,mass_budget_prefix,4,1,27,27,0.07871720116618076,1.0,1,0.0,0
banknote,0,8,1198,0,7,mass_budget_prefix,6,1,10,10,0.029154518950437316,1.0,1,0.0,0
banknote,0,8,1261,0,7,mass_budget_prefix,6,1,10,10,0.029154518950437316,1.0,1,0.0,0
banknote,0,8,1279,0,3,mass_budget_prefix,3,0,3,3,0.008746355685131196,1.0,1,0.0,1
banknote,0,8,1291,0,5,mass_budget_prefix,5,0,6,6,0.01749271137026239,1.0,1,0.0,1
banknote,0,8,1309,0,5,mass_budget_prefix,4,1,27,27,0.07871720116618076,1.0,1,0.0,0
banknote,1,4,80,1,4,mass_budget_prefix,4,0,106,106,0.30903790087463556,1.0,1,0.0,1
banknote,1,4,89,1,4,mass_budget_prefix,4,0,106,106,0.30903790087463556,1.0,1,0.0,1
banknote,1,4,136,1,3,mass_budget_prefix,3,0,3,3,0.008746355685131196,1.0,1,0.0,1
banknote,1,4,137,1,4,mass_budget_prefix,4,0,106,106,0.30903790087463556,1.0,1,0.0,1
banknote,1,4,151,1,3,mass_budget_prefix,3,0,26,26,0.07580174927113703,1.0,1,0.0,1
banknote,1,4,361,1,4,mass_budget_prefix,4,0,106,106,0.30903790087463556,1.0,1,0.0,1
banknote,1,4,369,1,4,mass_budget_prefix,4,0,106,106,0.30903790087463556,1.0,1,0.0,1
banknote,1,4,422,1,4,mass_budget_prefix,4,0,106,106,0.30903790087463556,1.0,1,0.0,1
banknote,1,4,428,1,4,mass_budget_prefix,4,0,106,106,0.30903790087463556,1.0,1,0.0,1
banknote,1,4,616,1,4,mass_budget_prefix,4,0,106,106,0.30903790087463556,1.0,1,0.0,1
banknote,1,4,716,1,4,mass_budget_prefix,4,0,12,12,0.03498542274052478,1.0,1,0.0,1
banknote,1,4,933,0,4,mass_budget_prefix,4,0,29,29,0.08454810495626822,1.0,1,0.0,1
banknote,1,4,940,0,4,mass_budget_prefix,4,0,29,29,0.08454810495626822,1.0,1,0.0,1
banknote,1,4,955,0,4,mass_budget_prefix,4,0,98,98,0.2857142857142857,1.0,1,0.0,1
banknote,1,4,974,0,3,mass_budget_prefix,3,0,8,8,0.023323615160349854,1.0,1,0.0,1
banknote,1,4,1042,0,3,mass_budget_prefix,3,0,8,8,0.023323615160349854,1.0,1,0.0,1
banknote,1,4,1048,0,4,mass_budget_prefix,4,0,98,98,0.2857142857142857,1.0,1,0.0,1
banknote,1,4,1136,0,4,mass_budget_prefix,4,0,29,29,0.08454810495626822,1.0,1,0.0,1
banknote,1,4,1154,1,4,mass_budget_prefix,4,0,12,12,0.03498542274052478,1.0,1,0.0,1
banknote,1,4,1259,0,4,mass_budget_prefix,4,0,98,98,0.2857142857142857,1.0,1,0.0,1
banknote,1,8,80,1,4,mass_budget_prefix,4,0,106,106,0.30903790087463556,1.0,1,0.0,1
banknote,1,8,89,1,4,mass_budget_prefix,4,0,106,106,0.30903790087463556,1.0,1,0.0,1
banknote,1,8,136,1,3,mass_budget_prefix,3,0,3,3,0.008746355685131196,1.0,1,0.0,1
banknote,1,8,137,1,4,mass_budget_prefix,4,0,106,106,0.30903790087463556,1.0,1,0.0,1
banknote,1,8,151,1,3,mass_budget_prefix,3,0,26,26,0.07580174927113703,1.0,1,0.0,1
banknote,1,8,361,1,4,mass_budget_prefix,4,0,106,106,0.30903790087463556,1.0,1,0.0,1
banknote,1,8,369,1,4,mass_budget_prefix,4,0,106,106,0.30903790087463556,1.0,1,0.0,1
banknote,1,8,422,1,4,mass_budget_prefix,4,0,106,106,0.30903790087463556,1.0,1,0.0,1
banknote,1,8,428,1,4,mass_budget_prefix,4,0,106,106,0.30903790087463556,1.0,1,0.0,1
banknote,1,8,616,1,4,mass_budget_prefix,4,0,106,106,0.30903790087463556,1.0,1,0.0,1
banknote,1,8,716,1,4,mass_budget_prefix,4,0,12,12,0.03498542274052478,1.0,1,0.0,1
banknote,1,8,933,0,5,mass_budget_prefix,5,0,19,19,0.05539358600583091,1.0,1,0.0,1
banknote,1,8,940,0,5,mass_budget_prefix,5,0,19,19,0.05539358600583091,1.0,1,0.0,1
banknote,1,8,955,0,6,mass_budget_prefix,5,1,31,29,0.09037900874635568,0.9354838709677419,1,1.0,0
banknote,1,8,974,0,3,mass_budget_prefix,3,0,8,8,0.023323615160349854,1.0,1,0.0,1
banknote,1,8,1042,0,3,mass_budget_prefix,3,0,8,8,0.023323615160349854,1.0,1,0.0,1
banknote,1,8,1048,0,5,mass_budget_prefix,5,0,67,67,0.19533527696793002,1.0,1,0.0,1
banknote,1,8,1136,0,5,mass_budget_prefix,5,0,19,19,0.05539358600583091,1.0,1,0.0,1
banknote,1,8,1154,1,4,mass_budget_prefix,4,0,12,12,0.03498542274052478,1.0,1,0.0,1
banknote,1,8,1259,0,5,mass_budget_prefix,5,0,67,67,0.19533527696793002,1.0,1,0.0,1
banknote,2,4,7,1,3,mass_budget_prefix,2,1,126,126,0.3673469387755102,1.0,1,0.0,0
banknote,2,4,68,1,4,mass_budget_prefix,3,1,20,20,0.05830903790087463,1.0,1,0.0,0
banknote,2,4,105,1,3,mass_budget_prefix,2,1,126,126,0.3673469387755102,1.0,1,0.0,0
banknote,2,4,160,1,3,mass_budget_prefix,2,1,126,126,0.3673469387755102,1.0,1,0.0,0
banknote,2,4,183,1,3,mass_budget_prefix,2,1,126,126,0.3673469387755102,1.0,1,0.0,0
banknote,2,4,278,1,4,mass_budget_prefix,4,0,0,0,0.0,,0,,1
banknote,2,4,301,1,3,mass_budget_prefix,2,1,126,126,0.3673469387755102,1.0,1,0.0,0
banknote,2,4,308,1,3,mass_budget_prefix,2,1,126,126,0.3673469387755102,1.0,1,0.0,0
banknote,2,4,322,0,4,mass_budget_prefix,4,0,34,34,0.09912536443148688,1.0,1,0.0,1
banknote,2,4,417,1,4,mass_budget_prefix,3,1,20,20,0.05830903790087463,1.0,1,0.0,0
banknote,2,4,756,1,3,mass_budget_prefix,2,1,126,126,0.3673469387755102,1.0,1,0.0,0
banknote,2,4,795,0,4,mass_budget_prefix,4,0,21,21,0.061224489795918366,1.0,1,0.0,1
banknote,2,4,848,0,4,mass_budget_prefix,4,0,34,34,0.09912536443148688,1.0,1,0.0,1
banknote,2,4,1011,0,4,mass_budget_prefix,4,0,84,84,0.24489795918367346,1.0,1,0.0,1
banknote,2,4,1024,0,4,mass_budget_prefix,4,0,34,34,0.09912536443148688,1.0,1,0.0,1
banknote,2,4,1048,0,4,mass_budget_prefix,4,0,84,84,0.24489795918367346,1.0,1,0.0,1
banknote,2,4,1080,0,4,mass_budget_prefix,4,0,21,21,0.061224489795918366,1.0,1,0.0,1
banknote,2,4,1198,0,4,mass_budget_prefix,4,0,84,84,0.24489795918367346,1.0,1,0.0,1
banknote,2,4,1209,0,4,mass_budget_prefix,4,0,84,84,0.24489795918367346,1.0,1,0.0,1
banknote,2,4,1349,0,4,mass_budget_prefix,4,0,84,84,0.24489795918367346,1.0,1,0.0,1
banknote,2,8,7,1,3,mass_budget_prefix,2,1,126,126,0.3673469387755102,1.0,1,0.0,0
banknote,2,8,68,1,5,mass_budget_prefix,5,0,19,19,0.05539358600583091,1.0,1,0.0,1
banknote,2,8,105,1,3,mass_budget_prefix,2,1,126,126,0.3673469387755102,1.0,1,0.0,0
banknote,2,8,160,1,3,mass_budget_prefix,2,1,126,126,0.3673469387755102,1.0,1,0.0,0
banknote,2,8,183,1,3,mass_budget_prefix,2,1,126,126,0.3673469387755102,1.0,1,0.0,0
banknote,2,8,278,1,4,mass_budget_prefix,4,0,0,0,0.0,,0,,1
banknote,2,8,301,1,3,mass_budget_prefix,2,1,126,126,0.3673469387755102,1.0,1,0.0,0
banknote,2,8,308,1,3,mass_budget_prefix,2,1,126,126,0.3673469387755102,1.0,1,0.0,0
banknote,2,8,322,1,5,mass_budget_prefix,5,0,3,3,0.008746355685131196,1.0,1,0.0,1
banknote,2,8,417,1,5,mass_budget_prefix,5,0,19,19,0.05539358600583091,1.0,1,0.0,1
banknote,2,8,756,1,3,mass_budget_prefix,2,1,126,126,0.3673469387755102,1.0,1,0.0,0
banknote,2,8,795,0,5,mass_budget_prefix,5,0,20,20,0.05830903790087463,1.0,1,0.0,1
banknote,2,8,848,0,5,mass_budget_prefix,5,0,31,31,0.09037900874635568,1.0,1,0.0,1
banknote,2,8,1011,0,4,mass_budget_prefix,4,0,84,84,0.24489795918367346,1.0,1,0.0,1
banknote,2,8,1024,0,5,mass_budget_prefix,5,0,31,31,0.09037900874635568,1.0,1,0.0,1
banknote,2,8,1048,0,4,mass_budget_prefix,4,0,84,84,0.24489795918367346,1.0,1,0.0,1
banknote,2,8,1080,0,5,mass_budget_prefix,5,0,20,20,0.05830903790087463,1.0,1,0.0,1
banknote,2,8,1198,0,4,mass_budget_prefix,4,0,84,84,0.24489795918367346,1.0,1,0.0,1
banknote,2,8,1209,0,4,mass_budget_prefix,4,0,84,84,0.24489795918367346,1.0,1,0.0,1
banknote,2,8,1349,0,4,mass_budget_prefix,4,0,84,84,0.24489795918367346,1.0,1,0.0,1
banknote,3,4,68,1,4,mass_budget_prefix,3,1,35,24,0.10204081632653061,0.6857142857142857,1,1.0,0
banknote,3,4,69,1,3,mass_budget_prefix,3,0,18,18,0.052478134110787174,1.0,1,0.0,1
banknote,3,4,104,1,4,mass_budget_prefix,4,0,109,109,0.3177842565597668,1.0,1,0.0,1
banknote,3,4,153,1,4,mass_budget_prefix,4,0,109,109,0.3177842565597668,1.0,1,0.0,1
banknote,3,4,252,1,3,mass_budget_prefix,3,0,18,18,0.052478134110787174,1.0,1,0.0,1
banknote,3,4,275,1,4,mass_budget_prefix,4,0,109,109,0.3177842565597668,1.0,1,0.0,1
banknote,3,4,281,1,4,mass_budget_prefix,4,0,109,109,0.3177842565597668,1.0,1,0.0,1
banknote,3,4,358,1,4,mass_budget_prefix,4,0,109,109,0.3177842565597668,1.0,1,0.0,1
banknote,3,4,421,0,4,mass_budget_prefix,4,0,41,41,0.119533527696793,1.0,1,0.0,1
banknote,3,4,494,1,4,mass_budget_prefix,4,0,109,109,0.3177842565597668,1.0,1,0.0,1
banknote,3,4,597,0,3,mass_budget_prefix,3,0,2,2,0.0058309037900874635,1.0,1,0.0,1
banknote,3,4,873,0,4,mass_budget_prefix,4,0,92,92,0.26822157434402333,1.0,1,0.0,1
banknote,3,4,886,0,4,mass_budget_prefix,4,0,41,41,0.119533527696793,1.0,1,0.0,1
banknote,3,4,1024,0,4,mass_budget_prefix,4,0,41,41,0.119533527696793,1.0,1,0.0,1
banknote,3,4,1101,1,3,mass_budget_prefix,3,0,4,4,0.011661807580174927,1.0,1,0.0,1
banknote,3,4,1205,0,4,mass_budget_prefix,4,0,92,92,0.26822157434402333,1.0,1,0.0,1
banknote,3,4,1253,0,4,mass_budget_prefix,4,0,41,41,0.119533527696793,1.0,1,0.0,1
banknote,3,4,1266,0,4,mass_budget_prefix,4,0,92,92,0.26822157434402333,1.0,1,0.0,1
banknote,3,4,1287,0,4,mass_budget_prefix,4,0,92,92,0.26822157434402333,1.0,1,0.0,1
banknote,3,4,1322,0,4,mass_budget_prefix,4,0,92,92,0.26822157434402333,1.0,1,0.0,1
banknote,3,8,68,1,5,mass_budget_prefix,5,0,23,23,0.06705539358600583,1.0,1,0.0,1
banknote,3,8,69,1,3,mass_budget_prefix,3,0,18,18,0.052478134110787174,1.0,1,0.0,1
banknote,3,8,104,1,4,mass_budget_prefix,4,0,109,109,0.3177842565597668,1.0,1,0.0,1
banknote,3,8,153,1,4,mass_budget_prefix,4,0,109,109,0.3177842565597668,1.0,1,0.0,1
banknote,3,8,252,1,3,mass_budget_prefix,3,0,18,18,0.052478134110787174,1.0,1,0.0,1
banknote,3,8,275,1,4,mass_budget_prefix,4,0,109,109,0.3177842565597668,1.0,1,0.0,1
banknote,3,8,281,1,4,mass_budget_prefix,4,0,109,109,0.3177842565597668,1.0,1,0.0,1
banknote,3,8,358,1,4,mass_budget_prefix,4,0,109,109,0.3177842565597668,1.0,1,0.0,1
banknote,3,8,421,1,5,mass_budget_prefix,5,0,7,7,0.02040816326530612,1.0,1,0.0,1
banknote,3,8,494,1,4,mass_budget_prefix,4,0,109,109,0.3177842565597668,1.0,1,0.0,1
banknote,3,8,597,1,3,mass_budget_prefix,3,0,2,2,0.0058309037900874635,1.0,1,0.0,1
banknote,3,8,873,0,5,mass_budget_prefix,5,0,83,83,0.24198250728862974,1.0,1,0.0,1
banknote,3,8,886,0,5,mass_budget_prefix,5,0,34,34,0.09912536443148688,1.0,1,0.0,1
banknote,3,8,1024,0,5,mass_budget_prefix,5,0,34,34,0.09912536443148688,1.0,1,0.0,1
banknote,3,8,1101,0,3,mass_budget_prefix,3,0,4,4,0.011661807580174927,1.0,1,0.0,1
banknote,3,8,1205,0,5,mass_budget_prefix,5,0,83,83,0.24198250728862974,1.0,1,0.0,1
banknote,3,8,1253,0,5,mass_budget_prefix,5,0,34,34,0.09912536443148688,1.0,1,0.0,1
banknote,3,8,1266,0,5,mass_budget_prefix,5,0,83,83,0.24198250728862974,1.0,1,0.0,1
banknote,3,8,1287,0,5,mass_budget_prefix,5,0,83,83,0.24198250728862974,1.0,1,0.0,1
banknote,3,8,1322,0,5,mass_budget_prefix,5,0,83,83,0.24198250728862974,1.0,1,0.0,1
banknote,4,4,139,1,3,mass_budget_prefix,3,0,22,22,0.0641399416909621,1.0,1,0.0,1
banknote,4,4,154,1,4,mass_budget_prefix,4,0,9,9,0.026239067055393587,1.0,1,0.0,1
banknote,4,4,173,1,3,mass_budget_prefix,3,0,22,22,0.0641399416909621,1.0,1,0.0,1
banknote,4,4,203,1,4,mass_budget_prefix,4,0,116,116,0.33819241982507287,1.0,1,0.0,1
banknote,4,4,240,1,4,mass_budget_prefix,4,0,116,116,0.33819241982507287,1.0,1,0.0,1
banknote,4,4,322,0,4,mass_budget_prefix,4,0,24,24,0.06997084548104957,1.0,1,0.0,1
banknote,4,4,456,1,4,mass_budget_prefix,4,0,9,9,0.026239067055393587,1.0,1,0.0,1
banknote,4,4,466,1,4,mass_budget_prefix,4,0,36,36,0.10495626822157435,1.0,1,0.0,1
banknote,4,4,524,1,4,mass_budget_prefix,4,0,36,36,0.10495626822157435,1.0,1,0.0,1
banknote,4,4,684,1,3,mass_budget_prefix,3,0,22,22,0.0641399416909621,1.0,1,0.0,1
banknote,4,4,697,1,4,mass_budget_prefix,4,0,116,116,0.33819241982507287,1.0,1,0.0,1
banknote,4,4,904,1,4,mass_budget_prefix,4,0,36,36,0.10495626822157435,1.0,1,0.0,1
banknote,4,4,958,0,4,mass_budget_prefix,4,0,50,50,0.1457725947521866,1.0,1,0.0,1
banknote,4,4,966,0,4,mass_budget_prefix,4,0,8,8,0.023323615160349854,1.0,1,0.0,1
banknote,4,4,975,0,4,mass_budget_prefix,4,0,58,58,0.16909620991253643,1.0,1,0.0,1
banknote,4,4,1084,1,4,mass_budget_prefix,4,0,4,4,0.011661807580174927,1.0,1,0.0,1
banknote,4,4,1184,0,4,mass_budget_prefix,4,0,50,50,0.1457725947521866,1.0,1,0.0,1
banknote,4,4,1226,0,4,mass_budget_prefix,4,0,24,24,0.06997084548104957,1.0,1,0.0,1
banknote,4,4,1241,0,4,mass_budget_prefix,4,0,58,58,0.16909620991253643,1.0,1,0.0,1
banknote,4,4,1278,0,3,mass_budget_prefix,3,0,5,5,0.014577259475218658,1.0,1,0.0,1
banknote,4,8,139,1,3,mass_budget_prefix,3,0,22,22,0.0641399416909621,1.0,1,0.0,1
banknote,4,8,154,1,5,mass_budget_prefix,5,0,9,9,0.026239067055393587,1.0,1,0.0,1
banknote,4,8,173,1,3,mass_budget_prefix,3,0,22,22,0.0641399416909621,1.0,1,0.0,1
banknote,4,8,203,1,4,mass_budget_prefix,4,0,116,116,0.33819241982507287,1.0,1,0.0,1
banknote,4,8,240,1,4,mass_budget_prefix,4,0,116,116,0.33819241982507287,1.0,1,0.0,1
banknote,4,8,322,0,5,mass_budget_prefix,4,1,24,24,0.06997084548104957,1.0,1,0.0,0
banknote,4,8,456,1,5,mass_budget_prefix,5,0,9,9,0.026239067055393587,1.0,1,0.0,1
banknote,4,8,466,1,7,mass_budget_prefix,7,0,26,26,0.07580174927113703,1.0,1,0.0,1
banknote,4,8,524,1,7,mass_budget_prefix,7,0,26,26,0.07580174927113703,1.0,1,0.0,1
banknote,4,8,684,1,3,mass_budget_prefix,3,0,22,22,0.0641399416909621,1.0,1,0.0,1
banknote,4,8,697,1,4,mass_budget_prefix,4,0,116,116,0.33819241982507287,1.0,1,0.0,1
banknote,4,8,904,0,7,mass_budget_prefix,7,0,1,1,0.0029154518950437317,1.0,1,0.0,1
banknote,4,8,958,0,5,mass_budget_prefix,5,0,47,47,0.13702623906705538,1.0,1,0.0,1
banknote,4,8,966,0,5,mass_budget_prefix,4,1,8,7,0.023323615160349854,0.875,1,1.0,0
banknote,4,8,975,0,4,mass_budget_prefix,4,0,58,58,0.16909620991253643,1.0,1,0.0,1
banknote,4,8,1084,0,5,mass_budget_prefix,5,0,0,0,0.0,,0,,1
banknote,4,8,1184,0,5,mass_budget_prefix,5,0,47,47,0.13702623906705538,1.0,1,0.0,1
banknote,4,8,1226,0,5,mass_budget_prefix,4,1,24,24,0.06997084548104957,1.0,1,0.0,0
banknote,4,8,1241,0,4,mass_budget_prefix,4,0,58,58,0.16909620991253643,1.0,1,0.0,1
banknote,4,8,1278,0,3,mass_budget_prefix,3,0,5,5,0.014577259475218658,1.0,1,0.0,1
banknote,5,4,63,1,4,mass_budget_prefix,4,0,20,20,0.05830903790087463,1.0,1,0.0,1
banknote,5,4,72,1,4,mass_budget_prefix,4,0,114,114,0.3323615160349854,1.0,1,0.0,1
banknote,5,4,137,1,4,mass_budget_prefix,4,0,114,114,0.3323615160349854,1.0,1,0.0,1
banknote,5,4,177,1,4,mass_budget_prefix,4,0,114,114,0.3323615160349854,1.0,1,0.0,1
banknote,5,4,311,1,4,mass_budget_prefix,4,0,114,114,0.3323615160349854,1.0,1,0.0,1
banknote,5,4,379,1,4,mass_budget_prefix,4,0,114,114,0.3323615160349854,1.0,1,0.0,1
banknote,5,4,386,1,3,mass_budget_prefix,3,0,18,18,0.052478134110787174,1.0,1,0.0,1
banknote,5,4,415,1,4,mass_budget_prefix,4,0,114,114,0.3323615160349854,1.0,1,0.0,1
banknote,5,4,584,1,3,mass_budget_prefix,3,0,18,18,0.052478134110787174,1.0,1,0.0,1
banknote,5,4,674,1,4,mass_budget_prefix,4,0,31,31,0.09037900874635568,1.0,1,0.0,1
banknote,5,4,707,1,4,mass_budget_prefix,4,0,114,114,0.3323615160349854,1.0,1,0.0,1
banknote,5,4,864,0,4,mass_budget_prefix,3,1,13,12,0.037900874635568516,0.9230769230769231,1,1.0,0
banknote,5,4,903,0,4,mass_budget_prefix,3,1,99,99,0.2886297376093295,1.0,1,0.0,1
banknote,5,4,1010,0,4,mass_budget_prefix,4,0,32,32,0.09329446064139942,1.0,1,0.0,1
banknote,5,4,1027,0,4,mass_budget_prefix,3,1,99,99,0.2886297376093295,1.0,1,0.0,1
banknote,5,4,1084,0,4,mass_budget_prefix,4,0,32,32,0.09329446064139942,1.0,1,0.0,1
banknote,5,4,1086,0,4,mass_budget_prefix,3,1,99,99,0.2886297376093295,1.0,1,0.0,1
banknote,5,4,1227,0,4,mass_budget_prefix,3,1,99,99,0.2886297376093295,1.0,1,0.0,1
banknote,5,4,1249,0,4,mass_budget_prefix,3,1,99,99,0.2886297376093295,1.0,1,0.0,1
banknote,5,4,1288,0,4,mass_budget_prefix,3,1,99,99,0.2886297376093295,1.0,1,0.0,1
banknote,5,8,63,1,5,mass_budget_prefix,5,0,17,17,0.04956268221574344,1.0,1,0.0,1
banknote,5,8,72,1,4,mass_budget_prefix,4,0,114,114,0.3323615160349854,1.0,1,0.0,1
banknote,5,8,137,1,4,mass_budget_prefix,4,0,114,114,0.3323615160349854,1.0,1,0.0,1
banknote,5,8,177,1,4,mass_budget_prefix,4,0,114,114,0.3323615160349854,1.0,1,0.0,1
banknote,5,8,311,1,4,mass_budget_prefix,4,0,114,114,0.3323615160349854,1.0,1,0.0,1
banknote,5,8,379,1,4,mass_budget_prefix,4,0,114,114,0.3323615160349854,1.0,1,0.0,1
banknote,5,8,386,1,3,mass_budget_prefix,3,0,18,18,0.052478134110787174,1.0,1,0.0,1
banknote,5,8,415,1,4,mass_budget_prefix,4,0,114,114,0.3323615160349854,1.0,1,0.0,1
banknote,5,8,584,1,3,mass_budget_prefix,3,0,18,18,0.052478134110787174,1.0,1,0.0,1
banknote,5,8,674,1,5,mass_budget_prefix,4,1,31,31,0.09037900874635568,1.0,1,0.0,0
banknote,5,8,707,1,4,mass_budget_prefix,4,0,114,114,0.3323615160349854,1.0,1,0.0,1
banknote,5,8,864,0,4,mass_budget_prefix,3,1,13,12,0.037900874635568516,0.9230769230769231,1,1.0,0
banknote,5,8,903,0,5,mass_budget_prefix,5,0,90,90,0.26239067055393583,1.0,1,0.0,1
banknote,5,8,1010,0,4,mass_budget_prefix,4,0,32,32,0.09329446064139942,1.0,1,0.0,1
banknote,5,8,1027,0,6,mass_budget_prefix,6,0,7,7,0.02040816326530612,1.0,1,0.0,1
banknote,5,8,1084,0,4,mass_budget_prefix,4,0,32,32,0.09329446064139942,1.0,1,0.0,1
banknote,5,8,1086,0,5,mass_budget_prefix,5,0,90,90,0.26239067055393583,1.0,1,0.0,1
banknote,5,8,1227,0,5,mass_budget_prefix,5,0,90,90,0.26239067055393583,1.0,1,0.0,1
banknote,5,8,1249,0,5,mass_budget_prefix,5,0,90,90,0.26239067055393583,1.0,1,0.0,1
banknote,5,8,1288,0,5,mass_budget_prefix,5,0,90,90,0.26239067055393583,1.0,1,0.0,1
banknote,6,4,0,1,4,mass_budget_prefix,4,0,113,113,0.3294460641399417,1.0,1,0.0,1
banknote,6,4,74,1,3,mass_budget_prefix,3,0,3,3,0.008746355685131196,1.0,1,0.0,1
banknote,6,4,217,0,4,mass_budget_prefix,4,0,51,51,0.14868804664723032,1.0,1,0.0,1
banknote,6,4,317,1,4,mass_budget_prefix,4,0,113,113,0.3294460641399417,1.0,1,0.0,1
banknote,6,4,359,1,3,mass_budget_prefix,3,0,14,14,0.04081632653061224,1.0,1,0.0,1
banknote,6,4,369,1,4,mass_budget_prefix,4,0,113,113,0.3294460641399417,1.0,1,0.0,1
banknote,6,4,470,1,4,mass_budget_prefix,4,0,23,23,0.06705539358600583,1.0,1,0.0,1
banknote,6,4,471,1,4,mass_budget_prefix,4,0,23,23,0.06705539358600583,1.0,1,0.0,1
banknote,6,4,511,1,4,mass_budget_prefix,4,0,113,113,0.3294460641399417,1.0,1,0.0,1
banknote,6,4,518,1,4,mass_budget_prefix,4,0,113,113,0.3294460641399417,1.0,1,0.0,1
banknote,6,4,693,1,4,mass_budget_prefix,4,0,23,23,0.06705539358600583,1.0,1,0.0,1
banknote,6,4,855,0,4,mass_budget_prefix,4,0,85,85,0.2478134110787172,1.0,1,0.0,1
banknote,6,4,870,0,4,mass_budget_prefix,4,0,85,85,0.2478134110787172,1.0,1,0.0,1
banknote,6,4,873,0,4,mass_budget_prefix,4,0,85,85,0.2478134110787172,1.0,1,0.0,1
banknote,6,4,905,0,4,mass_budget_prefix,4,0,51,51,0.14868804664723032,1.0,1,0.0,1
banknote,6,4,1018,0,4,mass_budget_prefix,4,0,2,2,0.0058309037900874635,1.0,1,0.0,1
banknote,6,4,1183,0,4,mass_budget_prefix,4,0,85,85,0.2478134110787172,1.0,1,0.0,1
banknote,6,4,1188,0,4,mass_budget_prefix,4,0,24,24,0.06997084548104957,1.0,1,0.0,1
banknote,6,4,1293,0,4,mass_budget_prefix,4,0,85,85,0.2478134110787172,1.0,1,0.0,1
banknote,6,4,1354,0,4,mass_budget_prefix,4,0,85,85,0.2478134110787172,1.0,1,0.0,1
banknote,6,8,0,1,4,mass_budget_prefix,4,0,113,113,0.3294460641399417,1.0,1,0.0,1
banknote,6,8,74,1,3,mass_budget_prefix,3,0,3,3,0.008746355685131196,1.0,1,0.0,1
banknote,6,8,217,1,6,mass_budget_prefix,6,0,20,20,0.05830903790087463,1.0,1,0.0,1
banknote,6,8,317,1,4,mass_budget_prefix,4,0,113,113,0.3294460641399417,1.0,1,0.0,1
banknote,6,8,359,1,3,mass_budget_prefix,3,0,14,14,0.04081632653061224,1.0,1,0.0,1
banknote,6,8,369,1,4,mass_budget_prefix,4,0,113,113,0.3294460641399417,1.0,1,0.0,1
banknote,6,8,470,1,4,mass_budget_prefix,4,0,23,23,0.06705539358600583,1.0,1,0.0,1
banknote,6,8,471,1,4,mass_budget_prefix,4,0,23,23,0.06705539358600583,1.0,1,0.0,1
banknote,6,8,511,1,4,mass_budget_prefix,4,0,113,113,0.3294460641399417,1.0,1,0.0,1
banknote,6,8,518,1,4,mass_budget_prefix,4,0,113,113,0.3294460641399417,1.0,1,0.0,1
banknote,6,8,693,1,4,mass_budget_prefix,4,0,23,23,0.06705539358600583,1.0,1,0.0,1
banknote,6,8,855,0,5,mass_budget_prefix,5,0,74,74,0.21574344023323616,1.0,1,0.0,1
banknote,6,8,870,0,5,mass_budget_prefix,5,0,74,74,0.21574344023323616,1.0,1,0.0,1
banknote,6,8,873,0,5,mass_budget_prefix,5,0,74,74,0.21574344023323616,1.0,1,0.0,1
banknote,6,8,905,0,5,mass_budget_prefix,5,0,28,28,0.08163265306122448,1.0,1,0.0,1
banknote,6,8,1018,0,4,mass_budget_prefix,4,0,2,2,0.0058309037900874635,1.0,1,0.0,1
banknote,6,8,1183,0,5,mass_budget_prefix,5,0,74,74,0.21574344023323616,1.0,1,0.0,1
banknote,6,8,1188,0,5,mass_budget_prefix,5,0,22,22,0.0641399416909621,1.0,1,0.0,1
banknote,6,8,1293,0,5,mass_budget_prefix,5,0,74,74,0.21574344023323616,1.0,1,0.0,1
banknote,6,8,1354,0,5,mass_budget_prefix,5,0,74,74,0.21574344023323616,1.0,1,0.0,1
banknote,7,4,101,1,3,mass_budget_prefix,3,0,120,120,0.3498542274052478,1.0,1,0.0,1
banknote,7,4,241,0,4,mass_budget_prefix,4,0,25,25,0.0728862973760933,1.0,1,0.0,1
banknote,7,4,260,1,3,mass_budget_prefix,3,0,120,120,0.3498542274052478,1.0,1,0.0,1
banknote,7,4,304,1,3,mass_budget_prefix,3,0,120,120,0.3498542274052478,1.0,1,0.0,1
banknote,7,4,306,0,4,mass_budget_prefix,4,0,22,22,0.0641399416909621,1.0,1,0.0,1
banknote,7,4,342,1,3,mass_budget_prefix,3,0,120,120,0.3498542274052478,1.0,1,0.0,1
banknote,7,4,407,1,4,mass_budget_prefix,4,0,57,57,0.1661807580174927,1.0,1,0.0,1
banknote,7,4,418,0,4,mass_budget_prefix,4,0,25,25,0.0728862973760933,1.0,1,0.0,1
banknote,7,4,587,0,4,mass_budget_prefix,4,0,22,22,0.0641399416909621,1.0,1,0.0,1
banknote,7,4,680,1,3,mass_budget_prefix,3,0,120,120,0.3498542274052478,1.0,1,0.0,1
banknote,7,4,732,1,3,mass_budget_prefix,2,1,10,10,0.029154518950437316,1.0,1,0.0,0
banknote,7,4,773,0,4,mass_budget_prefix,4,0,84,84,0.24489795918367346,1.0,1,0.0,1
banknote,7,4,864,0,4,mass_budget_prefix,4,0,22,22,0.0641399416909621,1.0,1,0.0,1
banknote,7,4,951,0,4,mass_budget_prefix,4,0,84,84,0.24489795918367346,1.0,1,0.0,1
banknote,7,4,1056,0,4,mass_budget_prefix,4,0,84,84,0.24489795918367346,1.0,1,0.0,1
banknote,7,4,1124,0,4,mass_budget_prefix,4,0,25,25,0.0728862973760933,1.0,1,0.0,1
banknote,7,4,1143,0,4,mass_budget_prefix,4,0,84,84,0.24489795918367346,1.0,1,0.0,1
banknote,7,4,1173,0,4,mass_budget_prefix,4,0,84,84,0.24489795918367346,1.0,1,0.0,1
banknote,7,4,1207,0,4,mass_budget_prefix,4,0,25,25,0.0728862973760933,1.0,1,0.0,1
banknote,7,4,1306,0,4,mass_budget_prefix,4,0,84,84,0.24489795918367346,1.0,1,0.0,1
banknote,7,8,101,1,3,mass_budget_prefix,3,0,120,120,0.3498542274052478,1.0,1,0.0,1
banknote,7,8,241,1,5,mass_budget_prefix,5,0,3,3,0.008746355685131196,1.0,1,0.0,1
banknote,7,8,260,1,3,mass_budget_prefix,3,0,120,120,0.3498542274052478,1.0,1,0.0,1
banknote,7,8,304,1,3,mass_budget_prefix,3,0,120,120,0.3498542274052478,1.0,1,0.0,1
banknote,7,8,306,1,5,mass_budget_prefix,5,0,9,9,0.026239067055393587,1.0,1,0.0,1
banknote,7,8,342,1,3,mass_budget_prefix,3,0,120,120,0.3498542274052478,1.0,1,0.0,1
banknote,7,8,407,1,7,mass_budget_prefix,7,0,4,4,0.011661807580174927,1.0,1,0.0,1
banknote,7,8,418,1,5,mass_budget_prefix,5,0,3,3,0.008746355685131196,1.0,1,0.0,1
banknote,7,8,587,1,5,mass_budget_prefix,5,0,9,9,0.026239067055393587,1.0,1,0.0,1
banknote,7,8,680,1,3,mass_budget_prefix,3,0,120,120,0.3498542274052478,1.0,1,0.0,1
banknote,7,8,732,1,3,mass_budget_prefix,2,1,10,10,0.029154518950437316,1.0,1,0.0,0
banknote,7,8,773,0,5,mass_budget_prefix,4,1,84,84,0.24489795918367346,1.0,1,0.0,0
banknote,7,8,864,0,5,mass_budget_prefix,5,0,13,13,0.037900874635568516,1.0,1,0.0,1
banknote,7,8,951,0,5,mass_budget_prefix,4,1,84,84,0.24489795918367346,1.0,1,0.0,0
banknote,7,8,1056,0,5,mass_budget_prefix,4,1,84,84,0.24489795918367346,1.0,1,0.0,0
banknote,7,8,1124,0,5,mass_budget_prefix,5,0,22,22,0.0641399416909621,1.0,1,0.0,1
banknote,7,8,1143,0,5,mass_budget_prefix,4,1,84,84,0.24489795918367346,1.0,1,0.0,0
banknote,7,8,1173,0,5,mass_budget_prefix,4,1,84,84,0.24489795918367346,1.0,1,0.0,0
banknote,7,8,1207,0,5,mass_budget_prefix,5,0,22,22,0.0641399416909621,1.0,1,0.0,1
banknote,7,8,1306,0,5,mass_budget_prefix,4,1,84,84,0.24489795918367346,1.0,1,0.0,0
banknote,8,4,50,1,4,mass_budget_prefix,4,0,102,102,0.29737609329446063,1.0,1,0.0,1
banknote,8,4,161,1,4,mass_budget_prefix,4,0,28,28,0.08163265306122448,1.0,1,0.0,1
banknote,8,4,227,1,4,mass_budget_prefix,3,1,28,28,0.08163265306122448,1.0,1,0.0,0
banknote,8,4,521,1,4,mass_budget_prefix,3,1,28,28,0.08163265306122448,1.0,1,0.0,0
banknote,8,4,537,1,4,mass_budget_prefix,4,0,13,13,0.037900874635568516,1.0,1,0.0,1
banknote,8,4,563,1,4,mass_budget_prefix,4,0,28,28,0.08163265306122448,1.0,1,0.0,1
banknote,8,4,604,1,4,mass_budget_prefix,3,1,28,28,0.08163265306122448,1.0,1,0.0,0
banknote,8,4,610,1,4,mass_budget_prefix,3,1,28,28,0.08163265306122448,1.0,1,0.0,0
banknote,8,4,633,1,4,mass_budget_prefix,4,0,102,102,0.29737609329446063,1.0,1,0.0,1
banknote,8,4,685,1,4,mass_budget_prefix,4,0,102,102,0.29737609329446063,1.0,1,0.0,1
banknote,8,4,727,1,4,mass_budget_prefix,3,1,28,28,0.08163265306122448,1.0,1,0.0,0
banknote,8,4,816,0,4,mass_budget_prefix,4,0,38,38,0.11078717201166181,1.0,1,0.0,1
banknote,8,4,911,0,4,mass_budget_prefix,4,0,3,3,0.008746355685131196,1.0,1,0.0,1
banknote,8,4,957,0,4,mass_budget_prefix,4,0,72,72,0.2099125364431487,1.0,1,0.0,1
banknote,8,4,1058,0,4,mass_budget_prefix,4,0,72,72,0.2099125364431487,1.0,1,0.0,1
banknote,8,4,1193,0,4,mass_budget_prefix,4,0,38,38,0.11078717201166181,1.0,1,0.0,1
banknote,8,4,1227,0,4,mass_budget_prefix,4,0,72,72,0.2099125364431487,1.0,1,0.0,1
banknote,8,4,1295,0,4,mass_budget_prefix,4,0,72,72,0.2099125364431487,1.0,1,0.0,1
banknote,8,4,1307,0,4,mass_budget_prefix,4,0,72,72,0.2099125364431487,1.0,1,0.0,1
banknote,8,4,1344,1,4,mass_budget_prefix,4,0,102,102,0.29737609329446063,1.0,1,0.0,1
banknote,8,8,50,1,4,mass_budget_prefix,4,0,102,102,0.29737609329446063,1.0,1,0.0,1
banknote,8,8,161,1,4,mass_budget_prefix,4,0,28,28,0.08163265306122448,1.0,1,0.0,1
banknote,8,8,227,1,4,mass_budget_prefix,3,1,28,28,0.08163265306122448,1.0,1,0.0,0
banknote,8,8,521,1,4,mass_budget_prefix,3,1,28,28,0.08163265306122448,1.0,1,0.0,0
banknote,8,8,537,1,5,mass_budget_prefix,5,0,12,12,0.03498542274052478,1.0,1,0.0,1
banknote,8,8,563,1,4,mass_budget_prefix,4,0,28,28,0.08163265306122448,1.0,1,0.0,1
banknote,8,8,604,1,4,mass_budget_prefix,3,1,28,28,0.08163265306122448,1.0,1,0.0,0
banknote,8,8,610,1,4,mass_budget_prefix,3,1,28,28,0.08163265306122448,1.0,1,0.0,0
banknote,8,8,633,1,4,mass_budget_prefix,4,0,102,102,0.29737609329446063,1.0,1,0.0,1
banknote,8,8,685,1,4,mass_budget_prefix,4,0,102,102,0.29737609329446063,1.0,1,0.0,1
banknote,8,8,727,1,4,mass_budget_prefix,3,1,28,28,0.08163265306122448,1.0,1,0.0,0
banknote,8,8,816,0,5,mass_budget_prefix,4,1,38,32,0.11078717201166181,0.8421052631578947,1,1.0,0
banknote,8,8,911,0,4,mass_budget_prefix,4,0,3,3,0.008746355685131196,1.0,1,0.0,1
banknote,8,8,957,0,4,mass_budget_prefix,4,0,72,72,0.2099125364431487,1.0,1,0.0,1
banknote,8,8,1058,0,4,mass_budget_prefix,4,0,72,72,0.2099125364431487,1.0,1,0.0,1
banknote,8,8,1193,0,5,mass_budget_prefix,4,1,38,32,0.11078717201166181,0.8421052631578947,1,1.0,0
banknote,8,8,1227,0,4,mass_budget_prefix,4,0,72,72,0.2099125364431487,1.0,1,0.0,1
banknote,8,8,1295,0,4,mass_budget_prefix,4,0,72,72,0.2099125364431487,1.0,1,0.0,1
banknote,8,8,1307,0,4,mass_budget_prefix,4,0,72,72,0.2099125364431487,1.0,1,0.0,1
banknote,8,8,1344,1,4,mass_budget_prefix,4,0,102,102,0.29737609329446063,1.0,1,0.0,1
banknote,9,4,61,1,4,mass_budget_prefix,4,0,33,33,0.09620991253644315,1.0,1,0.0,1
banknote,9,4,127,1,3,mass_budget_prefix,3,0,106,106,0.30903790087463556,1.0,1,0.0,1
banknote,9,4,128,1,3,mass_budget_prefix,3,0,106,106,0.30903790087463556,1.0,1,0.0,1
banknote,9,4,138,1,3,mass_budget_prefix,3,0,106,106,0.30903790087463556,1.0,1,0.0,1
banknote,9,4,146,1,3,mass_budget_prefix,3,0,106,106,0.30903790087463556,1.0,1,0.0,1
banknote,9,4,153,1,3,mass_budget_prefix,3,0,106,106,0.30903790087463556,1.0,1,0.0,1
banknote,9,4,203,1,3,mass_budget_prefix,3,0,106,106,0.30903790087463556,1.0,1,0.0,1
banknote,9,4,284,1,3,mass_budget_prefix,3,0,16,16,0.04664723032069971,1.0,1,0.0,1
banknote,9,4,418,0,4,mass_budget_prefix,4,0,3,3,0.008746355685131196,1.0,1,0.0,1
banknote,9,4,444,1,4,mass_budget_prefix,4,0,15,15,0.043731778425655975,1.0,1,0.0,1
banknote,9,4,743,1,3,mass_budget_prefix,3,0,106,106,0.30903790087463556,1.0,1,0.0,1
banknote,9,4,765,0,3,mass_budget_prefix,3,0,77,77,0.22448979591836735,1.0,1,0.0,1
banknote,9,4,918,1,3,mass_budget_prefix,3,0,106,106,0.30903790087463556,1.0,1,0.0,1
banknote,9,4,934,0,4,mass_budget_prefix,4,0,51,51,0.14868804664723032,1.0,1,0.0,1
banknote,9,4,1104,0,3,mass_budget_prefix,3,0,77,77,0.22448979591836735,1.0,1,0.0,1
banknote,9,4,1142,0,3,mass_budget_prefix,3,0,77,77,0.22448979591836735,1.0,1,0.0,1
banknote,9,4,1159,0,3,mass_budget_prefix,3,0,77,77,0.22448979591836735,1.0,1,0.0,1
banknote,9,4,1172,0,3,mass_budget_prefix,3,0,77,77,0.22448979591836735,1.0,1,0.0,1
banknote,9,4,1217,0,4,mass_budget_prefix,4,0,20,20,0.05830903790087463,1.0,1,0.0,1
banknote,9,4,1238,0,4,mass_budget_prefix,4,0,51,51,0.14868804664723032,1.0,1,0.0,1
banknote,9,8,61,1,5,mass_budget_prefix,5,0,30,30,0.08746355685131195,1.0,1,0.0,1
banknote,9,8,127,1,3,mass_budget_prefix,3,0,106,106,0.30903790087463556,1.0,1,0.0,1
banknote,9,8,128,1,3,mass_budget_prefix,3,0,106,106,0.30903790087463556,1.0,1,0.0,1
banknote,9,8,138,1,3,mass_budget_prefix,3,0,106,106,0.30903790087463556,1.0,1,0.0,1
banknote,9,8,146,1,3,mass_budget_prefix,3,0,106,106,0.30903790087463556,1.0,1,0.0,1
banknote,9,8,153,1,3,mass_budget_prefix,3,0,106,106,0.30903790087463556,1.0,1,0.0,1
banknote,9,8,203,1,3,mass_budget_prefix,3,0,106,106,0.30903790087463556,1.0,1,0.0,1
banknote,9,8,284,1,3,mass_budget_prefix,3,0,16,16,0.04664723032069971,1.0,1,0.0,1
banknote,9,8,418,1,5,mass_budget_prefix,5,0,2,2,0.0058309037900874635,1.0,1,0.0,1
banknote,9,8,444,1,6,mass_budget_prefix,6,0,0,0,0.0,,0,,1
banknote,9,8,743,1,3,mass_budget_prefix,3,0,106,106,0.30903790087463556,1.0,1,0.0,1
banknote,9,8,765,0,3,mass_budget_prefix,3,0,77,77,0.22448979591836735,1.0,1,0.0,1
banknote,9,8,918,1,3,mass_budget_prefix,3,0,106,106,0.30903790087463556,1.0,1,0.0,1
banknote,9,8,934,0,5,mass_budget_prefix,4,1,51,46,0.14868804664723032,0.9019607843137255,1,1.0,0
banknote,9,8,1104,0,3,mass_budget_prefix,3,0,77,77,0.22448979591836735,1.0,1,0.0,1
banknote,9,8,1142,0,3,mass_budget_prefix,3,0,77,77,0.22448979591836735,1.0,1,0.0,1
banknote,9,8,1159,0,3,mass_budget_prefix,3,0,77,77,0.22448979591836735,1.0,1,0.0,1
banknote,9,8,1172,0,3,mass_budget_prefix,3,0,77,77,0.22448979591836735,1.0,1,0.0,1
banknote,9,8,1217,0,4,mass_budget_prefix,4,0,20,20,0.05830903790087463,1.0,1,0.0,1
banknote,9,8,1238,0,5,mass_budget_prefix,4,1,51,46,0.14868804664723032,0.9019607843137255,1,1.0,0
blood,0,4,82,1,4,mass_budget_prefix,4,0,36,36,0.1925133689839572,1.0,1,0.0,1
blood,0,4,114,1,4,mass_budget_prefix,4,0,19,19,0.10160427807486631,1.0,1,0.0,1
blood,0,4,155,1,4,mass_budget_prefix,4,0,36,36,0.1925133689839572,1.0,1,0.0,1
blood,0,4,162,1,4,mass_budget_prefix,4,0,36,36,0.1925133689839572,1.0,1,0.0,1
blood,0,4,178,0,4,mass_budget_prefix,4,0,33,33,0.17647058823529413,1.0,1,0.0,1
blood,0,4,186,0,4,mass_budget_prefix,4,0,33,33,0.17647058823529413,1.0,1,0.0,1
blood,0,4,223,1,4,mass_budget_prefix,4,0,36,36,0.1925133689839572,1.0,1,0.0,1
blood,0,4,291,1,4,mass_budget_prefix,3,1,50,49,0.26737967914438504,0.98,1,0.0,0
blood,0,4,297,1,4,mass_budget_prefix,4,0,12,12,0.06417112299465241,1.0,1,0.0,1
blood,0,4,328,1,4,mass_budget_prefix,3,1,50,49,0.26737967914438504,0.98,1,0.0,0
blood,0,4,361,1,4,mass_budget_prefix,3,1,50,49,0.26737967914438504,0.98,1,0.0,0
blood,0,4,447,1,4,mass_budget_prefix,3,1,50,49,0.26737967914438504,0.98,1,0.0,0
blood,0,4,500,1,4,mass_budget_prefix,4,0,19,19,0.10160427807486631,1.0,1,0.0,1
blood,0,4,506,0,4,mass_budget_prefix,4,0,33,33,0.17647058823529413,1.0,1,0.0,1
blood,0,4,552,0,4,mass_budget_prefix,4,0,33,33,0.17647058823529413,1.0,1,0.0,1
blood,0,4,635,1,4,mass_budget_prefix,3,1,50,49,0.26737967914438504,0.98,1,0.0,0
blood,0,4,637,1,4,mass_budget_prefix,3,1,50,49,0.26737967914438504,0.98,1,0.0,0
blood,0,4,649,1,4,mass_budget_prefix,3,1,50,49,0.26737967914438504,0.98,1,0.0,0
blood,0,4,692,1,3,mass_budget_prefix,3,0,12,12,0.06417112299465241,1.0,1,0.0,1
blood,0,4,694,1,3,mass_budget_prefix,3,0,12,12,0.06417112299465241,1.0,1,0.0,1
blood,0,8,82,1,8,mass_budget_prefix,8,0,1,1,0.0053475935828877,1.0,1,0.0,1
blood,0,8,114,1,7,mass_budget_prefix,7,0,7,7,0.0374331550802139,1.0,1,0.0,1
blood,0,8,155,1,7,mass_budget_prefix,6,1,11,11,0.058823529411764705,1.0,1,0.0,1
blood,0,8,162,1,7,mass_budget_prefix,6,1,11,11,0.058823529411764705,1.0,1,0.0,1
blood,0,8,178,0,8,mass_budget_prefix,8,0,11,11,0.058823529411764705,1.0,1,0.0,1
blood,0,8,186,0,8,mass_budget_prefix,8,0,11,11,0.058823529411764705,1.0,1,0.0,1
blood,0,8,223,1,8,mass_budget_prefix,7,1,11,11,0.058823529411764705,1.0,1,0.0,1
blood,0,8,291,1,7,mass_budget_prefix,7,0,5,5,0.026737967914438502,1.0,1,0.0,1
blood,0,8,297,1,8,mass_budget_prefix,8,0,8,8,0.0427807486631016,1.0,1,0.0,1
blood,0,8,328,1,7,mass_budget_prefix,7,0,20,20,0.10695187165775401,1.0,1,0.0,1
blood,0,8,361,1,8,mass_budget_prefix,8,0,2,2,0.0106951871657754,1.0,1,0.0,1
blood,0,8,447,0,8,mass_budget_prefix,8,0,0,0,0.0,,0,,1
blood,0,8,500,0,6,mass_budget_prefix,6,0,3,3,0.016042780748663103,1.0,1,0.0,1
blood,0,8,506,0,8,mass_budget_prefix,8,0,5,5,0.026737967914438502,1.0,1,0.0,1
blood,0,8,552,0,8,mass_budget_prefix,8,0,11,11,0.058823529411764705,1.0,1,0.0,1
blood,0,8,635,1,7,mass_budget_prefix,7,0,5,5,0.026737967914438502,1.0,1,0.0,1
blood,0,8,637,1,8,mass_budget_prefix,8,0,2,2,0.0106951871657754,1.0,1,0.0,1
blood,0,8,649,1,8,mass_budget_prefix,8,0,2,2,0.0106951871657754,1.0,1,0.0,1
blood,0,8,692,1,3,mass_budget_prefix,3,0,12,12,0.06417112299465241,1.0,1,0.0,1
blood,0,8,694,1,3,mass_budget_prefix,3,0,12,12,0.06417112299465241,1.0,1,0.0,1
blood,1,4,10,0,4,mass_budget_prefix,4,0,1,1,0.0053475935828877,1.0,1,0.0,1
blood,1,4,118,1,4,mass_budget_prefix,4,0,14,14,0.0748663101604278,1.0,1,0.0,1
blood,1,4,121,0,4,mass_budget_prefix,4,0,32,32,0.1711229946524064,1.0,1,0.0,1
blood,1,4,127,1,4,mass_budget_prefix,4,0,5,5,0.026737967914438502,1.0,1,0.0,1
blood,1,4,161,1,4,mass_budget_prefix,4,0,22,22,0.11764705882352941,1.0,1,0.0,1
blood,1,4,253,1,4,mass_budget_prefix,4,0,16,16,0.0855614973262032,1.0,1,0.0,1
blood,1,4,282,1,4,mass_budget_prefix,4,0,40,40,0.21390374331550802,1.0,1,0.0,1
blood,1,4,287,1,4,mass_budget_prefix,4,0,16,16,0.0855614973262032,1.0,1,0.0,1
blood,1,4,312,1,4,mass_budget_prefix,4,0,40,40,0.21390374331550802,1.0,1,0.0,1
blood,1,4,379,1,4,mass_budget_prefix,4,0,16,16,0.0855614973262032,1.0,1,0.0,1
blood,1,4,387,1,4,mass_budget_prefix,4,0,16,16,0.0855614973262032,1.0,1,0.0,1
blood,1,4,457,1,4,mass_budget_prefix,4,0,21,21,0.11229946524064172,1.0,1,0.0,1
blood,1,4,466,1,4,mass_budget_prefix,4,0,40,40,0.21390374331550802,1.0,1,0.0,1
blood,1,4,503,0,4,mass_budget_prefix,4,0,1,1,0.0053475935828877,1.0,1,0.0,1
blood,1,4,509,0,4,mass_budget_prefix,4,0,32,32,0.1711229946524064,1.0,1,0.0,1
blood,1,4,517,0,4,mass_budget_prefix,4,0,1,1,0.0053475935828877,1.0,1,0.0,1
blood,1,4,648,1,4,mass_budget_prefix,4,0,21,21,0.11229946524064172,1.0,1,0.0,1
blood,1,4,657,1,4,mass_budget_prefix,4,0,40,40,0.21390374331550802,1.0,1,0.0,1
blood,1,4,720,1,4,mass_budget_prefix,4,0,21,21,0.11229946524064172,1.0,1,0.0,1
blood,1,4,735,1,4,mass_budget_prefix,4,0,21,21,0.11229946524064172,1.0,1,0.0,1
blood,1,8,10,0,5,mass_budget_prefix,5,0,1,1,0.0053475935828877,1.0,1,0.0,1
blood,1,8,118,1,8,mass_budget_prefix,8,0,3,3,0.016042780748663103,1.0,1,0.0,1
blood,1,8,121,0,8,mass_budget_prefix,8,0,15,15,0.08021390374331551,1.0,1,0.0,1
blood,1,8,127,1,8,mass_budget_prefix,8,0,2,2,0.0106951871657754,1.0,1,0.0,1
blood,1,8,161,1,6,mass_budget_prefix,5,1,11,11,0.058823529411764705,1.0,1,0.0,1
blood,1,8,253,1,5,mass_budget_prefix,5,0,5,5,0.026737967914438502,1.0,1,0.0,1
blood,1,8,282,1,8,mass_budget_prefix,8,0,9,9,0.0481283422459893,1.0,1,0.0,1
blood,1,8,287,1,5,mass_budget_prefix,5,0,5,5,0.026737967914438502,1.0,1,0.0,1
blood,1,8,312,1,5,mass_budget_prefix,5,0,10,10,0.053475935828877004,1.0,1,0.0,1
blood,1,8,379,1,8,mass_budget_prefix,8,0,6,6,0.03208556149732621,1.0,1,0.0,1
blood,1,8,387,1,8,mass_budget_prefix,8,0,6,6,0.03208556149732621,1.0,1,0.0,1
blood,1,8,457,1,7,mass_budget_prefix,7,0,3,3,0.016042780748663103,1.0,1,0.0,1
blood,1,8,466,1,7,mass_budget_prefix,7,0,5,5,0.026737967914438502,1.0,1,0.0,1
blood,1,8,503,0,5,mass_budget_prefix,5,0,1,1,0.0053475935828877,1.0,1,0.0,1
blood,1,8,509,1,8,mass_budget_prefix,8,0,2,2,0.0106951871657754,1.0,1,0.0,1
blood,1,8,517,0,5,mass_budget_prefix,5,0,1,1,0.0053475935828877,1.0,1,0.0,1
blood,1,8,648,1,7,mass_budget_prefix,7,0,7,7,0.0374331550802139,1.0,1,0.0,1
blood,1,8,657,1,8,mass_budget_prefix,8,0,3,3,0.016042780748663103,1.0,1,0.0,1
blood,1,8,720,1,7,mass_budget_prefix,7,0,0,0,0.0,,0,,1
blood,1,8,735,1,8,mass_budget_prefix,8,0,6,6,0.03208556149732621,1.0,1,0.0,1
blood,2,4,8,0,4,mass_budget_prefix,3,1,17,16,0.09090909090909091,0.9411764705882353,1,1.0,0
blood,2,4,24,1,4,mass_budget_prefix,4,0,6,6,0.03208556149732621,1.0,1,0.0,1
blood,2,4,139,1,4,mass_budget_prefix,3,1,60,60,0.32085561497326204,1.0,1,0.0,0
blood,2,4,148,1,4,mass_budget_prefix,3,1,60,60,0.32085561497326204,1.0,1,0.0,0
blood,2,4,160,1,4,mass_budget_prefix,3,1,60,60,0.32085561497326204,1.0,1,0.0,0
blood,2,4,170,1,4,mass_budget_prefix,3,1,60,60,0.32085561497326204,1.0,1,0.0,0
blood,2,4,197,0,4,mass_budget_prefix,3,1,17,16,0.09090909090909091,0.9411764705882353,1,1.0,0
blood,2,4,262,1,4,mass_budget_prefix,3,1,60,60,0.32085561497326204,1.0,1,0.0,0
blood,2,4,306,1,4,mass_budget_prefix,4,0,8,8,0.0427807486631016,1.0,1,0.0,1
blood,2,4,326,1,4,mass_budget_prefix,3,1,60,60,0.32085561497326204,1.0,1,0.0,0
blood,2,4,333,1,4,mass_budget_prefix,4,0,9,9,0.0481283422459893,1.0,1,0.0,1
blood,2,4,334,1,4,mass_budget_prefix,4,0,9,9,0.0481283422459893,1.0,1,0.0,1
blood,2,4,536,0,4,mass_budget_prefix,3,1,17,16,0.09090909090909091,0.9411764705882353,1,1.0,0
blood,2,4,573,1,4,mass_budget_prefix,3,1,60,60,0.32085561497326204,1.0,1,0.0,0
blood,2,4,585,1,4,mass_budget_prefix,3,1,60,60,0.32085561497326204,1.0,1,0.0,0
blood,2,4,617,1,4,mass_budget_prefix,3,1,60,60,0.32085561497326204,1.0,1,0.0,0
blood,2,4,668,1,4,mass_budget_prefix,4,0,6,6,0.03208556149732621,1.0,1,0.0,1
blood,2,4,702,1,4,mass_budget_prefix,4,0,22,22,0.11764705882352941,1.0,1,0.0,1
blood,2,4,719,1,4,mass_budget_prefix,4,0,39,39,0.20855614973262032,1.0,1,0.0,1
blood,2,4,729,1,4,mass_budget_prefix,4,0,39,39,0.20855614973262032,1.0,1,0.0,1
blood,2,8,8,0,8,mass_budget_prefix,8,0,3,3,0.016042780748663103,1.0,1,0.0,1
blood,2,8,24,0,5,mass_budget_prefix,5,0,0,0,0.0,,0,,1
blood,2,8,139,1,8,mass_budget_prefix,8,0,29,29,0.15508021390374332,1.0,1,0.0,1
blood,2,8,148,1,8,mass_budget_prefix,8,0,29,29,0.15508021390374332,1.0,1,0.0,1
blood,2,8,160,1,8,mass_budget_prefix,8,0,29,29,0.15508021390374332,1.0,1,0.0,1
blood,2,8,170,1,8,mass_budget_prefix,8,0,29,29,0.15508021390374332,1.0,1,0.0,1
blood,2,8,197,0,8,mass_budget_prefix,8,0,3,3,0.016042780748663103,1.0,1,0.0,1
blood,2,8,262,1,6,mass_budget_prefix,6,0,4,4,0.0213903743315508,1.0,1,0.0,1
blood,2,8,306,1,4,mass_budget_prefix,4,0,8,8,0.0427807486631016,1.0,1,0.0,1
blood,2,8,326,1,6,mass_budget_prefix,6,0,4,4,0.0213903743315508,1.0,1,0.0,1
blood,2,8,333,1,7,mass_budget_prefix,7,0,3,3,0.016042780748663103,1.0,1,0.0,1
blood,2,8,334,1,6,mass_budget_prefix,6,0,2,2,0.0106951871657754,1.0,1,0.0,1
blood,2,8,536,1,8,mass_budget_prefix,8,0,6,6,0.03208556149732621,1.0,1,0.0,1
blood,2,8,573,1,8,mass_budget_prefix,8,0,29,29,0.15508021390374332,1.0,1,0.0,1
blood,2,8,585,1,8,mass_budget_prefix,8,0,29,29,0.15508021390374332,1.0,1,0.0,1
blood,2,8,617,1,8,mass_budget_prefix,8,0,29,29,0.15508021390374332,1.0,1,0.0,1
blood,2,8,668,1,8,mass_budget_prefix,8,0,2,2,0.0106951871657754,1.0,1,0.0,1
blood,2,8,702,1,4,mass_budget_prefix,4,0,22,22,0.11764705882352941,1.0,1,0.0,1
blood,2,8,719,1,8,mass_budget_prefix,8,0,5,5,0.026737967914438502,1.0,1,0.0,1
blood,2,8,729,1,7,mass_budget_prefix,7,0,18,18,0.0962566844919786,1.0,1,0.0,1
blood,3,4,77,1,4,mass_budget_prefix,3,1,24,20,0.12834224598930483,0.8333333333333334,1,1.0,0
blood,3,4,89,0,4,mass_budget_prefix,3,1,47,47,0.25133689839572193,1.0,1,0.0,0
blood,3,4,174,1,4,mass_budget_prefix,3,1,24,20,0.12834224598930483,0.8333333333333334,1,1.0,0
blood,3,4,207,1,4,mass_budget_prefix,3,1,21,20,0.11229946524064172,0.9523809523809523,1,0.0,0
blood,3,4,250,1,4,mass_budget_prefix,4,0,28,28,0.1497326203208556,1.0,1,0.0,1
blood,3,4,256,1,4,mass_budget_prefix,4,0,20,20,0.10695187165775401,1.0,1,0.0,1
blood,3,4,268,1,4,mass_budget_prefix,3,1,21,20,0.11229946524064172,0.9523809523809523,1,0.0,0
blood,3,4,289,1,4,mass_budget_prefix,4,0,28,28,0.1497326203208556,1.0,1,0.0,1
blood,3,4,305,1,4,mass_budget_prefix,4,0,28,28,0.1497326203208556,1.0,1,0.0,1
blood,3,4,399,1,4,mass_budget_prefix,4,0,28,28,0.1497326203208556,1.0,1,0.0,1
blood,3,4,482,1,4,mass_budget_prefix,4,0,11,11,0.058823529411764705,1.0,1,0.0,1
blood,3,4,501,1,4,mass_budget_prefix,4,0,0,0,0.0,,0,,1
blood,3,4,563,1,4,mass_budget_prefix,3,1,21,20,0.11229946524064172,0.9523809523809523,1,0.0,0
blood,3,4,615,1,4,mass_budget_prefix,3,1,24,20,0.12834224598930483,0.8333333333333334,1,1.0,0
blood,3,4,635,0,4,mass_budget_prefix,4,0,0,0,0.0,,0,,1
blood,3,4,649,1,4,mass_budget_prefix,4,0,20,20,0.10695187165775401,1.0,1,0.0,1
blood,3,4,657,1,4,mass_budget_prefix,4,0,20,20,0.10695187165775401,1.0,1,0.0,1
blood,3,4,689,1,4,mass_budget_prefix,4,0,28,28,0.1497326203208556,1.0,1,0.0,1
blood,3,4,709,1,4,mass_budget_prefix,4,0,20,20,0.10695187165775401,1.0,1,0.0,1
blood,3,4,730,1,4,mass_budget_prefix,4,0,28,28,0.1497326203208556,1.0,1,0.0,1
blood,3,8,77,1,6,mass_budget_prefix,6,0,3,3,0.016042780748663103,1.0,1,0.0,1
blood,3,8,89,1,8,mass_budget_prefix,8,0,8,8,0.0427807486631016,1.0,1,0.0,1
blood,3,8,174,1,6,mass_budget_prefix,6,0,5,5,0.026737967914438502,1.0,1,0.0,1
blood,3,8,207,1,7,mass_budget_prefix,7,0,3,3,0.016042780748663103,1.0,1,0.0,1
blood,3,8,250,1,8,mass_budget_prefix,8,0,19,19,0.10160427807486631,1.0,1,0.0,1
blood,3,8,256,1,8,mass_budget_prefix,8,0,4,4,0.0213903743315508,1.0,1,0.0,1
blood,3,8,268,1,7,mass_budget_prefix,7,0,10,10,0.053475935828877004,1.0,1,0.0,1
blood,3,8,289,1,7,mass_budget_prefix,7,0,0,0,0.0,,0,,1
blood,3,8,305,1,8,mass_budget_prefix,8,0,19,19,0.10160427807486631,1.0,1,0.0,1
blood,3,8,399,1,6,mass_budget_prefix,6,0,5,5,0.026737967914438502,1.0,1,0.0,1
blood,3,8,482,1,7,mass_budget_prefix,7,0,6,6,0.03208556149732621,1.0,1,0.0,1
blood,3,8,501,1,4,mass_budget_prefix,4,0,0,0,0.0,,0,,1
blood,3,8,563,1,7,mass_budget_prefix,7,0,0,0,0.0,,0,,1
blood,3,8,615,1,6,mass_budget_prefix,6,0,11,11,0.058823529411764705,1.0,1,0.0,1
blood,3,8,635,0,4,mass_budget_prefix,4,0,0,0,0.0,,0,,1
blood,3,8,649,1,8,mass_budget_prefix,8,0,9,9,0.0481283422459893,1.0,1,0.0,1
blood,3,8,657,1,8,mass_budget_prefix,8,0,9,9,0.0481283422459893,1.0,1,0.0,1
blood,3,8,689,1,5,mass_budget_prefix,5,0,21,21,0.11229946524064172,1.0,1,0.0,1
blood,3,8,709,1,8,mass_budget_prefix,8,0,9,9,0.0481283422459893,1.0,1,0.0,1
blood,3,8,730,1,5,mass_budget_prefix,5,0,21,21,0.11229946524064172,1.0,1,0.0,1
blood,4,4,23,1,4,mass_budget_prefix,4,0,15,15,0.08021390374331551,1.0,1,0.0,1
blood,4,4,25,0,4,mass_budget_prefix,4,0,17,17,0.09090909090909091,1.0,1,0.0,1
blood,4,4,108,1,4,mass_budget_prefix,4,0,7,7,0.0374331550802139,1.0,1,0.0,1
blood,4,4,123,0,4,mass_budget_prefix,4,0,17,17,0.09090909090909091,1.0,1,0.0,1
blood,4,4,141,1,4,mass_budget_prefix,4,0,15,15,0.08021390374331551,1.0,1,0.0,1
blood,4,4,155,1,4,mass_budget_prefix,4,0,26,26,0.13903743315508021,1.0,1,0.0,1
blood,4,4,198,1,4,mass_budget_prefix,4,0,10,10,0.053475935828877004,1.0,1,0.0,1
blood,4,4,228,1,4,mass_budget_prefix,4,0,26,26,0.13903743315508021,1.0,1,0.0,1
blood,4,4,240,1,4,mass_budget_prefix,4,0,10,10,0.053475935828877004,1.0,1,0.0,1
blood,4,4,269,0,4,mass_budget_prefix,3,1,7,6,0.0374331550802139,0.8571428571428571,1,1.0,0
blood,4,4,310,1,4,mass_budget_prefix,4,0,8,8,0.0427807486631016,1.0,1,0.0,1
blood,4,4,449,1,4,mass_budget_prefix,4,0,21,21,0.11229946524064172,1.0,1,0.0,1
blood,4,4,529,1,4,mass_budget_prefix,4,0,15,15,0.08021390374331551,1.0,1,0.0,1
blood,4,4,581,1,4,mass_budget_prefix,4,0,26,26,0.13903743315508021,1.0,1,0.0,1
blood,4,4,604,1,4,mass_budget_prefix,4,0,7,7,0.0374331550802139,1.0,1,0.0,1
blood,4,4,605,1,4,mass_budget_prefix,4,0,15,15,0.08021390374331551,1.0,1,0.0,1
blood,4,4,679,1,4,mass_budget_prefix,4,0,21,21,0.11229946524064172,1.0,1,0.0,1
blood,4,4,705,1,4,mass_budget_prefix,4,0,18,18,0.0962566844919786,1.0,1,0.0,1
blood,4,4,720,1,4,mass_budget_prefix,4,0,21,21,0.11229946524064172,1.0,1,0.0,1
blood,4,4,727,1,4,mass_budget_prefix,4,0,12,12,0.06417112299465241,1.0,1,0.0,1
blood,4,8,23,1,8,mass_budget_prefix,6,1,5,5,0.026737967914438502,1.0,1,0.0,0
blood,4,8,25,0,5,mass_budget_prefix,5,0,6,6,0.03208556149732621,1.0,1,0.0,1
blood,4,8,108,1,7,mass_budget_prefix,7,0,0,0,0.0,,0,,1
blood,4,8,123,0,8,mass_budget_prefix,5,1,11,11,0.058823529411764705,1.0,1,0.0,0
blood,4,8,141,1,7,mass_budget_prefix,7,0,3,3,0.016042780748663103,1.0,1,0.0,1
blood,4,8,155,1,7,mass_budget_prefix,6,1,7,7,0.0374331550802139,1.0,1,0.0,1
blood,4,8,198,0,6,mass_budget_prefix,6,0,2,2,0.0106951871657754,1.0,1,0.0,1
blood,4,8,228,1,8,mass_budget_prefix,8,0,13,13,0.06951871657754011,1.0,1,0.0,1
blood,4,8,240,1,6,mass_budget_prefix,5,1,8,6,0.0427807486631016,0.75,1,1.0,0
blood,4,8,269,0,6,mass_budget_prefix,6,0,4,4,0.0213903743315508,1.0,1,0.0,1
blood,4,8,310,1,5,mass_budget_prefix,5,0,4,4,0.0213903743315508,1.0,1,0.0,1
blood,4,8,449,1,4,mass_budget_prefix,4,0,21,21,0.11229946524064172,1.0,1,0.0,1
blood,4,8,529,1,8,mass_budget_prefix,6,1,5,5,0.026737967914438502,1.0,1,0.0,0
blood,4,8,581,1,7,mass_budget_prefix,6,1,7,7,0.0374331550802139,1.0,1,0.0,1
blood,4,8,604,1,7,mass_budget_prefix,7,0,0,0,0.0,,0,,1
blood,4,8,605,1,8,mass_budget_prefix,8,0,0,0,0.0,,0,,1
blood,4,8,679,1,4,mass_budget_prefix,4,0,21,21,0.11229946524064172,1.0,1,0.0,1
blood,4,8,705,1,5,mass_budget_prefix,5,0,14,14,0.0748663101604278,1.0,1,0.0,1
blood,4,8,720,1,4,mass_budget_prefix,4,0,21,21,0.11229946524064172,1.0,1,0.0,1
blood,4,8,727,1,6,mass_budget_prefix,6,0,4,4,0.0213903743315508,1.0,1,0.0,1
blood,5,4,11,0,4,mass_budget_prefix,4,0,1,1,0.0053475935828877,1.0,1,0.0,1
blood,5,4,32,0,4,mass_budget_prefix,4,0,19,19,0.10160427807486631,1.0,1,0.0,1
blood,5,4,80,0,4,mass_budget_prefix,4,0,19,19,0.10160427807486631,1.0,1,0.0,1
blood,5,4,138,0,4,mass_budget_prefix,4,0,19,19,0.10160427807486631,1.0,1,0.0,1
blood,5,4,145,1,4,mass_budget_prefix,4,0,13,13,0.06951871657754011,1.0,1,0.0,1
blood,5,4,261,1,4,mass_budget_prefix,4,0,10,10,0.053475935828877004,1.0,1,0.0,1
blood,5,4,296,1,4,mass_budget_prefix,4,0,10,10,0.053475935828877004,1.0,1,0.0,1
blood,5,4,343,1,4,mass_budget_prefix,4,0,19,19,0.10160427807486631,1.0,1,0.0,1
blood,5,4,371,1,3,mass_budget_prefix,3,0,27,27,0.1443850267379679,1.0,1,0.0,1
blood,5,4,372,1,4,mass_budget_prefix,4,0,4,4,0.0213903743315508,1.0,1,0.0,1
blood,5,4,531,0,4,mass_budget_prefix,4,0,19,19,0.10160427807486631,1.0,1,0.0,1
blood,5,4,566,1,4,mass_budget_prefix,4,0,34,34,0.18181818181818182,1.0,1,0.0,1
blood,5,4,567,1,4,mass_budget_prefix,4,0,34,34,0.18181818181818182,1.0,1,0.0,1
blood,5,4,584,1,4,mass_budget_prefix,4,0,28,28,0.1497326203208556,1.0,1,0.0,1
blood,5,4,595,1,4,mass_budget_prefix,4,0,34,34,0.18181818181818182,1.0,1,0.0,1
blood,5,4,601,1,4,mass_budget_prefix,4,0,34,34,0.18181818181818182,1.0,1,0.0,1
blood,5,4,606,1,4,mass_budget_prefix,4,0,34,34,0.18181818181818182,1.0,1,0.0,1
blood,5,4,623,1,4,mass_budget_prefix,4,0,10,10,0.053475935828877004,1.0,1,0.0,1
blood,5,4,739,1,3,mass_budget_prefix,3,0,27,27,0.1443850267379679,1.0,1,0.0,1
blood,5,4,740,1,4,mass_budget_prefix,4,0,6,6,0.03208556149732621,1.0,1,0.0,1
blood,5,8,11,0,4,mass_budget_prefix,4,0,1,1,0.0053475935828877,1.0,1,0.0,1
blood,5,8,32,0,6,mass_budget_prefix,6,0,2,2,0.0106951871657754,1.0,1,0.0,1
blood,5,8,80,1,8,mass_budget_prefix,7,1,4,4,0.0213903743315508,1.0,1,0.0,1
blood,5,8,138,1,8,mass_budget_prefix,8,0,0,0,0.0,,0,,1
blood,5,8,145,1,4,mass_budget_prefix,4,0,13,13,0.06951871657754011,1.0,1,0.0,1
blood,5,8,261,1,4,mass_budget_prefix,4,0,10,10,0.053475935828877004,1.0,1,0.0,1
blood,5,8,296,1,6,mass_budget_prefix,6,0,6,6,0.03208556149732621,1.0,1,0.0,1
blood,5,8,343,1,5,mass_budget_prefix,5,0,12,12,0.06417112299465241,1.0,1,0.0,1
blood,5,8,371,1,3,mass_budget_prefix,3,0,27,27,0.1443850267379679,1.0,1,0.0,1
blood,5,8,372,1,6,mass_budget_prefix,6,0,2,2,0.0106951871657754,1.0,1,0.0,1
blood,5,8,531,0,8,mass_budget_prefix,6,1,10,9,0.053475935828877004,0.9,1,1.0,0
blood,5,8,566,0,8,mass_budget_prefix,8,0,2,2,0.0106951871657754,1.0,1,0.0,1
blood,5,8,567,1,7,mass_budget_prefix,7,0,5,5,0.026737967914438502,1.0,1,0.0,1
blood,5,8,584,1,8,mass_budget_prefix,8,0,12,12,0.06417112299465241,1.0,1,0.0,1
blood,5,8,595,1,7,mass_budget_prefix,7,0,5,5,0.026737967914438502,1.0,1,0.0,1
blood,5,8,601,0,8,mass_budget_prefix,8,0,1,1,0.0053475935828877,1.0,1,0.0,1
blood,5,8,606,1,8,mass_budget_prefix,8,0,3,3,0.016042780748663103,1.0,1,0.0,1
blood,5,8,623,1,6,mass_budget_prefix,6,0,6,6,0.03208556149732621,1.0,1,0.0,1
blood,5,8,739,1,3,mass_budget_prefix,3,0,27,27,0.1443850267379679,1.0,1,0.0,1
blood,5,8,740,1,6,mass_budget_prefix,6,0,1,1,0.0053475935828877,1.0,1,0.0,1
blood,6,4,30,0,4,mass_budget_prefix,4,0,8,8,0.0427807486631016,1.0,1,0.0,1
blood,6,4,38,0,4,mass_budget_prefix,4,0,8,8,0.0427807486631016,1.0,1,0.0,1
blood,6,4,139,1,3,mass_budget_prefix,3,0,7,7,0.0374331550802139,1.0,1,0.0,1
blood,6,4,155,1,4,mass_budget_prefix,3,1,23,23,0.12299465240641712,1.0,1,0.0,1
blood,6,4,183,0,4,mass_budget_prefix,4,0,8,8,0.0427807486631016,1.0,1,0.0,1
blood,6,4,215,1,4,mass_budget_prefix,3,1,23,23,0.12299465240641712,1.0,1,0.0,1
blood,6,4,248,1,4,mass_budget_prefix,4,0,57,57,0.3048128342245989,1.0,1,0.0,1
blood,6,4,252,1,4,mass_budget_prefix,4,0,57,57,0.3048128342245989,1.0,1,0.0,1
blood,6,4,253,1,4,mass_budget_prefix,4,0,57,57,0.3048128342245989,1.0,1,0.0,1
blood,6,4,256,1,4,mass_budget_prefix,4,0,36,36,0.1925133689839572,1.0,1,0.0,1
blood,6,4,282,1,4,mass_budget_prefix,4,0,57,57,0.3048128342245989,1.0,1,0.0,1
blood,6,4,351,1,4,mass_budget_prefix,4,0,57,57,0.3048128342245989,1.0,1,0.0,1
blood,6,4,360,1,4,mass_budget_prefix,4,0,57,57,0.3048128342245989,1.0,1,0.0,1
blood,6,4,449,1,4,mass_budget_prefix,4,0,36,36,0.1925133689839572,1.0,1,0.0,1
blood,6,4,500,0,4,mass_budget_prefix,4,0,8,8,0.0427807486631016,1.0,1,0.0,1
blood,6,4,570,1,4,mass_budget_prefix,4,0,29,29,0.15508021390374332,1.0,1,0.0,1
blood,6,4,585,1,4,mass_budget_prefix,3,1,23,23,0.12299465240641712,1.0,1,0.0,1
blood,6,4,617,1,4,mass_budget_prefix,3,1,23,23,0.12299465240641712,1.0,1,0.0,1
blood,6,4,627,1,4,mass_budget_prefix,4,0,57,57,0.3048128342245989,1.0,1,0.0,1
blood,6,4,735,1,4,mass_budget_prefix,4,0,36,36,0.1925133689839572,1.0,1,0.0,1
blood,6,8,30,0,6,mass_budget_prefix,6,0,1,1,0.0053475935828877,1.0,1,0.0,1
blood,6,8,38,0,6,mass_budget_prefix,6,0,1,1,0.0053475935828877,1.0,1,0.0,1
blood,6,8,139,1,3,mass_budget_prefix,3,0,7,7,0.0374331550802139,1.0,1,0.0,1
blood,6,8,155,1,7,mass_budget_prefix,6,1,11,11,0.058823529411764705,1.0,1,0.0,1
blood,6,8,183,1,6,mass_budget_prefix,6,0,4,4,0.0213903743315508,1.0,1,0.0,1
blood,6,8,215,1,6,mass_budget_prefix,5,1,10,10,0.053475935828877004,1.0,1,0.0,1
blood,6,8,248,1,8,mass_budget_prefix,8,0,27,27,0.1443850267379679,1.0,1,0.0,1
blood,6,8,252,1,7,mass_budget_prefix,7,0,8,8,0.0427807486631016,1.0,1,0.0,1
blood,6,8,253,1,8,mass_budget_prefix,8,0,27,27,0.1443850267379679,1.0,1,0.0,1
blood,6,8,256,1,8,mass_budget_prefix,8,0,0,0,0.0,,0,,1
blood,6,8,282,1,8,mass_budget_prefix,8,0,27,27,0.1443850267379679,1.0,1,0.0,1
blood,6,8,351,1,8,mass_budget_prefix,8,0,27,27,0.1443850267379679,1.0,1,0.0,1
blood,6,8,360,0,7,mass_budget_prefix,7,0,2,2,0.0106951871657754,1.0,1,0.0,1
blood,6,8,449,1,6,mass_budget_prefix,6,0,16,16,0.0855614973262032,1.0,1,0.0,1
blood,6,8,500,1,6,mass_budget_prefix,6,0,4,4,0.0213903743315508,1.0,1,0.0,1
blood,6,8,570,1,7,mass_budget_prefix,7,0,3,3,0.016042780748663103,1.0,1,0.0,1
blood,6,8,585,1,7,mass_budget_prefix,6,1,11,11,0.058823529411764705,1.0,1,0.0,1
blood,6,8,617,1,6,mass_budget_prefix,5,1,10,10,0.053475935828877004,1.0,1,0.0,1
blood,6,8,627,1,8,mass_budget_prefix,8,0,27,27,0.1443850267379679,1.0,1,0.0,1
blood,6,8,735,1,8,mass_budget_prefix,7,1,8,8,0.0427807486631016,1.0,1,0.0,0
blood,7,4,105,1,4,mass_budget_prefix,4,0,9,9,0.0481283422459893,1.0,1,0.0,1
blood,7,4,188,1,4,mass_budget_prefix,3,1,68,67,0.36363636363636365,0.9852941176470589,1,0.0,0
blood,7,4,216,1,4,mass_budget_prefix,4,0,35,35,0.18716577540106952,1.0,1,0.0,1
blood,7,4,232,1,4,mass_budget_prefix,4,0,35,35,0.18716577540106952,1.0,1,0.0,1
blood,7,4,253,1,4,mass_budget_prefix,4,0,3,3,0.016042780748663103,1.0,1,0.0,1
blood,7,4,261,1,4,mass_budget_prefix,3,1,68,67,0.36363636363636365,0.9852941176470589,1,0.0,0
blood,7,4,277,1,4,mass_budget_prefix,4,0,35,35,0.18716577540106952,1.0,1,0.0,1
blood,7,4,285,1,4,mass_budget_prefix,3,1,9,9,0.0481283422459893,1.0,1,0.0,1
blood,7,4,299,1,4,mass_budget_prefix,4,0,9,9,0.0481283422459893,1.0,1,0.0,1
blood,7,4,382,1,4,mass_budget_prefix,4,0,9,9,0.0481283422459893,1.0,1,0.0,1
blood,7,4,499,1,4,mass_budget_prefix,4,0,16,16,0.0855614973262032,1.0,1,0.0,1
blood,7,4,518,0,4,mass_budget_prefix,4,0,6,6,0.03208556149732621,1.0,1,0.0,1
blood,7,4,542,1,4,mass_budget_prefix,4,0,9,9,0.0481283422459893,1.0,1,0.0,1
blood,7,4,569,1,4,mass_budget_prefix,4,0,25,25,0.13368983957219252,1.0,1,0.0,1
blood,7,4,580,1,4,mass_budget_prefix,4,0,35,35,0.18716577540106952,1.0,1,0.0,1
blood,7,4,619,1,4,mass_budget_prefix,4,0,35,35,0.18716577540106952,1.0,1,0.0,1
blood,7,4,644,1,4,mass_budget_prefix,4,0,9,9,0.0481283422459893,1.0,1,0.0,1
blood,7,4,686,1,4,mass_budget_prefix,3,1,68,67,0.36363636363636365,0.9852941176470589,1,0.0,0
blood,7,4,743,1,4,mass_budget_prefix,4,0,16,16,0.0855614973262032,1.0,1,0.0,1
blood,7,4,746,1,4,mass_budget_prefix,4,0,16,16,0.0855614973262032,1.0,1,0.0,1
blood,7,8,105,1,6,mass_budget_prefix,6,0,1,1,0.0053475935828877,1.0,1,0.0,1
blood,7,8,188,1,6,mass_budget_prefix,6,0,1,1,0.0053475935828877,1.0,1,0.0,1
blood,7,8,216,1,8,mass_budget_prefix,6,1,19,17,0.10160427807486631,0.8947368421052632,1,1.0,0
blood,7,8,232,1,8,mass_budget_prefix,6,1,19,17,0.10160427807486631,0.8947368421052632,1,1.0,0
blood,7,8,253,1,7,mass_budget_prefix,7,0,0,0,0.0,,0,,1
blood,7,8,261,1,8,mass_budget_prefix,8,0,6,6,0.03208556149732621,1.0,1,0.0,1
blood,7,8,277,1,8,mass_budget_prefix,7,1,10,9,0.053475935828877004,0.9,1,1.0,0
blood,7,8,285,1,5,mass_budget_prefix,5,0,6,6,0.03208556149732621,1.0,1,0.0,1
blood,7,8,299,1,4,mass_budget_prefix,4,0,9,9,0.0481283422459893,1.0,1,0.0,1
blood,7,8,382,1,4,mass_budget_prefix,4,0,9,9,0.0481283422459893,1.0,1,0.0,1
blood,7,8,499,1,5,mass_budget_prefix,5,0,7,7,0.0374331550802139,1.0,1,0.0,1
blood,7,8,518,0,4,mass_budget_prefix,4,0,6,6,0.03208556149732621,1.0,1,0.0,1
blood,7,8,542,1,6,mass_budget_prefix,6,0,1,1,0.0053475935828877,1.0,1,0.0,1
blood,7,8,569,0,8,mass_budget_prefix,7,1,2,2,0.0106951871657754,1.0,1,0.0,0
blood,7,8,580,1,8,mass_budget_prefix,6,1,19,17,0.10160427807486631,0.8947368421052632,1,1.0,0
blood,7,8,619,1,8,mass_budget_prefix,6,1,19,17,0.10160427807486631,0.8947368421052632,1,1.0,0
blood,7,8,644,1,4,mass_budget_prefix,4,0,9,9,0.0481283422459893,1.0,1,0.0,1
blood,7,8,686,1,8,mass_budget_prefix,8,0,23,23,0.12299465240641712,1.0,1,0.0,1
blood,7,8,743,1,5,mass_budget_prefix,5,0,7,7,0.0374331550802139,1.0,1,0.0,1
blood,7,8,746,1,5,mass_budget_prefix,5,0,7,7,0.0374331550802139,1.0,1,0.0,1
blood,8,4,16,0,4,mass_budget_prefix,4,0,8,8,0.0427807486631016,1.0,1,0.0,1
blood,8,4,138,1,4,mass_budget_prefix,4,0,44,44,0.23529411764705882,1.0,1,0.0,1
blood,8,4,140,1,4,mass_budget_prefix,4,0,4,4,0.0213903743315508,1.0,1,0.0,1
blood,8,4,162,1,4,mass_budget_prefix,4,0,24,24,0.12834224598930483,1.0,1,0.0,1
blood,8,4,176,1,4,mass_budget_prefix,4,0,24,24,0.12834224598930483,1.0,1,0.0,1
blood,8,4,182,1,4,mass_budget_prefix,4,0,15,15,0.08021390374331551,1.0,1,0.0,1
blood,8,4,211,1,4,mass_budget_prefix,4,0,24,24,0.12834224598930483,1.0,1,0.0,1
blood,8,4,222,1,4,mass_budget_prefix,4,0,24,24,0.12834224598930483,1.0,1,0.0,1
blood,8,4,292,1,4,mass_budget_prefix,4,0,44,44,0.23529411764705882,1.0,1,0.0,1
blood,8,4,316,1,4,mass_budget_prefix,4,0,24,24,0.12834224598930483,1.0,1,0.0,1
blood,8,4,363,1,2,mass_budget_prefix,2,0,27,27,0.1443850267379679,1.0,1,0.0,1
blood,8,4,460,1,2,mass_budget_prefix,2,0,27,27,0.1443850267379679,1.0,1,0.0,1
blood,8,4,487,1,2,mass_budget_prefix,2,0,27,27,0.1443850267379679,1.0,1,0.0,1
blood,8,4,492,1,2,mass_budget_prefix,2,0,27,27,0.1443850267379679,1.0,1,0.0,1
blood,8,4,520,0,4,mass_budget_prefix,4,0,8,8,0.0427807486631016,1.0,1,0.0,1
blood,8,4,607,1,4,mass_budget_prefix,4,0,15,15,0.08021390374331551,1.0,1,0.0,1
blood,8,4,624,1,4,mass_budget_prefix,4,0,24,24,0.12834224598930483,1.0,1,0.0,1
blood,8,4,628,1,4,mass_budget_prefix,4,0,15,15,0.08021390374331551,1.0,1,0.0,1
blood,8,4,661,1,4,mass_budget_prefix,4,0,24,24,0.12834224598930483,1.0,1,0.0,1
blood,8,4,739,1,2,mass_budget_prefix,2,0,27,27,0.1443850267379679,1.0,1,0.0,1
blood,8,8,16,0,6,mass_budget_prefix,6,0,3,3,0.016042780748663103,1.0,1,0.0,1
blood,8,8,138,1,6,mass_budget_prefix,6,0,1,1,0.0053475935828877,1.0,1,0.0,1
blood,8,8,140,1,5,mass_budget_prefix,5,0,1,1,0.0053475935828877,1.0,1,0.0,1
blood,8,8,162,1,8,mass_budget_prefix,7,1,21,21,0.11229946524064172,1.0,1,0.0,1
blood,8,8,176,1,7,mass_budget_prefix,7,0,0,0,0.0,,0,,1
blood,8,8,182,1,8,mass_budget_prefix,7,1,4,4,0.0213903743315508,1.0,1,0.0,0
blood,8,8,211,1,8,mass_budget_prefix,7,1,21,21,0.11229946524064172,1.0,1,0.0,1
blood,8,8,222,1,8,mass_budget_prefix,7,1,21,21,0.11229946524064172,1.0,1,0.0,1
blood,8,8,292,1,8,mass_budget_prefix,8,0,15,15,0.08021390374331551,1.0,1,0.0,1
blood,8,8,316,1,5,mass_budget_prefix,5,0,23,23,0.12299465240641712,1.0,1,0.0,1
blood,8,8,363,1,2,mass_budget_prefix,2,0,27,27,0.1443850267379679,1.0,1,0.0,1
blood,8,8,460,1,2,mass_budget_prefix,2,0,27,27,0.1443850267379679,1.0,1,0.0,1
blood,8,8,487,1,2,mass_budget_prefix,2,0,27,27,0.1443850267379679,1.0,1,0.0,1
blood,8,8,492,1,2,mass_budget_prefix,2,0,27,27,0.1443850267379679,1.0,1,0.0,1
blood,8,8,520,1,5,mass_budget_prefix,5,0,4,4,0.0213903743315508,1.0,1,0.0,1
blood,8,8,607,1,7,mass_budget_prefix,7,0,1,1,0.0053475935828877,1.0,1,0.0,1
blood,8,8,624,1,6,mass_budget_prefix,6,0,1,1,0.0053475935828877,1.0,1,0.0,1
blood,8,8,628,0,8,mass_budget_prefix,8,0,0,0,0.0,,0,,1
blood,8,8,661,1,5,mass_budget_prefix,5,0,23,23,0.12299465240641712,1.0,1,0.0,1
blood,8,8,739,1,2,mass_budget_prefix,2,0,27,27,0.1443850267379679,1.0,1,0.0,1
blood,9,4,2,1,4,mass_budget_prefix,3,1,33,30,0.17647058823529413,0.9090909090909091,1,1.0,0
blood,9,4,12,0,4,mass_budget_prefix,4,0,10,10,0.053475935828877004,1.0,1,0.0,1
blood,9,4,31,0,4,mass_budget_prefix,4,0,10,10,0.053475935828877004,1.0,1,0.0,1
blood,9,4,86,1,4,mass_budget_prefix,4,0,45,45,0.24064171122994651,1.0,1,0.0,1
blood,9,4,104,0,4,mass_budget_prefix,4,0,9,9,0.0481283422459893,1.0,1,0.0,1
blood,9,4,131,1,4,mass_budget_prefix,3,1,33,30,0.17647058823529413,0.9090909090909091,1,1.0,0
blood,9,4,142,1,4,mass_budget_prefix,4,0,45,45,0.24064171122994651,1.0,1,0.0,1
blood,9,4,155,1,4,mass_budget_prefix,4,0,45,45,0.24064171122994651,1.0,1,0.0,1
blood,9,4,173,1,4,mass_budget_prefix,4,0,45,45,0.24064171122994651,1.0,1,0.0,1
blood,9,4,185,1,4,mass_budget_prefix,3,1,66,65,0.35294117647058826,0.9848484848484849,1,0.0,0
blood,9,4,310,1,4,mass_budget_prefix,3,1,66,65,0.35294117647058826,0.9848484848484849,1,0.0,0
blood,9,4,362,1,4,mass_budget_prefix,4,0,3,3,0.016042780748663103,1.0,1,0.0,1
blood,9,4,422,1,4,mass_budget_prefix,3,1,66,65,0.35294117647058826,0.9848484848484849,1,0.0,0
blood,9,4,458,1,4,mass_budget_prefix,3,1,66,65,0.35294117647058826,0.9848484848484849,1,0.0,0
blood,9,4,516,0,4,mass_budget_prefix,4,0,9,9,0.0481283422459893,1.0,1,0.0,1
blood,9,4,533,1,4,mass_budget_prefix,4,0,45,45,0.24064171122994651,1.0,1,0.0,1
blood,9,4,538,1,4,mass_budget_prefix,3,1,33,30,0.17647058823529413,0.9090909090909091,1,1.0,0
blood,9,4,550,1,4,mass_budget_prefix,4,0,45,45,0.24064171122994651,1.0,1,0.0,1
blood,9,4,715,1,4,mass_budget_prefix,3,1,66,65,0.35294117647058826,0.9848484848484849,1,0.0,0
blood,9,4,725,1,4,mass_budget_prefix,3,1,66,65,0.35294117647058826,0.9848484848484849,1,0.0,0
blood,9,8,2,1,7,mass_budget_prefix,7,0,0,0,0.0,,0,,1
blood,9,8,12,0,6,mass_budget_prefix,6,0,5,5,0.026737967914438502,1.0,1,0.0,1
blood,9,8,31,0,6,mass_budget_prefix,6,0,5,5,0.026737967914438502,1.0,1,0.0,1
blood,9,8,86,1,8,mass_budget_prefix,8,0,20,20,0.10695187165775401,1.0,1,0.0,1
blood,9,8,104,0,8,mass_budget_prefix,8,0,5,5,0.026737967914438502,1.0,1,0.0,1
blood,9,8,131,1,8,mass_budget_prefix,7,1,7,7,0.0374331550802139,1.0,1,0.0,1
blood,9,8,142,1,8,mass_budget_prefix,8,0,20,20,0.10695187165775401,1.0,1,0.0,1
blood,9,8,155,1,8,mass_budget_prefix,8,0,17,17,0.09090909090909091,1.0,1,0.0,1
blood,9,8,173,1,8,mass_budget_prefix,8,0,17,17,0.09090909090909091,1.0,1,0.0,1
blood,9,8,185,1,8,mass_budget_prefix,8,0,23,23,0.12299465240641712,1.0,1,0.0,1
blood,9,8,310,1,7,mass_budget_prefix,6,1,4,2,0.0213903743315508,0.5,1,1.0,0
blood,9,8,362,0,8,mass_budget_prefix,8,0,1,1,0.0053475935828877,1.0,1,0.0,1
blood,9,8,422,0,8,mass_budget_prefix,8,0,3,3,0.016042780748663103,1.0,1,0.0,1
blood,9,8,458,1,8,mass_budget_prefix,8,0,13,13,0.06951871657754011,1.0,1,0.0,1
blood,9,8,516,1,7,mass_budget_prefix,7,0,3,3,0.016042780748663103,1.0,1,0.0,1
blood,9,8,533,1,8,mass_budget_prefix,8,0,17,17,0.09090909090909091,1.0,1,0.0,1
blood,9,8,538,1,8,mass_budget_prefix,8,0,3,3,0.016042780748663103,1.0,1,0.0,1
blood,9,8,550,1,8,mass_budget_prefix,8,0,20,20,0.10695187165775401,1.0,1,0.0,1
blood,9,8,715,1,6,mass_budget_prefix,6,0,14,14,0.0748663101604278,1.0,1,0.0,1
blood,9,8,725,1,8,mass_budget_prefix,8,0,13,13,0.06951871657754011,1.0,1,0.0,1
diabetes,0,4,17,1,4,mass_budget_prefix,4,0,47,47,0.24479166666666666,1.0,1,0.0,1
diabetes,0,4,47,1,4,mass_budget_prefix,3,1,46,45,0.23958333333333334,0.9782608695652174,1,0.0,0
diabetes,0,4,87,1,4,mass_budget_prefix,4,0,47,47,0.24479166666666666,1.0,1,0.0,1
diabetes,0,4,96,1,4,mass_budget_prefix,3,1,28,22,0.14583333333333334,0.7857142857142857,1,1.0,0
diabetes,0,4,142,1,4,mass_budget_prefix,4,0,47,47,0.24479166666666666,1.0,1,0.0,1
diabetes,0,4,171,1,4,mass_budget_prefix,4,0,47,47,0.24479166666666666,1.0,1,0.0,1
diabetes,0,4,381,1,4,mass_budget_prefix,3,1,46,45,0.23958333333333334,0.9782608695652174,1,0.0,0
diabetes,0,4,444,1,4,mass_budget_prefix,4,0,47,47,0.24479166666666666,1.0,1,0.0,1
diabetes,0,4,452,1,4,mass_budget_prefix,3,1,28,22,0.14583333333333334,0.7857142857142857,1,1.0,0
diabetes,0,4,481,1,4,mass_budget_prefix,4,0,47,47,0.24479166666666666,1.0,1,0.0,1
diabetes,0,4,482,1,4,mass_budget_prefix,3,1,46,45,0.23958333333333334,0.9782608695652174,1,0.0,0
diabetes,0,4,496,1,4,mass_budget_prefix,3,1,46,45,0.23958333333333334,0.9782608695652174,1,0.0,0
diabetes,0,4,508,0,4,mass_budget_prefix,4,0,6,6,0.03125,1.0,1,0.0,1
diabetes,0,4,546,0,4,mass_budget_prefix,3,1,22,22,0.11458333333333333,1.0,1,0.0,1
diabetes,0,4,588,0,4,mass_budget_prefix,3,1,22,22,0.11458333333333333,1.0,1,0.0,1
diabetes,0,4,623,1,4,mass_budget_prefix,3,1,28,22,0.14583333333333334,0.7857142857142857,1,1.0,0
diabetes,0,4,662,0,4,mass_budget_prefix,4,0,5,5,0.026041666666666668,1.0,1,0.0,1
diabetes,0,4,670,0,4,mass_budget_prefix,3,1,22,22,0.11458333333333333,1.0,1,0.0,1
diabetes,0,4,703,0,4,mass_budget_prefix,4,0,37,37,0.19270833333333334,1.0,1,0.0,1
diabetes,0,4,761,0,4,mass_budget_prefix,3,1,22,22,0.11458333333333333,1.0,1,0.0,1
diabetes,0,8,17,1,8,mass_budget_prefix,7,1,39,39,0.203125,1.0,1,0.0,0
diabetes,0,8,47,1,6,mass_budget_prefix,6,0,30,30,0.15625,1.0,1,0.0,1
diabetes,0,8,87,1,8,mass_budget_prefix,7,1,39,39,0.203125,1.0,1,0.0,0
diabetes,0,8,96,1,7,mass_budget_prefix,7,0,1,1,0.005208333333333333,1.0,1,0.0,1
diabetes,0,8,142,1,8,mass_budget_prefix,7,1,39,39,0.203125,1.0,1,0.0,0
diabetes,0,8,171,1,8,mass_budget_prefix,7,1,39,39,0.203125,1.0,1,0.0,0
diabetes,0,8,381,1,6,mass_budget_prefix,6,0,30,30,0.15625,1.0,1,0.0,1
diabetes,0,8,444,1,8,mass_budget_prefix,7,1,39,39,0.203125,1.0,1,0.0,0
diabetes,0,8,452,1,6,mass_budget_prefix,6,0,18,18,0.09375,1.0,1,0.0,1
diabetes,0,8,481,1,8,mass_budget_prefix,7,1,39,39,0.203125,1.0,1,0.0,0
diabetes,0,8,482,1,6,mass_budget_prefix,6,0,30,30,0.15625,1.0,1,0.0,1
diabetes,0,8,496,1,8,mass_budget_prefix,7,1,10,10,0.052083333333333336,1.0,1,0.0,0
diabetes,0,8,508,0,5,mass_budget_prefix,5,0,4,4,0.020833333333333332,1.0,1,0.0,1
diabetes,0,8,546,0,4,mass_budget_prefix,3,1,22,21,0.11458333333333333,0.9545454545454546,1,0.0,0
diabetes,0,8,588,0,4,mass_budget_prefix,3,1,22,21,0.11458333333333333,0.9545454545454546,1,0.0,0
diabetes,0,8,623,1,6,mass_budget_prefix,6,0,18,18,0.09375,1.0,1,0.0,1
diabetes,0,8,662,1,7,mass_budget_prefix,7,0,1,1,0.005208333333333333,1.0,1,0.0,1
diabetes,0,8,670,0,4,mass_budget_prefix,3,1,22,21,0.11458333333333333,0.9545454545454546,1,0.0,0
diabetes,0,8,703,0,7,mass_budget_prefix,7,0,2,2,0.010416666666666666,1.0,1,0.0,1
diabetes,0,8,761,0,4,mass_budget_prefix,3,1,22,21,0.11458333333333333,0.9545454545454546,1,0.0,0
diabetes,1,4,139,1,4,mass_budget_prefix,4,0,31,31,0.16145833333333334,1.0,1,0.0,1
diabetes,1,4,151,1,4,mass_budget_prefix,4,0,28,28,0.14583333333333334,1.0,1,0.0,1
diabetes,1,4,166,1,4,mass_budget_prefix,4,0,41,41,0.21354166666666666,1.0,1,0.0,1
diabetes,1,4,174,1,4,mass_budget_prefix,4,0,31,31,0.16145833333333334,1.0,1,0.0,1
diabetes,1,4,203,1,4,mass_budget_prefix,4,0,28,28,0.14583333333333334,1.0,1,0.0,1
diabetes,1,4,242,1,4,mass_budget_prefix,4,0,28,28,0.14583333333333334,1.0,1,0.0,1
diabetes,1,4,257,1,4,mass_budget_prefix,4,0,41,41,0.21354166666666666,1.0,1,0.0,1
diabetes,1,4,281,0,4,mass_budget_prefix,4,0,38,38,0.19791666666666666,1.0,1,0.0,1
diabetes,1,4,328,1,4,mass_budget_prefix,4,0,25,25,0.13020833333333334,1.0,1,0.0,1
diabetes,1,4,331,1,4,mass_budget_prefix,4,0,25,25,0.13020833333333334,1.0,1,0.0,1
diabetes,1,4,419,1,4,mass_budget_prefix,4,0,28,28,0.14583333333333334,1.0,1,0.0,1
diabetes,1,4,424,0,4,mass_budget_prefix,4,0,38,38,0.19791666666666666,1.0,1,0.0,1
diabetes,1,4,475,0,4,mass_budget_prefix,4,0,38,38,0.19791666666666666,1.0,1,0.0,1
diabetes,1,4,496,1,4,mass_budget_prefix,4,0,28,28,0.14583333333333334,1.0,1,0.0,1
diabetes,1,4,497,1,4,mass_budget_prefix,4,0,25,25,0.13020833333333334,1.0,1,0.0,1
diabetes,1,4,509,1,4,mass_budget_prefix,4,0,0,0,0.0,,0,,1
diabetes,1,4,626,1,4,mass_budget_prefix,4,0,28,28,0.14583333333333334,1.0,1,0.0,1
diabetes,1,4,683,1,4,mass_budget_prefix,4,0,41,41,0.21354166666666666,1.0,1,0.0,1
diabetes,1,4,715,0,4,mass_budget_prefix,3,1,21,20,0.109375,0.9523809523809523,1,0.0,0
diabetes,1,4,749,0,4,mass_budget_prefix,4,0,0,0,0.0,,0,,1
diabetes,1,8,139,1,5,mass_budget_prefix,5,0,6,6,0.03125,1.0,1,0.0,1
diabetes,1,8,151,1,4,mass_budget_prefix,4,0,28,28,0.14583333333333334,1.0,1,0.0,1
diabetes,1,8,166,0,8,mass_budget_prefix,8,0,0,0,0.0,,0,,1
diabetes,1,8,174,1,8,mass_budget_prefix,7,1,23,22,0.11979166666666667,0.9565217391304348,1,0.0,0
diabetes,1,8,203,1,4,mass_budget_prefix,4,0,28,28,0.14583333333333334,1.0,1,0.0,1
diabetes,1,8,242,1,4,mass_budget_prefix,4,0,28,28,0.14583333333333334,1.0,1,0.0,1
diabetes,1,8,257,1,8,mass_budget_prefix,8,0,18,18,0.09375,1.0,1,0.0,1
diabetes,1,8,281,1,8,mass_budget_prefix,7,1,23,22,0.11979166666666667,0.9565217391304348,1,0.0,0
diabetes,1,8,328,1,6,mass_budget_prefix,6,0,20,20,0.10416666666666667,1.0,1,0.0,1
diabetes,1,8,331,1,6,mass_budget_prefix,6,0,20,20,0.10416666666666667,1.0,1,0.0,1
diabetes,1,8,419,1,4,mass_budget_prefix,4,0,28,28,0.14583333333333334,1.0,1,0.0,1
diabetes,1,8,424,0,7,mass_budget_prefix,7,0,2,2,0.010416666666666666,1.0,1,0.0,1
diabetes,1,8,475,1,8,mass_budget_prefix,7,1,23,22,0.11979166666666667,0.9565217391304348,1,0.0,0
diabetes,1,8,496,1,4,mass_budget_prefix,4,0,28,28,0.14583333333333334,1.0,1,0.0,1
diabetes,1,8,497,1,6,mass_budget_prefix,6,0,20,20,0.10416666666666667,1.0,1,0.0,1
diabetes,1,8,509,0,5,mass_budget_prefix,5,0,0,0,0.0,,0,,1
diabetes,1,8,626,1,4,mass_budget_prefix,4,0,28,28,0.14583333333333334,1.0,1,0.0,1
diabetes,1,8,683,0,8,mass_budget_prefix,8,0,4,4,0.020833333333333332,1.0,1,0.0,1
diabetes,1,8,715,0,8,mass_budget_prefix,8,0,2,2,0.010416666666666666,1.0,1,0.0,1
diabetes,1,8,749,0,3,mass_budget_prefix,3,0,1,1,0.005208333333333333,1.0,1,0.0,1
diabetes,2,4,29,1,4,mass_budget_prefix,4,0,34,34,0.17708333333333334,1.0,1,0.0,1
diabetes,2,4,84,0,4,mass_budget_prefix,3,1,29,27,0.15104166666666666,0.9310344827586207,1,1.0,0
diabetes,2,4,134,1,4,mass_budget_prefix,4,0,71,71,0.3697916666666667,1.0,1,0.0,1
diabetes,2,4,146,1,4,mass_budget_prefix,4,0,34,34,0.17708333333333334,1.0,1,0.0,1
diabetes,2,4,155,0,4,mass_budget_prefix,3,1,29,27,0.15104166666666666,0.9310344827586207,1,1.0,0
diabetes,2,4,166,0,4,mass_budget_prefix,3,1,29,27,0.15104166666666666,0.9310344827586207,1,1.0,0
diabetes,2,4,253,1,4,mass_budget_prefix,4,0,71,71,0.3697916666666667,1.0,1,0.0,1
diabetes,2,4,262,1,4,mass_budget_prefix,4,0,71,71,0.3697916666666667,1.0,1,0.0,1
diabetes,2,4,293,0,4,mass_budget_prefix,3,1,29,27,0.15104166666666666,0.9310344827586207,1,1.0,0
diabetes,2,4,302,1,4,mass_budget_prefix,4,0,34,34,0.17708333333333334,1.0,1,0.0,1
diabetes,2,4,353,1,4,mass_budget_prefix,4,0,71,71,0.3697916666666667,1.0,1,0.0,1
diabetes,2,4,383,1,4,mass_budget_prefix,4,0,6,6,0.03125,1.0,1,0.0,1
diabetes,2,4,385,1,4,mass_budget_prefix,4,0,71,71,0.3697916666666667,1.0,1,0.0,1
diabetes,2,4,466,1,4,mass_budget_prefix,4,0,71,71,0.3697916666666667,1.0,1,0.0,1
diabetes,2,4,472,1,4,mass_budget_prefix,4,0,71,71,0.3697916666666667,1.0,1,0.0,1
diabetes,2,4,560,1,4,mass_budget_prefix,4,0,34,34,0.17708333333333334,1.0,1,0.0,1
diabetes,2,4,595,0,4,mass_budget_prefix,3,1,14,14,0.07291666666666667,1.0,1,0.0,0
diabetes,2,4,630,0,4,mass_budget_prefix,4,0,9,9,0.046875,1.0,1,0.0,1
diabetes,2,4,642,1,4,mass_budget_prefix,4,0,14,14,0.07291666666666667,1.0,1,0.0,1
diabetes,2,4,654,1,4,mass_budget_prefix,4,0,71,71,0.3697916666666667,1.0,1,0.0,1
diabetes,2,8,29,0,8,mass_budget_prefix,8,0,9,9,0.046875,1.0,1,0.0,1
diabetes,2,8,84,0,8,mass_budget_prefix,8,0,0,0,0.0,,0,,1
diabetes,2,8,134,1,5,mass_budget_prefix,5,0,45,45,0.234375,1.0,1,0.0,1
diabetes,2,8,146,1,5,mass_budget_prefix,5,0,14,14,0.07291666666666667,1.0,1,0.0,1
diabetes,2,8,155,0,8,mass_budget_prefix,8,0,18,18,0.09375,1.0,1,0.0,1
diabetes,2,8,166,0,7,mass_budget_prefix,7,0,0,0,0.0,,0,,1
diabetes,2,8,253,1,7,mass_budget_prefix,7,0,14,14,0.07291666666666667,1.0,1,0.0,1
diabetes,2,8,262,1,7,mass_budget_prefix,7,0,14,14,0.07291666666666667,1.0,1,0.0,1
diabetes,2,8,293,0,8,mass_budget_prefix,8,0,18,18,0.09375,1.0,1,0.0,1
diabetes,2,8,302,1,5,mass_budget_prefix,5,0,14,14,0.07291666666666667,1.0,1,0.0,1
diabetes,2,8,353,1,5,mass_budget_prefix,5,0,45,45,0.234375,1.0,1,0.0,1
diabetes,2,8,383,1,5,mass_budget_prefix,5,0,4,4,0.020833333333333332,1.0,1,0.0,1
diabetes,2,8,385,1,5,mass_budget_prefix,5,0,45,45,0.234375,1.0,1,0.0,1
diabetes,2,8,466,1,5,mass_budget_prefix,5,0,45,45,0.234375,1.0,1,0.0,1
diabetes,2,8,472,1,8,mass_budget_prefix,8,0,9,9,0.046875,1.0,1,0.0,1
diabetes,2,8,560,1,6,mass_budget_prefix,6,0,2,2,0.010416666666666666,1.0,1,0.0,1
diabetes,2,8,595,0,5,mass_budget_prefix,3,1,14,14,0.07291666666666667,1.0,1,0.0,0
diabetes,2,8,630,0,8,mass_budget_prefix,8,0,1,1,0.005208333333333333,1.0,1,0.0,1
diabetes,2,8,642,1,5,mass_budget_prefix,5,0,11,11,0.057291666666666664,1.0,1,0.0,1
diabetes,2,8,654,1,7,mass_budget_prefix,7,0,14,14,0.07291666666666667,1.0,1,0.0,1
diabetes,3,4,33,1,4,mass_budget_prefix,4,0,11,11,0.057291666666666664,1.0,1,0.0,1
diabetes,3,4,47,1,4,mass_budget_prefix,4,0,42,42,0.21875,1.0,1,0.0,1
diabetes,3,4,94,1,4,mass_budget_prefix,4,0,0,0,0.0,,0,,1
diabetes,3,4,165,1,4,mass_budget_prefix,4,0,56,56,0.2916666666666667,1.0,1,0.0,1
diabetes,3,4,175,0,4,mass_budget_prefix,4,0,23,23,0.11979166666666667,1.0,1,0.0,1
diabetes,3,4,186,0,4,mass_budget_prefix,4,0,23,23,0.11979166666666667,1.0,1,0.0,1
diabetes,3,4,200,1,4,mass_budget_prefix,4,0,5,5,0.026041666666666668,1.0,1,0.0,1
diabetes,3,4,342,1,4,mass_budget_prefix,4,0,42,42,0.21875,1.0,1,0.0,1
diabetes,3,4,370,0,4,mass_budget_prefix,4,0,23,23,0.11979166666666667,1.0,1,0.0,1
diabetes,3,4,403,1,4,mass_budget_prefix,4,0,56,56,0.2916666666666667,1.0,1,0.0,1
diabetes,3,4,409,0,4,mass_budget_prefix,4,0,23,23,0.11979166666666667,1.0,1,0.0,1
diabetes,3,4,413,1,4,mass_budget_prefix,4,0,3,3,0.015625,1.0,1,0.0,1
diabetes,3,4,436,0,4,mass_budget_prefix,4,0,28,28,0.14583333333333334,1.0,1,0.0,1
diabetes,3,4,501,1,4,mass_budget_prefix,4,0,56,56,0.2916666666666667,1.0,1,0.0,1
diabetes,3,4,533,1,4,mass_budget_prefix,4,0,56,56,0.2916666666666667,1.0,1,0.0,1
diabetes,3,4,541,1,4,mass_budget_prefix,4,0,56,56,0.2916666666666667,1.0,1,0.0,1
diabetes,3,4,566,1,4,mass_budget_prefix,4,0,42,42,0.21875,1.0,1,0.0,1
diabetes,3,4,581,1,4,mass_budget_prefix,4,0,11,11,0.057291666666666664,1.0,1,0.0,1
diabetes,3,4,612,0,4,mass_budget_prefix,4,0,23,23,0.11979166666666667,1.0,1,0.0,1
diabetes,3,4,645,0,4,mass_budget_prefix,4,0,23,23,0.11979166666666667,1.0,1,0.0,1
diabetes,3,8,33,1,4,mass_budget_prefix,4,0,11,11,0.057291666666666664,1.0,1,0.0,1
diabetes,3,8,47,1,4,mass_budget_prefix,4,0,42,42,0.21875,1.0,1,0.0,1
diabetes,3,8,94,0,8,mass_budget_prefix,8,0,0,0,0.0,,0,,1
diabetes,3,8,165,1,6,mass_budget_prefix,6,0,4,4,0.020833333333333332,1.0,1,0.0,1
diabetes,3,8,175,0,7,mass_budget_prefix,7,0,17,17,0.08854166666666667,1.0,1,0.0,1
diabetes,3,8,186,0,7,mass_budget_prefix,7,0,17,17,0.08854166666666667,1.0,1,0.0,1
diabetes,3,8,200,1,5,mass_budget_prefix,4,1,5,4,0.026041666666666668,0.8,1,1.0,0
diabetes,3,8,342,1,4,mass_budget_prefix,4,0,42,42,0.21875,1.0,1,0.0,1
diabetes,3,8,370,1,5,mass_budget_prefix,5,0,1,1,0.005208333333333333,1.0,1,0.0,1
diabetes,3,8,403,1,7,mass_budget_prefix,7,0,15,15,0.078125,1.0,1,0.0,1
diabetes,3,8,409,0,7,mass_budget_prefix,7,0,17,17,0.08854166666666667,1.0,1,0.0,1
diabetes,3,8,413,1,5,mass_budget_prefix,5,0,3,3,0.015625,1.0,1,0.0,1
diabetes,3,8,436,0,5,mass_budget_prefix,5,0,1,1,0.005208333333333333,1.0,1,0.0,1
diabetes,3,8,501,1,7,mass_budget_prefix,7,0,15,15,0.078125,1.0,1,0.0,1
diabetes,3,8,533,1,7,mass_budget_prefix,7,0,15,15,0.078125,1.0,1,0.0,1
diabetes,3,8,541,0,8,mass_budget_prefix,8,0,4,4,0.020833333333333332,1.0,1,0.0,1
diabetes,3,8,566,1,4,mass_budget_prefix,4,0,42,42,0.21875,1.0,1,0.0,1
diabetes,3,8,581,1,4,mass_budget_prefix,4,0,11,11,0.057291666666666664,1.0,1,0.0,1
diabetes,3,8,612,0,7,mass_budget_prefix,7,0,17,17,0.08854166666666667,1.0,1,0.0,1
diabetes,3,8,645,0,7,mass_budget_prefix,7,0,1,1,0.005208333333333333,1.0,1,0.0,1
diabetes,4,4,11,0,4,mass_budget_prefix,4,0,31,31,0.16145833333333334,1.0,1,0.0,1
diabetes,4,4,19,1,4,mass_budget_prefix,3,1,58,57,0.3020833333333333,0.9827586206896551,1,0.0,0
diabetes,4,4,46,0,4,mass_budget_prefix,4,0,7,7,0.036458333333333336,1.0,1,0.0,1
diabetes,4,4,48,1,4,mass_budget_prefix,3,1,23,14,0.11979166666666667,0.6086956521739131,1,1.0,0
diabetes,4,4,83,1,3,mass_budget_prefix,3,0,29,29,0.15104166666666666,1.0,1,0.0,1
diabetes,4,4,119,1,3,mass_budget_prefix,3,0,29,29,0.15104166666666666,1.0,1,0.0,1
diabetes,4,4,160,0,4,mass_budget_prefix,4,0,7,7,0.036458333333333336,1.0,1,0.0,1
diabetes,4,4,175,0,4,mass_budget_prefix,4,0,31,31,0.16145833333333334,1.0,1,0.0,1
diabetes,4,4,277,1,4,mass_budget_prefix,3,1,58,57,0.3020833333333333,0.9827586206896551,1,0.0,0
diabetes,4,4,287,1,4,mass_budget_prefix,3,1,58,57,0.3020833333333333,0.9827586206896551,1,0.0,0
diabetes,4,4,331,1,4,mass_budget_prefix,3,1,58,57,0.3020833333333333,0.9827586206896551,1,0.0,0
diabetes,4,4,351,1,4,mass_budget_prefix,4,0,17,17,0.08854166666666667,1.0,1,0.0,1
diabetes,4,4,475,1,4,mass_budget_prefix,4,0,11,11,0.057291666666666664,1.0,1,0.0,1
diabetes,4,4,539,1,4,mass_budget_prefix,4,0,17,17,0.08854166666666667,1.0,1,0.0,1
diabetes,4,4,562,1,4,mass_budget_prefix,3,1,58,57,0.3020833333333333,0.9827586206896551,1,0.0,0
diabetes,4,4,621,0,4,mass_budget_prefix,4,0,1,1,0.005208333333333333,1.0,1,0.0,1
diabetes,4,4,704,1,4,mass_budget_prefix,3,1,58,57,0.3020833333333333,0.9827586206896551,1,0.0,0
diabetes,4,4,708,0,4,mass_budget_prefix,4,0,31,31,0.16145833333333334,1.0,1,0.0,1
diabetes,4,4,751,1,4,mass_budget_prefix,3,1,58,57,0.3020833333333333,0.9827586206896551,1,0.0,0
diabetes,4,4,756,1,4,mass_budget_prefix,4,0,17,17,0.08854166666666667,1.0,1,0.0,1
diabetes,4,8,11,0,6,mass_budget_prefix,6,0,16,16,0.08333333333333333,1.0,1,0.0,1
diabetes,4,8,19,1,8,mass_budget_prefix,8,0,18,18,0.09375,1.0,1,0.0,1
diabetes,4,8,46,0,7,mass_budget_prefix,7,0,2,2,0.010416666666666666,1.0,1,0.0,1
diabetes,4,8,48,1,7,mass_budget_prefix,7,0,8,8,0.041666666666666664,1.0,1,0.0,1
diabetes,4,8,83,1,3,mass_budget_prefix,3,0,29,29,0.15104166666666666,1.0,1,0.0,1
diabetes,4,8,119,1,3,mass_budget_prefix,3,0,29,29,0.15104166666666666,1.0,1,0.0,1
diabetes,4,8,160,0,6,mass_budget_prefix,4,1,7,6,0.036458333333333336,0.8571428571428571,1,1.0,0
diabetes,4,8,175,0,6,mass_budget_prefix,6,0,16,16,0.08333333333333333,1.0,1,0.0,1
diabetes,4,8,277,1,8,mass_budget_prefix,8,0,18,18,0.09375,1.0,1,0.0,1
diabetes,4,8,287,1,8,mass_budget_prefix,8,0,5,5,0.026041666666666668,1.0,1,0.0,1
diabetes,4,8,331,1,7,mass_budget_prefix,7,0,8,8,0.041666666666666664,1.0,1,0.0,1
diabetes,4,8,351,1,7,mass_budget_prefix,6,1,5,5,0.026041666666666668,1.0,1,0.0,0
diabetes,4,8,475,1,5,mass_budget_prefix,5,0,11,11,0.057291666666666664,1.0,1,0.0,1
diabetes,4,8,539,0,6,mass_budget_prefix,6,0,2,2,0.010416666666666666,1.0,1,0.0,1
diabetes,4,8,562,1,6,mass_budget_prefix,6,0,23,23,0.11979166666666667,1.0,1,0.0,1
diabetes,4,8,621,0,5,mass_budget_prefix,5,0,1,1,0.005208333333333333,1.0,1,0.0,1
diabetes,4,8,704,1,8,mass_budget_prefix,8,0,18,18,0.09375,1.0,1,0.0,1
diabetes,4,8,708,0,7,mass_budget_prefix,7,0,11,11,0.057291666666666664,1.0,1,0.0,1
diabetes,4,8,751,1,8,mass_budget_prefix,8,0,5,5,0.026041666666666668,1.0,1,0.0,1
diabetes,4,8,756,0,6,mass_budget_prefix,6,0,2,2,0.010416666666666666,1.0,1,0.0,1
diabetes,5,4,45,0,4,mass_budget_prefix,3,1,7,7,0.036458333333333336,1.0,1,0.0,0
diabetes,5,4,68,1,4,mass_budget_prefix,4,0,58,58,0.3020833333333333,1.0,1,0.0,1
diabetes,5,4,87,1,4,mass_budget_prefix,4,0,58,58,0.3020833333333333,1.0,1,0.0,1
diabetes,5,4,126,0,4,mass_budget_prefix,4,0,13,13,0.06770833333333333,1.0,1,0.0,1
diabetes,5,4,132,0,4,mass_budget_prefix,3,1,7,7,0.036458333333333336,1.0,1,0.0,0
diabetes,5,4,133,1,4,mass_budget_prefix,4,0,50,50,0.2604166666666667,1.0,1,0.0,1
diabetes,5,4,180,1,3,mass_budget_prefix,3,0,14,14,0.07291666666666667,1.0,1,0.0,1
diabetes,5,4,301,1,4,mass_budget_prefix,4,0,19,19,0.09895833333333333,1.0,1,0.0,1
diabetes,5,4,303,1,4,mass_budget_prefix,4,0,58,58,0.3020833333333333,1.0,1,0.0,1
diabetes,5,4,309,0,4,mass_budget_prefix,4,0,13,13,0.06770833333333333,1.0,1,0.0,1
diabetes,5,4,315,1,4,mass_budget_prefix,4,0,58,58,0.3020833333333333,1.0,1,0.0,1
diabetes,5,4,497,1,4,mass_budget_prefix,4,0,58,58,0.3020833333333333,1.0,1,0.0,1
diabetes,5,4,592,1,4,mass_budget_prefix,4,0,50,50,0.2604166666666667,1.0,1,0.0,1
diabetes,5,4,651,1,4,mass_budget_prefix,4,0,58,58,0.3020833333333333,1.0,1,0.0,1
diabetes,5,4,657,0,4,mass_budget_prefix,4,0,13,13,0.06770833333333333,1.0,1,0.0,1
diabetes,5,4,671,1,4,mass_budget_prefix,4,0,58,58,0.3020833333333333,1.0,1,0.0,1
diabetes,5,4,674,1,4,mass_budget_prefix,4,0,50,50,0.2604166666666667,1.0,1,0.0,1
diabetes,5,4,717,1,3,mass_budget_prefix,3,0,14,14,0.07291666666666667,1.0,1,0.0,1
diabetes,5,4,730,1,4,mass_budget_prefix,4,0,50,50,0.2604166666666667,1.0,1,0.0,1
diabetes,5,4,765,1,3,mass_budget_prefix,3,0,14,14,0.07291666666666667,1.0,1,0.0,1
diabetes,5,8,45,0,5,mass_budget_prefix,3,1,7,7,0.036458333333333336,1.0,1,0.0,0
diabetes,5,8,68,1,5,mass_budget_prefix,5,0,54,54,0.28125,1.0,1,0.0,1
diabetes,5,8,87,1,5,mass_budget_prefix,5,0,54,54,0.28125,1.0,1,0.0,1
diabetes,5,8,126,0,5,mass_budget_prefix,5,0,8,8,0.041666666666666664,1.0,1,0.0,1
diabetes,5,8,132,0,5,mass_budget_prefix,3,1,7,7,0.036458333333333336,1.0,1,0.0,0
diabetes,5,8,133,0,8,mass_budget_prefix,8,0,5,5,0.026041666666666668,1.0,1,0.0,1
diabetes,5,8,180,1,3,mass_budget_prefix,3,0,14,14,0.07291666666666667,1.0,1,0.0,1
diabetes,5,8,301,1,8,mass_budget_prefix,8,0,2,2,0.010416666666666666,1.0,1,0.0,1
diabetes,5,8,303,1,5,mass_budget_prefix,5,0,54,54,0.28125,1.0,1,0.0,1
diabetes,5,8,309,1,8,mass_budget_prefix,8,0,2,2,0.010416666666666666,1.0,1,0.0,1
diabetes,5,8,315,1,5,mass_budget_prefix,5,0,54,54,0.28125,1.0,1,0.0,1
diabetes,5,8,497,1,5,mass_budget_prefix,5,0,54,54,0.28125,1.0,1,0.0,1
diabetes,5,8,592,1,8,mass_budget_prefix,8,0,9,9,0.046875,1.0,1,0.0,1
diabetes,5,8,651,1,5,mass_budget_prefix,5,0,54,54,0.28125,1.0,1,0.0,1
diabetes,5,8,657,0,5,mass_budget_prefix,5,0,8,8,0.041666666666666664,1.0,1,0.0,1
diabetes,5,8,671,1,5,mass_budget_prefix,5,0,54,54,0.28125,1.0,1,0.0,1
diabetes,5,8,674,0,8,mass_budget_prefix,8,0,5,5,0.026041666666666668,1.0,1,0.0,1
diabetes,5,8,717,1,3,mass_budget_prefix,3,0,14,14,0.07291666666666667,1.0,1,0.0,1
diabetes,5,8,730,1,8,mass_budget_prefix,8,0,9,9,0.046875,1.0,1,0.0,1
diabetes,5,8,765,1,3,mass_budget_prefix,3,0,14,14,0.07291666666666667,1.0,1,0.0,1
diabetes,6,4,0,0,4,mass_budget_prefix,4,0,18,18,0.09375,1.0,1,0.0,1
diabetes,6,4,48,1,4,mass_budget_prefix,4,0,23,23,0.11979166666666667,1.0,1,0.0,1
diabetes,6,4,66,1,4,mass_budget_prefix,4,0,23,23,0.11979166666666667,1.0,1,0.0,1
diabetes,6,4,108,1,4,mass_budget_prefix,2,1,70,68,0.3645833333333333,0.9714285714285714,1,0.0,0
diabetes,6,4,124,1,4,mass_budget_prefix,2,1,70,68,0.3645833333333333,0.9714285714285714,1,0.0,0
diabetes,6,4,174,1,4,mass_budget_prefix,4,0,23,23,0.11979166666666667,1.0,1,0.0,1
diabetes,6,4,217,0,4,mass_budget_prefix,4,0,21,21,0.109375,1.0,1,0.0,1
diabetes,6,4,338,0,4,mass_budget_prefix,4,0,18,18,0.09375,1.0,1,0.0,1
diabetes,6,4,423,1,4,mass_budget_prefix,2,1,70,68,0.3645833333333333,0.9714285714285714,1,0.0,0
diabetes,6,4,427,0,4,mass_budget_prefix,4,0,21,21,0.109375,1.0,1,0.0,1
diabetes,6,4,466,1,4,mass_budget_prefix,2,1,70,68,0.3645833333333333,0.9714285714285714,1,0.0,0
diabetes,6,4,486,0,4,mass_budget_prefix,4,0,18,18,0.09375,1.0,1,0.0,1
diabetes,6,4,499,1,4,mass_budget_prefix,4,0,15,15,0.078125,1.0,1,0.0,1
diabetes,6,4,549,1,4,mass_budget_prefix,4,0,15,15,0.078125,1.0,1,0.0,1
diabetes,6,4,583,1,4,mass_budget_prefix,4,0,23,23,0.11979166666666667,1.0,1,0.0,1
diabetes,6,4,644,1,4,mass_budget_prefix,2,1,70,68,0.3645833333333333,0.9714285714285714,1,0.0,0
diabetes,6,4,654,1,4,mass_budget_prefix,2,1,70,68,0.3645833333333333,0.9714285714285714,1,0.0,0
diabetes,6,4,669,1,4,mass_budget_prefix,4,0,3,3,0.015625,1.0,1,0.0,1
diabetes,6,4,709,1,4,mass_budget_prefix,2,1,70,68,0.3645833333333333,0.9714285714285714,1,0.0,0
diabetes,6,4,747,1,4,mass_budget_prefix,4,0,23,23,0.11979166666666667,1.0,1,0.0,1
diabetes,6,8,0,0,8,mass_budget_prefix,8,0,4,4,0.020833333333333332,1.0,1,0.0,1
diabetes,6,8,48,0,7,mass_budget_prefix,7,0,3,3,0.015625,1.0,1,0.0,1
diabetes,6,8,66,1,6,mass_budget_prefix,6,0,2,2,0.010416666666666666,1.0,1,0.0,1
diabetes,6,8,108,1,8,mass_budget_prefix,8,0,55,55,0.2864583333333333,1.0,1,0.0,1
diabetes,6,8,124,1,8,mass_budget_prefix,8,0,55,55,0.2864583333333333,1.0,1,0.0,1
diabetes,6,8,174,0,8,mass_budget_prefix,8,0,3,3,0.015625,1.0,1,0.0,1
diabetes,6,8,217,0,8,mass_budget_prefix,8,0,7,7,0.036458333333333336,1.0,1,0.0,1
diabetes,6,8,338,0,8,mass_budget_prefix,8,0,4,4,0.020833333333333332,1.0,1,0.0,1
diabetes,6,8,423,1,8,mass_budget_prefix,8,0,55,55,0.2864583333333333,1.0,1,0.0,1
diabetes,6,8,427,1,7,mass_budget_prefix,7,0,2,2,0.010416666666666666,1.0,1,0.0,1
diabetes,6,8,466,1,8,mass_budget_prefix,8,0,55,55,0.2864583333333333,1.0,1,0.0,1
diabetes,6,8,486,0,8,mass_budget_prefix,8,0,4,4,0.020833333333333332,1.0,1,0.0,1
diabetes,6,8,499,1,6,mass_budget_prefix,5,1,12,11,0.0625,0.9166666666666666,1,1.0,0
diabetes,6,8,549,1,6,mass_budget_prefix,5,1,12,11,0.0625,0.9166666666666666,1,1.0,0
diabetes,6,8,583,1,7,mass_budget_prefix,6,1,9,7,0.046875,0.7777777777777778,1,1.0,0
diabetes,6,8,644,1,8,mass_budget_prefix,8,0,55,55,0.2864583333333333,1.0,1,0.0,1
diabetes,6,8,654,1,8,mass_budget_prefix,8,0,55,55,0.2864583333333333,1.0,1,0.0,1
diabetes,6,8,669,0,5,mass_budget_prefix,5,0,3,3,0.015625,1.0,1,0.0,1
diabetes,6,8,709,1,8,mass_budget_prefix,8,0,55,55,0.2864583333333333,1.0,1,0.0,1
diabetes,6,8,747,0,7,mass_budget_prefix,7,0,3,3,0.015625,1.0,1,0.0,1
diabetes,7,4,48,1,4,mass_budget_prefix,4,0,7,7,0.036458333333333336,1.0,1,0.0,1
diabetes,7,4,87,1,4,mass_budget_prefix,4,0,7,7,0.036458333333333336,1.0,1,0.0,1
diabetes,7,4,105,1,4,mass_budget_prefix,4,0,26,26,0.13541666666666666,1.0,1,0.0,1
diabetes,7,4,112,1,4,mass_budget_prefix,4,0,56,56,0.2916666666666667,1.0,1,0.0,1
diabetes,7,4,200,1,4,mass_budget_prefix,4,0,26,26,0.13541666666666666,1.0,1,0.0,1
diabetes,7,4,219,0,4,mass_budget_prefix,4,0,34,34,0.17708333333333334,1.0,1,0.0,1
diabetes,7,4,230,1,4,mass_budget_prefix,4,0,26,26,0.13541666666666666,1.0,1,0.0,1
diabetes,7,4,281,0,4,mass_budget_prefix,4,0,34,34,0.17708333333333334,1.0,1,0.0,1
diabetes,7,4,302,1,4,mass_budget_prefix,4,0,56,56,0.2916666666666667,1.0,1,0.0,1
diabetes,7,4,333,1,4,mass_budget_prefix,4,0,56,56,0.2916666666666667,1.0,1,0.0,1
diabetes,7,4,349,1,4,mass_budget_prefix,4,0,7,7,0.036458333333333336,1.0,1,0.0,1
diabetes,7,4,472,1,4,mass_budget_prefix,4,0,26,26,0.13541666666666666,1.0,1,0.0,1
diabetes,7,4,531,1,4,mass_budget_prefix,4,0,11,11,0.057291666666666664,1.0,1,0.0,1
diabetes,7,4,550,1,4,mass_budget_prefix,4,0,26,26,0.13541666666666666,1.0,1,0.0,1
diabetes,7,4,598,1,2,mass_budget_prefix,2,0,0,0,0.0,,0,,1
diabetes,7,4,616,0,4,mass_budget_prefix,4,0,34,34,0.17708333333333334,1.0,1,0.0,1
diabetes,7,4,620,1,4,mass_budget_prefix,4,0,26,26,0.13541666666666666,1.0,1,0.0,1
diabetes,7,4,635,1,4,mass_budget_prefix,4,0,56,56,0.2916666666666667,1.0,1,0.0,1
diabetes,7,4,639,1,4,mass_budget_prefix,4,0,56,56,0.2916666666666667,1.0,1,0.0,1
diabetes,7,4,722,0,4,mass_budget_prefix,4,0,34,34,0.17708333333333334,1.0,1,0.0,1
diabetes,7,8,48,1,7,mass_budget_prefix,7,0,3,3,0.015625,1.0,1,0.0,1
diabetes,7,8,87,1,7,mass_budget_prefix,7,0,3,3,0.015625,1.0,1,0.0,1
diabetes,7,8,105,1,8,mass_budget_prefix,7,1,11,11,0.057291666666666664,1.0,1,0.0,1
diabetes,7,8,112,1,6,mass_budget_prefix,6,0,44,44,0.22916666666666666,1.0,1,0.0,1
diabetes,7,8,200,1,8,mass_budget_prefix,7,1,11,11,0.057291666666666664,1.0,1,0.0,1
diabetes,7,8,219,0,8,mass_budget_prefix,8,0,2,2,0.010416666666666666,1.0,1,0.0,1
diabetes,7,8,230,1,7,mass_budget_prefix,7,0,4,4,0.020833333333333332,1.0,1,0.0,1
diabetes,7,8,281,0,8,mass_budget_prefix,8,0,3,3,0.015625,1.0,1,0.0,1
diabetes,7,8,302,1,7,mass_budget_prefix,7,0,3,3,0.015625,1.0,1,0.0,1
diabetes,7,8,333,1,6,mass_budget_prefix,6,0,44,44,0.22916666666666666,1.0,1,0.0,1
diabetes,7,8,349,1,7,mass_budget_prefix,7,0,3,3,0.015625,1.0,1,0.0,1
diabetes,7,8,472,1,8,mass_budget_prefix,7,1,11,11,0.057291666666666664,1.0,1,0.0,1
diabetes,7,8,531,1,7,mass_budget_prefix,7,0,5,5,0.026041666666666668,1.0,1,0.0,1
diabetes,7,8,550,1,8,mass_budget_prefix,7,1,11,11,0.057291666666666664,1.0,1,0.0,1
diabetes,7,8,598,1,3,mass_budget_prefix,3,0,0,0,0.0,,0,,1
diabetes,7,8,616,1,8,mass_budget_prefix,8,0,8,8,0.041666666666666664,1.0,1,0.0,1
diabetes,7,8,620,1,8,mass_budget_prefix,7,1,11,11,0.057291666666666664,1.0,1,0.0,1
diabetes,7,8,635,1,6,mass_budget_prefix,6,0,44,44,0.22916666666666666,1.0,1,0.0,1
diabetes,7,8,639,1,6,mass_budget_prefix,6,0,44,44,0.22916666666666666,1.0,1,0.0,1
diabetes,7,8,722,0,8,mass_budget_prefix,8,0,4,4,0.020833333333333332,1.0,1,0.0,1
diabetes,8,4,38,1,4,mass_budget_prefix,2,1,46,46,0.23958333333333334,1.0,1,0.0,0
diabetes,8,4,57,1,4,mass_budget_prefix,2,1,46,46,0.23958333333333334,1.0,1,0.0,0
diabetes,8,4,62,1,4,mass_budget_prefix,2,1,46,46,0.23958333333333334,1.0,1,0.0,0
diabetes,8,4,74,1,4,mass_budget_prefix,2,1,46,46,0.23958333333333334,1.0,1,0.0,0
diabetes,8,4,202,1,4,mass_budget_prefix,3,1,51,45,0.265625,0.8823529411764706,1,1.0,0
diabetes,8,4,375,0,4,mass_budget_prefix,4,0,20,20,0.10416666666666667,1.0,1,0.0,1
diabetes,8,4,408,0,4,mass_budget_prefix,4,0,0,0,0.0,,0,,1
diabetes,8,4,426,1,4,mass_budget_prefix,2,1,46,46,0.23958333333333334,1.0,1,0.0,0
diabetes,8,4,476,1,4,mass_budget_prefix,3,1,51,45,0.265625,0.8823529411764706,1,1.0,0
diabetes,8,4,522,1,4,mass_budget_prefix,3,1,51,45,0.265625,0.8823529411764706,1,1.0,0
diabetes,8,4,559,1,4,mass_budget_prefix,2,1,46,46,0.23958333333333334,1.0,1,0.0,0
diabetes,8,4,619,1,4,mass_budget_prefix,3,1,51,45,0.265625,0.8823529411764706,1,1.0,0
diabetes,8,4,624,1,4,mass_budget_prefix,3,1,51,45,0.265625,0.8823529411764706,1,1.0,0
diabetes,8,4,688,1,4,mass_budget_prefix,3,1,6,6,0.03125,1.0,1,0.0,0
diabetes,8,4,698,0,4,mass_budget_prefix,4,0,20,20,0.10416666666666667,1.0,1,0.0,1
diabetes,8,4,716,0,4,mass_budget_prefix,4,0,17,17,0.08854166666666667,1.0,1,0.0,1
diabetes,8,4,729,1,4,mass_budget_prefix,2,1,46,46,0.23958333333333334,1.0,1,0.0,0
diabetes,8,4,733,1,4,mass_budget_prefix,3,1,51,45,0.265625,0.8823529411764706,1,1.0,0
diabetes,8,4,750,0,4,mass_budget_prefix,4,0,20,20,0.10416666666666667,1.0,1,0.0,1
diabetes,8,4,762,1,4,mass_budget_prefix,2,1,46,46,0.23958333333333334,1.0,1,0.0,0
diabetes,8,8,38,1,6,mass_budget_prefix,5,1,39,39,0.203125,1.0,1,0.0,0
diabetes,8,8,57,1,8,mass_budget_prefix,8,0,1,1,0.005208333333333333,1.0,1,0.0,1
diabetes,8,8,62,1,6,mass_budget_prefix,5,1,39,39,0.203125,1.0,1,0.0,0
diabetes,8,8,74,1,6,mass_budget_prefix,5,1,39,39,0.203125,1.0,1,0.0,0
diabetes,8,8,202,1,6,mass_budget_prefix,6,0,24,24,0.125,1.0,1,0.0,1
diabetes,8,8,375,1,7,mass_budget_prefix,7,0,0,0,0.0,,0,,1
diabetes,8,8,408,1,5,mass_budget_prefix,5,0,0,0,0.0,,0,,1
diabetes,8,8,426,1,6,mass_budget_prefix,5,1,39,39,0.203125,1.0,1,0.0,0
diabetes,8,8,476,1,6,mass_budget_prefix,6,0,24,24,0.125,1.0,1,0.0,1
diabetes,8,8,522,1,6,mass_budget_prefix,6,0,24,24,0.125,1.0,1,0.0,1
diabetes,8,8,559,1,6,mass_budget_prefix,5,1,39,39,0.203125,1.0,1,0.0,0
diabetes,8,8,619,1,8,mass_budget_prefix,7,1,12,12,0.0625,1.0,1,0.0,0
diabetes,8,8,624,1,8,mass_budget_prefix,7,1,12,12,0.0625,1.0,1,0.0,0
diabetes,8,8,688,1,4,mass_budget_prefix,3,1,6,6,0.03125,1.0,1,0.0,0
diabetes,8,8,698,0,7,mass_budget_prefix,7,0,2,2,0.010416666666666666,1.0,1,0.0,1
diabetes,8,8,716,0,4,mass_budget_prefix,4,0,17,17,0.08854166666666667,1.0,1,0.0,1
diabetes,8,8,729,1,6,mass_budget_prefix,5,1,39,39,0.203125,1.0,1,0.0,0
diabetes,8,8,733,1,8,mass_budget_prefix,7,1,12,12,0.0625,1.0,1,0.0,0
diabetes,8,8,750,0,8,mass_budget_prefix,8,0,10,10,0.052083333333333336,1.0,1,0.0,1
diabetes,8,8,762,1,6,mass_budget_prefix,5,1,39,39,0.203125,1.0,1,0.0,0
diabetes,9,4,43,0,4,mass_budget_prefix,3,1,25,25,0.13020833333333334,1.0,1,0.0,1
diabetes,9,4,49,1,4,mass_budget_prefix,4,0,37,37,0.19270833333333334,1.0,1,0.0,1
diabetes,9,4,55,1,4,mass_budget_prefix,4,0,37,37,0.19270833333333334,1.0,1,0.0,1
diabetes,9,4,95,0,4,mass_budget_prefix,4,0,38,38,0.19791666666666666,1.0,1,0.0,1
diabetes,9,4,115,0,4,mass_budget_prefix,4,0,38,38,0.19791666666666666,1.0,1,0.0,1
diabetes,9,4,142,1,4,mass_budget_prefix,3,1,33,32,0.171875,0.9696969696969697,1,0.0,0
diabetes,9,4,181,1,4,mass_budget_prefix,3,1,33,32,0.171875,0.9696969696969697,1,0.0,0
diabetes,9,4,214,0,4,mass_budget_prefix,4,0,38,38,0.19791666666666666,1.0,1,0.0,1
diabetes,9,4,242,1,4,mass_budget_prefix,4,0,37,37,0.19270833333333334,1.0,1,0.0,1
diabetes,9,4,256,0,4,mass_budget_prefix,4,0,38,38,0.19791666666666666,1.0,1,0.0,1
diabetes,9,4,265,1,4,mass_budget_prefix,4,0,9,9,0.046875,1.0,1,0.0,1
diabetes,9,4,409,0,4,mass_budget_prefix,4,0,1,1,0.005208333333333333,1.0,1,0.0,1
diabetes,9,4,474,1,4,mass_budget_prefix,4,0,37,37,0.19270833333333334,1.0,1,0.0,1
diabetes,9,4,489,0,4,mass_budget_prefix,3,1,25,25,0.13020833333333334,1.0,1,0.0,1
diabetes,9,4,497,1,4,mass_budget_prefix,4,0,37,37,0.19270833333333334,1.0,1,0.0,1
diabetes,9,4,586,0,4,mass_budget_prefix,4,0,38,38,0.19791666666666666,1.0,1,0.0,1
diabetes,9,4,640,1,4,mass_budget_prefix,4,0,3,3,0.015625,1.0,1,0.0,1
diabetes,9,4,667,0,4,mass_budget_prefix,4,0,38,38,0.19791666666666666,1.0,1,0.0,1
diabetes,9,4,690,1,4,mass_budget_prefix,4,0,9,9,0.046875,1.0,1,0.0,1
diabetes,9,4,704,1,4,mass_budget_prefix,4,0,37,37,0.19270833333333334,1.0,1,0.0,1
diabetes,9,8,43,1,6,mass_budget_prefix,6,0,0,0,0.0,,0,,1
diabetes,9,8,49,1,4,mass_budget_prefix,4,0,37,37,0.19270833333333334,1.0,1,0.0,1
diabetes,9,8,55,1,4,mass_budget_prefix,4,0,37,37,0.19270833333333334,1.0,1,0.0,1
diabetes,9,8,95,0,8,mass_budget_prefix,8,0,2,2,0.010416666666666666,1.0,1,0.0,1
diabetes,9,8,115,0,7,mass_budget_prefix,7,0,10,10,0.052083333333333336,1.0,1,0.0,1
diabetes,9,8,142,1,8,mass_budget_prefix,8,0,1,1,0.005208333333333333,1.0,1,0.0,1
diabetes,9,8,181,1,8,mass_budget_prefix,8,0,29,29,0.15104166666666666,1.0,1,0.0,1
diabetes,9,8,214,0,8,mass_budget_prefix,8,0,4,4,0.020833333333333332,1.0,1,0.0,1
diabetes,9,8,242,1,4,mass_budget_prefix,4,0,37,37,0.19270833333333334,1.0,1,0.0,1
diabetes,9,8,256,0,8,mass_budget_prefix,8,0,3,3,0.015625,1.0,1,0.0,1
diabetes,9,8,265,0,6,mass_budget_prefix,6,0,0,0,0.0,,0,,1
diabetes,9,8,409,0,4,mass_budget_prefix,4,0,1,1,0.005208333333333333,1.0,1,0.0,1
diabetes,9,8,474,1,4,mass_budget_prefix,4,0,37,37,0.19270833333333334,1.0,1,0.0,1
diabetes,9,8,489,0,8,mass_budget_prefix,8,0,1,1,0.005208333333333333,1.0,1,0.0,1
diabetes,9,8,497,1,4,mass_budget_prefix,4,0,37,37,0.19270833333333334,1.0,1,0.0,1
diabetes,9,8,586,0,8,mass_budget_prefix,8,0,2,2,0.010416666666666666,1.0,1,0.0,1
diabetes,9,8,640,1,5,mass_budget_prefix,5,0,3,3,0.015625,1.0,1,0.0,1
diabetes,9,8,667,0,8,mass_budget_prefix,8,0,2,2,0.010416666666666666,1.0,1,0.0,1
diabetes,9,8,690,1,7,mass_budget_prefix,7,0,6,6,0.03125,1.0,1,0.0,1
diabetes,9,8,704,1,4,mass_budget_prefix,4,0,37,37,0.19270833333333334,1.0,1,0.0,1
ionosphere,0,4,3,1,4,mass_budget_prefix,3,1,47,46,0.5340909090909091,0.9787234042553191,1,0.0,0
ionosphere,0,4,16,1,4,mass_budget_prefix,3,1,47,46,0.5340909090909091,0.9787234042553191,1,0.0,0
ionosphere,0,4,24,1,4,mass_budget_prefix,3,1,47,46,0.5340909090909091,0.9787234042553191,1,0.0,0
ionosphere,0,4,36,1,4,mass_budget_prefix,3,1,47,46,0.5340909090909091,0.9787234042553191,1,0.0,0
ionosphere,0,4,88,1,4,mass_budget_prefix,3,1,47,46,0.5340909090909091,0.9787234042553191,1,0.0,0
ionosphere,0,4,104,0,2,mass_budget_prefix,2,0,15,15,0.17045454545454544,1.0,1,0.0,1
ionosphere,0,4,128,0,2,mass_budget_prefix,2,0,15,15,0.17045454545454544,1.0,1,0.0,1
ionosphere,0,4,131,1,4,mass_budget_prefix,3,1,47,46,0.5340909090909091,0.9787234042553191,1,0.0,0
ionosphere,0,4,148,0,3,mass_budget_prefix,3,0,9,9,0.10227272727272728,1.0,1,0.0,1
ionosphere,0,4,163,1,4,mass_budget_prefix,3,1,47,46,0.5340909090909091,0.9787234042553191,1,0.0,0
ionosphere,0,4,169,1,4,mass_budget_prefix,3,1,47,46,0.5340909090909091,0.9787234042553191,1,0.0,0
ionosphere,0,4,180,0,2,mass_budget_prefix,2,0,15,15,0.17045454545454544,1.0,1,0.0,1
ionosphere,0,4,214,1,4,mass_budget_prefix,4,0,5,5,0.056818181818181816,1.0,1,0.0,1
ionosphere,0,4,217,1,4,mass_budget_prefix,3,1,47,46,0.5340909090909091,0.9787234042553191,1,0.0,0
ionosphere,0,4,239,1,4,mass_budget_prefix,3,1,47,46,0.5340909090909091,0.9787234042553191,1,0.0,0
ionosphere,0,4,273,1,4,mass_budget_prefix,3,1,47,46,0.5340909090909091,0.9787234042553191,1,0.0,0
ionosphere,0,4,306,1,4,mass_budget_prefix,4,0,3,3,0.03409090909090909,1.0,1,0.0,1
ionosphere,0,4,319,1,4,mass_budget_prefix,3,1,47,46,0.5340909090909091,0.9787234042553191,1,0.0,0
ionosphere,0,8,3,1,6,mass_budget_prefix,6,0,4,4,0.045454545454545456,1.0,1,0.0,1
ionosphere,0,8,16,1,5,mass_budget_prefix,5,0,38,38,0.4318181818181818,1.0,1,0.0,1
ionosphere,0,8,24,1,5,mass_budget_prefix,5,0,38,38,0.4318181818181818,1.0,1,0.0,1
ionosphere,0,8,36,1,5,mass_budget_prefix,5,0,38,38,0.4318181818181818,1.0,1,0.0,1
ionosphere,0,8,88,1,5,mass_budget_prefix,5,0,38,38,0.4318181818181818,1.0,1,0.0,1
ionosphere,0,8,104,0,2,mass_budget_prefix,2,0,15,15,0.17045454545454544,1.0,1,0.0,1
ionosphere,0,8,128,0,2,mass_budget_prefix,2,0,15,15,0.17045454545454544,1.0,1,0.0,1
ionosphere,0,8,131,1,5,mass_budget_prefix,5,0,38,38,0.4318181818181818,1.0,1,0.0,1
ionosphere,0,8,148,0,4,mass_budget_prefix,4,0,3,3,0.03409090909090909,1.0,1,0.0,1
ionosphere,0,8,163,1,5,mass_budget_prefix,5,0,38,38,0.4318181818181818,1.0,1,0.0,1
ionosphere,0,8,169,1,5,mass_budget_prefix,5,0,38,38,0.4318181818181818,1.0,1,0.0,1
ionosphere,0,8,180,0,2,mass_budget_prefix,2,0,15,15,0.17045454545454544,1.0,1,0.0,1
ionosphere,0,8,214,1,4,mass_budget_prefix,4,0,8,8,0.09090909090909091,1.0,1,0.0,1
ionosphere,0,8,217,1,5,mass_budget_prefix,5,0,38,38,0.4318181818181818,1.0,1,0.0,1
ionosphere,0,8,239,1,5,mass_budget_prefix,5,0,38,38,0.4318181818181818,1.0,1,0.0,1
ionosphere,0,8,273,1,5,mass_budget_prefix,5,0,38,38,0.4318181818181818,1.0,1,0.0,1
ionosphere,0,8,306,1,4,mass_budget_prefix,4,0,3,3,0.03409090909090909,1.0,1,0.0,1
ionosphere,0,8,319,1,5,mass_budget_prefix,5,0,38,38,0.4318181818181818,1.0,1,0.0,1
ionosphere,1,4,20,1,4,mass_budget_prefix,2,1,56,53,0.6363636363636364,0.9464285714285714,1,1.0,0
ionosphere,1,4,57,0,4,mass_budget_prefix,4,0,3,3,0.03409090909090909,1.0,1,0.0,1
ionosphere,1,4,67,0,4,mass_budget_prefix,4,0,11,11,0.125,1.0,1,0.0,1
ionosphere,1,4,94,1,4,mass_budget_prefix,2,1,56,53,0.6363636363636364,0.9464285714285714,1,1.0,0
ionosphere,1,4,135,1,4,mass_budget_prefix,2,1,56,53,0.6363636363636364,0.9464285714285714,1,1.0,0
ionosphere,1,4,184,0,2,mass_budget_prefix,2,0,16,16,0.18181818181818182,1.0,1,0.0,1
ionosphere,1,4,187,1,4,mass_budget_prefix,2,1,56,53,0.6363636363636364,0.9464285714285714,1,1.0,0
ionosphere,1,4,191,1,4,mass_budget_prefix,2,1,56,53,0.6363636363636364,0.9464285714285714,1,1.0,0
ionosphere,1,4,204,0,2,mass_budget_prefix,2,0,16,16,0.18181818181818182,1.0,1,0.0,1
ionosphere,1,4,222,0,4,mass_budget_prefix,4,0,11,11,0.125,1.0,1,0.0,1
ionosphere,1,4,226,0,4,mass_budget_prefix,4,0,11,11,0.125,1.0,1,0.0,1
ionosphere,1,4,239,1,4,mass_budget_prefix,2,1,56,53,0.6363636363636364,0.9464285714285714,1,1.0,0
ionosphere,1,4,246,0,2,mass_budget_prefix,2,0,16,16,0.18181818181818182,1.0,1,0.0,1
ionosphere,1,4,262,1,4,mass_budget_prefix,2,1,56,53,0.6363636363636364,0.9464285714285714,1,1.0,0
ionosphere,1,4,296,1,4,mass_budget_prefix,2,1,56,53,0.6363636363636364,0.9464285714285714,1,1.0,0
ionosphere,1,4,312,0,4,mass_budget_prefix,4,0,11,11,0.125,1.0,1,0.0,1
ionosphere,1,4,341,1,4,mass_budget_prefix,2,1,56,53,0.6363636363636364,0.9464285714285714,1,1.0,0
ionosphere,1,4,342,1,4,mass_budget_prefix,2,1,56,53,0.6363636363636364,0.9464285714285714,1,1.0,0
ionosphere,1,8,20,1,7,mass_budget_prefix,6,1,41,41,0.4659090909090909,1.0,1,0.0,0
ionosphere,1,8,57,0,5,mass_budget_prefix,5,0,3,3,0.03409090909090909,1.0,1,0.0,1
ionosphere,1,8,67,0,4,mass_budget_prefix,4,0,11,11,0.125,1.0,1,0.0,1
ionosphere,1,8,94,0,8,mass_budget_prefix,8,0,0,0,0.0,,0,,1
ionosphere,1,8,135,1,7,mass_budget_prefix,6,1,41,41,0.4659090909090909,1.0,1,0.0,0
ionosphere,1,8,184,0,2,mass_budget_prefix,2,0,16,16,0.18181818181818182,1.0,1,0.0,1
ionosphere,1,8,187,1,7,mass_budget_prefix,6,1,41,41,0.4659090909090909,1.0,1,0.0,0
ionosphere,1,8,191,0,7,mass_budget_prefix,7,0,3,3,0.03409090909090909,1.0,1,0.0,1
ionosphere,1,8,204,0,2,mass_budget_prefix,2,0,16,16,0.18181818181818182,1.0,1,0.0,1
ionosphere,1,8,222,0,4,mass_budget_prefix,4,0,11,11,0.125,1.0,1,0.0,1
ionosphere,1,8,226,0,4,mass_budget_prefix,4,0,11,11,0.125,1.0,1,0.0,1
ionosphere,1,8,239,1,7,mass_budget_prefix,6,1,41,41,0.4659090909090909,1.0,1,0.0,0
ionosphere,1,8,246,0,2,mass_budget_prefix,2,0,16,16,0.18181818181818182,1.0,1,0.0,1
ionosphere,1,8,262,1,7,mass_budget_prefix,6,1,41,41,0.4659090909090909,1.0,1,0.0,0
ionosphere,1,8,296,1,7,mass_budget_prefix,6,1,41,41,0.4659090909090909,1.0,1,0.0,0
ionosphere,1,8,312,0,4,mass_budget_prefix,4,0,11,11,0.125,1.0,1,0.0,1
ionosphere,1,8,341,1,7,mass_budget_prefix,6,1,41,41,0.4659090909090909,1.0,1,0.0,0
ionosphere,1,8,342,0,7,mass_budget_prefix,7,0,3,3,0.03409090909090909,1.0,1,0.0,1
ionosphere,2,4,6,1,4,mass_budget_prefix,2,1,59,57,0.6704545454545454,0.9661016949152542,1,0.0,0
ionosphere,2,4,14,0,3,mass_budget_prefix,3,0,13,13,0.14772727272727273,1.0,1,0.0,1
ionosphere,2,4,39,1,4,mass_budget_prefix,2,1,59,57,0.6704545454545454,0.9661016949152542,1,0.0,0
ionosphere,2,4,42,1,4,mass_budget_prefix,2,1,59,57,0.6704545454545454,0.9661016949152542,1,0.0,0
ionosphere,2,4,52,0,4,mass_budget_prefix,4,0,1,1,0.011363636363636364,1.0,1,0.0,1
ionosphere,2,4,65,0,3,mass_budget_prefix,3,0,13,13,0.14772727272727273,1.0,1,0.0,1
ionosphere,2,4,91,0,1,mass_budget_prefix,1,0,14,14,0.1590909090909091,1.0,1,0.0,1
ionosphere,2,4,92,1,4,mass_budget_prefix,2,1,59,57,0.6704545454545454,0.9661016949152542,1,0.0,0
ionosphere,2,4,128,0,1,mass_budget_prefix,1,0,14,14,0.1590909090909091,1.0,1,0.0,1
ionosphere,2,4,154,0,1,mass_budget_prefix,1,0,14,14,0.1590909090909091,1.0,1,0.0,1
ionosphere,2,4,171,1,4,mass_budget_prefix,2,1,59,57,0.6704545454545454,0.9661016949152542,1,0.0,0
ionosphere,2,4,204,0,1,mass_budget_prefix,1,0,14,14,0.1590909090909091,1.0,1,0.0,1
ionosphere,2,4,209,1,4,mass_budget_prefix,4,0,1,1,0.011363636363636364,1.0,1,0.0,1
ionosphere,2,4,251,1,4,mass_budget_prefix,2,1,59,57,0.6704545454545454,0.9661016949152542,1,0.0,0
ionosphere,2,4,255,1,4,mass_budget_prefix,2,1,59,57,0.6704545454545454,0.9661016949152542,1,0.0,0
ionosphere,2,4,260,1,4,mass_budget_prefix,2,1,59,57,0.6704545454545454,0.9661016949152542,1,0.0,0
ionosphere,2,4,293,1,4,mass_budget_prefix,2,1,59,57,0.6704545454545454,0.9661016949152542,1,0.0,0
ionosphere,2,4,340,0,1,mass_budget_prefix,1,0,14,14,0.1590909090909091,1.0,1,0.0,1
ionosphere,2,8,6,1,4,mass_budget_prefix,2,1,59,57,0.6704545454545454,0.9661016949152542,1,0.0,0
ionosphere,2,8,14,0,3,mass_budget_prefix,3,0,13,13,0.14772727272727273,1.0,1,0.0,1
ionosphere,2,8,39,1,4,mass_budget_prefix,2,1,59,57,0.6704545454545454,0.9661016949152542,1,0.0,0
ionosphere,2,8,42,1,4,mass_budget_prefix,2,1,59,57,0.6704545454545454,0.9661016949152542,1,0.0,0
ionosphere,2,8,52,0,4,mass_budget_prefix,4,0,1,1,0.011363636363636364,1.0,1,0.0,1
ionosphere,2,8,65,0,3,mass_budget_prefix,3,0,13,13,0.14772727272727273,1.0,1,0.0,1
ionosphere,2,8,91,0,1,mass_budget_prefix,1,0,14,14,0.1590909090909091,1.0,1,0.0,1
ionosphere,2,8,92,1,4,mass_budget_prefix,2,1,59,57,0.6704545454545454,0.9661016949152542,1,0.0,0
ionosphere,2,8,128,0,1,mass_budget_prefix,1,0,14,14,0.1590909090909091,1.0,1,0.0,1
ionosphere,2,8,154,0,1,mass_budget_prefix,1,0,14,14,0.1590909090909091,1.0,1,0.0,1
ionosphere,2,8,171,1,4,mass_budget_prefix,2,1,59,57,0.6704545454545454,0.9661016949152542,1,0.0,0
ionosphere,2,8,204,0,1,mass_budget_prefix,1,0,14,14,0.1590909090909091,1.0,1,0.0,1
ionosphere,2,8,209,1,5,mass_budget_prefix,5,0,1,1,0.011363636363636364,1.0,1,0.0,1
ionosphere,2,8,251,1,4,mass_budget_prefix,2,1,59,57,0.6704545454545454,0.9661016949152542,1,0.0,0
ionosphere,2,8,255,1,4,mass_budget_prefix,2,1,59,57,0.6704545454545454,0.9661016949152542,1,0.0,0
ionosphere,2,8,260,1,4,mass_budget_prefix,2,1,59,57,0.6704545454545454,0.9661016949152542,1,0.0,0
ionosphere,2,8,293,1,4,mass_budget_prefix,2,1,59,57,0.6704545454545454,0.9661016949152542,1,0.0,0
ionosphere,2,8,340,0,1,mass_budget_prefix,1,0,14,14,0.1590909090909091,1.0,1,0.0,1
ionosphere,3,4,4,1,4,mass_budget_prefix,3,1,73,73,0.8295454545454546,1.0,1,0.0,0
ionosphere,3,4,5,0,1,mass_budget_prefix,1,0,11,11,0.125,1.0,1,0.0,1
ionosphere,3,4,7,0,1,mass_budget_prefix,1,0,11,11,0.125,1.0,1,0.0,1
ionosphere,3,4,25,1,4,mass_budget_prefix,4,0,0,0,0.0,,0,,1
ionosphere,3,4,63,1,4,mass_budget_prefix,3,1,73,73,0.8295454545454546,1.0,1,0.0,0
ionosphere,3,4,95,0,1,mass_budget_prefix,1,0,11,11,0.125,1.0,1,0.0,1
ionosphere,3,4,107,1,4,mass_budget_prefix,3,1,73,73,0.8295454545454546,1.0,1,0.0,0
ionosphere,3,4,141,1,4,mass_budget_prefix,3,1,73,73,0.8295454545454546,1.0,1,0.0,0
ionosphere,3,4,157,1,4,mass_budget_prefix,3,1,73,73,0.8295454545454546,1.0,1,0.0,0
ionosphere,3,4,188,0,1,mass_budget_prefix,1,0,11,11,0.125,1.0,1,0.0,1
ionosphere,3,4,193,1,4,mass_budget_prefix,3,1,73,73,0.8295454545454546,1.0,1,0.0,0
ionosphere,3,4,199,1,4,mass_budget_prefix,3,1,73,73,0.8295454545454546,1.0,1,0.0,0
ionosphere,3,4,246,0,1,mass_budget_prefix,1,0,11,11,0.125,1.0,1,0.0,1
ionosphere,3,4,294,1,4,mass_budget_prefix,3,1,73,73,0.8295454545454546,1.0,1,0.0,0
ionosphere,3,4,297,1,4,mass_budget_prefix,3,1,73,73,0.8295454545454546,1.0,1,0.0,0
ionosphere,3,4,299,1,4,mass_budget_prefix,3,1,73,73,0.8295454545454546,1.0,1,0.0,0
ionosphere,3,4,303,1,4,mass_budget_prefix,3,1,73,73,0.8295454545454546,1.0,1,0.0,0
ionosphere,3,4,306,1,4,mass_budget_prefix,3,1,73,73,0.8295454545454546,1.0,1,0.0,0
ionosphere,3,8,4,1,8,mass_budget_prefix,8,0,56,56,0.6363636363636364,1.0,1,0.0,1
ionosphere,3,8,5,0,1,mass_budget_prefix,1,0,11,11,0.125,1.0,1,0.0,1
ionosphere,3,8,7,0,1,mass_budget_prefix,1,0,11,11,0.125,1.0,1,0.0,1
ionosphere,3,8,25,1,4,mass_budget_prefix,4,0,0,0,0.0,,0,,1
ionosphere,3,8,63,1,8,mass_budget_prefix,8,0,0,0,0.0,,0,,1
ionosphere,3,8,95,0,1,mass_budget_prefix,1,0,11,11,0.125,1.0,1,0.0,1
ionosphere,3,8,107,1,8,mass_budget_prefix,8,0,56,56,0.6363636363636364,1.0,1,0.0,1
ionosphere,3,8,141,1,8,mass_budget_prefix,8,0,56,56,0.6363636363636364,1.0,1,0.0,1
ionosphere,3,8,157,1,8,mass_budget_prefix,8,0,56,56,0.6363636363636364,1.0,1,0.0,1
ionosphere,3,8,188,0,1,mass_budget_prefix,1,0,11,11,0.125,1.0,1,0.0,1
ionosphere,3,8,193,1,8,mass_budget_prefix,8,0,56,56,0.6363636363636364,1.0,1,0.0,1
ionosphere,3,8,199,1,8,mass_budget_prefix,8,0,56,56,0.6363636363636364,1.0,1,0.0,1
ionosphere,3,8,246,0,1,mass_budget_prefix,1,0,11,11,0.125,1.0,1,0.0,1
ionosphere,3,8,294,1,8,mass_budget_prefix,8,0,13,13,0.14772727272727273,1.0,1,0.0,1
ionosphere,3,8,297,1,8,mass_budget_prefix,8,0,56,56,0.6363636363636364,1.0,1,0.0,1
ionosphere,3,8,299,1,8,mass_budget_prefix,8,0,56,56,0.6363636363636364,1.0,1,0.0,1
ionosphere,3,8,303,1,8,mass_budget_prefix,8,0,56,56,0.6363636363636364,1.0,1,0.0,1
ionosphere,3,8,306,1,8,mass_budget_prefix,8,0,13,13,0.14772727272727273,1.0,1,0.0,1
ionosphere,4,4,18,1,4,mass_budget_prefix,2,1,58,57,0.6590909090909091,0.9827586206896551,1,0.0,0
ionosphere,4,4,45,0,1,mass_budget_prefix,1,0,15,15,0.17045454545454544,1.0,1,0.0,1
ionosphere,4,4,46,1,4,mass_budget_prefix,2,1,58,57,0.6590909090909091,0.9827586206896551,1,0.0,0
ionosphere,4,4,75,0,1,mass_budget_prefix,1,0,15,15,0.17045454545454544,1.0,1,0.0,1
ionosphere,4,4,106,0,1,mass_budget_prefix,1,0,15,15,0.17045454545454544,1.0,1,0.0,1
ionosphere,4,4,149,1,4,mass_budget_prefix,2,1,58,57,0.6590909090909091,0.9827586206896551,1,0.0,0
ionosphere,4,4,150,1,4,mass_budget_prefix,2,1,58,57,0.6590909090909091,0.9827586206896551,1,0.0,0
ionosphere,4,4,154,0,1,mass_budget_prefix,1,0,15,15,0.17045454545454544,1.0,1,0.0,1
ionosphere,4,4,184,0,1,mass_budget_prefix,1,0,15,15,0.17045454545454544,1.0,1,0.0,1
ionosphere,4,4,191,1,4,mass_budget_prefix,2,1,58,57,0.6590909090909091,0.9827586206896551,1,0.0,0
ionosphere,4,4,205,1,4,mass_budget_prefix,2,1,58,57,0.6590909090909091,0.9827586206896551,1,0.0,0
ionosphere,4,4,235,1,4,mass_budget_prefix,2,1,58,57,0.6590909090909091,0.9827586206896551,1,0.0,0
ionosphere,4,4,248,0,1,mass_budget_prefix,1,0,15,15,0.17045454545454544,1.0,1,0.0,1
ionosphere,4,4,265,1,4,mass_budget_prefix,2,1,58,57,0.6590909090909091,0.9827586206896551,1,0.0,0
ionosphere,4,4,279,1,4,mass_budget_prefix,2,1,58,57,0.6590909090909091,0.9827586206896551,1,0.0,0
ionosphere,4,4,285,1,4,mass_budget_prefix,2,1,58,57,0.6590909090909091,0.9827586206896551,1,0.0,0
ionosphere,4,4,317,1,4,mass_budget_prefix,2,1,58,57,0.6590909090909091,0.9827586206896551,1,0.0,0
ionosphere,4,4,346,1,4,mass_budget_prefix,2,1,58,57,0.6590909090909091,0.9827586206896551,1,0.0,0
ionosphere,4,8,18,1,6,mass_budget_prefix,5,1,55,55,0.625,1.0,1,0.0,0
ionosphere,4,8,45,0,1,mass_budget_prefix,1,0,15,15,0.17045454545454544,1.0,1,0.0,1
ionosphere,4,8,46,1,6,mass_budget_prefix,5,1,55,55,0.625,1.0,1,0.0,0
ionosphere,4,8,75,0,1,mass_budget_prefix,1,0,15,15,0.17045454545454544,1.0,1,0.0,1
ionosphere,4,8,106,0,1,mass_budget_prefix,1,0,15,15,0.17045454545454544,1.0,1,0.0,1
ionosphere,4,8,149,1,6,mass_budget_prefix,5,1,55,55,0.625,1.0,1,0.0,0
ionosphere,4,8,150,0,5,mass_budget_prefix,5,0,2,2,0.022727272727272728,1.0,1,0.0,1
ionosphere,4,8,154,0,1,mass_budget_prefix,1,0,15,15,0.17045454545454544,1.0,1,0.0,1
ionosphere,4,8,184,0,1,mass_budget_prefix,1,0,15,15,0.17045454545454544,1.0,1,0.0,1
ionosphere,4,8,191,1,6,mass_budget_prefix,5,1,55,55,0.625,1.0,1,0.0,0
ionosphere,4,8,205,1,6,mass_budget_prefix,5,1,55,55,0.625,1.0,1,0.0,0
ionosphere,4,8,235,1,6,mass_budget_prefix,5,1,55,55,0.625,1.0,1,0.0,0
ionosphere,4,8,248,0,1,mass_budget_prefix,1,0,15,15,0.17045454545454544,1.0,1,0.0,1
ionosphere,4,8,265,1,6,mass_budget_prefix,5,1,55,55,0.625,1.0,1,0.0,0
ionosphere,4,8,279,1,6,mass_budget_prefix,5,1,55,55,0.625,1.0,1,0.0,0
ionosphere,4,8,285,1,6,mass_budget_prefix,5,1,55,55,0.625,1.0,1,0.0,0
ionosphere,4,8,317,1,6,mass_budget_prefix,5,1,55,55,0.625,1.0,1,0.0,0
ionosphere,4,8,346,1,6,mass_budget_prefix,5,1,55,55,0.625,1.0,1,0.0,0
ionosphere,5,4,19,0,2,mass_budget_prefix,2,0,23,23,0.26136363636363635,1.0,1,0.0,1
ionosphere,5,4,23,0,2,mass_budget_prefix,2,0,23,23,0.26136363636363635,1.0,1,0.0,1
ionosphere,5,4,52,1,4,mass_budget_prefix,4,0,3,3,0.03409090909090909,1.0,1,0.0,1
ionosphere,5,4,55,0,2,mass_budget_prefix,2,0,23,23,0.26136363636363635,1.0,1,0.0,1
ionosphere,5,4,82,1,4,mass_budget_prefix,2,1,52,52,0.5909090909090909,1.0,1,0.0,0
ionosphere,5,4,96,1,4,mass_budget_prefix,2,1,52,52,0.5909090909090909,1.0,1,0.0,0
ionosphere,5,4,117,1,4,mass_budget_prefix,2,1,52,52,0.5909090909090909,1.0,1,0.0,0
ionosphere,5,4,131,1,4,mass_budget_prefix,2,1,52,52,0.5909090909090909,1.0,1,0.0,0
ionosphere,5,4,135,1,4,mass_budget_prefix,2,1,52,52,0.5909090909090909,1.0,1,0.0,0
ionosphere,5,4,143,1,3,mass_budget_prefix,3,0,2,2,0.022727272727272728,1.0,1,0.0,1
ionosphere,5,4,151,1,4,mass_budget_prefix,2,1,52,52,0.5909090909090909,1.0,1,0.0,0
ionosphere,5,4,170,0,4,mass_budget_prefix,4,0,7,7,0.07954545454545454,1.0,1,0.0,1
ionosphere,5,4,182,0,4,mass_budget_prefix,4,0,7,7,0.07954545454545454,1.0,1,0.0,1
ionosphere,5,4,206,0,2,mass_budget_prefix,2,0,23,23,0.26136363636363635,1.0,1,0.0,1
ionosphere,5,4,227,1,4,mass_budget_prefix,2,1,52,52,0.5909090909090909,1.0,1,0.0,0
ionosphere,5,4,229,1,4,mass_budget_prefix,2,1,52,52,0.5909090909090909,1.0,1,0.0,0
ionosphere,5,4,306,1,4,mass_budget_prefix,2,1,52,52,0.5909090909090909,1.0,1,0.0,0
ionosphere,5,4,324,1,4,mass_budget_prefix,2,1,52,52,0.5909090909090909,1.0,1,0.0,0
ionosphere,5,8,19,0,2,mass_budget_prefix,2,0,23,23,0.26136363636363635,1.0,1,0.0,1
ionosphere,5,8,23,0,2,mass_budget_prefix,2,0,23,23,0.26136363636363635,1.0,1,0.0,1
ionosphere,5,8,52,0,4,mass_budget_prefix,4,0,1,1,0.011363636363636364,1.0,1,0.0,1
ionosphere,5,8,55,0,2,mass_budget_prefix,2,0,23,23,0.26136363636363635,1.0,1,0.0,1
ionosphere,5,8,82,1,6,mass_budget_prefix,5,1,52,51,0.5909090909090909,0.9807692307692307,1,0.0,0
ionosphere,5,8,96,1,6,mass_budget_prefix,5,1,52,51,0.5909090909090909,0.9807692307692307,1,0.0,0
ionosphere,5,8,117,1,6,mass_budget_prefix,5,1,52,51,0.5909090909090909,0.9807692307692307,1,0.0,0
ionosphere,5,8,131,1,6,mass_budget_prefix,5,1,52,51,0.5909090909090909,0.9807692307692307,1,0.0,0
ionosphere,5,8,135,1,6,mass_budget_prefix,5,1,52,51,0.5909090909090909,0.9807692307692307,1,0.0,0
ionosphere,5,8,143,1,3,mass_budget_prefix,3,0,2,2,0.022727272727272728,1.0,1,0.0,1
ionosphere,5,8,151,1,6,mass_budget_prefix,5,1,52,51,0.5909090909090909,0.9807692307692307,1,0.0,0
ionosphere,5,8,170,0,4,mass_budget_prefix,4,0,7,7,0.07954545454545454,1.0,1,0.0,1
ionosphere,5,8,182,0,4,mass_budget_prefix,4,0,7,7,0.07954545454545454,1.0,1,0.0,1
ionosphere,5,8,206,0,2,mass_budget_prefix,2,0,23,23,0.26136363636363635,1.0,1,0.0,1
ionosphere,5,8,227,1,6,mass_budget_prefix,5,1,52,51,0.5909090909090909,0.9807692307692307,1,0.0,0
ionosphere,5,8,229,1,6,mass_budget_prefix,5,1,52,51,0.5909090909090909,0.9807692307692307,1,0.0,0
ionosphere,5,8,306,1,6,mass_budget_prefix,6,0,0,0,0.0,,0,,1
ionosphere,5,8,324,1,6,mass_budget_prefix,5,1,52,51,0.5909090909090909,0.9807692307692307,1,0.0,0
ionosphere,6,4,10,1,4,mass_budget_prefix,4,0,61,61,0.6931818181818182,1.0,1,0.0,1
ionosphere,6,4,38,1,4,mass_budget_prefix,4,0,61,61,0.6931818181818182,1.0,1,0.0,1
ionosphere,6,4,73,0,2,mass_budget_prefix,2,0,16,16,0.18181818181818182,1.0,1,0.0,1
ionosphere,6,4,91,0,2,mass_budget_prefix,2,0,16,16,0.18181818181818182,1.0,1,0.0,1
ionosphere,6,4,111,1,4,mass_budget_prefix,4,0,61,61,0.6931818181818182,1.0,1,0.0,1
ionosphere,6,4,115,0,2,mass_budget_prefix,2,0,16,16,0.18181818181818182,1.0,1,0.0,1
ionosphere,6,4,138,0,2,mass_budget_prefix,2,0,16,16,0.18181818181818182,1.0,1,0.0,1
ionosphere,6,4,149,1,4,mass_budget_prefix,4,0,61,61,0.6931818181818182,1.0,1,0.0,1
ionosphere,6,4,153,1,4,mass_budget_prefix,4,0,61,61,0.6931818181818182,1.0,1,0.0,1
ionosphere,6,4,168,0,2,mass_budget_prefix,2,0,16,16,0.18181818181818182,1.0,1,0.0,1
ionosphere,6,4,169,1,4,mass_budget_prefix,4,0,61,61,0.6931818181818182,1.0,1,0.0,1
ionosphere,6,4,214,0,2,mass_budget_prefix,2,0,4,4,0.045454545454545456,1.0,1,0.0,1
ionosphere,6,4,220,0,3,mass_budget_prefix,3,0,3,3,0.03409090909090909,1.0,1,0.0,1
ionosphere,6,4,249,1,4,mass_budget_prefix,4,0,61,61,0.6931818181818182,1.0,1,0.0,1
ionosphere,6,4,257,1,4,mass_budget_prefix,4,0,61,61,0.6931818181818182,1.0,1,0.0,1
ionosphere,6,4,261,1,4,mass_budget_prefix,4,0,61,61,0.6931818181818182,1.0,1,0.0,1
ionosphere,6,4,291,1,4,mass_budget_prefix,4,0,61,61,0.6931818181818182,1.0,1,0.0,1
ionosphere,6,4,321,1,4,mass_budget_prefix,4,0,61,61,0.6931818181818182,1.0,1,0.0,1
ionosphere,6,8,10,1,8,mass_budget_prefix,4,1,61,53,0.6931818181818182,0.8688524590163934,1,1.0,0
ionosphere,6,8,38,1,8,mass_budget_prefix,4,1,61,53,0.6931818181818182,0.8688524590163934,1,1.0,0
ionosphere,6,8,73,0,2,mass_budget_prefix,2,0,16,16,0.18181818181818182,1.0,1,0.0,1
ionosphere,6,8,91,0,2,mass_budget_prefix,2,0,16,16,0.18181818181818182,1.0,1,0.0,1
ionosphere,6,8,111,1,8,mass_budget_prefix,4,1,61,53,0.6931818181818182,0.8688524590163934,1,1.0,0
ionosphere,6,8,115,0,2,mass_budget_prefix,2,0,16,16,0.18181818181818182,1.0,1,0.0,1
ionosphere,6,8,138,0,2,mass_budget_prefix,2,0,16,16,0.18181818181818182,1.0,1,0.0,1
ionosphere,6,8,149,1,8,mass_budget_prefix,4,1,61,53,0.6931818181818182,0.8688524590163934,1,1.0,0
ionosphere,6,8,153,1,8,mass_budget_prefix,4,1,61,53,0.6931818181818182,0.8688524590163934,1,1.0,0
ionosphere,6,8,168,0,2,mass_budget_prefix,2,0,16,16,0.18181818181818182,1.0,1,0.0,1
ionosphere,6,8,169,1,8,mass_budget_prefix,4,1,61,53,0.6931818181818182,0.8688524590163934,1,1.0,0
ionosphere,6,8,214,0,2,mass_budget_prefix,2,0,4,4,0.045454545454545456,1.0,1,0.0,1
ionosphere,6,8,220,0,3,mass_budget_prefix,3,0,3,3,0.03409090909090909,1.0,1,0.0,1
ionosphere,6,8,249,1,8,mass_budget_prefix,4,1,61,53,0.6931818181818182,0.8688524590163934,1,1.0,0
ionosphere,6,8,257,1,8,mass_budget_prefix,4,1,61,53,0.6931818181818182,0.8688524590163934,1,1.0,0
ionosphere,6,8,261,1,8,mass_budget_prefix,4,1,61,53,0.6931818181818182,0.8688524590163934,1,1.0,0
ionosphere,6,8,291,1,8,mass_budget_prefix,4,1,61,53,0.6931818181818182,0.8688524590163934,1,1.0,0
ionosphere,6,8,321,1,8,mass_budget_prefix,4,1,61,53,0.6931818181818182,0.8688524590163934,1,1.0,0
ionosphere,7,4,12,1,4,mass_budget_prefix,2,1,53,51,0.6022727272727273,0.9622641509433962,1,0.0,0
ionosphere,7,4,17,0,4,mass_budget_prefix,4,0,0,0,0.0,,0,,1
ionosphere,7,4,46,1,4,mass_budget_prefix,2,1,53,51,0.6022727272727273,0.9622641509433962,1,0.0,0
ionosphere,7,4,47,0,4,mass_budget_prefix,4,0,9,9,0.10227272727272728,1.0,1,0.0,1
ionosphere,7,4,50,1,4,mass_budget_prefix,2,1,53,51,0.6022727272727273,0.9622641509433962,1,0.0,0
ionosphere,7,4,69,0,4,mass_budget_prefix,4,0,0,0,0.0,,0,,1
ionosphere,7,4,72,1,4,mass_budget_prefix,2,1,53,51,0.6022727272727273,0.9622641509433962,1,0.0,0
ionosphere,7,4,74,1,4,mass_budget_prefix,2,1,53,51,0.6022727272727273,0.9622641509433962,1,0.0,0
ionosphere,7,4,78,1,4,mass_budget_prefix,2,1,53,51,0.6022727272727273,0.9622641509433962,1,0.0,0
ionosphere,7,4,102,0,2,mass_budget_prefix,2,0,13,13,0.14772727272727273,1.0,1,0.0,1
ionosphere,7,4,145,1,4,mass_budget_prefix,2,1,53,51,0.6022727272727273,0.9622641509433962,1,0.0,0
ionosphere,7,4,160,0,4,mass_budget_prefix,4,0,9,9,0.10227272727272728,1.0,1,0.0,1
ionosphere,7,4,203,1,4,mass_budget_prefix,2,1,53,51,0.6022727272727273,0.9622641509433962,1,0.0,0
ionosphere,7,4,222,0,3,mass_budget_prefix,3,0,1,1,0.011363636363636364,1.0,1,0.0,1
ionosphere,7,4,262,1,4,mass_budget_prefix,2,1,53,51,0.6022727272727273,0.9622641509433962,1,0.0,0
ionosphere,7,4,290,0,4,mass_budget_prefix,4,0,9,9,0.10227272727272728,1.0,1,0.0,1
ionosphere,7,4,316,1,4,mass_budget_prefix,2,1,53,51,0.6022727272727273,0.9622641509433962,1,0.0,0
ionosphere,7,4,325,1,4,mass_budget_prefix,2,1,53,51,0.6022727272727273,0.9622641509433962,1,0.0,0
ionosphere,7,8,12,1,8,mass_budget_prefix,7,1,4,4,0.045454545454545456,1.0,1,0.0,0
ionosphere,7,8,17,1,4,mass_budget_prefix,4,0,6,6,0.06818181818181818,1.0,1,0.0,1
ionosphere,7,8,46,1,8,mass_budget_prefix,7,1,4,4,0.045454545454545456,1.0,1,0.0,0
ionosphere,7,8,47,0,4,mass_budget_prefix,4,0,9,9,0.10227272727272728,1.0,1,0.0,1
ionosphere,7,8,50,1,6,mass_budget_prefix,6,0,46,46,0.5227272727272727,1.0,1,0.0,1
ionosphere,7,8,69,0,3,mass_budget_prefix,3,0,2,2,0.022727272727272728,1.0,1,0.0,1
ionosphere,7,8,72,1,6,mass_budget_prefix,6,0,46,46,0.5227272727272727,1.0,1,0.0,1
ionosphere,7,8,74,1,6,mass_budget_prefix,6,0,46,46,0.5227272727272727,1.0,1,0.0,1
ionosphere,7,8,78,1,6,mass_budget_prefix,6,0,46,46,0.5227272727272727,1.0,1,0.0,1
ionosphere,7,8,102,0,2,mass_budget_prefix,2,0,13,13,0.14772727272727273,1.0,1,0.0,1
ionosphere,7,8,145,1,6,mass_budget_prefix,6,0,46,46,0.5227272727272727,1.0,1,0.0,1
ionosphere,7,8,160,0,4,mass_budget_prefix,4,0,9,9,0.10227272727272728,1.0,1,0.0,1
ionosphere,7,8,203,1,6,mass_budget_prefix,6,0,46,46,0.5227272727272727,1.0,1,0.0,1
ionosphere,7,8,222,0,3,mass_budget_prefix,3,0,2,2,0.022727272727272728,1.0,1,0.0,1
ionosphere,7,8,262,1,6,mass_budget_prefix,6,0,46,46,0.5227272727272727,1.0,1,0.0,1
ionosphere,7,8,290,0,4,mass_budget_prefix,4,0,9,9,0.10227272727272728,1.0,1,0.0,1
ionosphere,7,8,316,1,6,mass_budget_prefix,6,0,46,46,0.5227272727272727,1.0,1,0.0,1
ionosphere,7,8,325,1,6,mass_budget_prefix,6,0,46,46,0.5227272727272727,1.0,1,0.0,1
ionosphere,8,4,16,1,4,mass_budget_prefix,4,0,49,49,0.5568181818181818,1.0,1,0.0,1
ionosphere,8,4,48,1,4,mass_budget_prefix,4,0,49,49,0.5568181818181818,1.0,1,0.0,1
ionosphere,8,4,61,0,1,mass_budget_prefix,1,0,21,21,0.23863636363636365,1.0,1,0.0,1
ionosphere,8,4,106,0,1,mass_budget_prefix,1,0,21,21,0.23863636363636365,1.0,1,0.0,1
ionosphere,8,4,113,1,4,mass_budget_prefix,4,0,49,49,0.5568181818181818,1.0,1,0.0,1
ionosphere,8,4,126,0,3,mass_budget_prefix,3,0,4,4,0.045454545454545456,1.0,1,0.0,1
ionosphere,8,4,170,0,3,mass_budget_prefix,3,0,4,4,0.045454545454545456,1.0,1,0.0,1
ionosphere,8,4,196,1,4,mass_budget_prefix,4,0,5,5,0.056818181818181816,1.0,1,0.0,1
ionosphere,8,4,223,1,4,mass_budget_prefix,4,0,49,49,0.5568181818181818,1.0,1,0.0,1
ionosphere,8,4,226,0,3,mass_budget_prefix,3,0,4,4,0.045454545454545456,1.0,1,0.0,1
ionosphere,8,4,227,1,4,mass_budget_prefix,4,0,49,49,0.5568181818181818,1.0,1,0.0,1
ionosphere,8,4,250,0,1,mass_budget_prefix,1,0,21,21,0.23863636363636365,1.0,1,0.0,1
ionosphere,8,4,265,1,4,mass_budget_prefix,4,0,49,49,0.5568181818181818,1.0,1,0.0,1
ionosphere,8,4,284,1,4,mass_budget_prefix,4,0,5,5,0.056818181818181816,1.0,1,0.0,1
ionosphere,8,4,315,1,4,mass_budget_prefix,4,0,49,49,0.5568181818181818,1.0,1,0.0,1
ionosphere,8,4,342,1,4,mass_budget_prefix,4,0,49,49,0.5568181818181818,1.0,1,0.0,1
ionosphere,8,4,344,1,4,mass_budget_prefix,4,0,49,49,0.5568181818181818,1.0,1,0.0,1
ionosphere,8,4,345,1,4,mass_budget_prefix,4,0,49,49,0.5568181818181818,1.0,1,0.0,1
ionosphere,8,8,16,1,7,mass_budget_prefix,7,0,41,41,0.4659090909090909,1.0,1,0.0,1
ionosphere,8,8,48,1,7,mass_budget_prefix,7,0,41,41,0.4659090909090909,1.0,1,0.0,1
ionosphere,8,8,61,0,1,mass_budget_prefix,1,0,21,21,0.23863636363636365,1.0,1,0.0,1
ionosphere,8,8,106,0,1,mass_budget_prefix,1,0,21,21,0.23863636363636365,1.0,1,0.0,1
ionosphere,8,8,113,1,7,mass_budget_prefix,7,0,41,41,0.4659090909090909,1.0,1,0.0,1
ionosphere,8,8,126,0,3,mass_budget_prefix,3,0,4,4,0.045454545454545456,1.0,1,0.0,1
ionosphere,8,8,170,0,3,mass_budget_prefix,3,0,4,4,0.045454545454545456,1.0,1,0.0,1
ionosphere,8,8,196,1,5,mass_budget_prefix,5,0,5,5,0.056818181818181816,1.0,1,0.0,1
ionosphere,8,8,223,1,7,mass_budget_prefix,7,0,41,41,0.4659090909090909,1.0,1,0.0,1
ionosphere,8,8,226,0,3,mass_budget_prefix,3,0,4,4,0.045454545454545456,1.0,1,0.0,1
ionosphere,8,8,227,1,7,mass_budget_prefix,7,0,41,41,0.4659090909090909,1.0,1,0.0,1
ionosphere,8,8,250,0,1,mass_budget_prefix,1,0,21,21,0.23863636363636365,1.0,1,0.0,1
ionosphere,8,8,265,1,7,mass_budget_prefix,7,0,41,41,0.4659090909090909,1.0,1,0.0,1
ionosphere,8,8,284,1,5,mass_budget_prefix,5,0,5,5,0.056818181818181816,1.0,1,0.0,1
ionosphere,8,8,315,1,7,mass_budget_prefix,7,0,41,41,0.4659090909090909,1.0,1,0.0,1
ionosphere,8,8,342,1,7,mass_budget_prefix,7,0,41,41,0.4659090909090909,1.0,1,0.0,1
ionosphere,8,8,344,1,7,mass_budget_prefix,7,0,41,41,0.4659090909090909,1.0,1,0.0,1
ionosphere,8,8,345,1,7,mass_budget_prefix,7,0,41,41,0.4659090909090909,1.0,1,0.0,1
ionosphere,9,4,1,1,4,mass_budget_prefix,2,1,58,58,0.6590909090909091,1.0,1,0.0,0
ionosphere,9,4,26,1,4,mass_budget_prefix,2,1,58,58,0.6590909090909091,1.0,1,0.0,0
ionosphere,9,4,36,1,4,mass_budget_prefix,2,1,58,58,0.6590909090909091,1.0,1,0.0,0
ionosphere,9,4,70,1,4,mass_budget_prefix,2,1,58,58,0.6590909090909091,1.0,1,0.0,0
ionosphere,9,4,95,1,3,mass_budget_prefix,3,0,4,4,0.045454545454545456,1.0,1,0.0,1
ionosphere,9,4,121,1,4,mass_budget_prefix,2,1,58,58,0.6590909090909091,1.0,1,0.0,0
ionosphere,9,4,128,0,2,mass_budget_prefix,2,0,13,13,0.14772727272727273,1.0,1,0.0,1
ionosphere,9,4,129,1,4,mass_budget_prefix,2,1,58,58,0.6590909090909091,1.0,1,0.0,0
ionosphere,9,4,133,1,4,mass_budget_prefix,2,1,58,58,0.6590909090909091,1.0,1,0.0,0
ionosphere,9,4,192,0,3,mass_budget_prefix,2,1,10,6,0.11363636363636363,0.6,1,1.0,0
ionosphere,9,4,232,0,2,mass_budget_prefix,2,0,13,13,0.14772727272727273,1.0,1,0.0,1
ionosphere,9,4,250,0,3,mass_budget_prefix,3,0,2,2,0.022727272727272728,1.0,1,0.0,1
ionosphere,9,4,260,1,4,mass_budget_prefix,2,1,58,58,0.6590909090909091,1.0,1,0.0,0
ionosphere,9,4,266,1,4,mass_budget_prefix,2,1,58,58,0.6590909090909091,1.0,1,0.0,0
ionosphere,9,4,278,1,4,mass_budget_prefix,2,1,58,58,0.6590909090909091,1.0,1,0.0,0
ionosphere,9,4,280,1,4,mass_budget_prefix,2,1,58,58,0.6590909090909091,1.0,1,0.0,0
ionosphere,9,4,300,1,4,mass_budget_prefix,2,1,58,58,0.6590909090909091,1.0,1,0.0,0
ionosphere,9,4,331,1,4,mass_budget_prefix,2,1,58,58,0.6590909090909091,1.0,1,0.0,0
ionosphere,9,8,1,1,5,mass_budget_prefix,5,0,56,56,0.6363636363636364,1.0,1,0.0,1
ionosphere,9,8,26,1,5,mass_budget_prefix,5,0,56,56,0.6363636363636364,1.0,1,0.0,1
ionosphere,9,8,36,1,5,mass_budget_prefix,5,0,56,56,0.6363636363636364,1.0,1,0.0,1
ionosphere,9,8,70,1,5,mass_budget_prefix,5,0,56,56,0.6363636363636364,1.0,1,0.0,1
ionosphere,9,8,95,1,3,mass_budget_prefix,3,0,4,4,0.045454545454545456,1.0,1,0.0,1
ionosphere,9,8,121,1,5,mass_budget_prefix,5,0,56,56,0.6363636363636364,1.0,1,0.0,1
ionosphere,9,8,128,0,2,mass_budget_prefix,2,0,13,13,0.14772727272727273,1.0,1,0.0,1
ionosphere,9,8,129,1,5,mass_budget_prefix,5,0,56,56,0.6363636363636364,1.0,1,0.0,1
ionosphere,9,8,133,0,6,mass_budget_prefix,6,0,1,1,0.011363636363636364,1.0,1,0.0,1
ionosphere,9,8,192,0,3,mass_budget_prefix,2,1,10,6,0.11363636363636363,0.6,1,1.0,0
ionosphere,9,8,232,0,2,mass_budget_prefix,2,0,13,13,0.14772727272727273,1.0,1,0.0,1
ionosphere,9,8,250,0,3,mass_budget_prefix,3,0,2,2,0.022727272727272728,1.0,1,0.0,1
ionosphere,9,8,260,1,5,mass_budget_prefix,5,0,56,56,0.6363636363636364,1.0,1,0.0,1
ionosphere,9,8,266,1,5,mass_budget_prefix,5,0,56,56,0.6363636363636364,1.0,1,0.0,1
ionosphere,9,8,278,1,5,mass_budget_prefix,5,0,56,56,0.6363636363636364,1.0,1,0.0,1
ionosphere,9,8,280,1,5,mass_budget_prefix,5,0,56,56,0.6363636363636364,1.0,1,0.0,1
ionosphere,9,8,300,1,5,mass_budget_prefix,5,0,56,56,0.6363636363636364,1.0,1,0.0,1
ionosphere,9,8,331,1,5,mass_budget_prefix,5,0,56,56,0.6363636363636364,1.0,1,0.0,1
sonar,0,4,6,1,4,mass_budget_prefix,3,1,31,31,0.5961538461538461,1.0,1,0.0,0
sonar,0,4,18,1,4,mass_budget_prefix,3,1,31,31,0.5961538461538461,1.0,1,0.0,0
sonar,0,4,63,0,3,mass_budget_prefix,3,0,13,13,0.25,1.0,1,0.0,1
sonar,0,4,66,0,3,mass_budget_prefix,3,0,13,13,0.25,1.0,1,0.0,1
sonar,0,4,84,0,4,mass_budget_prefix,4,0,1,1,0.019230769230769232,1.0,1,0.0,1
sonar,0,4,108,0,3,mass_budget_prefix,3,0,13,13,0.25,1.0,1,0.0,1
sonar,0,4,113,1,4,mass_budget_prefix,3,1,31,31,0.5961538461538461,1.0,1,0.0,0
sonar,0,4,117,1,4,mass_budget_prefix,3,1,31,31,0.5961538461538461,1.0,1,0.0,0
sonar,0,4,176,1,4,mass_budget_prefix,4,0,3,3,0.057692307692307696,1.0,1,0.0,1
sonar,0,4,181,1,4,mass_budget_prefix,3,1,31,31,0.5961538461538461,1.0,1,0.0,0
sonar,0,4,206,1,4,mass_budget_prefix,3,1,31,31,0.5961538461538461,1.0,1,0.0,0
sonar,0,8,6,0,6,mass_budget_prefix,6,0,3,3,0.057692307692307696,1.0,1,0.0,1
sonar,0,8,18,1,7,mass_budget_prefix,3,1,31,28,0.5961538461538461,0.9032258064516129,1,1.0,0
sonar,0,8,63,0,3,mass_budget_prefix,3,0,13,13,0.25,1.0,1,0.0,1
sonar,0,8,66,0,3,mass_budget_prefix,3,0,13,13,0.25,1.0,1,0.0,1
sonar,0,8,84,0,4,mass_budget_prefix,4,0,1,1,0.019230769230769232,1.0,1,0.0,1
sonar,0,8,108,0,3,mass_budget_prefix,3,0,13,13,0.25,1.0,1,0.0,1
sonar,0,8,113,1,7,mass_budget_prefix,3,1,31,28,0.5961538461538461,0.9032258064516129,1,1.0,0
sonar,0,8,117,1,7,mass_budget_prefix,3,1,31,28,0.5961538461538461,0.9032258064516129,1,1.0,0
sonar,0,8,176,1,4,mass_budget_prefix,4,0,3,3,0.057692307692307696,1.0,1,0.0,1
sonar,0,8,181,1,7,mass_budget_prefix,3,1,31,28,0.5961538461538461,0.9032258064516129,1,1.0,0
sonar,0,8,206,1,7,mass_budget_prefix,3,1,31,28,0.5961538461538461,0.9032258064516129,1,1.0,0
sonar,1,4,3,1,4,mass_budget_prefix,4,0,1,1,0.019230769230769232,1.0,1,0.0,1
sonar,1,4,10,0,3,mass_budget_prefix,3,0,14,14,0.2692307692307692,1.0,1,0.0,1
sonar,1,4,34,0,3,mass_budget_prefix,3,0,14,14,0.2692307692307692,1.0,1,0.0,1
sonar,1,4,58,0,3,mass_budget_prefix,3,0,14,14,0.2692307692307692,1.0,1,0.0,1
sonar,1,4,87,1,4,mass_budget_prefix,4,0,19,19,0.36538461538461536,1.0,1,0.0,1
sonar,1,4,107,0,3,mass_budget_prefix,3,0,14,14,0.2692307692307692,1.0,1,0.0,1
sonar,1,4,112,0,4,mass_budget_prefix,4,0,4,4,0.07692307692307693,1.0,1,0.0,1
sonar,1,4,154,1,4,mass_budget_prefix,4,0,3,3,0.057692307692307696,1.0,1,0.0,1
sonar,1,4,170,0,4,mass_budget_prefix,4,0,4,4,0.07692307692307693,1.0,1,0.0,1
sonar,1,4,175,1,4,mass_budget_prefix,4,0,19,19,0.36538461538461536,1.0,1,0.0,1
sonar,1,4,179,1,4,mass_budget_prefix,4,0,19,19,0.36538461538461536,1.0,1,0.0,1
sonar,1,8,3,1,4,mass_budget_prefix,4,0,1,1,0.019230769230769232,1.0,1,0.0,1
sonar,1,8,10,0,3,mass_budget_prefix,3,0,14,14,0.2692307692307692,1.0,1,0.0,1
sonar,1,8,34,0,3,mass_budget_prefix,3,0,14,14,0.2692307692307692,1.0,1,0.0,1
sonar,1,8,58,0,3,mass_budget_prefix,3,0,14,14,0.2692307692307692,1.0,1,0.0,1
sonar,1,8,87,1,4,mass_budget_prefix,4,0,19,19,0.36538461538461536,1.0,1,0.0,1
sonar,1,8,107,0,3,mass_budget_prefix,3,0,14,14,0.2692307692307692,1.0,1,0.0,1
sonar,1,8,112,0,4,mass_budget_prefix,4,0,4,4,0.07692307692307693,1.0,1,0.0,1
sonar,1,8,154,1,4,mass_budget_prefix,4,0,3,3,0.057692307692307696,1.0,1,0.0,1
sonar,1,8,170,0,4,mass_budget_prefix,4,0,4,4,0.07692307692307693,1.0,1,0.0,1
sonar,1,8,175,1,4,mass_budget_prefix,4,0,19,19,0.36538461538461536,1.0,1,0.0,1
sonar,1,8,179,1,4,mass_budget_prefix,4,0,19,19,0.36538461538461536,1.0,1,0.0,1
sonar,2,4,14,1,4,mass_budget_prefix,3,1,30,27,0.5769230769230769,0.9,1,1.0,0
sonar,2,4,26,0,2,mass_budget_prefix,2,0,12,12,0.23076923076923078,1.0,1,0.0,1
sonar,2,4,35,1,4,mass_budget_prefix,3,1,30,27,0.5769230769230769,0.9,1,1.0,0
sonar,2,4,47,1,4,mass_budget_prefix,3,1,30,27,0.5769230769230769,0.9,1,1.0,0
sonar,2,4,49,1,4,mass_budget_prefix,3,1,30,27,0.5769230769230769,0.9,1,1.0,0
sonar,2,4,98,0,4,mass_budget_prefix,4,0,3,3,0.057692307692307696,1.0,1,0.0,1
sonar,2,4,129,1,4,mass_budget_prefix,3,1,30,27,0.5769230769230769,0.9,1,1.0,0
sonar,2,4,148,1,4,mass_budget_prefix,3,1,30,27,0.5769230769230769,0.9,1,1.0,0
sonar,2,4,165,0,3,mass_budget_prefix,3,0,6,6,0.11538461538461539,1.0,1,0.0,1
sonar,2,4,187,1,4,mass_budget_prefix,3,1,30,27,0.5769230769230769,0.9,1,1.0,0
sonar,2,4,193,1,4,mass_budget_prefix,3,1,30,27,0.5769230769230769,0.9,1,1.0,0
sonar,2,8,14,1,6,mass_budget_prefix,4,1,27,25,0.5192307692307693,0.9259259259259259,1,1.0,0
sonar,2,8,26,0,2,mass_budget_prefix,2,0,12,12,0.23076923076923078,1.0,1,0.0,1
sonar,2,8,35,1,6,mass_budget_prefix,4,1,27,25,0.5192307692307693,0.9259259259259259,1,1.0,0
sonar,2,8,47,1,6,mass_budget_prefix,4,1,27,25,0.5192307692307693,0.9259259259259259,1,1.0,0
sonar,2,8,49,1,6,mass_budget_prefix,4,1,27,25,0.5192307692307693,0.9259259259259259,1,1.0,0
sonar,2,8,98,0,4,mass_budget_prefix,4,0,3,3,0.057692307692307696,1.0,1,0.0,1
sonar,2,8,129,1,6,mass_budget_prefix,4,1,27,25,0.5192307692307693,0.9259259259259259,1,1.0,0
sonar,2,8,148,1,6,mass_budget_prefix,4,1,27,25,0.5192307692307693,0.9259259259259259,1,1.0,0
sonar,2,8,165,0,3,mass_budget_prefix,3,0,4,4,0.07692307692307693,1.0,1,0.0,1
sonar,2,8,187,1,6,mass_budget_prefix,4,1,27,25,0.5192307692307693,0.9259259259259259,1,1.0,0
sonar,2,8,193,1,6,mass_budget_prefix,4,1,27,25,0.5192307692307693,0.9259259259259259,1,1.0,0
sonar,3,4,15,0,2,mass_budget_prefix,2,0,0,0,0.0,,0,,1
sonar,3,4,17,0,4,mass_budget_prefix,2,1,11,10,0.21153846153846154,0.9090909090909091,1,1.0,0
sonar,3,4,25,0,3,mass_budget_prefix,3,0,5,5,0.09615384615384616,1.0,1,0.0,1
sonar,3,4,36,0,4,mass_budget_prefix,2,1,11,10,0.21153846153846154,0.9090909090909091,1,1.0,0
sonar,3,4,75,0,4,mass_budget_prefix,2,1,11,10,0.21153846153846154,0.9090909090909091,1,1.0,0
sonar,3,4,106,0,4,mass_budget_prefix,2,1,11,10,0.21153846153846154,0.9090909090909091,1,1.0,0
sonar,3,4,113,1,4,mass_budget_prefix,2,1,31,29,0.5961538461538461,0.9354838709677419,1,1.0,0
sonar,3,4,121,1,4,mass_budget_prefix,2,1,31,29,0.5961538461538461,0.9354838709677419,1,1.0,0
sonar,3,4,142,1,4,mass_budget_prefix,2,1,31,29,0.5961538461538461,0.9354838709677419,1,1.0,0
sonar,3,4,165,0,4,mass_budget_prefix,4,0,0,0,0.0,,0,,1
sonar,3,4,202,1,4,mass_budget_prefix,2,1,31,29,0.5961538461538461,0.9354838709677419,1,1.0,0
sonar,3,8,15,0,2,mass_budget_prefix,2,0,0,0,0.0,,0,,1
sonar,3,8,17,0,4,mass_budget_prefix,2,1,11,10,0.21153846153846154,0.9090909090909091,1,1.0,0
sonar,3,8,25,0,3,mass_budget_prefix,3,0,5,5,0.09615384615384616,1.0,1,0.0,1
sonar,3,8,36,0,4,mass_budget_prefix,2,1,11,10,0.21153846153846154,0.9090909090909091,1,1.0,0
sonar,3,8,75,0,4,mass_budget_prefix,2,1,11,10,0.21153846153846154,0.9090909090909091,1,1.0,0
sonar,3,8,106,0,4,mass_budget_prefix,2,1,11,10,0.21153846153846154,0.9090909090909091,1,1.0,0
sonar,3,8,113,1,6,mass_budget_prefix,5,1,27,27,0.5192307692307693,1.0,1,0.0,0
sonar,3,8,121,1,6,mass_budget_prefix,5,1,27,27,0.5192307692307693,1.0,1,0.0,0
sonar,3,8,142,1,6,mass_budget_prefix,5,1,27,27,0.5192307692307693,1.0,1,0.0,0
sonar,3,8,165,0,4,mass_budget_prefix,4,0,2,2,0.038461538461538464,1.0,1,0.0,1
sonar,3,8,202,1,6,mass_budget_prefix,5,1,27,27,0.5192307692307693,1.0,1,0.0,0
sonar,4,4,1,1,4,mass_budget_prefix,4,0,22,22,0.4230769230769231,1.0,1,0.0,1
sonar,4,4,34,1,4,mass_budget_prefix,4,0,22,22,0.4230769230769231,1.0,1,0.0,1
sonar,4,4,55,0,3,mass_budget_prefix,2,1,12,12,0.23076923076923078,1.0,1,0.0,0
sonar,4,4,71,0,3,mass_budget_prefix,2,1,12,12,0.23076923076923078,1.0,1,0.0,0
sonar,4,4,91,1,4,mass_budget_prefix,4,0,22,22,0.4230769230769231,1.0,1,0.0,1
sonar,4,4,114,1,4,mass_budget_prefix,4,0,22,22,0.4230769230769231,1.0,1,0.0,1
sonar,4,4,135,1,3,mass_budget_prefix,3,0,5,5,0.09615384615384616,1.0,1,0.0,1
sonar,4,4,138,1,4,mass_budget_prefix,4,0,22,22,0.4230769230769231,1.0,1,0.0,1
sonar,4,4,154,0,3,mass_budget_prefix,2,1,12,12,0.23076923076923078,1.0,1,0.0,0
sonar,4,4,177,1,3,mass_budget_prefix,3,0,3,3,0.057692307692307696,1.0,1,0.0,1
sonar,4,4,204,1,3,mass_budget_prefix,3,0,3,3,0.057692307692307696,1.0,1,0.0,1
sonar,4,8,1,1,5,mass_budget_prefix,4,1,22,22,0.4230769230769231,1.0,1,0.0,0
sonar,4,8,34,1,5,mass_budget_prefix,4,1,22,22,0.4230769230769231,1.0,1,0.0,0
sonar,4,8,55,0,3,mass_budget_prefix,2,1,12,12,0.23076923076923078,1.0,1,0.0,0
sonar,4,8,71,0,3,mass_budget_prefix,2,1,12,12,0.23076923076923078,1.0,1,0.0,0
sonar,4,8,91,1,5,mass_budget_prefix,4,1,22,22,0.4230769230769231,1.0,1,0.0,0
sonar,4,8,114,1,5,mass_budget_prefix,4,1,22,22,0.4230769230769231,1.0,1,0.0,0
sonar,4,8,135,1,3,mass_budget_prefix,3,0,5,5,0.09615384615384616,1.0,1,0.0,1
sonar,4,8,138,1,5,mass_budget_prefix,4,1,22,22,0.4230769230769231,1.0,1,0.0,0
sonar,4,8,154,0,3,mass_budget_prefix,2,1,12,12,0.23076923076923078,1.0,1,0.0,0
sonar,4,8,177,1,3,mass_budget_prefix,3,0,3,3,0.057692307692307696,1.0,1,0.0,1
sonar,4,8,204,1,3,mass_budget_prefix,3,0,3,3,0.057692307692307696,1.0,1,0.0,1
sonar,5,4,17,0,3,mass_budget_prefix,3,0,13,13,0.25,1.0,1,0.0,1
sonar,5,4,58,0,3,mass_budget_prefix,3,0,13,13,0.25,1.0,1,0.0,1
sonar,5,4,61,0,3,mass_budget_prefix,3,0,13,13,0.25,1.0,1,0.0,1
sonar,5,4,81,1,4,mass_budget_prefix,4,0,12,12,0.23076923076923078,1.0,1,0.0,1
sonar,5,4,95,0,3,mass_budget_prefix,3,0,13,13,0.25,1.0,1,0.0,1
sonar,5,4,128,1,4,mass_budget_prefix,4,0,12,12,0.23076923076923078,1.0,1,0.0,1
sonar,5,4,139,1,4,mass_budget_prefix,4,0,15,15,0.28846153846153844,1.0,1,0.0,1
sonar,5,4,148,1,4,mass_budget_prefix,4,0,15,15,0.28846153846153844,1.0,1,0.0,1
sonar,5,4,177,1,4,mass_budget_prefix,4,0,15,15,0.28846153846153844,1.0,1,0.0,1
sonar,5,4,202,1,4,mass_budget_prefix,4,0,15,15,0.28846153846153844,1.0,1,0.0,1
sonar,5,4,206,1,4,mass_budget_prefix,4,0,15,15,0.28846153846153844,1.0,1,0.0,1
sonar,5,8,17,0,3,mass_budget_prefix,3,0,13,13,0.25,1.0,1,0.0,1
sonar,5,8,58,0,3,mass_budget_prefix,3,0,13,13,0.25,1.0,1,0.0,1
sonar,5,8,61,0,3,mass_budget_prefix,3,0,13,13,0.25,1.0,1,0.0,1
sonar,5,8,81,0,6,mass_budget_prefix,6,0,1,1,0.019230769230769232,1.0,1,0.0,1
sonar,5,8,95,0,3,mass_budget_prefix,3,0,13,13,0.25,1.0,1,0.0,1
sonar,5,8,128,0,6,mass_budget_prefix,6,0,1,1,0.019230769230769232,1.0,1,0.0,1
sonar,5,8,139,1,5,mass_budget_prefix,5,0,15,15,0.28846153846153844,1.0,1,0.0,1
sonar,5,8,148,1,5,mass_budget_prefix,5,0,15,15,0.28846153846153844,1.0,1,0.0,1
sonar,5,8,177,1,5,mass_budget_prefix,5,0,15,15,0.28846153846153844,1.0,1,0.0,1
sonar,5,8,202,1,5,mass_budget_prefix,5,0,15,15,0.28846153846153844,1.0,1,0.0,1
sonar,5,8,206,1,5,mass_budget_prefix,5,0,15,15,0.28846153846153844,1.0,1,0.0,1
sonar,6,4,14,0,3,mass_budget_prefix,3,0,15,15,0.28846153846153844,1.0,1,0.0,1
sonar,6,4,20,0,4,mass_budget_prefix,4,0,1,1,0.019230769230769232,1.0,1,0.0,1
sonar,6,4,37,0,3,mass_budget_prefix,3,0,15,15,0.28846153846153844,1.0,1,0.0,1
sonar,6,4,46,0,4,mass_budget_prefix,4,0,1,1,0.019230769230769232,1.0,1,0.0,1
sonar,6,4,83,0,3,mass_budget_prefix,3,0,0,0,0.0,,0,,1
sonar,6,4,98,1,3,mass_budget_prefix,3,0,14,14,0.2692307692307692,1.0,1,0.0,1
sonar,6,4,125,1,4,mass_budget_prefix,4,0,7,7,0.1346153846153846,1.0,1,0.0,1
sonar,6,4,137,1,3,mass_budget_prefix,3,0,14,14,0.2692307692307692,1.0,1,0.0,1
sonar,6,4,162,0,3,mass_budget_prefix,3,0,15,15,0.28846153846153844,1.0,1,0.0,1
sonar,6,4,189,1,3,mass_budget_prefix,3,0,14,14,0.2692307692307692,1.0,1,0.0,1
sonar,6,4,195,1,3,mass_budget_prefix,3,0,14,14,0.2692307692307692,1.0,1,0.0,1
sonar,6,8,14,0,3,mass_budget_prefix,3,0,15,15,0.28846153846153844,1.0,1,0.0,1
sonar,6,8,20,0,4,mass_budget_prefix,4,0,1,1,0.019230769230769232,1.0,1,0.0,1
sonar,6,8,37,0,3,mass_budget_prefix,3,0,15,15,0.28846153846153844,1.0,1,0.0,1
sonar,6,8,46,0,4,mass_budget_prefix,4,0,1,1,0.019230769230769232,1.0,1,0.0,1
sonar,6,8,83,0,3,mass_budget_prefix,3,0,0,0,0.0,,0,,1
sonar,6,8,98,1,3,mass_budget_prefix,3,0,14,14,0.2692307692307692,1.0,1,0.0,1
sonar,6,8,125,1,4,mass_budget_prefix,4,0,7,7,0.1346153846153846,1.0,1,0.0,1
sonar,6,8,137,1,3,mass_budget_prefix,3,0,14,14,0.2692307692307692,1.0,1,0.0,1
sonar,6,8,162,0,3,mass_budget_prefix,3,0,15,15,0.28846153846153844,1.0,1,0.0,1
sonar,6,8,189,1,3,mass_budget_prefix,3,0,14,14,0.2692307692307692,1.0,1,0.0,1
sonar,6,8,195,1,3,mass_budget_prefix,3,0,14,14,0.2692307692307692,1.0,1,0.0,1
sonar,7,4,22,1,4,mass_budget_prefix,4,0,1,1,0.019230769230769232,1.0,1,0.0,1
sonar,7,4,28,1,4,mass_budget_prefix,4,0,27,27,0.5192307692307693,1.0,1,0.0,1
sonar,7,4,48,0,4,mass_budget_prefix,2,1,12,11,0.23076923076923078,0.9166666666666666,1,1.0,0
sonar,7,4,68,0,4,mass_budget_prefix,2,1,12,11,0.23076923076923078,0.9166666666666666,1,1.0,0
sonar,7,4,87,1,4,mass_budget_prefix,4,0,27,27,0.5192307692307693,1.0,1,0.0,1
sonar,7,4,126,1,4,mass_budget_prefix,4,0,27,27,0.5192307692307693,1.0,1,0.0,1
sonar,7,4,175,1,4,mass_budget_prefix,4,0,27,27,0.5192307692307693,1.0,1,0.0,1
sonar,7,4,181,1,4,mass_budget_prefix,4,0,27,27,0.5192307692307693,1.0,1,0.0,1
sonar,7,4,183,1,4,mass_budget_prefix,4,0,27,27,0.5192307692307693,1.0,1,0.0,1
sonar,7,4,190,0,4,mass_budget_prefix,2,1,12,11,0.23076923076923078,0.9166666666666666,1,1.0,0
sonar,7,4,191,1,4,mass_budget_prefix,4,0,27,27,0.5192307692307693,1.0,1,0.0,1
sonar,7,8,22,1,4,mass_budget_prefix,4,0,1,1,0.019230769230769232,1.0,1,0.0,1
sonar,7,8,28,1,5,mass_budget_prefix,5,0,24,24,0.46153846153846156,1.0,1,0.0,1
sonar,7,8,48,0,4,mass_budget_prefix,2,1,12,11,0.23076923076923078,0.9166666666666666,1,1.0,0
sonar,7,8,68,0,4,mass_budget_prefix,2,1,12,11,0.23076923076923078,0.9166666666666666,1,1.0,0
sonar,7,8,87,1,5,mass_budget_prefix,5,0,24,24,0.46153846153846156,1.0,1,0.0,1
sonar,7,8,126,1,5,mass_budget_prefix,5,0,24,24,0.46153846153846156,1.0,1,0.0,1
sonar,7,8,175,1,5,mass_budget_prefix,5,0,24,24,0.46153846153846156,1.0,1,0.0,1
sonar,7,8,181,1,5,mass_budget_prefix,5,0,24,24,0.46153846153846156,1.0,1,0.0,1
sonar,7,8,183,1,6,mass_budget_prefix,6,0,2,2,0.038461538461538464,1.0,1,0.0,1
sonar,7,8,190,0,4,mass_budget_prefix,2,1,12,11,0.23076923076923078,0.9166666666666666,1,1.0,0
sonar,7,8,191,1,6,mass_budget_prefix,6,0,2,2,0.038461538461538464,1.0,1,0.0,1
sonar,8,4,26,1,2,mass_budget_prefix,2,0,0,0,0.0,,0,,1
sonar,8,4,52,0,3,mass_budget_prefix,2,1,18,14,0.34615384615384615,0.7777777777777778,1,1.0,0
sonar,8,4,66,0,3,mass_budget_prefix,2,1,18,14,0.34615384615384615,0.7777777777777778,1,1.0,0
sonar,8,4,83,1,4,mass_budget_prefix,4,0,5,5,0.09615384615384616,1.0,1,0.0,1
sonar,8,4,94,0,3,mass_budget_prefix,2,1,18,14,0.34615384615384615,0.7777777777777778,1,1.0,0
sonar,8,4,98,1,4,mass_budget_prefix,2,1,18,18,0.34615384615384615,1.0,1,0.0,0
sonar,8,4,119,0,4,mass_budget_prefix,4,0,5,5,0.09615384615384616,1.0,1,0.0,1
sonar,8,4,167,0,3,mass_budget_prefix,2,1,18,14,0.34615384615384615,0.7777777777777778,1,1.0,0
sonar,8,4,182,1,4,mass_budget_prefix,2,1,18,18,0.34615384615384615,1.0,1,0.0,0
sonar,8,4,189,1,4,mass_budget_prefix,2,1,18,18,0.34615384615384615,1.0,1,0.0,0
sonar,8,4,191,1,4,mass_budget_prefix,2,1,18,18,0.34615384615384615,1.0,1,0.0,0
sonar,8,8,26,1,2,mass_budget_prefix,2,0,0,0,0.0,,0,,1
sonar,8,8,52,0,3,mass_budget_prefix,2,1,18,14,0.34615384615384615,0.7777777777777778,1,1.0,0
sonar,8,8,66,0,3,mass_budget_prefix,2,1,18,14,0.34615384615384615,0.7777777777777778,1,1.0,0
sonar,8,8,83,1,4,mass_budget_prefix,4,0,5,5,0.09615384615384616,1.0,1,0.0,1
sonar,8,8,94,0,3,mass_budget_prefix,2,1,18,14,0.34615384615384615,0.7777777777777778,1,1.0,0
sonar,8,8,98,1,4,mass_budget_prefix,2,1,18,18,0.34615384615384615,1.0,1,0.0,0
sonar,8,8,119,1,5,mass_budget_prefix,5,0,3,3,0.057692307692307696,1.0,1,0.0,1
sonar,8,8,167,0,3,mass_budget_prefix,2,1,18,14,0.34615384615384615,0.7777777777777778,1,1.0,0
sonar,8,8,182,1,4,mass_budget_prefix,2,1,18,18,0.34615384615384615,1.0,1,0.0,0
sonar,8,8,189,1,4,mass_budget_prefix,2,1,18,18,0.34615384615384615,1.0,1,0.0,0
sonar,8,8,191,1,4,mass_budget_prefix,2,1,18,18,0.34615384615384615,1.0,1,0.0,0
sonar,9,4,20,0,3,mass_budget_prefix,3,0,4,4,0.07692307692307693,1.0,1,0.0,1
sonar,9,4,29,1,4,mass_budget_prefix,4,0,8,8,0.15384615384615385,1.0,1,0.0,1
sonar,9,4,64,0,4,mass_budget_prefix,2,1,13,10,0.25,0.7692307692307693,1,1.0,0
sonar,9,4,74,0,4,mass_budget_prefix,4,0,3,3,0.057692307692307696,1.0,1,0.0,1
sonar,9,4,95,0,4,mass_budget_prefix,2,1,13,10,0.25,0.7692307692307693,1,1.0,0
sonar,9,4,111,1,3,mass_budget_prefix,2,1,16,16,0.3076923076923077,1.0,1,0.0,0
sonar,9,4,128,1,4,mass_budget_prefix,4,0,8,8,0.15384615384615385,1.0,1,0.0,1
sonar,9,4,136,0,3,mass_budget_prefix,3,0,4,4,0.07692307692307693,1.0,1,0.0,1
sonar,9,4,151,1,3,mass_budget_prefix,2,1,16,16,0.3076923076923077,1.0,1,0.0,0
sonar,9,4,171,0,3,mass_budget_prefix,3,0,4,4,0.07692307692307693,1.0,1,0.0,1
sonar,9,4,194,1,3,mass_budget_prefix,2,1,16,16,0.3076923076923077,1.0,1,0.0,0
sonar,9,8,20,0,3,mass_budget_prefix,3,0,4,4,0.07692307692307693,1.0,1,0.0,1
sonar,9,8,29,1,4,mass_budget_prefix,4,0,8,8,0.15384615384615385,1.0,1,0.0,1
sonar,9,8,64,0,4,mass_budget_prefix,2,1,13,10,0.25,0.7692307692307693,1,1.0,0
sonar,9,8,74,0,4,mass_budget_prefix,4,0,3,3,0.057692307692307696,1.0,1,0.0,1
sonar,9,8,95,0,4,mass_budget_prefix,2,1,13,10,0.25,0.7692307692307693,1,1.0,0
sonar,9,8,111,1,3,mass_budget_prefix,2,1,16,16,0.3076923076923077,1.0,1,0.0,0
sonar,9,8,128,1,4,mass_budget_prefix,4,0,8,8,0.15384615384615385,1.0,1,0.0,1
sonar,9,8,136,0,3,mass_budget_prefix,3,0,4,4,0.07692307692307693,1.0,1,0.0,1
sonar,9,8,151,1,3,mass_budget_prefix,2,1,16,16,0.3076923076923077,1.0,1,0.0,0
sonar,9,8,171,0,3,mass_budget_prefix,3,0,4,4,0.07692307692307693,1.0,1,0.0,1
sonar,9,8,194,1,3,mass_budget_prefix,2,1,16,16,0.3076923076923077,1.0,1,0.0,0
internet-ads,0,4,86,0,4,mass_budget_prefix,3,1,25,25,0.03048780487804878,1.0,1,0.0,0
internet-ads,0,4,238,1,4,mass_budget_prefix,1,1,760,716,0.926829268292683,0.9421052631578948,1,1.0,0
internet-ads,0,4,386,1,4,mass_budget_prefix,1,1,760,716,0.926829268292683,0.9421052631578948,1,1.0,0
internet-ads,0,4,705,1,4,mass_budget_prefix,1,1,760,716,0.926829268292683,0.9421052631578948,1,1.0,0
internet-ads,0,4,811,1,4,mass_budget_prefix,1,1,760,716,0.926829268292683,0.9421052631578948,1,1.0,0
internet-ads,0,4,1031,0,4,mass_budget_prefix,3,1,25,25,0.03048780487804878,1.0,1,0.0,0
internet-ads,0,4,1173,1,4,mass_budget_prefix,1,1,760,716,0.926829268292683,0.9421052631578948,1,1.0,0
internet-ads,0,4,1189,1,4,mass_budget_prefix,1,1,760,716,0.926829268292683,0.9421052631578948,1,1.0,0
internet-ads,0,4,1215,1,4,mass_budget_prefix,1,1,760,716,0.926829268292683,0.9421052631578948,1,1.0,0
internet-ads,0,4,1310,1,4,mass_budget_prefix,1,1,760,716,0.926829268292683,0.9421052631578948,1,1.0,0
internet-ads,0,4,1313,1,4,mass_budget_prefix,1,1,760,716,0.926829268292683,0.9421052631578948,1,1.0,0
internet-ads,0,4,1572,1,4,mass_budget_prefix,1,1,760,716,0.926829268292683,0.9421052631578948,1,1.0,0
internet-ads,0,4,1954,1,4,mass_budget_prefix,1,1,760,716,0.926829268292683,0.9421052631578948,1,1.0,0
internet-ads,0,4,2025,1,4,mass_budget_prefix,1,1,760,716,0.926829268292683,0.9421052631578948,1,1.0,0
internet-ads,0,4,2104,1,4,mass_budget_prefix,1,1,760,716,0.926829268292683,0.9421052631578948,1,1.0,0
internet-ads,0,4,2295,1,4,mass_budget_prefix,1,1,760,716,0.926829268292683,0.9421052631578948,1,1.0,0
internet-ads,0,4,2303,1,4,mass_budget_prefix,1,1,760,716,0.926829268292683,0.9421052631578948,1,1.0,0
internet-ads,0,4,2384,1,4,mass_budget_prefix,1,1,760,716,0.926829268292683,0.9421052631578948,1,1.0,0
internet-ads,0,4,2639,1,4,mass_budget_prefix,1,1,760,716,0.926829268292683,0.9421052631578948,1,1.0,0
internet-ads,0,4,3063,1,4,mass_budget_prefix,1,1,760,716,0.926829268292683,0.9421052631578948,1,1.0,0
internet-ads,0,8,86,0,6,mass_budget_prefix,6,0,21,21,0.025609756097560974,1.0,1,0.0,1
internet-ads,0,8,238,1,8,mass_budget_prefix,2,1,733,704,0.8939024390243903,0.9604365620736699,1,0.0,0
internet-ads,0,8,386,1,8,mass_budget_prefix,2,1,733,704,0.8939024390243903,0.9604365620736699,1,0.0,0
internet-ads,0,8,705,1,8,mass_budget_prefix,2,1,733,704,0.8939024390243903,0.9604365620736699,1,0.0,0
internet-ads,0,8,811,1,8,mass_budget_prefix,2,1,733,704,0.8939024390243903,0.9604365620736699,1,0.0,0
internet-ads,0,8,1031,0,6,mass_budget_prefix,6,0,21,21,0.025609756097560974,1.0,1,0.0,1
internet-ads,0,8,1173,1,8,mass_budget_prefix,2,1,733,704,0.8939024390243903,0.9604365620736699,1,0.0,0
internet-ads,0,8,1189,1,8,mass_budget_prefix,2,1,733,704,0.8939024390243903,0.9604365620736699,1,0.0,0
internet-ads,0,8,1215,1,8,mass_budget_prefix,2,1,733,704,0.8939024390243903,0.9604365620736699,1,0.0,0
internet-ads,0,8,1310,1,8,mass_budget_prefix,2,1,733,704,0.8939024390243903,0.9604365620736699,1,0.0,0
internet-ads,0,8,1313,1,8,mass_budget_prefix,2,1,733,704,0.8939024390243903,0.9604365620736699,1,0.0,0
internet-ads,0,8,1572,1,8,mass_budget_prefix,2,1,733,704,0.8939024390243903,0.9604365620736699,1,0.0,0
internet-ads,0,8,1954,1,8,mass_budget_prefix,2,1,733,704,0.8939024390243903,0.9604365620736699,1,0.0,0
internet-ads,0,8,2025,1,8,mass_budget_prefix,2,1,733,704,0.8939024390243903,0.9604365620736699,1,0.0,0
internet-ads,0,8,2104,1,8,mass_budget_prefix,2,1,733,704,0.8939024390243903,0.9604365620736699,1,0.0,0
internet-ads,0,8,2295,1,8,mass_budget_prefix,2,1,733,704,0.8939024390243903,0.9604365620736699,1,0.0,0
internet-ads,0,8,2303,1,8,mass_budget_prefix,2,1,733,704,0.8939024390243903,0.9604365620736699,1,0.0,0
internet-ads,0,8,2384,1,8,mass_budget_prefix,2,1,733,704,0.8939024390243903,0.9604365620736699,1,0.0,0
internet-ads,0,8,2639,1,8,mass_budget_prefix,2,1,733,704,0.8939024390243903,0.9604365620736699,1,0.0,0
internet-ads,0,8,3063,1,8,mass_budget_prefix,2,1,733,704,0.8939024390243903,0.9604365620736699,1,0.0,0
internet-ads,1,4,188,0,4,mass_budget_prefix,3,1,33,32,0.04024390243902439,0.9696969696969697,1,0.0,0
internet-ads,1,4,219,1,4,mass_budget_prefix,2,1,719,708,0.8768292682926829,0.9847009735744089,1,0.0,0
internet-ads,1,4,311,0,4,mass_budget_prefix,3,1,33,32,0.04024390243902439,0.9696969696969697,1,0.0,0
internet-ads,1,4,492,1,4,mass_budget_prefix,2,1,719,708,0.8768292682926829,0.9847009735744089,1,0.0,0
internet-ads,1,4,574,1,4,mass_budget_prefix,2,1,719,708,0.8768292682926829,0.9847009735744089,1,0.0,0
internet-ads,1,4,602,1,4,mass_budget_prefix,2,1,719,708,0.8768292682926829,0.9847009735744089,1,0.0,0
internet-ads,1,4,764,1,4,mass_budget_prefix,2,1,719,708,0.8768292682926829,0.9847009735744089,1,0.0,0
internet-ads,1,4,1166,1,4,mass_budget_prefix,2,1,719,708,0.8768292682926829,0.9847009735744089,1,0.0,0
internet-ads,1,4,1189,1,4,mass_budget_prefix,2,1,719,708,0.8768292682926829,0.9847009735744089,1,0.0,0
internet-ads,1,4,1377,1,4,mass_budget_prefix,2,1,719,708,0.8768292682926829,0.9847009735744089,1,0.0,0
internet-ads,1,4,1499,1,4,mass_budget_prefix,2,1,719,708,0.8768292682926829,0.9847009735744089,1,0.0,0
internet-ads,1,4,1661,1,4,mass_budget_prefix,2,1,719,708,0.8768292682926829,0.9847009735744089,1,0.0,0
internet-ads,1,4,1795,1,4,mass_budget_prefix,2,1,719,708,0.8768292682926829,0.9847009735744089,1,0.0,0
internet-ads,1,4,2015,1,4,mass_budget_prefix,2,1,719,708,0.8768292682926829,0.9847009735744089,1,0.0,0
internet-ads,1,4,2140,1,4,mass_budget_prefix,2,1,719,708,0.8768292682926829,0.9847009735744089,1,0.0,0
internet-ads,1,4,2223,1,4,mass_budget_prefix,2,1,719,708,0.8768292682926829,0.9847009735744089,1,0.0,0
internet-ads,1,4,2543,1,4,mass_budget_prefix,2,1,719,708,0.8768292682926829,0.9847009735744089,1,0.0,0
internet-ads,1,4,2638,1,4,mass_budget_prefix,2,1,719,708,0.8768292682926829,0.9847009735744089,1,0.0,0
internet-ads,1,4,2888,1,2,mass_budget_prefix,2,0,7,7,0.00853658536585366,1.0,1,0.0,1
internet-ads,1,4,3089,1,4,mass_budget_prefix,2,1,719,708,0.8768292682926829,0.9847009735744089,1,0.0,0
internet-ads,1,8,188,0,7,mass_budget_prefix,7,0,31,31,0.03780487804878049,1.0,1,0.0,1
internet-ads,1,8,219,1,8,mass_budget_prefix,2,1,719,703,0.8768292682926829,0.9777468706536857,1,0.0,0
internet-ads,1,8,311,0,7,mass_budget_prefix,7,0,31,31,0.03780487804878049,1.0,1,0.0,1
internet-ads,1,8,492,1,8,mass_budget_prefix,2,1,719,703,0.8768292682926829,0.9777468706536857,1,0.0,0
internet-ads,1,8,574,1,8,mass_budget_prefix,2,1,719,703,0.8768292682926829,0.9777468706536857,1,0.0,0
internet-ads,1,8,602,1,8,mass_budget_prefix,2,1,719,703,0.8768292682926829,0.9777468706536857,1,0.0,0
internet-ads,1,8,764,1,8,mass_budget_prefix,2,1,719,703,0.8768292682926829,0.9777468706536857,1,0.0,0
internet-ads,1,8,1166,1,8,mass_budget_prefix,2,1,719,703,0.8768292682926829,0.9777468706536857,1,0.0,0
internet-ads,1,8,1189,1,8,mass_budget_prefix,2,1,719,703,0.8768292682926829,0.9777468706536857,1,0.0,0
internet-ads,1,8,1377,1,8,mass_budget_prefix,2,1,719,703,0.8768292682926829,0.9777468706536857,1,0.0,0
internet-ads,1,8,1499,1,8,mass_budget_prefix,2,1,719,703,0.8768292682926829,0.9777468706536857,1,0.0,0
internet-ads,1,8,1661,1,8,mass_budget_prefix,2,1,719,703,0.8768292682926829,0.9777468706536857,1,0.0,0
internet-ads,1,8,1795,1,8,mass_budget_prefix,2,1,719,703,0.8768292682926829,0.9777468706536857,1,0.0,0
internet-ads,1,8,2015,1,8,mass_budget_prefix,2,1,719,703,0.8768292682926829,0.9777468706536857,1,0.0,0
internet-ads,1,8,2140,1,8,mass_budget_prefix,2,1,719,703,0.8768292682926829,0.9777468706536857,1,0.0,0
internet-ads,1,8,2223,1,8,mass_budget_prefix,2,1,719,703,0.8768292682926829,0.9777468706536857,1,0.0,0
internet-ads,1,8,2543,1,8,mass_budget_prefix,2,1,719,703,0.8768292682926829,0.9777468706536857,1,0.0,0
internet-ads,1,8,2638,1,8,mass_budget_prefix,2,1,719,703,0.8768292682926829,0.9777468706536857,1,0.0,0
internet-ads,1,8,2888,1,2,mass_budget_prefix,2,0,7,7,0.00853658536585366,1.0,1,0.0,1
internet-ads,1,8,3089,1,8,mass_budget_prefix,2,1,719,703,0.8768292682926829,0.9777468706536857,1,0.0,0
internet-ads,2,4,207,1,4,mass_budget_prefix,2,1,736,718,0.8975609756097561,0.9755434782608695,1,0.0,0
internet-ads,2,4,381,0,4,mass_budget_prefix,3,1,53,53,0.06463414634146342,1.0,1,0.0,1
internet-ads,2,4,392,0,4,mass_budget_prefix,3,1,53,53,0.06463414634146342,1.0,1,0.0,1
internet-ads,2,4,459,1,4,mass_budget_prefix,2,1,736,718,0.8975609756097561,0.9755434782608695,1,0.0,0
internet-ads,2,4,624,1,4,mass_budget_prefix,2,1,736,718,0.8975609756097561,0.9755434782608695,1,0.0,0
internet-ads,2,4,779,1,4,mass_budget_prefix,2,1,736,718,0.8975609756097561,0.9755434782608695,1,0.0,0
internet-ads,2,4,851,1,4,mass_budget_prefix,2,1,736,718,0.8975609756097561,0.9755434782608695,1,0.0,0
internet-ads,2,4,1095,1,4,mass_budget_prefix,2,1,736,718,0.8975609756097561,0.9755434782608695,1,0.0,0
internet-ads,2,4,1259,1,4,mass_budget_prefix,2,1,736,718,0.8975609756097561,0.9755434782608695,1,0.0,0
internet-ads,2,4,1353,1,4,mass_budget_prefix,2,1,736,718,0.8975609756097561,0.9755434782608695,1,0.0,0
internet-ads,2,4,1508,1,4,mass_budget_prefix,2,1,736,718,0.8975609756097561,0.9755434782608695,1,0.0,0
internet-ads,2,4,1695,1,4,mass_budget_prefix,2,1,736,718,0.8975609756097561,0.9755434782608695,1,0.0,0
internet-ads,2,4,1720,1,4,mass_budget_prefix,2,1,736,718,0.8975609756097561,0.9755434782608695,1,0.0,0
internet-ads,2,4,1907,1,4,mass_budget_prefix,2,1,736,718,0.8975609756097561,0.9755434782608695,1,0.0,0
internet-ads,2,4,2428,1,4,mass_budget_prefix,2,1,736,718,0.8975609756097561,0.9755434782608695,1,0.0,0
internet-ads,2,4,2790,1,4,mass_budget_prefix,2,1,736,718,0.8975609756097561,0.9755434782608695,1,0.0,0
internet-ads,2,4,2883,1,4,mass_budget_prefix,2,1,736,718,0.8975609756097561,0.9755434782608695,1,0.0,0
internet-ads,2,4,2948,1,4,mass_budget_prefix,2,1,736,718,0.8975609756097561,0.9755434782608695,1,0.0,0
internet-ads,2,4,3000,1,4,mass_budget_prefix,2,1,736,718,0.8975609756097561,0.9755434782608695,1,0.0,0
internet-ads,2,4,3103,1,4,mass_budget_prefix,2,1,736,718,0.8975609756097561,0.9755434782608695,1,0.0,0
internet-ads,2,8,207,1,8,mass_budget_prefix,2,1,736,711,0.8975609756097561,0.9660326086956522,1,0.0,0
internet-ads,2,8,381,0,7,mass_budget_prefix,7,0,44,44,0.05365853658536585,1.0,1,0.0,1
internet-ads,2,8,392,0,7,mass_budget_prefix,7,0,44,44,0.05365853658536585,1.0,1,0.0,1
internet-ads,2,8,459,1,8,mass_budget_prefix,2,1,736,711,0.8975609756097561,0.9660326086956522,1,0.0,0
internet-ads,2,8,624,1,8,mass_budget_prefix,2,1,736,711,0.8975609756097561,0.9660326086956522,1,0.0,0
internet-ads,2,8,779,1,8,mass_budget_prefix,2,1,736,711,0.8975609756097561,0.9660326086956522,1,0.0,0
internet-ads,2,8,851,1,8,mass_budget_prefix,2,1,736,711,0.8975609756097561,0.9660326086956522,1,0.0,0
internet-ads,2,8,1095,1,8,mass_budget_prefix,2,1,736,711,0.8975609756097561,0.9660326086956522,1,0.0,0
internet-ads,2,8,1259,1,8,mass_budget_prefix,2,1,736,711,0.8975609756097561,0.9660326086956522,1,0.0,0
internet-ads,2,8,1353,1,8,mass_budget_prefix,2,1,736,711,0.8975609756097561,0.9660326086956522,1,0.0,0
internet-ads,2,8,1508,1,8,mass_budget_prefix,2,1,736,711,0.8975609756097561,0.9660326086956522,1,0.0,0
internet-ads,2,8,1695,1,8,mass_budget_prefix,2,1,736,711,0.8975609756097561,0.9660326086956522,1,0.0,0
internet-ads,2,8,1720,1,8,mass_budget_prefix,2,1,736,711,0.8975609756097561,0.9660326086956522,1,0.0,0
internet-ads,2,8,1907,1,8,mass_budget_prefix,2,1,736,711,0.8975609756097561,0.9660326086956522,1,0.0,0
internet-ads,2,8,2428,1,8,mass_budget_prefix,2,1,736,711,0.8975609756097561,0.9660326086956522,1,0.0,0
internet-ads,2,8,2790,1,8,mass_budget_prefix,2,1,736,711,0.8975609756097561,0.9660326086956522,1,0.0,0
internet-ads,2,8,2883,1,8,mass_budget_prefix,2,1,736,711,0.8975609756097561,0.9660326086956522,1,0.0,0
internet-ads,2,8,2948,1,8,mass_budget_prefix,2,1,736,711,0.8975609756097561,0.9660326086956522,1,0.0,0
internet-ads,2,8,3000,1,8,mass_budget_prefix,2,1,736,711,0.8975609756097561,0.9660326086956522,1,0.0,0
internet-ads,2,8,3103,1,8,mass_budget_prefix,2,1,736,711,0.8975609756097561,0.9660326086956522,1,0.0,0
internet-ads,3,4,99,1,4,mass_budget_prefix,2,1,721,709,0.8792682926829268,0.9833564493758669,1,0.0,0
internet-ads,3,4,322,0,4,mass_budget_prefix,3,1,52,51,0.06341463414634146,0.9807692307692307,1,0.0,0
internet-ads,3,4,387,1,4,mass_budget_prefix,2,1,721,709,0.8792682926829268,0.9833564493758669,1,0.0,0
internet-ads,3,4,516,1,4,mass_budget_prefix,2,1,721,709,0.8792682926829268,0.9833564493758669,1,0.0,0
internet-ads,3,4,997,1,4,mass_budget_prefix,2,1,721,709,0.8792682926829268,0.9833564493758669,1,0.0,0
internet-ads,3,4,1742,1,4,mass_budget_prefix,2,1,721,709,0.8792682926829268,0.9833564493758669,1,0.0,0
internet-ads,3,4,1828,1,4,mass_budget_prefix,2,1,721,709,0.8792682926829268,0.9833564493758669,1,0.0,0
internet-ads,3,4,1974,1,4,mass_budget_prefix,2,1,721,709,0.8792682926829268,0.9833564493758669,1,0.0,0
internet-ads,3,4,2120,1,4,mass_budget_prefix,2,1,721,709,0.8792682926829268,0.9833564493758669,1,0.0,0
internet-ads,3,4,2203,1,4,mass_budget_prefix,2,1,721,709,0.8792682926829268,0.9833564493758669,1,0.0,0
internet-ads,3,4,2274,1,3,mass_budget_prefix,3,0,6,6,0.007317073170731708,1.0,1,0.0,1
internet-ads,3,4,2297,1,4,mass_budget_prefix,2,1,721,709,0.8792682926829268,0.9833564493758669,1,0.0,0
internet-ads,3,4,2322,1,4,mass_budget_prefix,2,1,721,709,0.8792682926829268,0.9833564493758669,1,0.0,0
internet-ads,3,4,2409,1,4,mass_budget_prefix,2,1,721,709,0.8792682926829268,0.9833564493758669,1,0.0,0
internet-ads,3,4,2760,1,4,mass_budget_prefix,2,1,721,709,0.8792682926829268,0.9833564493758669,1,0.0,0
internet-ads,3,4,2898,1,4,mass_budget_prefix,2,1,721,709,0.8792682926829268,0.9833564493758669,1,0.0,0
internet-ads,3,4,2986,0,4,mass_budget_prefix,3,1,52,51,0.06341463414634146,0.9807692307692307,1,0.0,0
internet-ads,3,4,3067,1,4,mass_budget_prefix,2,1,721,709,0.8792682926829268,0.9833564493758669,1,0.0,0
internet-ads,3,4,3082,1,4,mass_budget_prefix,2,1,721,709,0.8792682926829268,0.9833564493758669,1,0.0,0
internet-ads,3,4,3239,1,4,mass_budget_prefix,2,1,721,709,0.8792682926829268,0.9833564493758669,1,0.0,0
internet-ads,3,8,99,1,8,mass_budget_prefix,2,1,721,702,0.8792682926829268,0.9736477115117892,1,0.0,0
internet-ads,3,8,322,0,7,mass_budget_prefix,3,1,60,54,0.07317073170731707,0.9,1,1.0,0
internet-ads,3,8,387,1,8,mass_budget_prefix,2,1,721,702,0.8792682926829268,0.9736477115117892,1,0.0,0
internet-ads,3,8,516,1,8,mass_budget_prefix,2,1,721,702,0.8792682926829268,0.9736477115117892,1,0.0,0
internet-ads,3,8,997,1,8,mass_budget_prefix,2,1,721,702,0.8792682926829268,0.9736477115117892,1,0.0,0
internet-ads,3,8,1742,1,8,mass_budget_prefix,2,1,721,702,0.8792682926829268,0.9736477115117892,1,0.0,0
internet-ads,3,8,1828,1,8,mass_budget_prefix,2,1,721,702,0.8792682926829268,0.9736477115117892,1,0.0,0
internet-ads,3,8,1974,1,8,mass_budget_prefix,2,1,721,702,0.8792682926829268,0.9736477115117892,1,0.0,0
internet-ads,3,8,2120,1,8,mass_budget_prefix,2,1,721,702,0.8792682926829268,0.9736477115117892,1,0.0,0
internet-ads,3,8,2203,1,8,mass_budget_prefix,2,1,721,702,0.8792682926829268,0.9736477115117892,1,0.0,0
internet-ads,3,8,2274,1,4,mass_budget_prefix,2,1,6,6,0.007317073170731708,1.0,1,0.0,0
internet-ads,3,8,2297,1,8,mass_budget_prefix,2,1,721,702,0.8792682926829268,0.9736477115117892,1,0.0,0
internet-ads,3,8,2322,1,8,mass_budget_prefix,2,1,721,702,0.8792682926829268,0.9736477115117892,1,0.0,0
internet-ads,3,8,2409,1,8,mass_budget_prefix,2,1,721,702,0.8792682926829268,0.9736477115117892,1,0.0,0
internet-ads,3,8,2760,1,8,mass_budget_prefix,2,1,721,702,0.8792682926829268,0.9736477115117892,1,0.0,0
internet-ads,3,8,2898,1,8,mass_budget_prefix,2,1,721,702,0.8792682926829268,0.9736477115117892,1,0.0,0
internet-ads,3,8,2986,0,7,mass_budget_prefix,3,1,60,54,0.07317073170731707,0.9,1,1.0,0
internet-ads,3,8,3067,1,8,mass_budget_prefix,2,1,721,702,0.8792682926829268,0.9736477115117892,1,0.0,0
internet-ads,3,8,3082,1,8,mass_budget_prefix,2,1,721,702,0.8792682926829268,0.9736477115117892,1,0.0,0
internet-ads,3,8,3239,1,8,mass_budget_prefix,2,1,721,702,0.8792682926829268,0.9736477115117892,1,0.0,0
internet-ads,4,4,29,0,4,mass_budget_prefix,2,1,46,45,0.05609756097560976,0.9782608695652174,1,0.0,0
internet-ads,4,4,43,0,4,mass_budget_prefix,2,1,46,45,0.05609756097560976,0.9782608695652174,1,0.0,0
internet-ads,4,4,284,1,4,mass_budget_prefix,2,1,722,707,0.8804878048780488,0.9792243767313019,1,0.0,0
internet-ads,4,4,536,1,4,mass_budget_prefix,2,1,722,707,0.8804878048780488,0.9792243767313019,1,0.0,0
internet-ads,4,4,588,1,4,mass_budget_prefix,2,1,722,707,0.8804878048780488,0.9792243767313019,1,0.0,0
internet-ads,4,4,655,1,4,mass_budget_prefix,2,1,722,707,0.8804878048780488,0.9792243767313019,1,0.0,0
internet-ads,4,4,1074,1,4,mass_budget_prefix,2,1,722,707,0.8804878048780488,0.9792243767313019,1,0.0,0
internet-ads,4,4,1213,1,4,mass_budget_prefix,2,1,722,707,0.8804878048780488,0.9792243767313019,1,0.0,0
internet-ads,4,4,1503,1,4,mass_budget_prefix,2,1,722,707,0.8804878048780488,0.9792243767313019,1,0.0,0
internet-ads,4,4,2163,1,4,mass_budget_prefix,2,1,722,707,0.8804878048780488,0.9792243767313019,1,0.0,0
internet-ads,4,4,2288,1,4,mass_budget_prefix,2,1,722,707,0.8804878048780488,0.9792243767313019,1,0.0,0
internet-ads,4,4,2294,1,4,mass_budget_prefix,2,1,722,707,0.8804878048780488,0.9792243767313019,1,0.0,0
internet-ads,4,4,2415,1,4,mass_budget_prefix,2,1,722,707,0.8804878048780488,0.9792243767313019,1,0.0,0
internet-ads,4,4,2475,1,4,mass_budget_prefix,2,1,722,707,0.8804878048780488,0.9792243767313019,1,0.0,0
internet-ads,4,4,2881,1,4,mass_budget_prefix,2,1,722,707,0.8804878048780488,0.9792243767313019,1,0.0,0
internet-ads,4,4,2887,1,4,mass_budget_prefix,2,1,722,707,0.8804878048780488,0.9792243767313019,1,0.0,0
internet-ads,4,4,2941,1,4,mass_budget_prefix,2,1,722,707,0.8804878048780488,0.9792243767313019,1,0.0,0
internet-ads,4,4,3051,1,4,mass_budget_prefix,2,1,722,707,0.8804878048780488,0.9792243767313019,1,0.0,0
internet-ads,4,4,3201,1,4,mass_budget_prefix,2,1,722,707,0.8804878048780488,0.9792243767313019,1,0.0,0
internet-ads,4,4,3246,1,4,mass_budget_prefix,2,1,722,707,0.8804878048780488,0.9792243767313019,1,0.0,0
internet-ads,4,8,29,0,4,mass_budget_prefix,2,1,45,44,0.054878048780487805,0.9777777777777777,1,0.0,0
internet-ads,4,8,43,0,4,mass_budget_prefix,2,1,45,44,0.054878048780487805,0.9777777777777777,1,0.0,0
internet-ads,4,8,284,1,8,mass_budget_prefix,2,1,722,700,0.8804878048780488,0.9695290858725761,1,0.0,0
internet-ads,4,8,536,1,8,mass_budget_prefix,2,1,722,700,0.8804878048780488,0.9695290858725761,1,0.0,0
internet-ads,4,8,588,1,8,mass_budget_prefix,2,1,722,700,0.8804878048780488,0.9695290858725761,1,0.0,0
internet-ads,4,8,655,1,8,mass_budget_prefix,2,1,722,700,0.8804878048780488,0.9695290858725761,1,0.0,0
internet-ads,4,8,1074,1,8,mass_budget_prefix,2,1,722,700,0.8804878048780488,0.9695290858725761,1,0.0,0
internet-ads,4,8,1213,1,8,mass_budget_prefix,2,1,722,700,0.8804878048780488,0.9695290858725761,1,0.0,0
internet-ads,4,8,1503,1,8,mass_budget_prefix,2,1,722,700,0.8804878048780488,0.9695290858725761,1,0.0,0
internet-ads,4,8,2163,1,8,mass_budget_prefix,2,1,722,700,0.8804878048780488,0.9695290858725761,1,0.0,0
internet-ads,4,8,2288,1,8,mass_budget_prefix,2,1,722,700,0.8804878048780488,0.9695290858725761,1,0.0,0
internet-ads,4,8,2294,1,8,mass_budget_prefix,2,1,722,700,0.8804878048780488,0.9695290858725761,1,0.0,0
internet-ads,4,8,2415,1,8,mass_budget_prefix,2,1,722,700,0.8804878048780488,0.9695290858725761,1,0.0,0
internet-ads,4,8,2475,1,8,mass_budget_prefix,2,1,722,700,0.8804878048780488,0.9695290858725761,1,0.0,0
internet-ads,4,8,2881,1,8,mass_budget_prefix,2,1,722,700,0.8804878048780488,0.9695290858725761,1,0.0,0
internet-ads,4,8,2887,1,8,mass_budget_prefix,2,1,722,700,0.8804878048780488,0.9695290858725761,1,0.0,0
internet-ads,4,8,2941,1,8,mass_budget_prefix,2,1,722,700,0.8804878048780488,0.9695290858725761,1,0.0,0
internet-ads,4,8,3051,1,8,mass_budget_prefix,2,1,722,700,0.8804878048780488,0.9695290858725761,1,0.0,0
internet-ads,4,8,3201,1,8,mass_budget_prefix,2,1,722,700,0.8804878048780488,0.9695290858725761,1,0.0,0
internet-ads,4,8,3246,1,8,mass_budget_prefix,2,1,722,700,0.8804878048780488,0.9695290858725761,1,0.0,0
internet-ads,5,4,5,0,4,mass_budget_prefix,2,1,57,55,0.06951219512195123,0.9649122807017544,1,0.0,0
internet-ads,5,4,137,0,4,mass_budget_prefix,2,1,57,55,0.06951219512195123,0.9649122807017544,1,0.0,0
internet-ads,5,4,418,0,4,mass_budget_prefix,2,1,30,28,0.036585365853658534,0.9333333333333333,1,1.0,0
internet-ads,5,4,556,1,4,mass_budget_prefix,1,1,759,712,0.925609756097561,0.9380764163372859,1,1.0,0
internet-ads,5,4,645,1,4,mass_budget_prefix,1,1,759,712,0.925609756097561,0.9380764163372859,1,1.0,0
internet-ads,5,4,1334,1,4,mass_budget_prefix,1,1,759,712,0.925609756097561,0.9380764163372859,1,1.0,0
internet-ads,5,4,1368,1,4,mass_budget_prefix,1,1,759,712,0.925609756097561,0.9380764163372859,1,1.0,0
internet-ads,5,4,1609,1,3,mass_budget_prefix,3,0,2,2,0.0024390243902439024,1.0,1,0.0,1
internet-ads,5,4,1671,1,4,mass_budget_prefix,1,1,759,712,0.925609756097561,0.9380764163372859,1,1.0,0
internet-ads,5,4,1827,1,4,mass_budget_prefix,1,1,759,712,0.925609756097561,0.9380764163372859,1,1.0,0
internet-ads,5,4,2410,1,4,mass_budget_prefix,1,1,759,712,0.925609756097561,0.9380764163372859,1,1.0,0
internet-ads,5,4,2501,1,4,mass_budget_prefix,1,1,759,712,0.925609756097561,0.9380764163372859,1,1.0,0
internet-ads,5,4,2530,1,4,mass_budget_prefix,1,1,759,712,0.925609756097561,0.9380764163372859,1,1.0,0
internet-ads,5,4,2689,1,4,mass_budget_prefix,1,1,759,712,0.925609756097561,0.9380764163372859,1,1.0,0
internet-ads,5,4,2769,1,4,mass_budget_prefix,1,1,759,712,0.925609756097561,0.9380764163372859,1,1.0,0
internet-ads,5,4,2841,1,4,mass_budget_prefix,1,1,759,712,0.925609756097561,0.9380764163372859,1,1.0,0
internet-ads,5,4,2915,1,4,mass_budget_prefix,1,1,759,712,0.925609756097561,0.9380764163372859,1,1.0,0
internet-ads,5,4,3137,1,4,mass_budget_prefix,1,1,759,712,0.925609756097561,0.9380764163372859,1,1.0,0
internet-ads,5,4,3227,1,4,mass_budget_prefix,1,1,759,712,0.925609756097561,0.9380764163372859,1,1.0,0
internet-ads,5,4,3274,1,4,mass_budget_prefix,1,1,759,712,0.925609756097561,0.9380764163372859,1,1.0,0
internet-ads,5,8,5,0,7,mass_budget_prefix,3,1,57,55,0.06951219512195123,0.9649122807017544,1,0.0,0
internet-ads,5,8,137,0,7,mass_budget_prefix,3,1,57,55,0.06951219512195123,0.9649122807017544,1,0.0,0
internet-ads,5,8,418,0,5,mass_budget_prefix,2,1,30,25,0.036585365853658534,0.8333333333333334,1,1.0,0
internet-ads,5,8,556,1,8,mass_budget_prefix,2,1,729,702,0.8890243902439025,0.9629629629629629,1,0.0,0
internet-ads,5,8,645,1,8,mass_budget_prefix,2,1,729,702,0.8890243902439025,0.9629629629629629,1,0.0,0
internet-ads,5,8,1334,1,8,mass_budget_prefix,2,1,729,702,0.8890243902439025,0.9629629629629629,1,0.0,0
internet-ads,5,8,1368,1,8,mass_budget_prefix,2,1,729,702,0.8890243902439025,0.9629629629629629,1,0.0,0
internet-ads,5,8,1609,1,3,mass_budget_prefix,3,0,2,2,0.0024390243902439024,1.0,1,0.0,1
internet-ads,5,8,1671,1,8,mass_budget_prefix,2,1,729,702,0.8890243902439025,0.9629629629629629,1,0.0,0
internet-ads,5,8,1827,1,8,mass_budget_prefix,2,1,729,702,0.8890243902439025,0.9629629629629629,1,0.0,0
internet-ads,5,8,2410,1,8,mass_budget_prefix,2,1,729,702,0.8890243902439025,0.9629629629629629,1,0.0,0
internet-ads,5,8,2501,1,8,mass_budget_prefix,2,1,729,702,0.8890243902439025,0.9629629629629629,1,0.0,0
internet-ads,5,8,2530,1,8,mass_budget_prefix,2,1,729,702,0.8890243902439025,0.9629629629629629,1,0.0,0
internet-ads,5,8,2689,1,8,mass_budget_prefix,2,1,729,702,0.8890243902439025,0.9629629629629629,1,0.0,0
internet-ads,5,8,2769,1,8,mass_budget_prefix,2,1,729,702,0.8890243902439025,0.9629629629629629,1,0.0,0
internet-ads,5,8,2841,1,8,mass_budget_prefix,2,1,729,702,0.8890243902439025,0.9629629629629629,1,0.0,0
internet-ads,5,8,2915,1,8,mass_budget_prefix,2,1,729,702,0.8890243902439025,0.9629629629629629,1,0.0,0
internet-ads,5,8,3137,1,8,mass_budget_prefix,2,1,729,702,0.8890243902439025,0.9629629629629629,1,0.0,0
internet-ads,5,8,3227,1,8,mass_budget_prefix,2,1,729,702,0.8890243902439025,0.9629629629629629,1,0.0,0
internet-ads,5,8,3274,1,8,mass_budget_prefix,2,1,729,702,0.8890243902439025,0.9629629629629629,1,0.0,0
internet-ads,6,4,46,0,4,mass_budget_prefix,4,0,26,26,0.03170731707317073,1.0,1,0.0,1
internet-ads,6,4,67,1,4,mass_budget_prefix,2,1,726,713,0.8853658536585366,0.9820936639118457,1,0.0,0
internet-ads,6,4,153,0,4,mass_budget_prefix,4,0,26,26,0.03170731707317073,1.0,1,0.0,1
internet-ads,6,4,618,1,4,mass_budget_prefix,2,1,726,713,0.8853658536585366,0.9820936639118457,1,0.0,0
internet-ads,6,4,860,1,4,mass_budget_prefix,2,1,726,713,0.8853658536585366,0.9820936639118457,1,0.0,0
internet-ads,6,4,938,1,4,mass_budget_prefix,2,1,726,713,0.8853658536585366,0.9820936639118457,1,0.0,0
internet-ads,6,4,1016,1,4,mass_budget_prefix,2,1,726,713,0.8853658536585366,0.9820936639118457,1,0.0,0
internet-ads,6,4,1140,1,4,mass_budget_prefix,2,1,726,713,0.8853658536585366,0.9820936639118457,1,0.0,0
internet-ads,6,4,1143,1,4,mass_budget_prefix,2,1,726,713,0.8853658536585366,0.9820936639118457,1,0.0,0
internet-ads,6,4,1185,1,4,mass_budget_prefix,2,1,726,713,0.8853658536585366,0.9820936639118457,1,0.0,0
internet-ads,6,4,1537,1,4,mass_budget_prefix,2,1,726,713,0.8853658536585366,0.9820936639118457,1,0.0,0
internet-ads,6,4,1670,1,4,mass_budget_prefix,2,1,726,713,0.8853658536585366,0.9820936639118457,1,0.0,0
internet-ads,6,4,1715,1,4,mass_budget_prefix,2,1,726,713,0.8853658536585366,0.9820936639118457,1,0.0,0
internet-ads,6,4,2313,1,4,mass_budget_prefix,2,1,726,713,0.8853658536585366,0.9820936639118457,1,0.0,0
internet-ads,6,4,2412,1,4,mass_budget_prefix,2,1,726,713,0.8853658536585366,0.9820936639118457,1,0.0,0
internet-ads,6,4,2635,1,4,mass_budget_prefix,2,1,726,713,0.8853658536585366,0.9820936639118457,1,0.0,0
internet-ads,6,4,2661,1,4,mass_budget_prefix,2,1,726,713,0.8853658536585366,0.9820936639118457,1,0.0,0
internet-ads,6,4,2671,1,4,mass_budget_prefix,2,1,726,713,0.8853658536585366,0.9820936639118457,1,0.0,0
internet-ads,6,4,2802,1,4,mass_budget_prefix,2,1,726,713,0.8853658536585366,0.9820936639118457,1,0.0,0
internet-ads,6,4,3008,1,4,mass_budget_prefix,2,1,726,713,0.8853658536585366,0.9820936639118457,1,0.0,0
internet-ads,6,8,46,0,5,mass_budget_prefix,4,1,26,26,0.03170731707317073,1.0,1,0.0,0
internet-ads,6,8,67,0,5,mass_budget_prefix,5,0,3,3,0.003658536585365854,1.0,1,0.0,1
internet-ads,6,8,153,0,5,mass_budget_prefix,4,1,26,26,0.03170731707317073,1.0,1,0.0,0
internet-ads,6,8,618,1,8,mass_budget_prefix,2,1,726,707,0.8853658536585366,0.9738292011019284,1,0.0,0
internet-ads,6,8,860,1,8,mass_budget_prefix,2,1,726,707,0.8853658536585366,0.9738292011019284,1,0.0,0
internet-ads,6,8,938,1,8,mass_budget_prefix,2,1,726,707,0.8853658536585366,0.9738292011019284,1,0.0,0
internet-ads,6,8,1016,1,8,mass_budget_prefix,2,1,726,707,0.8853658536585366,0.9738292011019284,1,0.0,0
internet-ads,6,8,1140,1,8,mass_budget_prefix,2,1,726,707,0.8853658536585366,0.9738292011019284,1,0.0,0
internet-ads,6,8,1143,1,8,mass_budget_prefix,2,1,726,707,0.8853658536585366,0.9738292011019284,1,0.0,0
internet-ads,6,8,1185,1,8,mass_budget_prefix,2,1,726,707,0.8853658536585366,0.9738292011019284,1,0.0,0
internet-ads,6,8,1537,1,8,mass_budget_prefix,2,1,726,707,0.8853658536585366,0.9738292011019284,1,0.0,0
internet-ads,6,8,1670,1,8,mass_budget_prefix,2,1,726,707,0.8853658536585366,0.9738292011019284,1,0.0,0
internet-ads,6,8,1715,1,8,mass_budget_prefix,2,1,726,707,0.8853658536585366,0.9738292011019284,1,0.0,0
internet-ads,6,8,2313,1,8,mass_budget_prefix,2,1,726,707,0.8853658536585366,0.9738292011019284,1,0.0,0
internet-ads,6,8,2412,1,8,mass_budget_prefix,2,1,726,707,0.8853658536585366,0.9738292011019284,1,0.0,0
internet-ads,6,8,2635,1,8,mass_budget_prefix,2,1,726,707,0.8853658536585366,0.9738292011019284,1,0.0,0
internet-ads,6,8,2661,1,8,mass_budget_prefix,2,1,726,707,0.8853658536585366,0.9738292011019284,1,0.0,0
internet-ads,6,8,2671,1,8,mass_budget_prefix,2,1,726,707,0.8853658536585366,0.9738292011019284,1,0.0,0
internet-ads,6,8,2802,1,8,mass_budget_prefix,2,1,726,707,0.8853658536585366,0.9738292011019284,1,0.0,0
internet-ads,6,8,3008,1,8,mass_budget_prefix,2,1,726,707,0.8853658536585366,0.9738292011019284,1,0.0,0
internet-ads,7,4,244,0,4,mass_budget_prefix,3,1,56,56,0.06829268292682927,1.0,1,0.0,0
internet-ads,7,4,279,1,4,mass_budget_prefix,2,1,721,703,0.8792682926829268,0.9750346740638003,1,0.0,0
internet-ads,7,4,386,1,4,mass_budget_prefix,2,1,721,703,0.8792682926829268,0.9750346740638003,1,0.0,0
internet-ads,7,4,560,1,4,mass_budget_prefix,2,1,721,703,0.8792682926829268,0.9750346740638003,1,0.0,0
internet-ads,7,4,684,1,4,mass_budget_prefix,2,1,721,703,0.8792682926829268,0.9750346740638003,1,0.0,0
internet-ads,7,4,1092,1,4,mass_budget_prefix,2,1,721,703,0.8792682926829268,0.9750346740638003,1,0.0,0
internet-ads,7,4,1093,1,4,mass_budget_prefix,2,1,721,703,0.8792682926829268,0.9750346740638003,1,0.0,0
internet-ads,7,4,1116,1,4,mass_budget_prefix,2,1,721,703,0.8792682926829268,0.9750346740638003,1,0.0,0
internet-ads,7,4,1346,1,4,mass_budget_prefix,2,1,721,703,0.8792682926829268,0.9750346740638003,1,0.0,0
internet-ads,7,4,1501,1,4,mass_budget_prefix,2,1,721,703,0.8792682926829268,0.9750346740638003,1,0.0,0
internet-ads,7,4,1581,1,4,mass_budget_prefix,2,1,721,703,0.8792682926829268,0.9750346740638003,1,0.0,0
internet-ads,7,4,1643,1,4,mass_budget_prefix,2,1,721,703,0.8792682926829268,0.9750346740638003,1,0.0,0
internet-ads,7,4,1876,1,4,mass_budget_prefix,2,1,721,703,0.8792682926829268,0.9750346740638003,1,0.0,0
internet-ads,7,4,2184,1,4,mass_budget_prefix,2,1,721,703,0.8792682926829268,0.9750346740638003,1,0.0,0
internet-ads,7,4,2469,1,4,mass_budget_prefix,2,1,721,703,0.8792682926829268,0.9750346740638003,1,0.0,0
internet-ads,7,4,2587,1,4,mass_budget_prefix,2,1,721,703,0.8792682926829268,0.9750346740638003,1,0.0,0
internet-ads,7,4,2711,1,4,mass_budget_prefix,2,1,721,703,0.8792682926829268,0.9750346740638003,1,0.0,0
internet-ads,7,4,2852,1,4,mass_budget_prefix,2,1,721,703,0.8792682926829268,0.9750346740638003,1,0.0,0
internet-ads,7,4,2951,1,4,mass_budget_prefix,2,1,721,703,0.8792682926829268,0.9750346740638003,1,0.0,0
internet-ads,7,4,3218,1,4,mass_budget_prefix,2,1,721,703,0.8792682926829268,0.9750346740638003,1,0.0,0
internet-ads,7,8,244,0,8,mass_budget_prefix,8,0,47,47,0.05731707317073171,1.0,1,0.0,1
internet-ads,7,8,279,1,8,mass_budget_prefix,2,1,721,696,0.8792682926829268,0.9653259361997226,1,0.0,0
internet-ads,7,8,386,1,8,mass_budget_prefix,2,1,721,696,0.8792682926829268,0.9653259361997226,1,0.0,0
internet-ads,7,8,560,0,8,mass_budget_prefix,8,0,2,2,0.0024390243902439024,1.0,1,0.0,1
internet-ads,7,8,684,1,8,mass_budget_prefix,2,1,721,696,0.8792682926829268,0.9653259361997226,1,0.0,0
internet-ads,7,8,1092,1,8,mass_budget_prefix,2,1,721,696,0.8792682926829268,0.9653259361997226,1,0.0,0
internet-ads,7,8,1093,1,8,mass_budget_prefix,2,1,721,696,0.8792682926829268,0.9653259361997226,1,0.0,0
internet-ads,7,8,1116,1,8,mass_budget_prefix,2,1,721,696,0.8792682926829268,0.9653259361997226,1,0.0,0
internet-ads,7,8,1346,1,8,mass_budget_prefix,2,1,721,696,0.8792682926829268,0.9653259361997226,1,0.0,0
internet-ads,7,8,1501,1,8,mass_budget_prefix,2,1,721,696,0.8792682926829268,0.9653259361997226,1,0.0,0
internet-ads,7,8,1581,1,8,mass_budget_prefix,2,1,721,696,0.8792682926829268,0.9653259361997226,1,0.0,0
internet-ads,7,8,1643,1,8,mass_budget_prefix,2,1,721,696,0.8792682926829268,0.9653259361997226,1,0.0,0
internet-ads,7,8,1876,1,8,mass_budget_prefix,2,1,721,696,0.8792682926829268,0.9653259361997226,1,0.0,0
internet-ads,7,8,2184,1,8,mass_budget_prefix,2,1,721,696,0.8792682926829268,0.9653259361997226,1,0.0,0
internet-ads,7,8,2469,1,8,mass_budget_prefix,2,1,721,696,0.8792682926829268,0.9653259361997226,1,0.0,0
internet-ads,7,8,2587,1,8,mass_budget_prefix,2,1,721,696,0.8792682926829268,0.9653259361997226,1,0.0,0
internet-ads,7,8,2711,1,8,mass_budget_prefix,2,1,721,696,0.8792682926829268,0.9653259361997226,1,0.0,0
internet-ads,7,8,2852,1,8,mass_budget_prefix,2,1,721,696,0.8792682926829268,0.9653259361997226,1,0.0,0
internet-ads,7,8,2951,1,8,mass_budget_prefix,2,1,721,696,0.8792682926829268,0.9653259361997226,1,0.0,0
internet-ads,7,8,3218,1,8,mass_budget_prefix,2,1,721,696,0.8792682926829268,0.9653259361997226,1,0.0,0
internet-ads,8,4,56,0,4,mass_budget_prefix,2,1,47,47,0.05731707317073171,1.0,1,0.0,0
internet-ads,8,4,334,0,4,mass_budget_prefix,2,1,47,47,0.05731707317073171,1.0,1,0.0,0
internet-ads,8,4,417,0,4,mass_budget_prefix,2,1,47,47,0.05731707317073171,1.0,1,0.0,0
internet-ads,8,4,494,1,4,mass_budget_prefix,2,1,724,709,0.8829268292682927,0.9792817679558011,1,0.0,0
internet-ads,8,4,620,1,4,mass_budget_prefix,2,1,724,709,0.8829268292682927,0.9792817679558011,1,0.0,0
internet-ads,8,4,896,1,4,mass_budget_prefix,2,1,724,709,0.8829268292682927,0.9792817679558011,1,0.0,0
internet-ads,8,4,936,1,4,mass_budget_prefix,2,1,724,709,0.8829268292682927,0.9792817679558011,1,0.0,0
internet-ads,8,4,940,1,4,mass_budget_prefix,2,1,724,709,0.8829268292682927,0.9792817679558011,1,0.0,0
internet-ads,8,4,1203,1,4,mass_budget_prefix,2,1,724,709,0.8829268292682927,0.9792817679558011,1,0.0,0
internet-ads,8,4,1247,1,4,mass_budget_prefix,2,1,724,709,0.8829268292682927,0.9792817679558011,1,0.0,0
internet-ads,8,4,1291,1,4,mass_budget_prefix,2,1,724,709,0.8829268292682927,0.9792817679558011,1,0.0,0
internet-ads,8,4,1447,1,4,mass_budget_prefix,2,1,724,709,0.8829268292682927,0.9792817679558011,1,0.0,0
internet-ads,8,4,1811,1,4,mass_budget_prefix,2,1,724,709,0.8829268292682927,0.9792817679558011,1,0.0,0
internet-ads,8,4,2035,1,4,mass_budget_prefix,2,1,724,709,0.8829268292682927,0.9792817679558011,1,0.0,0
internet-ads,8,4,2156,1,4,mass_budget_prefix,2,1,724,709,0.8829268292682927,0.9792817679558011,1,0.0,0
internet-ads,8,4,2443,1,4,mass_budget_prefix,2,1,724,709,0.8829268292682927,0.9792817679558011,1,0.0,0
internet-ads,8,4,2617,1,4,mass_budget_prefix,2,1,724,709,0.8829268292682927,0.9792817679558011,1,0.0,0
internet-ads,8,4,3076,1,4,mass_budget_prefix,2,1,724,709,0.8829268292682927,0.9792817679558011,1,0.0,0
internet-ads,8,4,3139,1,4,mass_budget_prefix,2,1,724,709,0.8829268292682927,0.9792817679558011,1,0.0,0
internet-ads,8,4,3149,1,4,mass_budget_prefix,2,1,724,709,0.8829268292682927,0.9792817679558011,1,0.0,0
internet-ads,8,8,56,0,4,mass_budget_prefix,2,1,47,47,0.05731707317073171,1.0,1,0.0,0
internet-ads,8,8,334,0,4,mass_budget_prefix,2,1,47,47,0.05731707317073171,1.0,1,0.0,0
internet-ads,8,8,417,0,4,mass_budget_prefix,2,1,47,47,0.05731707317073171,1.0,1,0.0,0
internet-ads,8,8,494,1,8,mass_budget_prefix,3,1,714,701,0.8707317073170732,0.9817927170868347,1,0.0,0
internet-ads,8,8,620,1,8,mass_budget_prefix,3,1,714,701,0.8707317073170732,0.9817927170868347,1,0.0,0
internet-ads,8,8,896,1,8,mass_budget_prefix,3,1,714,701,0.8707317073170732,0.9817927170868347,1,0.0,0
internet-ads,8,8,936,1,8,mass_budget_prefix,3,1,714,701,0.8707317073170732,0.9817927170868347,1,0.0,0
internet-ads,8,8,940,1,8,mass_budget_prefix,3,1,714,701,0.8707317073170732,0.9817927170868347,1,0.0,0
internet-ads,8,8,1203,1,8,mass_budget_prefix,3,1,714,701,0.8707317073170732,0.9817927170868347,1,0.0,0
internet-ads,8,8,1247,1,8,mass_budget_prefix,3,1,714,701,0.8707317073170732,0.9817927170868347,1,0.0,0
internet-ads,8,8,1291,1,8,mass_budget_prefix,3,1,714,701,0.8707317073170732,0.9817927170868347,1,0.0,0
internet-ads,8,8,1447,1,8,mass_budget_prefix,3,1,714,701,0.8707317073170732,0.9817927170868347,1,0.0,0
internet-ads,8,8,1811,1,8,mass_budget_prefix,3,1,714,701,0.8707317073170732,0.9817927170868347,1,0.0,0
internet-ads,8,8,2035,1,8,mass_budget_prefix,3,1,714,701,0.8707317073170732,0.9817927170868347,1,0.0,0
internet-ads,8,8,2156,1,8,mass_budget_prefix,3,1,714,701,0.8707317073170732,0.9817927170868347,1,0.0,0
internet-ads,8,8,2443,1,8,mass_budget_prefix,3,1,714,701,0.8707317073170732,0.9817927170868347,1,0.0,0
internet-ads,8,8,2617,1,8,mass_budget_prefix,3,1,714,701,0.8707317073170732,0.9817927170868347,1,0.0,0
internet-ads,8,8,3076,1,8,mass_budget_prefix,3,1,714,701,0.8707317073170732,0.9817927170868347,1,0.0,0
internet-ads,8,8,3139,1,8,mass_budget_prefix,3,1,714,701,0.8707317073170732,0.9817927170868347,1,0.0,0
internet-ads,8,8,3149,1,8,mass_budget_prefix,3,1,714,701,0.8707317073170732,0.9817927170868347,1,0.0,0
internet-ads,9,4,53,0,4,mass_budget_prefix,1,1,40,37,0.04878048780487805,0.925,1,1.0,0
internet-ads,9,4,120,0,4,mass_budget_prefix,1,1,40,37,0.04878048780487805,0.925,1,1.0,0
internet-ads,9,4,151,0,4,mass_budget_prefix,3,1,29,29,0.03536585365853658,1.0,1,0.0,0
internet-ads,9,4,530,1,4,mass_budget_prefix,2,1,743,726,0.9060975609756098,0.9771197846567967,1,0.0,0
internet-ads,9,4,705,1,4,mass_budget_prefix,2,1,743,726,0.9060975609756098,0.9771197846567967,1,0.0,0
internet-ads,9,4,710,1,4,mass_budget_prefix,2,1,743,726,0.9060975609756098,0.9771197846567967,1,0.0,0
internet-ads,9,4,820,1,4,mass_budget_prefix,2,1,743,726,0.9060975609756098,0.9771197846567967,1,0.0,0
internet-ads,9,4,1122,1,4,mass_budget_prefix,2,1,743,726,0.9060975609756098,0.9771197846567967,1,0.0,0
internet-ads,9,4,1128,1,4,mass_budget_prefix,2,1,743,726,0.9060975609756098,0.9771197846567967,1,0.0,0
internet-ads,9,4,1543,1,2,mass_budget_prefix,2,0,2,2,0.0024390243902439024,1.0,1,0.0,1
internet-ads,9,4,1590,1,4,mass_budget_prefix,2,1,743,726,0.9060975609756098,0.9771197846567967,1,0.0,0
internet-ads,9,4,2049,1,4,mass_budget_prefix,2,1,743,726,0.9060975609756098,0.9771197846567967,1,0.0,0
internet-ads,9,4,2056,1,4,mass_budget_prefix,2,1,743,726,0.9060975609756098,0.9771197846567967,1,0.0,0
internet-ads,9,4,2101,1,4,mass_budget_prefix,2,1,743,726,0.9060975609756098,0.9771197846567967,1,0.0,0
internet-ads,9,4,2258,1,4,mass_budget_prefix,2,1,743,726,0.9060975609756098,0.9771197846567967,1,0.0,0
internet-ads,9,4,2264,1,4,mass_budget_prefix,2,1,743,726,0.9060975609756098,0.9771197846567967,1,0.0,0
internet-ads,9,4,2293,1,4,mass_budget_prefix,2,1,743,726,0.9060975609756098,0.9771197846567967,1,0.0,0
internet-ads,9,4,2542,1,4,mass_budget_prefix,2,1,743,726,0.9060975609756098,0.9771197846567967,1,0.0,0
internet-ads,9,4,2601,1,4,mass_budget_prefix,2,1,743,726,0.9060975609756098,0.9771197846567967,1,0.0,0
internet-ads,9,4,2851,1,4,mass_budget_prefix,2,1,743,726,0.9060975609756098,0.9771197846567967,1,0.0,0
internet-ads,9,8,53,0,7,mass_budget_prefix,7,0,32,32,0.03902439024390244,1.0,1,0.0,1
internet-ads,9,8,120,0,8,mass_budget_prefix,8,0,5,5,0.006097560975609756,1.0,1,0.0,1
internet-ads,9,8,151,0,5,mass_budget_prefix,5,0,24,24,0.02926829268292683,1.0,1,0.0,1
internet-ads,9,8,530,1,8,mass_budget_prefix,2,1,743,719,0.9060975609756098,0.9676985195154778,1,0.0,0
internet-ads,9,8,705,1,8,mass_budget_prefix,2,1,743,719,0.9060975609756098,0.9676985195154778,1,0.0,0
internet-ads,9,8,710,1,8,mass_budget_prefix,2,1,743,719,0.9060975609756098,0.9676985195154778,1,0.0,0
internet-ads,9,8,820,1,8,mass_budget_prefix,2,1,743,719,0.9060975609756098,0.9676985195154778,1,0.0,0
internet-ads,9,8,1122,1,8,mass_budget_prefix,2,1,743,719,0.9060975609756098,0.9676985195154778,1,0.0,0
internet-ads,9,8,1128,1,8,mass_budget_prefix,2,1,743,719,0.9060975609756098,0.9676985195154778,1,0.0,0
internet-ads,9,8,1543,1,2,mass_budget_prefix,2,0,2,2,0.0024390243902439024,1.0,1,0.0,1
internet-ads,9,8,1590,1,8,mass_budget_prefix,2,1,743,719,0.9060975609756098,0.9676985195154778,1,0.0,0
internet-ads,9,8,2049,1,8,mass_budget_prefix,2,1,743,719,0.9060975609756098,0.9676985195154778,1,0.0,0
internet-ads,9,8,2056,1,8,mass_budget_prefix,2,1,743,719,0.9060975609756098,0.9676985195154778,1,0.0,0
internet-ads,9,8,2101,1,8,mass_budget_prefix,2,1,743,719,0.9060975609756098,0.9676985195154778,1,0.0,0
internet-ads,9,8,2258,1,8,mass_budget_prefix,2,1,743,719,0.9060975609756098,0.9676985195154778,1,0.0,0
internet-ads,9,8,2264,1,8,mass_budget_prefix,2,1,743,719,0.9060975609756098,0.9676985195154778,1,0.0,0
internet-ads,9,8,2293,1,8,mass_budget_prefix,2,1,743,719,0.9060975609756098,0.9676985195154778,1,0.0,0
internet-ads,9,8,2542,1,8,mass_budget_prefix,2,1,743,719,0.9060975609756098,0.9676985195154778,1,0.0,0
internet-ads,9,8,2601,1,8,mass_budget_prefix,2,1,743,719,0.9060975609756098,0.9676985195154778,1,0.0,0
internet-ads,9,8,2851,1,8,mass_budget_prefix,2,1,743,719,0.9060975609756098,0.9676985195154778,1,0.0,0
