dataset,H,arch,k,faithfulness,n_points
banknote,0.9326320571282072,16x16,1,0.7039274609798095,150
banknote,0.9326320571282072,16x16,2,0.729594549589742,150
banknote,0.9326320571282072,16x16,3,0.7699220848551475,150
banknote,0.9326320571282072,16x16,4,0.7999858746781695,150
banknote,0.9326320571282072,16x16,5,0.8434068665836647,150
banknote,0.9326320571282072,16x16,6,0.8824432681544617,150
banknote,0.9326320571282072,16x16,7,0.8945944036128499,150
banknote,0.9326320571282072,16x16,8,0.8951208418673284,149
banknote,0.9326320571282072,16x16,9,0.8997185135300764,149
banknote,0.9326320571282072,16x16,10,0.9011325927356386,149
banknote,0.9326320571282072,16x16,11,0.895054942482014,147
banknote,0.9326320571282072,16x16,12,0.8986335851462736,146
banknote,0.9326320571282072,16x16,13,0.9117649576840269,146
banknote,0.9326320571282072,16x16,14,0.942616342160909,145
banknote,0.9326320571282072,16x16,15,0.9594461218563658,144
banknote,0.9326320571282072,16x16,16,0.9664750932571371,142
banknote,0.9326320571282072,16x16,17,0.9665339884975226,141
banknote,0.9326320571282072,16x16,18,0.9656048940721262,140
banknote,0.9326320571282072,16x16,19,0.9655986720711307,140
banknote,0.9326320571282072,16x16,20,0.965312081347839,139
banknote,0.9326320571282072,16x16,21,0.9712948656506589,138
banknote,0.9326320571282072,16x16,22,0.9728038247052915,136
banknote,0.9326320571282072,16x16,23,0.9848833836510378,132
banknote,0.9326320571282072,16x16,24,0.9841635447772776,126
banknote,0.9326320571282072,16x16,25,0.983821012322261,121
banknote,0.9326320571282072,16x16,26,0.9910698496905394,116
banknote,0.9326320571282072,16x16,27,0.9907509157509157,112
banknote,0.9326320571282072,16x16,28,0.9898562975486053,104
banknote,0.9326320571282072,16x16,29,0.9894419306184011,102
banknote,0.9326320571282072,16x16,30,0.9881656804733727,91
banknote,0.9326320571282072,16x16,31,0.9964221824686941,86
banknote,0.9326320571282072,16x16,32,1.0,84
blood,0.7312747747344295,16x16,1,0.7779271729802671,150
blood,0.7312747747344295,16x16,2,0.8112396666314539,149
blood,0.7312747747344295,16x16,3,0.8252187219844355,149
blood,0.7312747747344295,16x16,4,0.8354644996105552,145
blood,0.7312747747344295,16x16,5,0.8430909162998838,143
blood,0.7312747747344295,16x16,6,0.8595063548288717,143
blood,0.7312747747344295,16x16,7,0.8833387651077789,141
blood,0.7312747747344295,16x16,8,0.8929120309584792,136
blood,0.7312747747344295,16x16,9,0.8978056817103756,135
blood,0.7312747747344295,16x16,10,0.9043401675220964,131
blood,0.7312747747344295,16x16,11,0.9072176821031046,129
blood,0.7312747747344295,16x16,12,0.9066360550946497,125
blood,0.7312747747344295,16x16,13,0.9091584613995316,124
blood,0.7312747747344295,16x16,14,0.9122863597915845,123
blood,0.7312747747344295,16x16,15,0.9177176417404557,122
blood,0.7312747747344295,16x16,16,0.9148570171501984,119
blood,0.7312747747344295,16x16,17,0.9146006713624388,118
blood,0.7312747747344295,16x16,18,0.9221855763704309,113
blood,0.7312747747344295,16x16,19,0.9180464387812365,106
blood,0.7312747747344295,16x16,20,0.9171306990496078,103
blood,0.7312747747344295,16x16,21,0.9182212725677502,100
blood,0.7312747747344295,16x16,22,0.9237582715516854,97
blood,0.7312747747344295,16x16,23,0.9212200068563355,92
blood,0.7312747747344295,16x16,24,0.921679889619321,89
blood,0.7312747747344295,16x16,25,0.9214686874566108,89
blood,0.7312747747344295,16x16,26,0.9173749082947712,85
blood,0.7312747747344295,16x16,27,0.9282773790257886,83
blood,0.7312747747344295,16x16,28,0.9539577969041662,79
blood,0.7312747747344295,16x16,29,0.9660791378978112,73
blood,0.7312747747344295,16x16,30,0.9630183979850123,67
blood,0.7312747747344295,16x16,31,0.9612848853905597,64
blood,0.7312747747344295,16x16,32,0.9667910520111065,58
breast_cancer,0.9156653013684618,16x16,1,0.7536381898357919,150
breast_cancer,0.9156653013684618,16x16,2,0.8243989023982168,150
breast_cancer,0.9156653013684618,16x16,3,0.8662980556719639,150
breast_cancer,0.9156653013684618,16x16,4,0.9028836015349455,148
breast_cancer,0.9156653013684618,16x16,5,0.9263792763343685,145
breast_cancer,0.9156653013684618,16x16,6,0.9425680793085217,138
breast_cancer,0.9156653013684618,16x16,7,0.951906133569729,137
breast_cancer,0.9156653013684618,16x16,8,0.9588541545726343,134
breast_cancer,0.9156653013684618,16x16,9,0.9707026064350089,131
breast_cancer,0.9156653013684618,16x16,10,0.9788057323899488,126
breast_cancer,0.9156653013684618,16x16,11,0.9784536483744862,125
breast_cancer,0.9156653013684618,16x16,12,0.9779510648843698,123
breast_cancer,0.9156653013684618,16x16,13,0.9777053160419055,118
breast_cancer,0.9156653013684618,16x16,14,0.9781181862241651,113
breast_cancer,0.9156653013684618,16x16,15,0.9788688162882414,112
breast_cancer,0.9156653013684618,16x16,16,0.9796190476190477,110
breast_cancer,0.9156653013684618,16x16,17,0.9840150503701907,107
breast_cancer,0.9156653013684618,16x16,18,0.9867040726264029,103
breast_cancer,0.9156653013684618,16x16,19,0.9913819875776397,92
breast_cancer,0.9156653013684618,16x16,20,0.9952941176470588,85
breast_cancer,0.9156653013684618,16x16,21,0.9951219512195121,82
breast_cancer,0.9156653013684618,16x16,22,1.0,80
breast_cancer,0.9156653013684618,16x16,23,1.0,76
breast_cancer,0.9156653013684618,16x16,24,1.0,72
breast_cancer,0.9156653013684618,16x16,25,1.0,70
breast_cancer,0.9156653013684618,16x16,26,1.0,60
breast_cancer,0.9156653013684618,16x16,27,1.0,58
breast_cancer,0.9156653013684618,16x16,28,1.0,55
breast_cancer,0.9156653013684618,16x16,29,1.0,51
breast_cancer,0.9156653013684618,16x16,30,1.0,43
breast_cancer,0.9156653013684618,16x16,31,1.0,40
breast_cancer,0.9156653013684618,16x16,32,1.0,35
diabetes,0.6673784284093217,16x16,1,0.5919327371378786,150
diabetes,0.6673784284093217,16x16,2,0.6399670049471878,150
diabetes,0.6673784284093217,16x16,3,0.6772610616564624,149
diabetes,0.6673784284093217,16x16,4,0.7209573241567337,147
diabetes,0.6673784284093217,16x16,5,0.7438226613620164,136
diabetes,0.6673784284093217,16x16,6,0.7559319443080759,125
diabetes,0.6673784284093217,16x16,7,0.7783325359522214,120
diabetes,0.6673784284093217,16x16,8,0.7895894133441186,103
diabetes,0.6673784284093217,16x16,9,0.7873652376148564,93
diabetes,0.6673784284093217,16x16,10,0.7890828830199048,80
diabetes,0.6673784284093217,16x16,11,0.8260496116709176,66
diabetes,0.6673784284093217,16x16,12,0.865894422191236,58
diabetes,0.6673784284093217,16x16,13,0.8591449146810328,46
diabetes,0.6673784284093217,16x16,14,0.883957450693651,41
diabetes,0.6673784284093217,16x16,15,0.8711634397348683,35
diabetes,0.6673784284093217,16x16,16,0.8885035103785104,32
diabetes,0.6673784284093217,16x16,17,0.8995098039215685,24
diabetes,0.6673784284093217,16x16,18,0.8986764705882354,24
diabetes,0.6673784284093217,16x16,19,0.9305603038936372,18
diabetes,0.6673784284093217,16x16,20,0.9404882154882155,18
diabetes,0.6673784284093217,16x16,21,0.932962962962963,15
diabetes,0.6673784284093217,16x16,22,0.9054901960784314,10
diabetes,0.6673784284093217,16x16,23,0.9029166666666667,10
diabetes,0.6673784284093217,16x16,24,0.8999999999999999,8
diabetes,0.6673784284093217,16x16,25,0.9340659340659341,7
diabetes,0.6673784284093217,16x16,26,0.9272727272727274,5
diabetes,0.6673784284093217,16x16,27,0.95,4
diabetes,0.6673784284093217,16x16,28,0.9333333333333332,3
diabetes,0.6673784284093217,16x16,29,0.9333333333333332,3
diabetes,0.6673784284093217,16x16,30,0.9333333333333332,3
diabetes,0.6673784284093217,16x16,31,0.9333333333333332,3
diabetes,0.6673784284093217,16x16,32,0.9333333333333332,3
digits-35,0.978834382327533,16x16,1,0.8728348277158898,150
digits-35,0.978834382327533,16x16,2,0.9427906920751497,150
digits-35,0.978834382327533,16x16,3,0.9545732882621007,150
digits-35,0.978834382327533,16x16,4,0.9733202195994788,146
digits-35,0.978834382327533,16x16,5,0.9912453991258339,138
digits-35,0.978834382327533,16x16,6,0.998917748917749,132
digits-35,0.978834382327533,16x16,7,1.0,128
digits-35,0.978834382327533,16x16,8,1.0,126
digits-35,0.978834382327533,16x16,9,1.0,114
digits-35,0.978834382327533,16x16,10,1.0,108
digits-35,0.978834382327533,16x16,11,1.0,102
digits-35,0.978834382327533,16x16,12,1.0,93
digits-35,0.978834382327533,16x16,13,1.0,86
digits-35,0.978834382327533,16x16,14,1.0,80
digits-35,0.978834382327533,16x16,15,1.0,73
digits-35,0.978834382327533,16x16,16,1.0,66
digits-35,0.978834382327533,16x16,17,1.0,59
digits-35,0.978834382327533,16x16,18,1.0,56
digits-35,0.978834382327533,16x16,19,1.0,50
digits-35,0.978834382327533,16x16,20,1.0,46
digits-35,0.978834382327533,16x16,21,1.0,42
digits-35,0.978834382327533,16x16,22,1.0,41
digits-35,0.978834382327533,16x16,23,1.0,39
digits-35,0.978834382327533,16x16,24,1.0,34
digits-35,0.978834382327533,16x16,25,1.0,31
digits-35,0.978834382327533,16x16,26,1.0,28
digits-35,0.978834382327533,16x16,27,1.0,25
digits-35,0.978834382327533,16x16,28,1.0,19
digits-35,0.978834382327533,16x16,29,1.0,16
digits-35,0.978834382327533,16x16,30,1.0,16
digits-35,0.978834382327533,16x16,31,1.0,14
digits-35,0.978834382327533,16x16,32,1.0,14
heart,0.7658480773695953,16x16,1,0.624137261234203,150
heart,0.7658480773695953,16x16,2,0.6672126676489196,150
heart,0.7658480773695953,16x16,3,0.7172970072809668,150
heart,0.7658480773695953,16x16,4,0.7183684158357959,142
heart,0.7658480773695953,16x16,5,0.7826236644643378,114
heart,0.7658480773695953,16x16,6,0.828379923453453,78
heart,0.7658480773695953,16x16,7,0.8606351733583877,56
heart,0.7658480773695953,16x16,8,0.9213824054733145,44
heart,0.7658480773695953,16x16,9,0.9594301292577156,29
heart,0.7658480773695953,16x16,10,0.9575937950937952,22
heart,0.7658480773695953,16x16,11,0.9642857142857143,15
heart,0.7658480773695953,16x16,12,0.9791666666666666,12
heart,0.7658480773695953,16x16,13,1.0,9
heart,0.7658480773695953,16x16,14,1.0,6
heart,0.7658480773695953,16x16,15,1.0,4
heart,0.7658480773695953,16x16,16,1.0,4
heart,0.7658480773695953,16x16,17,1.0,3
heart,0.7658480773695953,16x16,18,1.0,2
heart,0.7658480773695953,16x16,19,1.0,2
heart,0.7658480773695953,16x16,20,1.0,2
heart,0.7658480773695953,16x16,21,1.0,2
heart,0.7658480773695953,16x16,22,1.0,2
heart,0.7658480773695953,16x16,23,1.0,2
ionosphere,0.8501105667456785,16x16,1,0.6154807412071496,150
ionosphere,0.8501105667456785,16x16,2,0.6396826948290283,150
ionosphere,0.8501105667456785,16x16,3,0.6573104574550032,149
ionosphere,0.8501105667456785,16x16,4,0.6976842334417097,147
ionosphere,0.8501105667456785,16x16,5,0.7410523657803256,137
ionosphere,0.8501105667456785,16x16,6,0.7777151552520589,128
ionosphere,0.8501105667456785,16x16,7,0.8171053427626287,111
ionosphere,0.8501105667456785,16x16,8,0.8123386859086229,103
ionosphere,0.8501105667456785,16x16,9,0.851315879067618,89
ionosphere,0.8501105667456785,16x16,10,0.8746750156124212,83
ionosphere,0.8501105667456785,16x16,11,0.8787616338189603,75
ionosphere,0.8501105667456785,16x16,12,0.900298303050571,69
ionosphere,0.8501105667456785,16x16,13,0.9040605076425173,60
ionosphere,0.8501105667456785,16x16,14,0.9207103610675039,54
ionosphere,0.8501105667456785,16x16,15,0.9168037106361283,52
ionosphere,0.8501105667456785,16x16,16,0.9344926615334779,49
ionosphere,0.8501105667456785,16x16,17,0.9366792504547607,49
ionosphere,0.8501105667456785,16x16,18,0.9373805542283804,46
ionosphere,0.8501105667456785,16x16,19,0.9411126373626374,40
ionosphere,0.8501105667456785,16x16,20,0.9803571428571429,32
ionosphere,0.8501105667456785,16x16,21,0.9835164835164836,26
ionosphere,0.8501105667456785,16x16,22,0.9835164835164836,26
ionosphere,0.8501105667456785,16x16,23,0.9940476190476191,24
ionosphere,0.8501105667456785,16x16,24,1.0,21
ionosphere,0.8501105667456785,16x16,25,1.0,20
ionosphere,0.8501105667456785,16x16,26,1.0,18
ionosphere,0.8501105667456785,16x16,27,1.0,18
ionosphere,0.8501105667456785,16x16,28,1.0,15
ionosphere,0.8501105667456785,16x16,29,1.0,12
ionosphere,0.8501105667456785,16x16,30,1.0,12
ionosphere,0.8501105667456785,16x16,31,1.0,12
ionosphere,0.8501105667456785,16x16,32,1.0,12
iris,0.9265857142857143,16x16,1,0.5981119571440503,100
iris,0.9265857142857143,16x16,2,0.689824031972277,99
iris,0.9265857142857143,16x16,3,0.7531161231700467,98
iris,0.9265857142857143,16x16,4,0.8032457084556714,93
iris,0.9265857142857143,16x16,5,0.8751419376476549,88
iris,0.9265857142857143,16x16,6,0.9234619815167467,74
iris,0.9265857142857143,16x16,7,0.9404125539574455,67
iris,0.9265857142857143,16x16,8,0.97177510059863,60
iris,0.9265857142857143,16x16,9,0.9725158181318003,53
iris,0.9265857142857143,16x16,10,0.9712911397300539,52
iris,0.9265857142857143,16x16,11,0.9882478632478632,48
iris,0.9265857142857143,16x16,12,0.9963675213675214,45
iris,0.9265857142857143,16x16,13,0.997093023255814,43
iris,0.9265857142857143,16x16,14,1.0,41
iris,0.9265857142857143,16x16,15,1.0,39
iris,0.9265857142857143,16x16,16,1.0,37
iris,0.9265857142857143,16x16,17,1.0,36
iris,0.9265857142857143,16x16,18,1.0,36
iris,0.9265857142857143,16x16,19,1.0,35
iris,0.9265857142857143,16x16,20,1.0,30
iris,0.9265857142857143,16x16,21,1.0,27
iris,0.9265857142857143,16x16,22,1.0,26
iris,0.9265857142857143,16x16,23,1.0,23
iris,0.9265857142857143,16x16,24,1.0,22
iris,0.9265857142857143,16x16,25,1.0,22
iris,0.9265857142857143,16x16,26,1.0,22
iris,0.9265857142857143,16x16,27,1.0,19
iris,0.9265857142857143,16x16,28,1.0,17
iris,0.9265857142857143,16x16,29,1.0,14
iris,0.9265857142857143,16x16,30,1.0,12
iris,0.9265857142857143,16x16,31,1.0,12
iris,0.9265857142857143,16x16,32,1.0,9
sonar,0.7488678832061184,16x16,1,0.5466557693533792,150
sonar,0.7488678832061184,16x16,2,0.6162016502228788,150
sonar,0.7488678832061184,16x16,3,0.6424009690037256,147
sonar,0.7488678832061184,16x16,4,0.6867264296319845,135
sonar,0.7488678832061184,16x16,5,0.7429314644655793,106
sonar,0.7488678832061184,16x16,6,0.74985675768387,97
sonar,0.7488678832061184,16x16,7,0.7396426089171286,86
sonar,0.7488678832061184,16x16,8,0.7343640825548721,76
sonar,0.7488678832061184,16x16,9,0.7707512963863233,66
sonar,0.7488678832061184,16x16,10,0.775931473067696,57
sonar,0.7488678832061184,16x16,11,0.8020816871320791,47
sonar,0.7488678832061184,16x16,12,0.8288867103964057,38
sonar,0.7488678832061184,16x16,13,0.835279057859703,31
sonar,0.7488678832061184,16x16,14,0.8254148629148628,22
sonar,0.7488678832061184,16x16,15,0.8266250944822373,21
sonar,0.7488678832061184,16x16,16,0.8086706349206351,20
sonar,0.7488678832061184,16x16,17,0.7816798941798943,18
sonar,0.7488678832061184,16x16,18,0.7793898809523809,16
sonar,0.7488678832061184,16x16,19,0.7833333333333333,8
sonar,0.7488678832061184,16x16,20,0.7523809523809523,7
sonar,0.7488678832061184,16x16,21,0.7333333333333334,5
sonar,0.7488678832061184,16x16,22,0.625,4
sonar,0.7488678832061184,16x16,23,0.5833333333333333,4
sonar,0.7488678832061184,16x16,24,0.16666666666666666,2
sonar,0.7488678832061184,16x16,25,0.16666666666666666,2
sonar,0.7488678832061184,16x16,26,0.2,2
synthetic_d20,0.7768633769819402,16x16,1,0.5162390615603052,150
synthetic_d20,0.7768633769819402,16x16,2,0.5359710981376705,150
synthetic_d20,0.7768633769819402,16x16,3,0.5744165311076165,150
synthetic_d20,0.7768633769819402,16x16,4,0.5887745113820084,150
synthetic_d20,0.7768633769819402,16x16,5,0.5932547822428307,148
synthetic_d20,0.7768633769819402,16x16,6,0.6144240658749441,140
synthetic_d20,0.7768633769819402,16x16,7,0.6389588434973303,119
synthetic_d20,0.7768633769819402,16x16,8,0.6439215699775306,104
synthetic_d20,0.7768633769819402,16x16,9,0.6837869224958868,86
synthetic_d20,0.7768633769819402,16x16,10,0.7332371821901806,72
synthetic_d20,0.7768633769819402,16x16,11,0.7867860729734616,54
synthetic_d20,0.7768633769819402,16x16,12,0.8028616633060672,44
synthetic_d20,0.7768633769819402,16x16,13,0.79419587051166,37
synthetic_d20,0.7768633769819402,16x16,14,0.8649544118917984,29
synthetic_d20,0.7768633769819402,16x16,15,0.8908129699248121,24
synthetic_d20,0.7768633769819402,16x16,16,0.9452380952380953,17
synthetic_d20,0.7768633769819402,16x16,17,0.9633470695970696,16
synthetic_d20,0.7768633769819402,16x16,18,0.9548887010425472,13
synthetic_d20,0.7768633769819402,16x16,19,0.9475274725274725,8
synthetic_d20,0.7768633769819402,16x16,20,0.9714285714285714,7
synthetic_d20,0.7768633769819402,16x16,21,1.0,2
synthetic_d20,0.7768633769819402,16x16,22,1.0,1
synthetic_d20,0.7768633769819402,16x16,23,1.0,1
synthetic_d50,0.7698020783748595,16x16,1,0.5341640894727583,150
synthetic_d50,0.7698020783748595,16x16,2,0.5591677653317974,150
synthetic_d50,0.7698020783748595,16x16,3,0.5695189688034817,150
synthetic_d50,0.7698020783748595,16x16,4,0.5872104428671465,150
synthetic_d50,0.7698020783748595,16x16,5,0.5792930130647221,150
synthetic_d50,0.7698020783748595,16x16,6,0.5893901341268614,148
synthetic_d50,0.7698020783748595,16x16,7,0.5904548270462673,138
synthetic_d50,0.7698020783748595,16x16,8,0.6496496125375558,101
synthetic_d50,0.7698020783748595,16x16,9,0.6862135585846578,82
synthetic_d50,0.7698020783748595,16x16,10,0.7262729932803931,67
synthetic_d50,0.7698020783748595,16x16,11,0.7754653234214549,59
synthetic_d50,0.7698020783748595,16x16,12,0.7812792649527344,49
synthetic_d50,0.7698020783748595,16x16,13,0.8031598031598032,39
synthetic_d50,0.7698020783748595,16x16,14,0.8063244047619047,32
synthetic_d50,0.7698020783748595,16x16,15,0.8427558552558552,22
synthetic_d50,0.7698020783748595,16x16,16,0.8441643323996265,17
synthetic_d50,0.7698020783748595,16x16,17,0.9321428571428572,8
synthetic_d50,0.7698020783748595,16x16,18,0.9199999999999999,5
synthetic_d50,0.7698020783748595,16x16,19,1.0,2
synthetic_d8,0.8767463617253752,16x16,1,0.5803845614592243,150
synthetic_d8,0.8767463617253752,16x16,2,0.6151904114943548,150
synthetic_d8,0.8767463617253752,16x16,3,0.6747985214116089,149
synthetic_d8,0.8767463617253752,16x16,4,0.7043969487154517,140
synthetic_d8,0.8767463617253752,16x16,5,0.7199528117867198,137
synthetic_d8,0.8767463617253752,16x16,6,0.7436522608044057,131
synthetic_d8,0.8767463617253752,16x16,7,0.7534709961122489,123
synthetic_d8,0.8767463617253752,16x16,8,0.7667135203267277,112
synthetic_d8,0.8767463617253752,16x16,9,0.79149113728194,100
synthetic_d8,0.8767463617253752,16x16,10,0.7865122684397868,85
synthetic_d8,0.8767463617253752,16x16,11,0.809410995612801,80
synthetic_d8,0.8767463617253752,16x16,12,0.8220947733269135,72
synthetic_d8,0.8767463617253752,16x16,13,0.8575146397530118,60
synthetic_d8,0.8767463617253752,16x16,14,0.8555808665143703,51
synthetic_d8,0.8767463617253752,16x16,15,0.8431511160234564,47
synthetic_d8,0.8767463617253752,16x16,16,0.8528943058704964,42
synthetic_d8,0.8767463617253752,16x16,17,0.8569520757020758,36
synthetic_d8,0.8767463617253752,16x16,18,0.8697774447774448,33
synthetic_d8,0.8767463617253752,16x16,19,0.8876558956916101,28
synthetic_d8,0.8767463617253752,16x16,20,0.8876818783068784,24
synthetic_d8,0.8767463617253752,16x16,21,0.9041783380018674,17
synthetic_d8,0.8767463617253752,16x16,22,0.9078144078144077,13
synthetic_d8,0.8767463617253752,16x16,23,0.8829725829725829,11
synthetic_d8,0.8767463617253752,16x16,24,0.9428571428571428,7
synthetic_d8,0.8767463617253752,16x16,25,1.0,3
synthetic_d8,0.8767463617253752,16x16,26,1.0,2
synthetic_d8,0.8767463617253752,16x16,27,1.0,1
synthetic_d8,0.8767463617253752,16x16,28,1.0,1
synthetic_d8,0.8767463617253752,16x16,29,1.0,1
synthetic_d8,0.8767463617253752,16x16,30,1.0,1
synthetic_d8,0.8767463617253752,16x16,31,1.0,1
synthetic_d8,0.8767463617253752,16x16,32,1.0,1
synthetic_lowsep,0.7553008980727853,16x16,1,0.5152875550355848,150
synthetic_lowsep,0.7553008980727853,16x16,2,0.5214243712695029,150
synthetic_lowsep,0.7553008980727853,16x16,3,0.5345727627276436,150
synthetic_lowsep,0.7553008980727853,16x16,4,0.545355973360933,147
synthetic_lowsep,0.7553008980727853,16x16,5,0.5626533442852573,141
synthetic_lowsep,0.7553008980727853,16x16,6,0.5844685347695218,127
synthetic_lowsep,0.7553008980727853,16x16,7,0.6518054276174658,97
synthetic_lowsep,0.7553008980727853,16x16,8,0.7021542762300126,74
synthetic_lowsep,0.7553008980727853,16x16,9,0.7291651661761513,58
synthetic_lowsep,0.7553008980727853,16x16,10,0.7616441910633591,45
synthetic_lowsep,0.7553008980727853,16x16,11,0.7573398617591487,34
synthetic_lowsep,0.7553008980727853,16x16,12,0.7769244291919666,28
synthetic_lowsep,0.7553008980727853,16x16,13,0.7869702402204533,27
synthetic_lowsep,0.7553008980727853,16x16,14,0.8067538416618685,26
synthetic_lowsep,0.7553008980727853,16x16,15,0.7736780781617738,24
synthetic_lowsep,0.7553008980727853,16x16,16,0.7670954045954047,22
synthetic_lowsep,0.7553008980727853,16x16,17,0.7824127626759206,19
synthetic_lowsep,0.7553008980727853,16x16,18,0.7938752424046541,17
synthetic_lowsep,0.7553008980727853,16x16,19,0.7475851072004918,13
synthetic_lowsep,0.7553008980727853,16x16,20,0.701691490327854,11
synthetic_lowsep,0.7553008980727853,16x16,21,0.6308441558441559,7
synthetic_lowsep,0.7553008980727853,16x16,22,0.58125,4
synthetic_lowsep,0.7553008980727853,16x16,23,0.7142857142857143,3
synthetic_lowsep,0.7553008980727853,16x16,24,0.7142857142857143,3
synthetic_lowsep,0.7553008980727853,16x16,25,0.7142857142857143,3
synthetic_lowsep,0.7553008980727853,16x16,26,0.7142857142857143,3
synthetic_lowsep,0.7553008980727853,16x16,27,1.0,2
synthetic_lowsep,0.7553008980727853,16x16,28,1.0,1
synthetic_lowsep,0.7553008980727853,16x16,29,1.0,1
synthetic_lowsep,0.7553008980727853,16x16,30,1.0,1
vehicle,0.8717899116213865,16x16,1,0.5764618121110134,150
vehicle,0.8717899116213865,16x16,2,0.6459630634592708,150
vehicle,0.8717899116213865,16x16,3,0.6499517018821362,145
vehicle,0.8717899116213865,16x16,4,0.6512159535669031,139
vehicle,0.8717899116213865,16x16,5,0.6909267345143123,132
vehicle,0.8717899116213865,16x16,6,0.7162351879355379,126
vehicle,0.8717899116213865,16x16,7,0.7217755490250564,124
vehicle,0.8717899116213865,16x16,8,0.7146839974044216,123
vehicle,0.8717899116213865,16x16,9,0.7274038131644802,120
vehicle,0.8717899116213865,16x16,10,0.733603189641797,118
vehicle,0.8717899116213865,16x16,11,0.7271953862613161,117
vehicle,0.8717899116213865,16x16,12,0.7348184983105912,115
vehicle,0.8717899116213865,16x16,13,0.7394584492458133,114
vehicle,0.8717899116213865,16x16,14,0.7466337766924228,113
vehicle,0.8717899116213865,16x16,15,0.749175740451385,112
vehicle,0.8717899116213865,16x16,16,0.7588459461456707,108
vehicle,0.8717899116213865,16x16,17,0.7795036524229682,103
vehicle,0.8717899116213865,16x16,18,0.8037798755444239,94
vehicle,0.8717899116213865,16x16,19,0.8129563700388485,79
vehicle,0.8717899116213865,16x16,20,0.8138635443888993,75
vehicle,0.8717899116213865,16x16,21,0.8045252612344066,69
vehicle,0.8717899116213865,16x16,22,0.8335606389467788,57
vehicle,0.8717899116213865,16x16,23,0.8512106067673988,53
vehicle,0.8717899116213865,16x16,24,0.8456176046176046,50
vehicle,0.8717899116213865,16x16,25,0.8470449692045262,46
vehicle,0.8717899116213865,16x16,26,0.9016527344415058,41
vehicle,0.8717899116213865,16x16,27,0.9158324175824177,40
vehicle,0.8717899116213865,16x16,28,0.9241258741258741,33
vehicle,0.8717899116213865,16x16,29,0.9305172941536578,33
vehicle,0.8717899116213865,16x16,30,0.9371753246753247,32
vehicle,0.8717899116213865,16x16,31,0.9425108225108225,30
vehicle,0.8717899116213865,16x16,32,0.9509379509379509,27
wine,0.9431372549019608,16x16,1,0.8821028698975222,130
wine,0.9431372549019608,16x16,2,0.9503014224129412,126
wine,0.9431372549019608,16x16,3,0.9827142887972812,119
wine,0.9431372549019608,16x16,4,0.9853184495104836,115
wine,0.9431372549019608,16x16,5,0.9844448576155894,111
wine,0.9431372549019608,16x16,6,0.9966544566544566,105
wine,0.9431372549019608,16x16,7,0.9964604236343366,92
wine,0.9431372549019608,16x16,8,0.9960684844641725,83
wine,0.9431372549019608,16x16,9,0.9936023391812864,75
wine,0.9431372549019608,16x16,10,0.9952380952380951,70
wine,0.9431372549019608,16x16,11,1.0,64
wine,0.9431372549019608,16x16,12,1.0,56
wine,0.9431372549019608,16x16,13,1.0,49
wine,0.9431372549019608,16x16,14,1.0,43
wine,0.9431372549019608,16x16,15,1.0,39
wine,0.9431372549019608,16x16,16,1.0,36
wine,0.9431372549019608,16x16,17,1.0,32
wine,0.9431372549019608,16x16,18,1.0,30
wine,0.9431372549019608,16x16,19,1.0,26
wine,0.9431372549019608,16x16,20,1.0,23
wine,0.9431372549019608,16x16,21,1.0,17
wine,0.9431372549019608,16x16,22,1.0,14
wine,0.9431372549019608,16x16,23,1.0,10
wine,0.9431372549019608,16x16,24,1.0,8
wine,0.9431372549019608,16x16,25,1.0,6
wine,0.9431372549019608,16x16,26,1.0,6
wine,0.9431372549019608,16x16,27,1.0,6
wine,0.9431372549019608,16x16,28,1.0,4
wine,0.9431372549019608,16x16,29,1.0,4
wine,0.9431372549019608,16x16,30,1.0,3
wine,0.9431372549019608,16x16,31,1.0,3
wine,0.9431372549019608,16x16,32,1.0,3
banknote,0.9326320571282072,32x16,1,0.6550541533806153,150
banknote,0.9326320571282072,32x16,2,0.7923499238252176,150
banknote,0.9326320571282072,32x16,3,0.8248807159016781,150
banknote,0.9326320571282072,32x16,4,0.8590018654045699,150
banknote,0.9326320571282072,32x16,5,0.8774320184966784,150
banknote,0.9326320571282072,32x16,6,0.9039362755902655,149
banknote,0.9326320571282072,32x16,7,0.9147533085879405,147
banknote,0.9326320571282072,32x16,8,0.9230490773556317,146
banknote,0.9326320571282072,32x16,9,0.9273440653910697,143
banknote,0.9326320571282072,32x16,10,0.9365421416557792,142
banknote,0.9326320571282072,32x16,11,0.9409167849903791,139
banknote,0.9326320571282072,32x16,12,0.9316300376869582,137
banknote,0.9326320571282072,32x16,13,0.9281145964572171,133
banknote,0.9326320571282072,32x16,14,0.9268130819888654,131
banknote,0.9326320571282072,32x16,15,0.9305707804463764,129
banknote,0.9326320571282072,32x16,16,0.9289501854941897,127
banknote,0.9326320571282072,32x16,17,0.9262141009305146,127
banknote,0.9326320571282072,32x16,18,0.922622814360159,127
banknote,0.9326320571282072,32x16,19,0.922637580762723,125
banknote,0.9326320571282072,32x16,20,0.923093734184086,125
banknote,0.9326320571282072,32x16,21,0.9221628549729599,124
banknote,0.9326320571282072,32x16,22,0.924329345844791,123
banknote,0.9326320571282072,32x16,23,0.9242767571763834,122
banknote,0.9326320571282072,32x16,24,0.9307961383956926,119
banknote,0.9326320571282072,32x16,25,0.9315480009700295,118
banknote,0.9326320571282072,32x16,26,0.9346031746488291,117
banknote,0.9326320571282072,32x16,27,0.9399186273129018,115
banknote,0.9326320571282072,32x16,28,0.9452531804524325,113
banknote,0.9326320571282072,32x16,29,0.9461127014784669,109
banknote,0.9326320571282072,32x16,30,0.9505045351473923,105
banknote,0.9326320571282072,32x16,31,0.9605759408918377,96
banknote,0.9326320571282072,32x16,32,0.9624535337850556,92
banknote,0.9326320571282072,32x16,33,0.9595605783105784,78
banknote,0.9326320571282072,32x16,34,0.9599785052910055,72
banknote,0.9326320571282072,32x16,35,0.9591810966810966,66
banknote,0.9326320571282072,32x16,36,0.959765625,64
banknote,0.9326320571282072,32x16,37,0.9701754385964911,57
banknote,0.9326320571282072,32x16,38,0.97,55
banknote,0.9326320571282072,32x16,39,0.968867924528302,53
banknote,0.9326320571282072,32x16,40,0.9682692307692308,52
banknote,0.9326320571282072,32x16,41,0.9728260869565217,46
banknote,0.9326320571282072,32x16,42,0.9722222222222222,45
banknote,0.9326320571282072,32x16,43,0.9755813953488373,43
banknote,0.9326320571282072,32x16,44,0.9689795918367347,35
banknote,0.9326320571282072,32x16,45,0.9597883597883597,27
banknote,0.9326320571282072,32x16,46,0.9565714285714286,25
banknote,0.9326320571282072,32x16,47,0.9547619047619048,24
banknote,0.9326320571282072,32x16,48,0.9527950310559007,23
blood,0.7312747747344295,32x16,1,0.8034740611676757,150
blood,0.7312747747344295,32x16,2,0.8162909319724747,150
blood,0.7312747747344295,32x16,3,0.8292567427921068,150
blood,0.7312747747344295,32x16,4,0.8424305231616966,150
blood,0.7312747747344295,32x16,5,0.8610568938032733,147
blood,0.7312747747344295,32x16,6,0.8661929444449185,142
blood,0.7312747747344295,32x16,7,0.8769704025308797,134
blood,0.7312747747344295,32x16,8,0.8888845850507439,123
blood,0.7312747747344295,32x16,9,0.9037393624906863,118
blood,0.7312747747344295,32x16,10,0.9114568073597619,112
blood,0.7312747747344295,32x16,11,0.9164639727354509,109
blood,0.7312747747344295,32x16,12,0.9211176325895749,108
blood,0.7312747747344295,32x16,13,0.9284909584017954,106
blood,0.7312747747344295,32x16,14,0.9305287104586853,104
blood,0.7312747747344295,32x16,15,0.9369322659690719,101
blood,0.7312747747344295,32x16,16,0.937317621991535,99
blood,0.7312747747344295,32x16,17,0.9383349881549611,96
blood,0.7312747747344295,32x16,18,0.9408755610080339,96
blood,0.7312747747344295,32x16,19,0.9403492452185601,96
blood,0.7312747747344295,32x16,20,0.9445477850750543,90
blood,0.7312747747344295,32x16,21,0.9454666170519601,89
blood,0.7312747747344295,32x16,22,0.9472392640160674,88
blood,0.7312747747344295,32x16,23,0.9460122701559759,86
blood,0.7312747747344295,32x16,24,0.9481082128300797,85
blood,0.7312747747344295,32x16,25,0.9474904534590093,84
blood,0.7312747747344295,32x16,26,0.9483494928742334,84
blood,0.7312747747344295,32x16,27,0.9543905417724251,84
blood,0.7312747747344295,32x16,28,0.9585264385273806,83
blood,0.7312747747344295,32x16,29,0.9580206633874706,82
blood,0.7312747747344295,32x16,30,0.9569711799721574,80
blood,0.7312747747344295,32x16,31,0.9567479656864432,80
blood,0.7312747747344295,32x16,32,0.9602043383052182,79
blood,0.7312747747344295,32x16,33,0.9582287994455037,76
blood,0.7312747747344295,32x16,34,0.9559170711631205,71
blood,0.7312747747344295,32x16,35,0.9531636746783643,66
blood,0.7312747747344295,32x16,36,0.9524431158272622,65
blood,0.7312747747344295,32x16,37,0.9546412251769395,63
blood,0.7312747747344295,32x16,38,0.958618533106238,61
blood,0.7312747747344295,32x16,39,0.9606806986117331,58
blood,0.7312747747344295,32x16,40,0.9606806986117331,58
blood,0.7312747747344295,32x16,41,0.9599908863066758,57
blood,0.7312747747344295,32x16,42,0.9592764378478664,56
blood,0.7312747747344295,32x16,43,0.95863350485992,53
blood,0.7312747747344295,32x16,44,0.9632867132867133,52
blood,0.7312747747344295,32x16,45,0.9625668449197862,51
blood,0.7312747747344295,32x16,46,0.9618181818181819,50
blood,0.7312747747344295,32x16,47,0.9591836734693877,49
blood,0.7312747747344295,32x16,48,0.9591836734693877,49
breast_cancer,0.9156653013684618,32x16,1,0.7610400131605803,150
breast_cancer,0.9156653013684618,32x16,2,0.8459653087964266,150
breast_cancer,0.9156653013684618,32x16,3,0.8946384922402454,150
breast_cancer,0.9156653013684618,32x16,4,0.9156959875513523,150
breast_cancer,0.9156653013684618,32x16,5,0.9336041175355115,146
breast_cancer,0.9156653013684618,32x16,6,0.94209742788325,142
breast_cancer,0.9156653013684618,32x16,7,0.9687452942071264,130
breast_cancer,0.9156653013684618,32x16,8,0.983638483570296,123
breast_cancer,0.9156653013684618,32x16,9,0.9915189990782982,118
breast_cancer,0.9156653013684618,32x16,10,0.994529272751806,114
breast_cancer,0.9156653013684618,32x16,11,0.994134729549211,109
breast_cancer,0.9156653013684618,32x16,12,0.9946162100350638,106
breast_cancer,0.9156653013684618,32x16,13,0.9939672357454851,104
breast_cancer,0.9156653013684618,32x16,14,0.9938541838818074,102
breast_cancer,0.9156653013684618,32x16,15,0.9944101634679169,100
breast_cancer,0.9156653013684618,32x16,16,0.9938174012548591,99
breast_cancer,0.9156653013684618,32x16,17,0.9922887077570689,97
breast_cancer,0.9156653013684618,32x16,18,0.9945611271745081,92
breast_cancer,0.9156653013684618,32x16,19,0.9942990219960663,91
breast_cancer,0.9156653013684618,32x16,20,0.9947519398564023,90
breast_cancer,0.9156653013684618,32x16,21,0.9958941910097372,84
breast_cancer,0.9156653013684618,32x16,22,0.9933608058608059,78
breast_cancer,0.9156653013684618,32x16,23,0.9941364605543711,67
breast_cancer,0.9156653013684618,32x16,24,0.9974937343358397,57
breast_cancer,0.9156653013684618,32x16,25,1.0,55
breast_cancer,0.9156653013684618,32x16,26,1.0,53
breast_cancer,0.9156653013684618,32x16,27,1.0,50
breast_cancer,0.9156653013684618,32x16,28,1.0,50
breast_cancer,0.9156653013684618,32x16,29,1.0,50
breast_cancer,0.9156653013684618,32x16,30,1.0,49
breast_cancer,0.9156653013684618,32x16,31,1.0,48
breast_cancer,0.9156653013684618,32x16,32,1.0,43
breast_cancer,0.9156653013684618,32x16,33,1.0,43
breast_cancer,0.9156653013684618,32x16,34,1.0,43
breast_cancer,0.9156653013684618,32x16,35,1.0,42
breast_cancer,0.9156653013684618,32x16,36,1.0,37
breast_cancer,0.9156653013684618,32x16,37,1.0,36
breast_cancer,0.9156653013684618,32x16,38,1.0,31
breast_cancer,0.9156653013684618,32x16,39,1.0,30
breast_cancer,0.9156653013684618,32x16,40,1.0,25
breast_cancer,0.9156653013684618,32x16,41,1.0,25
breast_cancer,0.9156653013684618,32x16,42,1.0,25
breast_cancer,0.9156653013684618,32x16,43,1.0,19
breast_cancer,0.9156653013684618,32x16,44,1.0,16
breast_cancer,0.9156653013684618,32x16,45,1.0,10
breast_cancer,0.9156653013684618,32x16,46,1.0,10
breast_cancer,0.9156653013684618,32x16,47,1.0,7
breast_cancer,0.9156653013684618,32x16,48,1.0,7
diabetes,0.6673784284093217,32x16,1,0.6145943999130584,150
diabetes,0.6673784284093217,32x16,2,0.6381548096277587,150
diabetes,0.6673784284093217,32x16,3,0.666946602994789,150
diabetes,0.6673784284093217,32x16,4,0.6913095876121083,147
diabetes,0.6673784284093217,32x16,5,0.7250912124585488,136
diabetes,0.6673784284093217,32x16,6,0.7400668156332328,125
diabetes,0.6673784284093217,32x16,7,0.767562823442205,105
diabetes,0.6673784284093217,32x16,8,0.805614637894854,92
diabetes,0.6673784284093217,32x16,9,0.8261057872862826,75
diabetes,0.6673784284093217,32x16,10,0.8547373005964336,57
diabetes,0.6673784284093217,32x16,11,0.8889618906387199,48
diabetes,0.6673784284093217,32x16,12,0.8830763663581,38
diabetes,0.6673784284093217,32x16,13,0.8578540507111935,28
diabetes,0.6673784284093217,32x16,14,0.8473160173160175,25
diabetes,0.6673784284093217,32x16,15,0.840704032809296,19
diabetes,0.6673784284093217,32x16,16,0.827777777777778,18
diabetes,0.6673784284093217,32x16,17,0.8435897435897436,13
diabetes,0.6673784284093217,32x16,18,0.8305555555555556,12
diabetes,0.6673784284093217,32x16,19,0.8800000000000001,10
diabetes,0.6673784284093217,32x16,20,1.0,7
diabetes,0.6673784284093217,32x16,21,1.0,5
diabetes,0.6673784284093217,32x16,22,1.0,3
diabetes,0.6673784284093217,32x16,23,1.0,3
diabetes,0.6673784284093217,32x16,24,1.0,2
diabetes,0.6673784284093217,32x16,25,1.0,2
diabetes,0.6673784284093217,32x16,26,1.0,2
diabetes,0.6673784284093217,32x16,27,1.0,2
diabetes,0.6673784284093217,32x16,28,1.0,1
diabetes,0.6673784284093217,32x16,29,1.0,1
diabetes,0.6673784284093217,32x16,30,1.0,1
digits-35,0.978834382327533,32x16,1,0.7059920311445472,150
digits-35,0.978834382327533,32x16,2,0.8396070871340711,150
digits-35,0.978834382327533,32x16,3,0.8790596790648211,150
digits-35,0.978834382327533,32x16,4,0.9239184459268872,141
digits-35,0.978834382327533,32x16,5,0.9489496967292801,135
digits-35,0.978834382327533,32x16,6,0.9641761537531631,128
digits-35,0.978834382327533,32x16,7,0.9867372592827075,122
digits-35,0.978834382327533,32x16,8,0.9934535792288341,115
digits-35,0.978834382327533,32x16,9,0.9936634083975343,109
digits-35,0.978834382327533,32x16,10,0.9963562566302292,99
digits-35,0.978834382327533,32x16,11,0.9977272727272727,88
digits-35,0.978834382327533,32x16,12,1.0,74
digits-35,0.978834382327533,32x16,13,1.0,66
digits-35,0.978834382327533,32x16,14,1.0,60
digits-35,0.978834382327533,32x16,15,1.0,55
digits-35,0.978834382327533,32x16,16,1.0,51
digits-35,0.978834382327533,32x16,17,1.0,44
digits-35,0.978834382327533,32x16,18,1.0,40
digits-35,0.978834382327533,32x16,19,1.0,36
digits-35,0.978834382327533,32x16,20,1.0,33
digits-35,0.978834382327533,32x16,21,1.0,23
digits-35,0.978834382327533,32x16,22,1.0,17
digits-35,0.978834382327533,32x16,23,1.0,9
digits-35,0.978834382327533,32x16,24,1.0,7
digits-35,0.978834382327533,32x16,25,1.0,5
digits-35,0.978834382327533,32x16,26,1.0,5
digits-35,0.978834382327533,32x16,27,1.0,5
digits-35,0.978834382327533,32x16,28,1.0,5
digits-35,0.978834382327533,32x16,29,1.0,4
digits-35,0.978834382327533,32x16,30,1.0,4
digits-35,0.978834382327533,32x16,31,1.0,4
digits-35,0.978834382327533,32x16,32,1.0,4
digits-35,0.978834382327533,32x16,33,1.0,4
digits-35,0.978834382327533,32x16,34,1.0,2
digits-35,0.978834382327533,32x16,35,1.0,1
heart,0.7658480773695953,32x16,1,0.585993796464382,150
heart,0.7658480773695953,32x16,2,0.6320340743369556,150
heart,0.7658480773695953,32x16,3,0.6892310226413372,150
heart,0.7658480773695953,32x16,4,0.7245238212443386,144
heart,0.7658480773695953,32x16,5,0.7678957251137126,128
heart,0.7658480773695953,32x16,6,0.7775203055397742,98
heart,0.7658480773695953,32x16,7,0.7650469039962869,73
heart,0.7658480773695953,32x16,8,0.8354821430025349,52
heart,0.7658480773695953,32x16,9,0.8938583938583938,37
heart,0.7658480773695953,32x16,10,0.9446493982208268,28
heart,0.7658480773695953,32x16,11,0.9467719780219781,20
heart,0.7658480773695953,32x16,12,0.9666666666666667,16
heart,0.7658480773695953,32x16,13,0.9871794871794872,13
heart,0.7658480773695953,32x16,14,0.9761904761904763,7
heart,0.7658480773695953,32x16,15,0.9666666666666668,5
heart,0.7658480773695953,32x16,16,0.9583333333333334,4
heart,0.7658480773695953,32x16,17,1.0,2
heart,0.7658480773695953,32x16,18,1.0,1
ionosphere,0.8501105667456785,32x16,1,0.5581636974573216,150
ionosphere,0.8501105667456785,32x16,2,0.6005319085878288,150
ionosphere,0.8501105667456785,32x16,3,0.6359073049629638,149
ionosphere,0.8501105667456785,32x16,4,0.6817612261124713,140
ionosphere,0.8501105667456785,32x16,5,0.7155360766565582,127
ionosphere,0.8501105667456785,32x16,6,0.7478236577871813,115
ionosphere,0.8501105667456785,32x16,7,0.790182720546853,100
ionosphere,0.8501105667456785,32x16,8,0.8245900556175189,92
ionosphere,0.8501105667456785,32x16,9,0.869534172707877,76
ionosphere,0.8501105667456785,32x16,10,0.8740929951809843,69
ionosphere,0.8501105667456785,32x16,11,0.8811819952433437,54
ionosphere,0.8501105667456785,32x16,12,0.9064690149708943,51
ionosphere,0.8501105667456785,32x16,13,0.9183201167807415,46
ionosphere,0.8501105667456785,32x16,14,0.9235120979510818,42
ionosphere,0.8501105667456785,32x16,15,0.9368428309404979,39
ionosphere,0.8501105667456785,32x16,16,0.9633281368221126,37
ionosphere,0.8501105667456785,32x16,17,0.96544240164535,35
ionosphere,0.8501105667456785,32x16,18,0.9652735065010855,35
ionosphere,0.8501105667456785,32x16,19,0.9642383098137149,35
ionosphere,0.8501105667456785,32x16,20,0.9787323276978449,33
ionosphere,0.8501105667456785,32x16,21,0.9767530091811976,31
ionosphere,0.8501105667456785,32x16,22,0.9779388938009628,30
ionosphere,0.8501105667456785,32x16,23,0.9785044259479456,29
ionosphere,0.8501105667456785,32x16,24,0.9769121612033489,27
ionosphere,0.8501105667456785,32x16,25,0.9864197530864197,27
ionosphere,0.8501105667456785,32x16,26,0.9853333333333333,25
ionosphere,0.8501105667456785,32x16,27,0.990909090909091,22
ionosphere,0.8501105667456785,32x16,28,0.990909090909091,22
ionosphere,0.8501105667456785,32x16,29,0.990909090909091,22
ionosphere,0.8501105667456785,32x16,30,1.0,19
ionosphere,0.8501105667456785,32x16,31,1.0,15
ionosphere,0.8501105667456785,32x16,32,1.0,13
ionosphere,0.8501105667456785,32x16,33,1.0,11
ionosphere,0.8501105667456785,32x16,34,1.0,11
ionosphere,0.8501105667456785,32x16,35,1.0,10
ionosphere,0.8501105667456785,32x16,36,1.0,9
ionosphere,0.8501105667456785,32x16,37,1.0,9
ionosphere,0.8501105667456785,32x16,38,1.0,9
ionosphere,0.8501105667456785,32x16,39,1.0,9
ionosphere,0.8501105667456785,32x16,40,1.0,8
ionosphere,0.8501105667456785,32x16,41,1.0,8
ionosphere,0.8501105667456785,32x16,42,1.0,8
ionosphere,0.8501105667456785,32x16,43,1.0,8
ionosphere,0.8501105667456785,32x16,44,1.0,7
ionosphere,0.8501105667456785,32x16,45,1.0,7
ionosphere,0.8501105667456785,32x16,46,1.0,7
ionosphere,0.8501105667456785,32x16,47,1.0,7
ionosphere,0.8501105667456785,32x16,48,1.0,7
iris,0.9265857142857143,32x16,1,0.7199859599433347,100
iris,0.9265857142857143,32x16,2,0.8145547832423187,98
iris,0.9265857142857143,32x16,3,0.9273043918694793,85
iris,0.9265857142857143,32x16,4,0.9812859142930135,75
iris,0.9265857142857143,32x16,5,0.9882774617050966,71
iris,0.9265857142857143,32x16,6,0.9867617692750319,65
iris,0.9265857142857143,32x16,7,0.9865713718675343,62
iris,0.9265857142857143,32x16,8,0.9860876600861388,58
iris,0.9265857142857143,32x16,9,0.9877026190343184,54
iris,0.9265857142857143,32x16,10,0.9953981592637056,49
iris,0.9265857142857143,32x16,11,0.9943627450980393,40
iris,0.9265857142857143,32x16,12,0.9938063063063064,37
iris,0.9265857142857143,32x16,13,0.9936342592592593,36
iris,0.9265857142857143,32x16,14,0.9932598039215687,34
iris,0.9265857142857143,32x16,15,0.9932598039215687,34
iris,0.9265857142857143,32x16,16,0.9928385416666667,32
iris,0.9265857142857143,32x16,17,0.9893267651888341,29
iris,0.9265857142857143,32x16,18,0.9885361552028219,27
iris,0.9265857142857143,32x16,19,0.9885361552028219,27
iris,0.9265857142857143,32x16,20,0.9930555555555557,24
iris,0.9265857142857143,32x16,21,0.9927536231884059,23
iris,0.9265857142857143,32x16,22,1.0,20
iris,0.9265857142857143,32x16,23,1.0,20
iris,0.9265857142857143,32x16,24,1.0,18
iris,0.9265857142857143,32x16,25,1.0,11
iris,0.9265857142857143,32x16,26,1.0,11
iris,0.9265857142857143,32x16,27,1.0,10
iris,0.9265857142857143,32x16,28,1.0,10
iris,0.9265857142857143,32x16,29,1.0,8
iris,0.9265857142857143,32x16,30,1.0,8
iris,0.9265857142857143,32x16,31,1.0,8
iris,0.9265857142857143,32x16,32,1.0,8
iris,0.9265857142857143,32x16,33,1.0,8
iris,0.9265857142857143,32x16,34,1.0,8
iris,0.9265857142857143,32x16,35,1.0,8
iris,0.9265857142857143,32x16,36,1.0,8
iris,0.9265857142857143,32x16,37,1.0,6
iris,0.9265857142857143,32x16,38,1.0,6
iris,0.9265857142857143,32x16,39,1.0,6
iris,0.9265857142857143,32x16,40,1.0,5
iris,0.9265857142857143,32x16,41,1.0,4
iris,0.9265857142857143,32x16,42,1.0,4
iris,0.9265857142857143,32x16,43,1.0,4
iris,0.9265857142857143,32x16,44,1.0,2
iris,0.9265857142857143,32x16,45,1.0,2
iris,0.9265857142857143,32x16,46,1.0,2
iris,0.9265857142857143,32x16,47,1.0,2
iris,0.9265857142857143,32x16,48,1.0,1
sonar,0.7488678832061184,32x16,1,0.55780283677329,150
sonar,0.7488678832061184,32x16,2,0.5940978719687285,150
sonar,0.7488678832061184,32x16,3,0.6300258935564521,148
sonar,0.7488678832061184,32x16,4,0.6868966477332853,136
sonar,0.7488678832061184,32x16,5,0.7279527182530566,111
sonar,0.7488678832061184,32x16,6,0.7565762153642542,82
sonar,0.7488678832061184,32x16,7,0.7765819188578235,64
sonar,0.7488678832061184,32x16,8,0.818597742127154,41
sonar,0.7488678832061184,32x16,9,0.8251984126984127,24
sonar,0.7488678832061184,32x16,10,0.8738095238095239,14
sonar,0.7488678832061184,32x16,11,0.9714285714285714,7
sonar,0.7488678832061184,32x16,12,1.0,3
sonar,0.7488678832061184,32x16,13,1.0,2
sonar,0.7488678832061184,32x16,14,1.0,2
sonar,0.7488678832061184,32x16,15,1.0,1
sonar,0.7488678832061184,32x16,16,1.0,1
sonar,0.7488678832061184,32x16,17,1.0,1
sonar,0.7488678832061184,32x16,18,1.0,1
sonar,0.7488678832061184,32x16,19,1.0,1
sonar,0.7488678832061184,32x16,20,1.0,1
sonar,0.7488678832061184,32x16,21,1.0,1
synthetic_d20,0.7768633769819402,32x16,1,0.5268352449026107,150
synthetic_d20,0.7768633769819402,32x16,2,0.5668071453352064,150
synthetic_d20,0.7768633769819402,32x16,3,0.5912110820526816,150
synthetic_d20,0.7768633769819402,32x16,4,0.6077634530593895,150
synthetic_d20,0.7768633769819402,32x16,5,0.6326066135554056,146
synthetic_d20,0.7768633769819402,32x16,6,0.651309177123211,134
synthetic_d20,0.7768633769819402,32x16,7,0.657160448401662,117
synthetic_d20,0.7768633769819402,32x16,8,0.6723269518368421,98
synthetic_d20,0.7768633769819402,32x16,9,0.6487568780353588,75
synthetic_d20,0.7768633769819402,32x16,10,0.6801480953686835,60
synthetic_d20,0.7768633769819402,32x16,11,0.6781679179406452,44
synthetic_d20,0.7768633769819402,32x16,12,0.7112682687682689,30
synthetic_d20,0.7768633769819402,32x16,13,0.6852272727272727,18
synthetic_d20,0.7768633769819402,32x16,14,0.828099173553719,11
synthetic_d20,0.7768633769819402,32x16,15,0.867965367965368,7
synthetic_d20,0.7768633769819402,32x16,16,0.9,5
synthetic_d20,0.7768633769819402,32x16,17,1.0,2
synthetic_d50,0.7698020783748595,32x16,1,0.5581903667788889,150
synthetic_d50,0.7698020783748595,32x16,2,0.6182037674506716,150
synthetic_d50,0.7698020783748595,32x16,3,0.6359297091296259,150
synthetic_d50,0.7698020783748595,32x16,4,0.6505389790183259,150
synthetic_d50,0.7698020783748595,32x16,5,0.6501566450402222,150
synthetic_d50,0.7698020783748595,32x16,6,0.6611896752633536,143
synthetic_d50,0.7698020783748595,32x16,7,0.674518575848024,119
synthetic_d50,0.7698020783748595,32x16,8,0.6866833751044277,65
synthetic_d50,0.7698020783748595,32x16,9,0.7604796966019876,35
synthetic_d50,0.7698020783748595,32x16,10,0.8977623798057235,18
synthetic_d50,0.7698020783748595,32x16,11,0.9502579979360165,10
synthetic_d50,0.7698020783748595,32x16,12,0.9660818713450292,9
synthetic_d50,0.7698020783748595,32x16,13,1.0,3
synthetic_d50,0.7698020783748595,32x16,14,1.0,3
synthetic_d50,0.7698020783748595,32x16,15,1.0,3
synthetic_d50,0.7698020783748595,32x16,16,1.0,2
synthetic_d50,0.7698020783748595,32x16,17,1.0,2
synthetic_d8,0.8767463617253752,32x16,1,0.5261941809419335,150
synthetic_d8,0.8767463617253752,32x16,2,0.5819333155938226,150
synthetic_d8,0.8767463617253752,32x16,3,0.6262942949302106,149
synthetic_d8,0.8767463617253752,32x16,4,0.6498824174161824,147
synthetic_d8,0.8767463617253752,32x16,5,0.6716922622410579,142
synthetic_d8,0.8767463617253752,32x16,6,0.6983801538199824,136
synthetic_d8,0.8767463617253752,32x16,7,0.7137591968021375,127
synthetic_d8,0.8767463617253752,32x16,8,0.7472954454281919,113
synthetic_d8,0.8767463617253752,32x16,9,0.7866156710836272,93
synthetic_d8,0.8767463617253752,32x16,10,0.828301977888444,70
synthetic_d8,0.8767463617253752,32x16,11,0.8808182817200642,57
synthetic_d8,0.8767463617253752,32x16,12,0.9308637608604959,47
synthetic_d8,0.8767463617253752,32x16,13,0.9433043937271879,40
synthetic_d8,0.8767463617253752,32x16,14,0.9462086660616073,33
synthetic_d8,0.8767463617253752,32x16,15,0.9411630036630036,26
synthetic_d8,0.8767463617253752,32x16,16,0.9423913043478261,23
synthetic_d8,0.8767463617253752,32x16,17,0.9263888888888889,18
synthetic_d8,0.8767463617253752,32x16,18,0.9136507936507937,15
synthetic_d8,0.8767463617253752,32x16,19,0.9277056277056278,11
synthetic_d8,0.8767463617253752,32x16,20,0.9592592592592594,9
synthetic_d8,0.8767463617253752,32x16,21,0.9714285714285714,7
synthetic_d8,0.8767463617253752,32x16,22,0.9666666666666667,6
synthetic_d8,0.8767463617253752,32x16,23,0.9666666666666667,6
synthetic_d8,0.8767463617253752,32x16,24,1.0,3
synthetic_d8,0.8767463617253752,32x16,25,1.0,2
synthetic_d8,0.8767463617253752,32x16,26,1.0,2
synthetic_d8,0.8767463617253752,32x16,27,1.0,2
synthetic_lowsep,0.7553008980727853,32x16,1,0.5090859105164828,150
synthetic_lowsep,0.7553008980727853,32x16,2,0.5092795500685047,150
synthetic_lowsep,0.7553008980727853,32x16,3,0.5291425126963001,150
synthetic_lowsep,0.7553008980727853,32x16,4,0.5508028142232039,150
synthetic_lowsep,0.7553008980727853,32x16,5,0.56705985923867,149
synthetic_lowsep,0.7553008980727853,32x16,6,0.6011491905360501,134
synthetic_lowsep,0.7553008980727853,32x16,7,0.6284203030519626,109
synthetic_lowsep,0.7553008980727853,32x16,8,0.6078335159343967,71
synthetic_lowsep,0.7553008980727853,32x16,9,0.6825805008944543,43
synthetic_lowsep,0.7553008980727853,32x16,10,0.7347916666666666,20
synthetic_lowsep,0.7553008980727853,32x16,11,0.7265079365079365,10
synthetic_lowsep,0.7553008980727853,32x16,12,0.7777777777777778,5
synthetic_lowsep,0.7553008980727853,32x16,13,0.75,4
synthetic_lowsep,0.7553008980727853,32x16,14,0.6666666666666666,3
synthetic_lowsep,0.7553008980727853,32x16,15,1.0,2
synthetic_lowsep,0.7553008980727853,32x16,16,1.0,2
synthetic_lowsep,0.7553008980727853,32x16,17,1.0,1
vehicle,0.8717899116213865,32x16,1,0.572815814254805,150
vehicle,0.8717899116213865,32x16,2,0.6339875838472051,150
vehicle,0.8717899116213865,32x16,3,0.6651423746052822,147
vehicle,0.8717899116213865,32x16,4,0.6985430452858454,144
vehicle,0.8717899116213865,32x16,5,0.7426217451058938,138
vehicle,0.8717899116213865,32x16,6,0.7602946020369293,131
vehicle,0.8717899116213865,32x16,7,0.7545355998894059,121
vehicle,0.8717899116213865,32x16,8,0.751077798727272,114
vehicle,0.8717899116213865,32x16,9,0.7706595005196761,108
vehicle,0.8717899116213865,32x16,10,0.8039737018226613,99
vehicle,0.8717899116213865,32x16,11,0.8083385750156392,95
vehicle,0.8717899116213865,32x16,12,0.8032906589652223,88
vehicle,0.8717899116213865,32x16,13,0.8149124093150567,84
vehicle,0.8717899116213865,32x16,14,0.8183322545124255,80
vehicle,0.8717899116213865,32x16,15,0.8267090949721377,72
vehicle,0.8717899116213865,32x16,16,0.8267775689732864,70
vehicle,0.8717899116213865,32x16,17,0.8274149200045011,68
vehicle,0.8717899116213865,32x16,18,0.8573215055211656,61
vehicle,0.8717899116213865,32x16,19,0.883406941845631,58
vehicle,0.8717899116213865,32x16,20,0.8937711964105152,51
vehicle,0.8717899116213865,32x16,21,0.9193386493907326,48
vehicle,0.8717899116213865,32x16,22,0.946295294211961,42
vehicle,0.8717899116213865,32x16,23,0.9529029029029029,37
vehicle,0.8717899116213865,32x16,24,0.9753513153513154,35
vehicle,0.8717899116213865,32x16,25,0.9738389265962795,32
vehicle,0.8717899116213865,32x16,26,0.9780381383322558,28
vehicle,0.8717899116213865,32x16,27,0.9792268907563024,25
vehicle,0.8717899116213865,32x16,28,0.9763941940412529,22
vehicle,0.8717899116213865,32x16,29,0.9840336134453782,20
vehicle,0.8717899116213865,32x16,30,0.9840336134453782,20
vehicle,0.8717899116213865,32x16,31,0.982456140350877,19
vehicle,0.8717899116213865,32x16,32,0.9814814814814814,18
vehicle,0.8717899116213865,32x16,33,0.9777777777777777,15
vehicle,0.8717899116213865,32x16,34,1.0,13
vehicle,0.8717899116213865,32x16,35,1.0,13
vehicle,0.8717899116213865,32x16,36,1.0,9
vehicle,0.8717899116213865,32x16,37,1.0,7
vehicle,0.8717899116213865,32x16,38,1.0,6
vehicle,0.8717899116213865,32x16,39,1.0,5
vehicle,0.8717899116213865,32x16,40,1.0,5
vehicle,0.8717899116213865,32x16,41,1.0,5
vehicle,0.8717899116213865,32x16,42,1.0,4
vehicle,0.8717899116213865,32x16,43,1.0,4
vehicle,0.8717899116213865,32x16,44,1.0,3
vehicle,0.8717899116213865,32x16,45,1.0,3
vehicle,0.8717899116213865,32x16,46,1.0,2
vehicle,0.8717899116213865,32x16,47,1.0,2
vehicle,0.8717899116213865,32x16,48,1.0,2
wine,0.9431372549019608,32x16,1,0.695106531430956,130
wine,0.9431372549019608,32x16,2,0.7991839249954257,130
wine,0.9431372549019608,32x16,3,0.8494565790187281,129
wine,0.9431372549019608,32x16,4,0.9104134284945757,118
wine,0.9431372549019608,32x16,5,0.9540059008688924,106
wine,0.9431372549019608,32x16,6,0.9779051388078246,95
wine,0.9431372549019608,32x16,7,0.9951935081148564,89
wine,0.9431372549019608,32x16,8,1.0,79
wine,0.9431372549019608,32x16,9,1.0,75
wine,0.9431372549019608,32x16,10,1.0,66
wine,0.9431372549019608,32x16,11,1.0,59
wine,0.9431372549019608,32x16,12,1.0,48
wine,0.9431372549019608,32x16,13,1.0,36
wine,0.9431372549019608,32x16,14,1.0,26
wine,0.9431372549019608,32x16,15,1.0,21
wine,0.9431372549019608,32x16,16,1.0,17
wine,0.9431372549019608,32x16,17,1.0,15
wine,0.9431372549019608,32x16,18,1.0,13
wine,0.9431372549019608,32x16,19,1.0,12
wine,0.9431372549019608,32x16,20,1.0,12
wine,0.9431372549019608,32x16,21,1.0,12
wine,0.9431372549019608,32x16,22,1.0,11
wine,0.9431372549019608,32x16,23,1.0,9
wine,0.9431372549019608,32x16,24,1.0,9
wine,0.9431372549019608,32x16,25,1.0,9
wine,0.9431372549019608,32x16,26,1.0,8
wine,0.9431372549019608,32x16,27,1.0,7
wine,0.9431372549019608,32x16,28,1.0,6
wine,0.9431372549019608,32x16,29,1.0,6
wine,0.9431372549019608,32x16,30,1.0,4
wine,0.9431372549019608,32x16,31,1.0,2
wine,0.9431372549019608,32x16,32,1.0,2
wine,0.9431372549019608,32x16,33,1.0,2
wine,0.9431372549019608,32x16,34,1.0,2
wine,0.9431372549019608,32x16,35,1.0,2
wine,0.9431372549019608,32x16,36,1.0,2
wine,0.9431372549019608,32x16,37,1.0,1
banknote,0.9326320571282072,128x64,1,0.5933690648266123,150
banknote,0.9326320571282072,128x64,2,0.6714721632969365,150
banknote,0.9326320571282072,128x64,3,0.7307472371191441,150
banknote,0.9326320571282072,128x64,4,0.7681800460512532,150
banknote,0.9326320571282072,128x64,5,0.8176476305825284,150
banknote,0.9326320571282072,128x64,6,0.8476341582006558,150
banknote,0.9326320571282072,128x64,7,0.8715023369741993,148
banknote,0.9326320571282072,128x64,8,0.8823992546142511,148
banknote,0.9326320571282072,128x64,9,0.9031022853669805,148
banknote,0.9326320571282072,128x64,10,0.9097229350197615,147
banknote,0.9326320571282072,128x64,11,0.9114962085654379,144
banknote,0.9326320571282072,128x64,12,0.908469288309001,143
banknote,0.9326320571282072,128x64,13,0.9067341633922453,140
banknote,0.9326320571282072,128x64,14,0.9037096048351617,139
banknote,0.9326320571282072,128x64,15,0.9020512095919412,139
banknote,0.9326320571282072,128x64,16,0.9091767120750075,138
banknote,0.9326320571282072,128x64,17,0.9105049092208952,135
banknote,0.9326320571282072,128x64,18,0.9101857917570411,134
banknote,0.9326320571282072,128x64,19,0.9275985859615905,134
banknote,0.9326320571282072,128x64,20,0.9275359894568654,133
banknote,0.9326320571282072,128x64,21,0.9298325604612268,130
banknote,0.9326320571282072,128x64,22,0.9312272757133452,129
banknote,0.9326320571282072,128x64,23,0.9383668448599009,127
banknote,0.9326320571282072,128x64,24,0.9402933197837001,126
banknote,0.9326320571282072,128x64,25,0.9395702121069057,124
banknote,0.9326320571282072,128x64,26,0.9422978850031934,124
banknote,0.9326320571282072,128x64,27,0.9420095715764147,123
banknote,0.9326320571282072,128x64,28,0.9510608332643847,121
banknote,0.9326320571282072,128x64,29,0.9501565307555447,120
banknote,0.9326320571282072,128x64,30,0.9518202625893888,116
banknote,0.9326320571282072,128x64,31,0.9550427054816154,111
banknote,0.9326320571282072,128x64,32,0.9625291968081998,104
banknote,0.9326320571282072,128x64,33,0.9653952507837584,103
banknote,0.9326320571282072,128x64,34,0.9645632486581485,100
banknote,0.9326320571282072,128x64,35,0.9732422226548676,97
banknote,0.9326320571282072,128x64,36,0.9750879160369761,97
banknote,0.9326320571282072,128x64,37,0.9820494864612511,90
banknote,0.9326320571282072,128x64,38,0.9867162249515191,85
banknote,0.9326320571282072,128x64,39,0.9869337979094077,82
banknote,0.9326320571282072,128x64,40,0.985790183842132,77
banknote,0.9326320571282072,128x64,41,0.9843951093951094,74
banknote,0.9326320571282072,128x64,42,0.9841813437703849,73
banknote,0.9326320571282072,128x64,43,0.9874338624338626,72
banknote,0.9326320571282072,128x64,44,0.9952380952380951,70
banknote,0.9326320571282072,128x64,45,0.9950980392156862,68
banknote,0.9326320571282072,128x64,46,0.9950980392156862,68
banknote,0.9326320571282072,128x64,47,0.9950980392156862,68
banknote,0.9326320571282072,128x64,48,0.9950980392156862,68
banknote,0.9326320571282072,128x64,49,0.9949494949494948,66
banknote,0.9326320571282072,128x64,50,0.9947916666666666,64
banknote,0.9326320571282072,128x64,51,0.9947089947089947,63
banknote,0.9326320571282072,128x64,52,0.9943502824858756,59
banknote,0.9326320571282072,128x64,53,1.0,59
banknote,0.9326320571282072,128x64,54,1.0,59
banknote,0.9326320571282072,128x64,55,1.0,58
banknote,0.9326320571282072,128x64,56,1.0,55
banknote,0.9326320571282072,128x64,57,1.0,54
banknote,0.9326320571282072,128x64,58,1.0,53
banknote,0.9326320571282072,128x64,59,1.0,53
banknote,0.9326320571282072,128x64,60,1.0,52
banknote,0.9326320571282072,128x64,61,1.0,50
banknote,0.9326320571282072,128x64,62,1.0,47
banknote,0.9326320571282072,128x64,63,1.0,45
banknote,0.9326320571282072,128x64,64,1.0,45
banknote,0.9326320571282072,128x64,65,1.0,43
banknote,0.9326320571282072,128x64,66,1.0,43
banknote,0.9326320571282072,128x64,67,1.0,43
banknote,0.9326320571282072,128x64,68,1.0,43
banknote,0.9326320571282072,128x64,69,1.0,42
banknote,0.9326320571282072,128x64,70,1.0,40
banknote,0.9326320571282072,128x64,71,1.0,40
banknote,0.9326320571282072,128x64,72,1.0,40
banknote,0.9326320571282072,128x64,73,1.0,39
banknote,0.9326320571282072,128x64,74,1.0,38
banknote,0.9326320571282072,128x64,75,1.0,37
banknote,0.9326320571282072,128x64,76,1.0,35
banknote,0.9326320571282072,128x64,77,1.0,35
banknote,0.9326320571282072,128x64,78,1.0,34
banknote,0.9326320571282072,128x64,79,1.0,31
banknote,0.9326320571282072,128x64,80,1.0,30
banknote,0.9326320571282072,128x64,81,1.0,30
banknote,0.9326320571282072,128x64,82,1.0,30
banknote,0.9326320571282072,128x64,83,1.0,29
banknote,0.9326320571282072,128x64,84,1.0,27
banknote,0.9326320571282072,128x64,85,1.0,27
banknote,0.9326320571282072,128x64,86,1.0,26
banknote,0.9326320571282072,128x64,87,1.0,26
banknote,0.9326320571282072,128x64,88,1.0,26
banknote,0.9326320571282072,128x64,89,1.0,26
banknote,0.9326320571282072,128x64,90,1.0,25
banknote,0.9326320571282072,128x64,91,1.0,25
banknote,0.9326320571282072,128x64,92,1.0,25
banknote,0.9326320571282072,128x64,93,1.0,25
banknote,0.9326320571282072,128x64,94,1.0,24
banknote,0.9326320571282072,128x64,95,1.0,24
banknote,0.9326320571282072,128x64,96,1.0,24
banknote,0.9326320571282072,128x64,97,1.0,24
banknote,0.9326320571282072,128x64,98,1.0,24
banknote,0.9326320571282072,128x64,99,1.0,24
banknote,0.9326320571282072,128x64,100,1.0,23
banknote,0.9326320571282072,128x64,101,1.0,22
banknote,0.9326320571282072,128x64,102,1.0,21
banknote,0.9326320571282072,128x64,103,1.0,21
banknote,0.9326320571282072,128x64,104,1.0,21
banknote,0.9326320571282072,128x64,105,1.0,21
banknote,0.9326320571282072,128x64,106,1.0,21
banknote,0.9326320571282072,128x64,107,1.0,21
banknote,0.9326320571282072,128x64,108,1.0,19
banknote,0.9326320571282072,128x64,109,1.0,19
banknote,0.9326320571282072,128x64,110,1.0,17
banknote,0.9326320571282072,128x64,111,1.0,17
banknote,0.9326320571282072,128x64,112,1.0,17
banknote,0.9326320571282072,128x64,113,1.0,16
banknote,0.9326320571282072,128x64,114,1.0,16
banknote,0.9326320571282072,128x64,115,1.0,16
banknote,0.9326320571282072,128x64,116,1.0,16
banknote,0.9326320571282072,128x64,117,1.0,16
banknote,0.9326320571282072,128x64,118,1.0,16
banknote,0.9326320571282072,128x64,119,1.0,16
banknote,0.9326320571282072,128x64,120,1.0,15
banknote,0.9326320571282072,128x64,121,1.0,15
banknote,0.9326320571282072,128x64,122,1.0,15
banknote,0.9326320571282072,128x64,123,1.0,15
banknote,0.9326320571282072,128x64,124,1.0,15
banknote,0.9326320571282072,128x64,125,1.0,13
banknote,0.9326320571282072,128x64,126,1.0,12
banknote,0.9326320571282072,128x64,127,1.0,12
banknote,0.9326320571282072,128x64,128,1.0,12
banknote,0.9326320571282072,128x64,129,1.0,12
banknote,0.9326320571282072,128x64,130,1.0,12
banknote,0.9326320571282072,128x64,131,1.0,12
banknote,0.9326320571282072,128x64,132,1.0,11
banknote,0.9326320571282072,128x64,133,1.0,11
banknote,0.9326320571282072,128x64,134,1.0,11
banknote,0.9326320571282072,128x64,135,1.0,11
banknote,0.9326320571282072,128x64,136,1.0,11
banknote,0.9326320571282072,128x64,137,1.0,9
banknote,0.9326320571282072,128x64,138,1.0,9
banknote,0.9326320571282072,128x64,139,1.0,8
banknote,0.9326320571282072,128x64,140,1.0,8
banknote,0.9326320571282072,128x64,141,1.0,8
banknote,0.9326320571282072,128x64,142,1.0,8
banknote,0.9326320571282072,128x64,143,1.0,8
banknote,0.9326320571282072,128x64,144,1.0,8
banknote,0.9326320571282072,128x64,145,1.0,8
banknote,0.9326320571282072,128x64,146,1.0,8
banknote,0.9326320571282072,128x64,147,1.0,7
banknote,0.9326320571282072,128x64,148,1.0,7
banknote,0.9326320571282072,128x64,149,1.0,7
banknote,0.9326320571282072,128x64,150,1.0,7
banknote,0.9326320571282072,128x64,151,1.0,7
banknote,0.9326320571282072,128x64,152,1.0,7
banknote,0.9326320571282072,128x64,153,1.0,7
banknote,0.9326320571282072,128x64,154,1.0,7
banknote,0.9326320571282072,128x64,155,1.0,7
banknote,0.9326320571282072,128x64,156,1.0,7
banknote,0.9326320571282072,128x64,157,1.0,7
banknote,0.9326320571282072,128x64,158,1.0,7
banknote,0.9326320571282072,128x64,159,1.0,7
banknote,0.9326320571282072,128x64,160,1.0,7
banknote,0.9326320571282072,128x64,161,1.0,7
banknote,0.9326320571282072,128x64,162,1.0,7
banknote,0.9326320571282072,128x64,163,1.0,7
banknote,0.9326320571282072,128x64,164,1.0,7
banknote,0.9326320571282072,128x64,165,1.0,7
banknote,0.9326320571282072,128x64,166,1.0,7
banknote,0.9326320571282072,128x64,167,1.0,7
banknote,0.9326320571282072,128x64,168,1.0,7
banknote,0.9326320571282072,128x64,169,1.0,7
banknote,0.9326320571282072,128x64,170,1.0,7
banknote,0.9326320571282072,128x64,171,1.0,7
banknote,0.9326320571282072,128x64,172,1.0,6
banknote,0.9326320571282072,128x64,173,1.0,6
banknote,0.9326320571282072,128x64,174,1.0,6
banknote,0.9326320571282072,128x64,175,1.0,5
banknote,0.9326320571282072,128x64,176,1.0,5
banknote,0.9326320571282072,128x64,177,1.0,5
banknote,0.9326320571282072,128x64,178,1.0,5
banknote,0.9326320571282072,128x64,179,1.0,5
banknote,0.9326320571282072,128x64,180,1.0,5
banknote,0.9326320571282072,128x64,181,1.0,5
banknote,0.9326320571282072,128x64,182,1.0,5
banknote,0.9326320571282072,128x64,183,1.0,5
banknote,0.9326320571282072,128x64,184,1.0,5
banknote,0.9326320571282072,128x64,185,1.0,5
banknote,0.9326320571282072,128x64,186,1.0,5
banknote,0.9326320571282072,128x64,187,1.0,5
banknote,0.9326320571282072,128x64,188,1.0,5
banknote,0.9326320571282072,128x64,189,1.0,5
banknote,0.9326320571282072,128x64,190,1.0,5
banknote,0.9326320571282072,128x64,191,1.0,4
banknote,0.9326320571282072,128x64,192,1.0,4
blood,0.7312747747344295,128x64,1,0.8142554757368369,150
blood,0.7312747747344295,128x64,2,0.8535952853666384,148
blood,0.7312747747344295,128x64,3,0.8713141549945063,143
blood,0.7312747747344295,128x64,4,0.8903790458406018,140
blood,0.7312747747344295,128x64,5,0.8992795514712582,138
blood,0.7312747747344295,128x64,6,0.9002484167025977,131
blood,0.7312747747344295,128x64,7,0.8955095192886132,129
blood,0.7312747747344295,128x64,8,0.9036644926585078,124
blood,0.7312747747344295,128x64,9,0.9032258839295743,120
blood,0.7312747747344295,128x64,10,0.9156931608614934,112
blood,0.7312747747344295,128x64,11,0.9248938222493281,106
blood,0.7312747747344295,128x64,12,0.9241725520907238,101
blood,0.7312747747344295,128x64,13,0.9282529089798776,96
blood,0.7312747747344295,128x64,14,0.927666895796445,91
blood,0.7312747747344295,128x64,15,0.9247249629265785,89
blood,0.7312747747344295,128x64,16,0.9410347823877236,85
blood,0.7312747747344295,128x64,17,0.9543873130017709,83
blood,0.7312747747344295,128x64,18,0.9665413061038061,80
blood,0.7312747747344295,128x64,19,0.9678039323664324,80
blood,0.7312747747344295,128x64,20,0.9736221748063855,76
blood,0.7312747747344295,128x64,21,0.9722335849362875,74
blood,0.7312747747344295,128x64,22,0.9820755040755041,70
blood,0.7312747747344295,128x64,23,0.9820755040755041,70
blood,0.7312747747344295,128x64,24,0.9818661330338241,67
blood,0.7312747747344295,128x64,25,0.9848829298957176,66
blood,0.7312747747344295,128x64,26,0.984650359586421,65
blood,0.7312747747344295,128x64,27,0.9841630694145613,63
blood,0.7312747747344295,128x64,28,0.9850277067348678,62
blood,0.7312747747344295,128x64,29,0.9850277067348678,62
blood,0.7312747747344295,128x64,30,0.9850277067348678,62
blood,0.7312747747344295,128x64,31,0.9843965312425755,61
blood,0.7312747747344295,128x64,32,0.9843965312425755,61
blood,0.7312747747344295,128x64,33,0.9841364734299518,60
blood,0.7312747747344295,128x64,34,0.9835894552723639,58
blood,0.7312747747344295,128x64,35,0.9833015509788966,57
blood,0.7312747747344295,128x64,36,0.9833015509788966,57
blood,0.7312747747344295,128x64,37,0.9830033643892341,56
blood,0.7312747747344295,128x64,38,0.984037796152944,56
blood,0.7312747747344295,128x64,39,0.984037796152944,56
blood,0.7312747747344295,128x64,40,0.9837475742648156,55
blood,0.7312747747344295,128x64,41,0.9836564373315735,55
blood,0.7312747747344295,128x64,42,0.9833537787636396,54
blood,0.7312747747344295,128x64,43,0.9852466815186113,54
blood,0.7312747747344295,128x64,44,0.9852466815186113,54
blood,0.7312747747344295,128x64,45,0.986221340388007,54
blood,0.7312747747344295,128x64,46,0.9922506738544474,53
blood,0.7312747747344295,128x64,47,0.9936274509803921,51
blood,0.7312747747344295,128x64,48,0.9936274509803921,51
blood,0.7312747747344295,128x64,49,0.9936274509803921,51
blood,0.7312747747344295,128x64,50,0.9936274509803921,51
blood,0.7312747747344295,128x64,51,0.9936274509803921,51
blood,0.7312747747344295,128x64,52,0.9936274509803921,51
blood,0.7312747747344295,128x64,53,0.9936274509803921,51
blood,0.7312747747344295,128x64,54,0.9934999999999999,50
blood,0.7312747747344295,128x64,55,0.9934999999999999,50
blood,0.7312747747344295,128x64,56,0.9934999999999999,50
blood,0.7312747747344295,128x64,57,0.9934999999999999,50
blood,0.7312747747344295,128x64,58,0.9933673469387755,49
blood,0.7312747747344295,128x64,59,0.9933673469387755,49
blood,0.7312747747344295,128x64,60,0.9933673469387755,49
blood,0.7312747747344295,128x64,61,0.9933673469387755,49
blood,0.7312747747344295,128x64,62,0.9933673469387755,49
blood,0.7312747747344295,128x64,63,0.9933673469387755,49
blood,0.7312747747344295,128x64,64,0.9933673469387755,49
blood,0.7312747747344295,128x64,65,0.9933673469387755,49
blood,0.7312747747344295,128x64,66,0.9932291666666666,48
blood,0.7312747747344295,128x64,67,0.9932291666666666,48
blood,0.7312747747344295,128x64,68,0.9932291666666666,48
blood,0.7312747747344295,128x64,69,0.9932291666666666,48
blood,0.7312747747344295,128x64,70,0.9932291666666666,48
blood,0.7312747747344295,128x64,71,0.9932291666666666,48
blood,0.7312747747344295,128x64,72,0.9932291666666666,48
blood,0.7312747747344295,128x64,73,0.9932291666666666,48
blood,0.7312747747344295,128x64,74,0.9932291666666666,48
blood,0.7312747747344295,128x64,75,0.9930851063829786,47
blood,0.7312747747344295,128x64,76,0.9930851063829786,47
blood,0.7312747747344295,128x64,77,0.9930851063829786,47
blood,0.7312747747344295,128x64,78,0.9930851063829786,47
blood,0.7312747747344295,128x64,79,0.9930851063829786,47
blood,0.7312747747344295,128x64,80,0.9930851063829786,47
blood,0.7312747747344295,128x64,81,0.9930851063829786,47
blood,0.7312747747344295,128x64,82,0.9930851063829786,47
blood,0.7312747747344295,128x64,83,0.9930851063829786,47
blood,0.7312747747344295,128x64,84,0.9930851063829786,47
blood,0.7312747747344295,128x64,85,0.9930851063829786,47
blood,0.7312747747344295,128x64,86,0.9930851063829786,47
blood,0.7312747747344295,128x64,87,0.9930851063829786,47
blood,0.7312747747344295,128x64,88,0.9930851063829786,47
blood,0.7312747747344295,128x64,89,0.9930851063829786,47
blood,0.7312747747344295,128x64,90,0.9929347826086956,46
blood,0.7312747747344295,128x64,91,0.9929347826086956,46
blood,0.7312747747344295,128x64,92,0.9929347826086956,46
blood,0.7312747747344295,128x64,93,0.9929347826086956,46
blood,0.7312747747344295,128x64,94,0.9927777777777778,45
blood,0.7312747747344295,128x64,95,0.9927777777777778,45
blood,0.7312747747344295,128x64,96,0.9927777777777778,45
blood,0.7312747747344295,128x64,97,0.9927777777777778,45
blood,0.7312747747344295,128x64,98,0.9927777777777778,45
blood,0.7312747747344295,128x64,99,0.9926136363636363,44
blood,0.7312747747344295,128x64,100,0.9926136363636363,44
blood,0.7312747747344295,128x64,101,0.9926136363636363,44
blood,0.7312747747344295,128x64,102,0.9926136363636363,44
blood,0.7312747747344295,128x64,103,0.9926136363636363,44
blood,0.7312747747344295,128x64,104,0.9926136363636363,44
blood,0.7312747747344295,128x64,105,0.9926136363636363,44
blood,0.7312747747344295,128x64,106,0.9926136363636363,44
blood,0.7312747747344295,128x64,107,0.9926136363636363,44
blood,0.7312747747344295,128x64,108,0.9926136363636363,44
blood,0.7312747747344295,128x64,109,0.997093023255814,43
blood,0.7312747747344295,128x64,110,0.997093023255814,43
blood,0.7312747747344295,128x64,111,0.997093023255814,43
blood,0.7312747747344295,128x64,112,0.997093023255814,43
blood,0.7312747747344295,128x64,113,0.997093023255814,43
blood,0.7312747747344295,128x64,114,0.997093023255814,43
blood,0.7312747747344295,128x64,115,0.997093023255814,43
blood,0.7312747747344295,128x64,116,0.997093023255814,43
blood,0.7312747747344295,128x64,117,0.997093023255814,43
blood,0.7312747747344295,128x64,118,0.997093023255814,43
blood,0.7312747747344295,128x64,119,0.997093023255814,43
blood,0.7312747747344295,128x64,120,0.997093023255814,43
blood,0.7312747747344295,128x64,121,0.997093023255814,43
blood,0.7312747747344295,128x64,122,0.997093023255814,43
blood,0.7312747747344295,128x64,123,0.997093023255814,43
blood,0.7312747747344295,128x64,124,0.997093023255814,43
blood,0.7312747747344295,128x64,125,0.997093023255814,43
blood,0.7312747747344295,128x64,126,0.997093023255814,43
blood,0.7312747747344295,128x64,127,0.997093023255814,43
blood,0.7312747747344295,128x64,128,0.997093023255814,43
blood,0.7312747747344295,128x64,129,0.997093023255814,43
blood,0.7312747747344295,128x64,130,0.9953488372093022,43
blood,0.7312747747344295,128x64,131,0.9953488372093022,43
blood,0.7312747747344295,128x64,132,0.9953488372093022,43
blood,0.7312747747344295,128x64,133,0.9953488372093022,43
blood,0.7312747747344295,128x64,134,1.0,41
blood,0.7312747747344295,128x64,135,1.0,41
blood,0.7312747747344295,128x64,136,1.0,41
blood,0.7312747747344295,128x64,137,1.0,41
blood,0.7312747747344295,128x64,138,1.0,41
blood,0.7312747747344295,128x64,139,1.0,41
blood,0.7312747747344295,128x64,140,1.0,41
blood,0.7312747747344295,128x64,141,1.0,41
blood,0.7312747747344295,128x64,142,1.0,41
blood,0.7312747747344295,128x64,143,1.0,41
blood,0.7312747747344295,128x64,144,1.0,41
blood,0.7312747747344295,128x64,145,1.0,41
blood,0.7312747747344295,128x64,146,1.0,41
blood,0.7312747747344295,128x64,147,1.0,41
blood,0.7312747747344295,128x64,148,1.0,41
blood,0.7312747747344295,128x64,149,1.0,41
blood,0.7312747747344295,128x64,150,1.0,41
blood,0.7312747747344295,128x64,151,1.0,41
blood,0.7312747747344295,128x64,152,1.0,41
blood,0.7312747747344295,128x64,153,1.0,41
blood,0.7312747747344295,128x64,154,1.0,41
blood,0.7312747747344295,128x64,155,1.0,41
blood,0.7312747747344295,128x64,156,1.0,41
blood,0.7312747747344295,128x64,157,1.0,41
blood,0.7312747747344295,128x64,158,1.0,41
blood,0.7312747747344295,128x64,159,1.0,40
blood,0.7312747747344295,128x64,160,1.0,40
blood,0.7312747747344295,128x64,161,1.0,40
blood,0.7312747747344295,128x64,162,1.0,40
blood,0.7312747747344295,128x64,163,1.0,40
blood,0.7312747747344295,128x64,164,1.0,39
blood,0.7312747747344295,128x64,165,1.0,39
blood,0.7312747747344295,128x64,166,1.0,39
blood,0.7312747747344295,128x64,167,1.0,39
blood,0.7312747747344295,128x64,168,1.0,39
blood,0.7312747747344295,128x64,169,1.0,39
blood,0.7312747747344295,128x64,170,1.0,39
blood,0.7312747747344295,128x64,171,1.0,39
blood,0.7312747747344295,128x64,172,1.0,39
blood,0.7312747747344295,128x64,173,1.0,39
blood,0.7312747747344295,128x64,174,1.0,39
blood,0.7312747747344295,128x64,175,1.0,39
blood,0.7312747747344295,128x64,176,1.0,39
blood,0.7312747747344295,128x64,177,1.0,39
blood,0.7312747747344295,128x64,178,1.0,39
blood,0.7312747747344295,128x64,179,1.0,39
blood,0.7312747747344295,128x64,180,1.0,39
blood,0.7312747747344295,128x64,181,1.0,39
blood,0.7312747747344295,128x64,182,1.0,39
blood,0.7312747747344295,128x64,183,1.0,38
blood,0.7312747747344295,128x64,184,1.0,38
blood,0.7312747747344295,128x64,185,1.0,38
blood,0.7312747747344295,128x64,186,1.0,38
blood,0.7312747747344295,128x64,187,1.0,38
blood,0.7312747747344295,128x64,188,1.0,38
blood,0.7312747747344295,128x64,189,1.0,38
blood,0.7312747747344295,128x64,190,1.0,38
blood,0.7312747747344295,128x64,191,1.0,38
blood,0.7312747747344295,128x64,192,1.0,38
breast_cancer,0.9156653013684618,128x64,1,0.7526287979512836,150
breast_cancer,0.9156653013684618,128x64,2,0.8567323275885443,150
breast_cancer,0.9156653013684618,128x64,3,0.8951364391577594,150
breast_cancer,0.9156653013684618,128x64,4,0.9092906166221426,149
breast_cancer,0.9156653013684618,128x64,5,0.9246092286128911,147
breast_cancer,0.9156653013684618,128x64,6,0.9365549518474745,144
breast_cancer,0.9156653013684618,128x64,7,0.9492030955460544,141
breast_cancer,0.9156653013684618,128x64,8,0.971475198128989,125
breast_cancer,0.9156653013684618,128x64,9,0.9738452438811561,118
breast_cancer,0.9156653013684618,128x64,10,0.9884684969894819,108
breast_cancer,0.9156653013684618,128x64,11,0.9920994214923026,100
breast_cancer,0.9156653013684618,128x64,12,0.9927446456939094,95
breast_cancer,0.9156653013684618,128x64,13,0.9908770688802904,85
breast_cancer,0.9156653013684618,128x64,14,0.9916609083951883,78
breast_cancer,0.9156653013684618,128x64,15,0.9913273447309958,75
breast_cancer,0.9156653013684618,128x64,16,0.9931688168225037,71
breast_cancer,0.9156653013684618,128x64,17,0.9994505494505496,65
breast_cancer,0.9156653013684618,128x64,18,1.0,62
breast_cancer,0.9156653013684618,128x64,19,1.0,60
breast_cancer,0.9156653013684618,128x64,20,1.0,57
breast_cancer,0.9156653013684618,128x64,21,1.0,55
breast_cancer,0.9156653013684618,128x64,22,1.0,55
breast_cancer,0.9156653013684618,128x64,23,1.0,54
breast_cancer,0.9156653013684618,128x64,24,1.0,51
breast_cancer,0.9156653013684618,128x64,25,1.0,44
breast_cancer,0.9156653013684618,128x64,26,1.0,41
breast_cancer,0.9156653013684618,128x64,27,1.0,37
breast_cancer,0.9156653013684618,128x64,28,1.0,34
breast_cancer,0.9156653013684618,128x64,29,1.0,29
breast_cancer,0.9156653013684618,128x64,30,1.0,25
breast_cancer,0.9156653013684618,128x64,31,1.0,22
breast_cancer,0.9156653013684618,128x64,32,1.0,21
breast_cancer,0.9156653013684618,128x64,33,1.0,19
breast_cancer,0.9156653013684618,128x64,34,1.0,18
breast_cancer,0.9156653013684618,128x64,35,1.0,18
breast_cancer,0.9156653013684618,128x64,36,1.0,15
breast_cancer,0.9156653013684618,128x64,37,1.0,13
breast_cancer,0.9156653013684618,128x64,38,1.0,13
breast_cancer,0.9156653013684618,128x64,39,1.0,10
breast_cancer,0.9156653013684618,128x64,40,1.0,8
breast_cancer,0.9156653013684618,128x64,41,1.0,8
breast_cancer,0.9156653013684618,128x64,42,1.0,7
breast_cancer,0.9156653013684618,128x64,43,1.0,6
breast_cancer,0.9156653013684618,128x64,44,1.0,6
breast_cancer,0.9156653013684618,128x64,45,1.0,6
breast_cancer,0.9156653013684618,128x64,46,1.0,6
breast_cancer,0.9156653013684618,128x64,47,1.0,6
breast_cancer,0.9156653013684618,128x64,48,1.0,6
breast_cancer,0.9156653013684618,128x64,49,1.0,6
breast_cancer,0.9156653013684618,128x64,50,1.0,6
breast_cancer,0.9156653013684618,128x64,51,1.0,6
breast_cancer,0.9156653013684618,128x64,52,1.0,6
breast_cancer,0.9156653013684618,128x64,53,1.0,5
breast_cancer,0.9156653013684618,128x64,54,1.0,4
breast_cancer,0.9156653013684618,128x64,55,1.0,3
breast_cancer,0.9156653013684618,128x64,56,1.0,3
breast_cancer,0.9156653013684618,128x64,57,1.0,2
breast_cancer,0.9156653013684618,128x64,58,1.0,1
breast_cancer,0.9156653013684618,128x64,59,1.0,1
diabetes,0.6673784284093217,128x64,1,0.611887897817596,150
diabetes,0.6673784284093217,128x64,2,0.6507500072273626,150
diabetes,0.6673784284093217,128x64,3,0.683617176218094,148
diabetes,0.6673784284093217,128x64,4,0.7058641900094745,141
diabetes,0.6673784284093217,128x64,5,0.7168432332684831,121
diabetes,0.6673784284093217,128x64,6,0.7045993877861997,103
diabetes,0.6673784284093217,128x64,7,0.7648763152699056,81
diabetes,0.6673784284093217,128x64,8,0.8166014928142057,53
diabetes,0.6673784284093217,128x64,9,0.8451417796625867,39
diabetes,0.6673784284093217,128x64,10,0.8924728727830231,28
diabetes,0.6673784284093217,128x64,11,0.9052076318742984,18
diabetes,0.6673784284093217,128x64,12,0.9305847953216373,15
diabetes,0.6673784284093217,128x64,13,0.9026515151515152,11
diabetes,0.6673784284093217,128x64,14,0.9194139194139195,7
diabetes,0.6673784284093217,128x64,15,0.9714285714285715,5
diabetes,0.6673784284093217,128x64,16,0.9444444444444445,3
diabetes,0.6673784284093217,128x64,17,1.0,2
diabetes,0.6673784284093217,128x64,18,1.0,2
diabetes,0.6673784284093217,128x64,19,1.0,2
diabetes,0.6673784284093217,128x64,20,1.0,1
diabetes,0.6673784284093217,128x64,21,1.0,1
diabetes,0.6673784284093217,128x64,22,1.0,1
diabetes,0.6673784284093217,128x64,23,1.0,1
diabetes,0.6673784284093217,128x64,24,1.0,1
diabetes,0.6673784284093217,128x64,25,1.0,1
diabetes,0.6673784284093217,128x64,26,1.0,1
diabetes,0.6673784284093217,128x64,27,1.0,1
diabetes,0.6673784284093217,128x64,28,1.0,1
diabetes,0.6673784284093217,128x64,29,1.0,1
diabetes,0.6673784284093217,128x64,30,1.0,1
diabetes,0.6673784284093217,128x64,31,1.0,1
diabetes,0.6673784284093217,128x64,32,1.0,1
diabetes,0.6673784284093217,128x64,33,1.0,1
diabetes,0.6673784284093217,128x64,34,1.0,1
diabetes,0.6673784284093217,128x64,35,1.0,1
diabetes,0.6673784284093217,128x64,36,1.0,1
digits-35,0.978834382327533,128x64,1,0.7457448412389981,150
digits-35,0.978834382327533,128x64,2,0.8289790810464517,150
digits-35,0.978834382327533,128x64,3,0.8891755995239011,149
digits-35,0.978834382327533,128x64,4,0.9388742574851787,144
digits-35,0.978834382327533,128x64,5,0.9733975966569832,130
digits-35,0.978834382327533,128x64,6,0.9893223166079296,118
digits-35,0.978834382327533,128x64,7,0.9931843106325215,108
digits-35,0.978834382327533,128x64,8,0.9975056788397694,97
digits-35,0.978834382327533,128x64,9,0.9995267757979623,90
digits-35,0.978834382327533,128x64,10,0.9997086247086248,88
digits-35,0.978834382327533,128x64,11,0.9996829422954978,83
digits-35,0.978834382327533,128x64,12,1.0,79
digits-35,0.978834382327533,128x64,13,1.0,73
digits-35,0.978834382327533,128x64,14,1.0,71
digits-35,0.978834382327533,128x64,15,1.0,67
digits-35,0.978834382327533,128x64,16,1.0,64
digits-35,0.978834382327533,128x64,17,1.0,59
digits-35,0.978834382327533,128x64,18,1.0,49
digits-35,0.978834382327533,128x64,19,1.0,44
digits-35,0.978834382327533,128x64,20,1.0,43
digits-35,0.978834382327533,128x64,21,1.0,41
digits-35,0.978834382327533,128x64,22,1.0,35
digits-35,0.978834382327533,128x64,23,1.0,27
digits-35,0.978834382327533,128x64,24,1.0,25
digits-35,0.978834382327533,128x64,25,1.0,20
digits-35,0.978834382327533,128x64,26,1.0,17
digits-35,0.978834382327533,128x64,27,1.0,15
digits-35,0.978834382327533,128x64,28,1.0,12
digits-35,0.978834382327533,128x64,29,1.0,8
digits-35,0.978834382327533,128x64,30,1.0,7
digits-35,0.978834382327533,128x64,31,1.0,4
digits-35,0.978834382327533,128x64,32,1.0,4
digits-35,0.978834382327533,128x64,33,1.0,3
digits-35,0.978834382327533,128x64,34,1.0,3
digits-35,0.978834382327533,128x64,35,1.0,2
digits-35,0.978834382327533,128x64,36,1.0,2
digits-35,0.978834382327533,128x64,37,1.0,2
digits-35,0.978834382327533,128x64,38,1.0,2
digits-35,0.978834382327533,128x64,39,1.0,2
digits-35,0.978834382327533,128x64,40,1.0,1
digits-35,0.978834382327533,128x64,41,1.0,1
digits-35,0.978834382327533,128x64,42,1.0,1
heart,0.7658480773695953,128x64,1,0.6149914034184231,150
heart,0.7658480773695953,128x64,2,0.6414561368075186,150
heart,0.7658480773695953,128x64,3,0.6673338845122395,149
heart,0.7658480773695953,128x64,4,0.67187152706883,138
heart,0.7658480773695953,128x64,5,0.7001385945794514,111
heart,0.7658480773695953,128x64,6,0.7233965094259212,74
heart,0.7658480773695953,128x64,7,0.7435109963411849,53
heart,0.7658480773695953,128x64,8,0.780440637793579,34
heart,0.7658480773695953,128x64,9,0.8565696649029984,18
heart,0.7658480773695953,128x64,10,0.8951048951048953,11
heart,0.7658480773695953,128x64,11,0.9132478632478632,6
heart,0.7658480773695953,128x64,12,0.8888888888888888,2
heart,0.7658480773695953,128x64,13,0.6,1
heart,0.7658480773695953,128x64,14,0.6,1
heart,0.7658480773695953,128x64,15,0.6,1
ionosphere,0.8501105667456785,128x64,1,0.6329591626518284,150
ionosphere,0.8501105667456785,128x64,2,0.6730915629385025,150
ionosphere,0.8501105667456785,128x64,3,0.7090462621570878,149
ionosphere,0.8501105667456785,128x64,4,0.7471033162154228,144
ionosphere,0.8501105667456785,128x64,5,0.7895008174782797,131
ionosphere,0.8501105667456785,128x64,6,0.8247697703173251,117
ionosphere,0.8501105667456785,128x64,7,0.8352057432330031,102
ionosphere,0.8501105667456785,128x64,8,0.8846149004507118,83
ionosphere,0.8501105667456785,128x64,9,0.8935845696987766,69
ionosphere,0.8501105667456785,128x64,10,0.8854986855258216,63
ionosphere,0.8501105667456785,128x64,11,0.9014372784511331,61
ionosphere,0.8501105667456785,128x64,12,0.8954104196968863,57
ionosphere,0.8501105667456785,128x64,13,0.9284254352667275,46
ionosphere,0.8501105667456785,128x64,14,0.9236749298768109,39
ionosphere,0.8501105667456785,128x64,15,0.9326523540809254,35
ionosphere,0.8501105667456785,128x64,16,0.9375355099649454,32
ionosphere,0.8501105667456785,128x64,17,0.9451413527255041,31
ionosphere,0.8501105667456785,128x64,18,0.9724061641340501,29
ionosphere,0.8501105667456785,128x64,19,0.9713571151071153,26
ionosphere,0.8501105667456785,128x64,20,0.9735576923076923,26
ionosphere,0.8501105667456785,128x64,21,0.9732183257918552,26
ionosphere,0.8501105667456785,128x64,22,0.9875,26
ionosphere,0.8501105667456785,128x64,23,0.9862857142857143,25
ionosphere,0.8501105667456785,128x64,24,0.9857142857142858,24
ionosphere,0.8501105667456785,128x64,25,0.9931972789115646,21
ionosphere,0.8501105667456785,128x64,26,0.9931972789115646,21
ionosphere,0.8501105667456785,128x64,27,0.9931972789115646,21
ionosphere,0.8501105667456785,128x64,28,0.9931972789115646,21
ionosphere,0.8501105667456785,128x64,29,0.9928571428571429,20
ionosphere,0.8501105667456785,128x64,30,0.9928571428571429,20
ionosphere,0.8501105667456785,128x64,31,0.9920634920634921,18
ionosphere,0.8501105667456785,128x64,32,1.0,16
ionosphere,0.8501105667456785,128x64,33,1.0,14
ionosphere,0.8501105667456785,128x64,34,1.0,13
ionosphere,0.8501105667456785,128x64,35,1.0,11
ionosphere,0.8501105667456785,128x64,36,1.0,7
ionosphere,0.8501105667456785,128x64,37,1.0,7
ionosphere,0.8501105667456785,128x64,38,1.0,6
ionosphere,0.8501105667456785,128x64,39,1.0,6
ionosphere,0.8501105667456785,128x64,40,1.0,5
ionosphere,0.8501105667456785,128x64,41,1.0,5
ionosphere,0.8501105667456785,128x64,42,1.0,5
ionosphere,0.8501105667456785,128x64,43,1.0,5
ionosphere,0.8501105667456785,128x64,44,1.0,5
ionosphere,0.8501105667456785,128x64,45,1.0,5
ionosphere,0.8501105667456785,128x64,46,1.0,5
ionosphere,0.8501105667456785,128x64,47,1.0,5
ionosphere,0.8501105667456785,128x64,48,1.0,5
ionosphere,0.8501105667456785,128x64,49,1.0,5
ionosphere,0.8501105667456785,128x64,50,1.0,5
ionosphere,0.8501105667456785,128x64,51,1.0,5
ionosphere,0.8501105667456785,128x64,52,1.0,5
ionosphere,0.8501105667456785,128x64,53,1.0,5
ionosphere,0.8501105667456785,128x64,54,1.0,5
ionosphere,0.8501105667456785,128x64,55,1.0,5
ionosphere,0.8501105667456785,128x64,56,1.0,5
ionosphere,0.8501105667456785,128x64,57,1.0,5
ionosphere,0.8501105667456785,128x64,58,1.0,5
ionosphere,0.8501105667456785,128x64,59,1.0,3
ionosphere,0.8501105667456785,128x64,60,1.0,2
ionosphere,0.8501105667456785,128x64,61,1.0,1
ionosphere,0.8501105667456785,128x64,62,1.0,1
ionosphere,0.8501105667456785,128x64,63,1.0,1
ionosphere,0.8501105667456785,128x64,64,1.0,1
ionosphere,0.8501105667456785,128x64,65,1.0,1
ionosphere,0.8501105667456785,128x64,66,1.0,1
ionosphere,0.8501105667456785,128x64,67,1.0,1
ionosphere,0.8501105667456785,128x64,68,1.0,1
ionosphere,0.8501105667456785,128x64,69,1.0,1
ionosphere,0.8501105667456785,128x64,70,1.0,1
ionosphere,0.8501105667456785,128x64,71,1.0,1
ionosphere,0.8501105667456785,128x64,72,1.0,1
ionosphere,0.8501105667456785,128x64,73,1.0,1
ionosphere,0.8501105667456785,128x64,74,1.0,1
ionosphere,0.8501105667456785,128x64,75,1.0,1
ionosphere,0.8501105667456785,128x64,76,1.0,1
iris,0.9265857142857143,128x64,1,0.5693485223773332,100
iris,0.9265857142857143,128x64,2,0.6919429836735908,99
iris,0.9265857142857143,128x64,3,0.762446770629611,88
iris,0.9265857142857143,128x64,4,0.7631917569145831,80
iris,0.9265857142857143,128x64,5,0.8225059688887962,62
iris,0.9265857142857143,128x64,6,0.869499758592896,54
iris,0.9265857142857143,128x64,7,0.8635377555277428,47
iris,0.9265857142857143,128x64,8,0.8982055128037911,41
iris,0.9265857142857143,128x64,9,0.9178927934810289,40
iris,0.9265857142857143,128x64,10,0.9414311179017061,33
iris,0.9265857142857143,128x64,11,0.9339869281045752,30
iris,0.9265857142857143,128x64,12,0.9696969696969698,26
iris,0.9265857142857143,128x64,13,0.9684848484848484,25
iris,0.9265857142857143,128x64,14,0.9706666666666667,25
iris,0.9265857142857143,128x64,15,0.9650793650793652,21
iris,0.9265857142857143,128x64,16,0.9578947368421052,19
iris,0.9265857142857143,128x64,17,0.9578947368421052,19
iris,0.9265857142857143,128x64,18,0.9555555555555555,18
iris,0.9265857142857143,128x64,19,0.9466666666666667,15
iris,0.9265857142857143,128x64,20,0.9333333333333332,12
iris,0.9265857142857143,128x64,21,0.9333333333333332,12
iris,0.9265857142857143,128x64,22,1.0,11
iris,0.9265857142857143,128x64,23,1.0,11
iris,0.9265857142857143,128x64,24,1.0,11
iris,0.9265857142857143,128x64,25,1.0,11
iris,0.9265857142857143,128x64,26,1.0,11
iris,0.9265857142857143,128x64,27,1.0,10
iris,0.9265857142857143,128x64,28,1.0,10
iris,0.9265857142857143,128x64,29,1.0,10
iris,0.9265857142857143,128x64,30,1.0,10
iris,0.9265857142857143,128x64,31,1.0,10
iris,0.9265857142857143,128x64,32,1.0,9
iris,0.9265857142857143,128x64,33,1.0,9
iris,0.9265857142857143,128x64,34,1.0,9
iris,0.9265857142857143,128x64,35,1.0,9
iris,0.9265857142857143,128x64,36,1.0,9
iris,0.9265857142857143,128x64,37,1.0,8
iris,0.9265857142857143,128x64,38,1.0,7
iris,0.9265857142857143,128x64,39,1.0,7
iris,0.9265857142857143,128x64,40,1.0,7
iris,0.9265857142857143,128x64,41,1.0,7
iris,0.9265857142857143,128x64,42,1.0,7
iris,0.9265857142857143,128x64,43,1.0,5
iris,0.9265857142857143,128x64,44,1.0,5
iris,0.9265857142857143,128x64,45,1.0,5
iris,0.9265857142857143,128x64,46,1.0,4
iris,0.9265857142857143,128x64,47,1.0,4
iris,0.9265857142857143,128x64,48,1.0,3
iris,0.9265857142857143,128x64,49,1.0,3
iris,0.9265857142857143,128x64,50,1.0,3
iris,0.9265857142857143,128x64,51,1.0,2
iris,0.9265857142857143,128x64,52,1.0,2
iris,0.9265857142857143,128x64,53,1.0,2
iris,0.9265857142857143,128x64,54,1.0,2
iris,0.9265857142857143,128x64,55,1.0,2
iris,0.9265857142857143,128x64,56,1.0,2
iris,0.9265857142857143,128x64,57,1.0,2
iris,0.9265857142857143,128x64,58,1.0,2
iris,0.9265857142857143,128x64,59,1.0,2
iris,0.9265857142857143,128x64,60,1.0,2
iris,0.9265857142857143,128x64,61,1.0,2
iris,0.9265857142857143,128x64,62,1.0,1
iris,0.9265857142857143,128x64,63,1.0,1
iris,0.9265857142857143,128x64,64,1.0,1
iris,0.9265857142857143,128x64,65,1.0,1
iris,0.9265857142857143,128x64,66,1.0,1
sonar,0.7488678832061184,128x64,1,0.5157994853797133,150
sonar,0.7488678832061184,128x64,2,0.5485338335797758,150
sonar,0.7488678832061184,128x64,3,0.5712760973758606,149
sonar,0.7488678832061184,128x64,4,0.5866766424212461,143
sonar,0.7488678832061184,128x64,5,0.6402411030909632,104
sonar,0.7488678832061184,128x64,6,0.664884294251262,58
sonar,0.7488678832061184,128x64,7,0.7079532403072871,35
sonar,0.7488678832061184,128x64,8,0.7243051634355981,23
sonar,0.7488678832061184,128x64,9,0.7339514652014651,16
sonar,0.7488678832061184,128x64,10,0.7644688644688645,13
sonar,0.7488678832061184,128x64,11,0.871875,8
sonar,0.7488678832061184,128x64,12,0.8611111111111112,6
sonar,0.7488678832061184,128x64,13,0.8611111111111112,6
sonar,0.7488678832061184,128x64,14,0.8333333333333334,5
sonar,0.7488678832061184,128x64,15,1.0,4
sonar,0.7488678832061184,128x64,16,1.0,3
sonar,0.7488678832061184,128x64,17,1.0,2
sonar,0.7488678832061184,128x64,18,1.0,2
sonar,0.7488678832061184,128x64,19,1.0,2
sonar,0.7488678832061184,128x64,20,1.0,1
sonar,0.7488678832061184,128x64,21,1.0,1
sonar,0.7488678832061184,128x64,22,1.0,1
sonar,0.7488678832061184,128x64,23,1.0,1
sonar,0.7488678832061184,128x64,24,1.0,1
sonar,0.7488678832061184,128x64,25,1.0,1
sonar,0.7488678832061184,128x64,26,1.0,1
synthetic_d20,0.7768633769819402,128x64,1,0.5495742266908749,150
synthetic_d20,0.7768633769819402,128x64,2,0.5537497603189886,150
synthetic_d20,0.7768633769819402,128x64,3,0.5729428834110649,150
synthetic_d20,0.7768633769819402,128x64,4,0.6013127047812235,150
synthetic_d20,0.7768633769819402,128x64,5,0.6385471272936603,141
synthetic_d20,0.7768633769819402,128x64,6,0.6821825159323637,128
synthetic_d20,0.7768633769819402,128x64,7,0.7107684736154378,105
synthetic_d20,0.7768633769819402,128x64,8,0.7287571372821565,83
synthetic_d20,0.7768633769819402,128x64,9,0.7393720280792273,67
synthetic_d20,0.7768633769819402,128x64,10,0.7565008058834891,43
synthetic_d20,0.7768633769819402,128x64,11,0.7716472723157214,33
synthetic_d20,0.7768633769819402,128x64,12,0.8110697944031278,18
synthetic_d20,0.7768633769819402,128x64,13,0.8203514739229025,14
synthetic_d20,0.7768633769819402,128x64,14,0.8433333333333334,5
synthetic_d20,0.7768633769819402,128x64,15,0.8285714285714285,4
synthetic_d20,0.7768633769819402,128x64,16,0.7142857142857143,1
synthetic_d20,0.7768633769819402,128x64,17,0.6,1
synthetic_d50,0.7698020783748595,128x64,1,0.5153634506566673,150
synthetic_d50,0.7698020783748595,128x64,2,0.5411294613428173,150
synthetic_d50,0.7698020783748595,128x64,3,0.5872660594735921,150
synthetic_d50,0.7698020783748595,128x64,4,0.6133742280725234,150
synthetic_d50,0.7698020783748595,128x64,5,0.6385263999929285,150
synthetic_d50,0.7698020783748595,128x64,6,0.6644852217946102,131
synthetic_d50,0.7698020783748595,128x64,7,0.6801515947316911,98
synthetic_d50,0.7698020783748595,128x64,8,0.7496610327471571,55
synthetic_d50,0.7698020783748595,128x64,9,0.7637258831703277,27
synthetic_d50,0.7698020783748595,128x64,10,0.6583774250440917,9
synthetic_d50,0.7698020783748595,128x64,11,0.6247619047619047,5
synthetic_d50,0.7698020783748595,128x64,12,0.8,1
synthetic_d8,0.8767463617253752,128x64,1,0.5661809568460463,150
synthetic_d8,0.8767463617253752,128x64,2,0.6103537405997473,150
synthetic_d8,0.8767463617253752,128x64,3,0.6359804351794699,148
synthetic_d8,0.8767463617253752,128x64,4,0.6608052912909608,140
synthetic_d8,0.8767463617253752,128x64,5,0.6764377373562589,128
synthetic_d8,0.8767463617253752,128x64,6,0.6811472876613007,119
synthetic_d8,0.8767463617253752,128x64,7,0.7109918586199898,113
synthetic_d8,0.8767463617253752,128x64,8,0.7193648785204093,95
synthetic_d8,0.8767463617253752,128x64,9,0.727376675532537,80
synthetic_d8,0.8767463617253752,128x64,10,0.7793389063137991,71
synthetic_d8,0.8767463617253752,128x64,11,0.7999693767117517,53
synthetic_d8,0.8767463617253752,128x64,12,0.8162598941091588,40
synthetic_d8,0.8767463617253752,128x64,13,0.8602220170401988,33
synthetic_d8,0.8767463617253752,128x64,14,0.8361294261294261,25
synthetic_d8,0.8767463617253752,128x64,15,0.815744969316398,21
synthetic_d8,0.8767463617253752,128x64,16,0.8055378831694622,19
synthetic_d8,0.8767463617253752,128x64,17,0.8505555555555555,15
synthetic_d8,0.8767463617253752,128x64,18,0.9467948717948718,13
synthetic_d8,0.8767463617253752,128x64,19,0.9395833333333333,12
synthetic_d8,0.8767463617253752,128x64,20,0.963888888888889,9
synthetic_d8,0.8767463617253752,128x64,21,0.9821428571428571,7
synthetic_d8,0.8767463617253752,128x64,22,0.9795918367346939,7
synthetic_d8,0.8767463617253752,128x64,23,0.9761904761904762,6
synthetic_d8,0.8767463617253752,128x64,24,0.9642857142857143,4
synthetic_d8,0.8767463617253752,128x64,25,0.9523809523809524,3
synthetic_d8,0.8767463617253752,128x64,26,0.9444444444444445,3
synthetic_d8,0.8767463617253752,128x64,27,0.9444444444444445,3
synthetic_d8,0.8767463617253752,128x64,28,1.0,2
synthetic_d8,0.8767463617253752,128x64,29,1.0,2
synthetic_d8,0.8767463617253752,128x64,30,1.0,2
synthetic_d8,0.8767463617253752,128x64,31,1.0,2
synthetic_d8,0.8767463617253752,128x64,32,1.0,2
synthetic_d8,0.8767463617253752,128x64,33,1.0,1
synthetic_d8,0.8767463617253752,128x64,34,1.0,1
synthetic_lowsep,0.7553008980727853,128x64,1,0.5137457884890174,150
synthetic_lowsep,0.7553008980727853,128x64,2,0.5407565538317572,150
synthetic_lowsep,0.7553008980727853,128x64,3,0.5646344591339332,150
synthetic_lowsep,0.7553008980727853,128x64,4,0.5886120126657987,144
synthetic_lowsep,0.7553008980727853,128x64,5,0.5911642054625841,128
synthetic_lowsep,0.7553008980727853,128x64,6,0.6338206178314001,106
synthetic_lowsep,0.7553008980727853,128x64,7,0.6598461887643559,86
synthetic_lowsep,0.7553008980727853,128x64,8,0.6933309287894,56
synthetic_lowsep,0.7553008980727853,128x64,9,0.7533698248831077,31
synthetic_lowsep,0.7553008980727853,128x64,10,0.8250968329915699,19
synthetic_lowsep,0.7553008980727853,128x64,11,0.801058201058201,9
synthetic_lowsep,0.7553008980727853,128x64,12,0.7133333333333333,5
synthetic_lowsep,0.7553008980727853,128x64,13,0.8666666666666667,3
synthetic_lowsep,0.7553008980727853,128x64,14,1.0,1
vehicle,0.8717899116213865,128x64,1,0.5714604878748063,150
vehicle,0.8717899116213865,128x64,2,0.6026007982771076,150
vehicle,0.8717899116213865,128x64,3,0.6192214187441165,148
vehicle,0.8717899116213865,128x64,4,0.6259237378734256,139
vehicle,0.8717899116213865,128x64,5,0.6487536661778286,136
vehicle,0.8717899116213865,128x64,6,0.6828112175389359,129
vehicle,0.8717899116213865,128x64,7,0.7027833202127425,123
vehicle,0.8717899116213865,128x64,8,0.7091821417936369,116
vehicle,0.8717899116213865,128x64,9,0.7193623067978777,111
vehicle,0.8717899116213865,128x64,10,0.7415329974880213,100
vehicle,0.8717899116213865,128x64,11,0.7399415286954597,88
vehicle,0.8717899116213865,128x64,12,0.7238594263909534,79
vehicle,0.8717899116213865,128x64,13,0.7437876868611119,74
vehicle,0.8717899116213865,128x64,14,0.7318243126096816,70
vehicle,0.8717899116213865,128x64,15,0.746154967426883,66
vehicle,0.8717899116213865,128x64,16,0.7461322805546287,61
vehicle,0.8717899116213865,128x64,17,0.7410925240827196,54
vehicle,0.8717899116213865,128x64,18,0.7480667713742726,50
vehicle,0.8717899116213865,128x64,19,0.7598950023802857,41
vehicle,0.8717899116213865,128x64,20,0.7722200164507858,39
vehicle,0.8717899116213865,128x64,21,0.7844941870893428,34
vehicle,0.8717899116213865,128x64,22,0.815924075924076,30
vehicle,0.8717899116213865,128x64,23,0.8317848507984984,26
vehicle,0.8717899116213865,128x64,24,0.856488726790451,20
vehicle,0.8717899116213865,128x64,25,0.8883312613143143,17
vehicle,0.8717899116213865,128x64,26,0.8846161740558293,16
vehicle,0.8717899116213865,128x64,27,0.9064102564102564,16
vehicle,0.8717899116213865,128x64,28,0.9001709401709401,15
vehicle,0.8717899116213865,128x64,29,0.8929165594717434,13
vehicle,0.8717899116213865,128x64,30,0.9021212121212121,10
vehicle,0.8717899116213865,128x64,31,0.9233333333333335,10
vehicle,0.8717899116213865,128x64,32,0.9233333333333335,10
vehicle,0.8717899116213865,128x64,33,0.914814814814815,9
vehicle,0.8717899116213865,128x64,34,0.9333333333333333,9
vehicle,0.8717899116213865,128x64,35,0.9142857142857144,7
vehicle,0.8717899116213865,128x64,36,0.9142857142857144,7
vehicle,0.8717899116213865,128x64,37,0.9142857142857144,7
vehicle,0.8717899116213865,128x64,38,0.9142857142857144,7
vehicle,0.8717899116213865,128x64,39,0.9142857142857144,7
vehicle,0.8717899116213865,128x64,40,0.9142857142857144,7
vehicle,0.8717899116213865,128x64,41,0.9142857142857144,7
vehicle,0.8717899116213865,128x64,42,0.9142857142857144,7
vehicle,0.8717899116213865,128x64,43,1.0,6
vehicle,0.8717899116213865,128x64,44,1.0,6
vehicle,0.8717899116213865,128x64,45,1.0,6
vehicle,0.8717899116213865,128x64,46,1.0,6
vehicle,0.8717899116213865,128x64,47,1.0,6
vehicle,0.8717899116213865,128x64,48,1.0,6
vehicle,0.8717899116213865,128x64,49,1.0,6
vehicle,0.8717899116213865,128x64,50,1.0,4
vehicle,0.8717899116213865,128x64,51,1.0,4
vehicle,0.8717899116213865,128x64,52,1.0,4
vehicle,0.8717899116213865,128x64,53,1.0,4
vehicle,0.8717899116213865,128x64,54,1.0,4
vehicle,0.8717899116213865,128x64,55,1.0,4
vehicle,0.8717899116213865,128x64,56,1.0,4
vehicle,0.8717899116213865,128x64,57,1.0,4
vehicle,0.8717899116213865,128x64,58,1.0,4
vehicle,0.8717899116213865,128x64,59,1.0,4
vehicle,0.8717899116213865,128x64,60,1.0,4
vehicle,0.8717899116213865,128x64,61,1.0,4
vehicle,0.8717899116213865,128x64,62,1.0,4
vehicle,0.8717899116213865,128x64,63,1.0,4
vehicle,0.8717899116213865,128x64,64,1.0,4
vehicle,0.8717899116213865,128x64,65,1.0,4
vehicle,0.8717899116213865,128x64,66,1.0,4
vehicle,0.8717899116213865,128x64,67,1.0,4
vehicle,0.8717899116213865,128x64,68,1.0,4
vehicle,0.8717899116213865,128x64,69,1.0,4
vehicle,0.8717899116213865,128x64,70,1.0,4
vehicle,0.8717899116213865,128x64,71,1.0,4
vehicle,0.8717899116213865,128x64,72,1.0,3
vehicle,0.8717899116213865,128x64,73,1.0,3
vehicle,0.8717899116213865,128x64,74,1.0,2
vehicle,0.8717899116213865,128x64,75,1.0,2
vehicle,0.8717899116213865,128x64,76,1.0,2
vehicle,0.8717899116213865,128x64,77,1.0,1
vehicle,0.8717899116213865,128x64,78,1.0,1
vehicle,0.8717899116213865,128x64,79,1.0,1
vehicle,0.8717899116213865,128x64,80,1.0,1
vehicle,0.8717899116213865,128x64,81,1.0,1
vehicle,0.8717899116213865,128x64,82,1.0,1
vehicle,0.8717899116213865,128x64,83,1.0,1
vehicle,0.8717899116213865,128x64,84,1.0,1
vehicle,0.8717899116213865,128x64,85,1.0,1
vehicle,0.8717899116213865,128x64,86,1.0,1
wine,0.9431372549019608,128x64,1,0.7166252809408593,130
wine,0.9431372549019608,128x64,2,0.802880049636262,130
wine,0.9431372549019608,128x64,3,0.8570254127808095,128
wine,0.9431372549019608,128x64,4,0.9098842754655085,114
wine,0.9431372549019608,128x64,5,0.9627290712222137,98
wine,0.9431372549019608,128x64,6,0.9736784813830933,87
wine,0.9431372549019608,128x64,7,0.9850932492168536,78
wine,0.9431372549019608,128x64,8,0.9873970410854849,72
wine,0.9431372549019608,128x64,9,0.9879710862437703,70
wine,0.9431372549019608,128x64,10,0.989147933416481,66
wine,0.9431372549019608,128x64,11,0.9909956194382423,61
wine,0.9431372549019608,128x64,12,0.9952890899949725,51
wine,0.9431372549019608,128x64,13,0.9975484039769754,49
wine,0.9431372549019608,128x64,14,0.9990310077519381,43
wine,0.9431372549019608,128x64,15,1.0,37
wine,0.9431372549019608,128x64,16,1.0,34
wine,0.9431372549019608,128x64,17,1.0,31
wine,0.9431372549019608,128x64,18,1.0,26
wine,0.9431372549019608,128x64,19,1.0,25
wine,0.9431372549019608,128x64,20,1.0,23
wine,0.9431372549019608,128x64,21,1.0,23
wine,0.9431372549019608,128x64,22,1.0,21
wine,0.9431372549019608,128x64,23,1.0,19
wine,0.9431372549019608,128x64,24,1.0,17
wine,0.9431372549019608,128x64,25,1.0,13
wine,0.9431372549019608,128x64,26,1.0,13
wine,0.9431372549019608,128x64,27,1.0,10
wine,0.9431372549019608,128x64,28,1.0,8
wine,0.9431372549019608,128x64,29,1.0,7
wine,0.9431372549019608,128x64,30,1.0,7
wine,0.9431372549019608,128x64,31,1.0,6
wine,0.9431372549019608,128x64,32,1.0,6
wine,0.9431372549019608,128x64,33,1.0,5
wine,0.9431372549019608,128x64,34,1.0,5
wine,0.9431372549019608,128x64,35,1.0,4
wine,0.9431372549019608,128x64,36,1.0,4
wine,0.9431372549019608,128x64,37,1.0,3
wine,0.9431372549019608,128x64,38,1.0,3
wine,0.9431372549019608,128x64,39,1.0,3
wine,0.9431372549019608,128x64,40,1.0,2
wine,0.9431372549019608,128x64,41,1.0,2
wine,0.9431372549019608,128x64,42,1.0,2
wine,0.9431372549019608,128x64,43,1.0,1
wine,0.9431372549019608,128x64,44,1.0,1
wine,0.9431372549019608,128x64,45,1.0,1
banknote,0.9326320571282072,128x64x32,1,0.6318354845622586,150
banknote,0.9326320571282072,128x64x32,2,0.744208605021222,150
banknote,0.9326320571282072,128x64x32,3,0.780243005021323,150
banknote,0.9326320571282072,128x64x32,4,0.8235537248067618,150
banknote,0.9326320571282072,128x64x32,5,0.838760991888731,150
banknote,0.9326320571282072,128x64x32,6,0.8691845017968228,150
banknote,0.9326320571282072,128x64x32,7,0.8885252899122562,150
banknote,0.9326320571282072,128x64x32,8,0.8903967961198515,149
banknote,0.9326320571282072,128x64x32,9,0.8939344378358927,148
banknote,0.9326320571282072,128x64x32,10,0.9055908221830136,148
banknote,0.9326320571282072,128x64x32,11,0.9117700586099046,146
banknote,0.9326320571282072,128x64x32,12,0.9250065699547297,143
banknote,0.9326320571282072,128x64x32,13,0.9269730896151954,143
banknote,0.9326320571282072,128x64x32,14,0.9335824975546619,142
banknote,0.9326320571282072,128x64x32,15,0.9448316077977942,141
banknote,0.9326320571282072,128x64x32,16,0.9474805757376356,138
banknote,0.9326320571282072,128x64x32,17,0.9568188475227993,137
banknote,0.9326320571282072,128x64x32,18,0.9624574295252779,135
banknote,0.9326320571282072,128x64x32,19,0.962163233628847,134
banknote,0.9326320571282072,128x64x32,20,0.972744082380181,130
banknote,0.9326320571282072,128x64x32,21,0.9721949497116131,126
banknote,0.9326320571282072,128x64x32,22,0.9721949497116131,126
banknote,0.9326320571282072,128x64x32,23,0.9722061443997069,123
banknote,0.9326320571282072,128x64x32,24,0.9772739685750018,120
banknote,0.9326320571282072,128x64x32,25,0.9777165802890506,119
banknote,0.9326320571282072,128x64x32,26,0.9788176054944544,119
banknote,0.9326320571282072,128x64x32,27,0.9783696284593475,113
banknote,0.9326320571282072,128x64x32,28,0.9779314565028852,111
banknote,0.9326320571282072,128x64x32,29,0.9781337539806374,108
banknote,0.9326320571282072,128x64x32,30,0.9788953086209184,104
banknote,0.9326320571282072,128x64x32,31,0.9842004453912632,102
banknote,0.9326320571282072,128x64x32,32,0.9846161616161616,100
banknote,0.9326320571282072,128x64x32,33,0.9836602870813396,95
banknote,0.9326320571282072,128x64x32,34,0.984816247582205,94
banknote,0.9326320571282072,128x64x32,35,0.9920948616600791,92
banknote,0.9326320571282072,128x64x32,36,1.0,84
banknote,0.9326320571282072,128x64x32,37,1.0,81
banknote,0.9326320571282072,128x64x32,38,1.0,77
banknote,0.9326320571282072,128x64x32,39,1.0,74
banknote,0.9326320571282072,128x64x32,40,1.0,70
banknote,0.9326320571282072,128x64x32,41,1.0,68
banknote,0.9326320571282072,128x64x32,42,1.0,68
banknote,0.9326320571282072,128x64x32,43,1.0,65
banknote,0.9326320571282072,128x64x32,44,1.0,64
banknote,0.9326320571282072,128x64x32,45,1.0,61
banknote,0.9326320571282072,128x64x32,46,1.0,59
banknote,0.9326320571282072,128x64x32,47,1.0,59
banknote,0.9326320571282072,128x64x32,48,1.0,58
banknote,0.9326320571282072,128x64x32,49,1.0,56
banknote,0.9326320571282072,128x64x32,50,1.0,52
banknote,0.9326320571282072,128x64x32,51,1.0,51
banknote,0.9326320571282072,128x64x32,52,1.0,49
banknote,0.9326320571282072,128x64x32,53,1.0,48
banknote,0.9326320571282072,128x64x32,54,1.0,47
banknote,0.9326320571282072,128x64x32,55,1.0,46
banknote,0.9326320571282072,128x64x32,56,1.0,45
banknote,0.9326320571282072,128x64x32,57,1.0,43
banknote,0.9326320571282072,128x64x32,58,1.0,42
banknote,0.9326320571282072,128x64x32,59,1.0,41
banknote,0.9326320571282072,128x64x32,60,1.0,39
banknote,0.9326320571282072,128x64x32,61,1.0,38
banknote,0.9326320571282072,128x64x32,62,1.0,38
banknote,0.9326320571282072,128x64x32,63,1.0,38
banknote,0.9326320571282072,128x64x32,64,1.0,37
banknote,0.9326320571282072,128x64x32,65,1.0,37
banknote,0.9326320571282072,128x64x32,66,1.0,37
banknote,0.9326320571282072,128x64x32,67,1.0,36
banknote,0.9326320571282072,128x64x32,68,1.0,34
banknote,0.9326320571282072,128x64x32,69,1.0,34
banknote,0.9326320571282072,128x64x32,70,1.0,33
banknote,0.9326320571282072,128x64x32,71,1.0,33
banknote,0.9326320571282072,128x64x32,72,1.0,33
banknote,0.9326320571282072,128x64x32,73,1.0,33
banknote,0.9326320571282072,128x64x32,74,1.0,33
banknote,0.9326320571282072,128x64x32,75,1.0,33
banknote,0.9326320571282072,128x64x32,76,1.0,32
banknote,0.9326320571282072,128x64x32,77,1.0,32
banknote,0.9326320571282072,128x64x32,78,1.0,32
banknote,0.9326320571282072,128x64x32,79,1.0,32
banknote,0.9326320571282072,128x64x32,80,1.0,32
banknote,0.9326320571282072,128x64x32,81,1.0,32
banknote,0.9326320571282072,128x64x32,82,1.0,32
banknote,0.9326320571282072,128x64x32,83,1.0,32
banknote,0.9326320571282072,128x64x32,84,1.0,32
banknote,0.9326320571282072,128x64x32,85,1.0,32
banknote,0.9326320571282072,128x64x32,86,1.0,32
banknote,0.9326320571282072,128x64x32,87,1.0,32
banknote,0.9326320571282072,128x64x32,88,1.0,32
banknote,0.9326320571282072,128x64x32,89,1.0,32
banknote,0.9326320571282072,128x64x32,90,1.0,31
banknote,0.9326320571282072,128x64x32,91,1.0,31
banknote,0.9326320571282072,128x64x32,92,1.0,30
banknote,0.9326320571282072,128x64x32,93,1.0,30
banknote,0.9326320571282072,128x64x32,94,1.0,30
banknote,0.9326320571282072,128x64x32,95,1.0,29
banknote,0.9326320571282072,128x64x32,96,1.0,28
banknote,0.9326320571282072,128x64x32,97,1.0,28
banknote,0.9326320571282072,128x64x32,98,1.0,28
banknote,0.9326320571282072,128x64x32,99,1.0,27
banknote,0.9326320571282072,128x64x32,100,1.0,26
banknote,0.9326320571282072,128x64x32,101,1.0,26
banknote,0.9326320571282072,128x64x32,102,1.0,25
banknote,0.9326320571282072,128x64x32,103,1.0,24
banknote,0.9326320571282072,128x64x32,104,1.0,24
banknote,0.9326320571282072,128x64x32,105,1.0,24
banknote,0.9326320571282072,128x64x32,106,1.0,24
banknote,0.9326320571282072,128x64x32,107,1.0,23
banknote,0.9326320571282072,128x64x32,108,1.0,23
banknote,0.9326320571282072,128x64x32,109,1.0,21
banknote,0.9326320571282072,128x64x32,110,1.0,21
banknote,0.9326320571282072,128x64x32,111,1.0,21
banknote,0.9326320571282072,128x64x32,112,1.0,21
banknote,0.9326320571282072,128x64x32,113,1.0,21
banknote,0.9326320571282072,128x64x32,114,1.0,21
banknote,0.9326320571282072,128x64x32,115,1.0,21
banknote,0.9326320571282072,128x64x32,116,1.0,21
banknote,0.9326320571282072,128x64x32,117,1.0,20
banknote,0.9326320571282072,128x64x32,118,1.0,20
banknote,0.9326320571282072,128x64x32,119,1.0,20
banknote,0.9326320571282072,128x64x32,120,1.0,19
banknote,0.9326320571282072,128x64x32,121,1.0,19
banknote,0.9326320571282072,128x64x32,122,1.0,19
banknote,0.9326320571282072,128x64x32,123,1.0,19
banknote,0.9326320571282072,128x64x32,124,1.0,19
banknote,0.9326320571282072,128x64x32,125,1.0,19
banknote,0.9326320571282072,128x64x32,126,1.0,18
banknote,0.9326320571282072,128x64x32,127,1.0,17
banknote,0.9326320571282072,128x64x32,128,1.0,16
banknote,0.9326320571282072,128x64x32,129,1.0,16
banknote,0.9326320571282072,128x64x32,130,1.0,16
banknote,0.9326320571282072,128x64x32,131,1.0,16
banknote,0.9326320571282072,128x64x32,132,1.0,14
banknote,0.9326320571282072,128x64x32,133,1.0,13
banknote,0.9326320571282072,128x64x32,134,1.0,13
banknote,0.9326320571282072,128x64x32,135,1.0,12
banknote,0.9326320571282072,128x64x32,136,1.0,10
banknote,0.9326320571282072,128x64x32,137,1.0,10
banknote,0.9326320571282072,128x64x32,138,1.0,9
banknote,0.9326320571282072,128x64x32,139,1.0,9
banknote,0.9326320571282072,128x64x32,140,1.0,6
banknote,0.9326320571282072,128x64x32,141,1.0,6
banknote,0.9326320571282072,128x64x32,142,1.0,6
banknote,0.9326320571282072,128x64x32,143,1.0,6
banknote,0.9326320571282072,128x64x32,144,1.0,5
banknote,0.9326320571282072,128x64x32,145,1.0,5
banknote,0.9326320571282072,128x64x32,146,1.0,5
banknote,0.9326320571282072,128x64x32,147,1.0,5
banknote,0.9326320571282072,128x64x32,148,1.0,5
banknote,0.9326320571282072,128x64x32,149,1.0,5
banknote,0.9326320571282072,128x64x32,150,1.0,5
banknote,0.9326320571282072,128x64x32,151,1.0,5
banknote,0.9326320571282072,128x64x32,152,1.0,4
banknote,0.9326320571282072,128x64x32,153,1.0,4
banknote,0.9326320571282072,128x64x32,154,1.0,4
banknote,0.9326320571282072,128x64x32,155,1.0,4
banknote,0.9326320571282072,128x64x32,156,1.0,4
banknote,0.9326320571282072,128x64x32,157,1.0,4
banknote,0.9326320571282072,128x64x32,158,1.0,4
banknote,0.9326320571282072,128x64x32,159,1.0,3
banknote,0.9326320571282072,128x64x32,160,1.0,3
banknote,0.9326320571282072,128x64x32,161,1.0,3
banknote,0.9326320571282072,128x64x32,162,1.0,3
banknote,0.9326320571282072,128x64x32,163,1.0,2
banknote,0.9326320571282072,128x64x32,164,1.0,2
banknote,0.9326320571282072,128x64x32,165,1.0,2
banknote,0.9326320571282072,128x64x32,166,1.0,2
banknote,0.9326320571282072,128x64x32,167,1.0,2
banknote,0.9326320571282072,128x64x32,168,1.0,2
banknote,0.9326320571282072,128x64x32,169,1.0,2
banknote,0.9326320571282072,128x64x32,170,1.0,2
banknote,0.9326320571282072,128x64x32,171,1.0,1
banknote,0.9326320571282072,128x64x32,172,1.0,1
banknote,0.9326320571282072,128x64x32,173,1.0,1
banknote,0.9326320571282072,128x64x32,174,1.0,1
banknote,0.9326320571282072,128x64x32,175,1.0,1
banknote,0.9326320571282072,128x64x32,176,1.0,1
banknote,0.9326320571282072,128x64x32,177,1.0,1
banknote,0.9326320571282072,128x64x32,178,1.0,1
banknote,0.9326320571282072,128x64x32,179,1.0,1
banknote,0.9326320571282072,128x64x32,180,1.0,1
banknote,0.9326320571282072,128x64x32,181,1.0,1
banknote,0.9326320571282072,128x64x32,182,1.0,1
banknote,0.9326320571282072,128x64x32,183,1.0,1
banknote,0.9326320571282072,128x64x32,184,1.0,1
banknote,0.9326320571282072,128x64x32,185,1.0,1
banknote,0.9326320571282072,128x64x32,186,1.0,1
banknote,0.9326320571282072,128x64x32,187,1.0,1
banknote,0.9326320571282072,128x64x32,188,1.0,1
banknote,0.9326320571282072,128x64x32,189,1.0,1
banknote,0.9326320571282072,128x64x32,190,1.0,1
banknote,0.9326320571282072,128x64x32,191,1.0,1
banknote,0.9326320571282072,128x64x32,192,1.0,1
banknote,0.9326320571282072,128x64x32,193,1.0,1
banknote,0.9326320571282072,128x64x32,194,1.0,1
banknote,0.9326320571282072,128x64x32,195,1.0,1
banknote,0.9326320571282072,128x64x32,196,1.0,1
banknote,0.9326320571282072,128x64x32,197,1.0,1
banknote,0.9326320571282072,128x64x32,198,1.0,1
banknote,0.9326320571282072,128x64x32,199,1.0,1
banknote,0.9326320571282072,128x64x32,200,1.0,1
banknote,0.9326320571282072,128x64x32,201,1.0,1
banknote,0.9326320571282072,128x64x32,202,1.0,1
banknote,0.9326320571282072,128x64x32,203,1.0,1
banknote,0.9326320571282072,128x64x32,204,1.0,1
banknote,0.9326320571282072,128x64x32,205,1.0,1
banknote,0.9326320571282072,128x64x32,206,1.0,1
banknote,0.9326320571282072,128x64x32,207,1.0,1
banknote,0.9326320571282072,128x64x32,208,1.0,1
banknote,0.9326320571282072,128x64x32,209,1.0,1
banknote,0.9326320571282072,128x64x32,210,1.0,1
banknote,0.9326320571282072,128x64x32,211,1.0,1
banknote,0.9326320571282072,128x64x32,212,1.0,1
banknote,0.9326320571282072,128x64x32,213,1.0,1
banknote,0.9326320571282072,128x64x32,214,1.0,1
banknote,0.9326320571282072,128x64x32,215,1.0,1
banknote,0.9326320571282072,128x64x32,216,1.0,1
banknote,0.9326320571282072,128x64x32,217,1.0,1
banknote,0.9326320571282072,128x64x32,218,1.0,1
banknote,0.9326320571282072,128x64x32,219,1.0,1
banknote,0.9326320571282072,128x64x32,220,1.0,1
banknote,0.9326320571282072,128x64x32,221,1.0,1
banknote,0.9326320571282072,128x64x32,222,1.0,1
banknote,0.9326320571282072,128x64x32,223,1.0,1
banknote,0.9326320571282072,128x64x32,224,1.0,1
blood,0.7312747747344295,128x64x32,1,0.8021340569620111,150
blood,0.7312747747344295,128x64x32,2,0.8103084383072439,149
blood,0.7312747747344295,128x64x32,3,0.8282838202136479,146
blood,0.7312747747344295,128x64x32,4,0.8446227883230017,141
blood,0.7312747747344295,128x64x32,5,0.8659934279485973,134
blood,0.7312747747344295,128x64x32,6,0.8737773925396529,131
blood,0.7312747747344295,128x64x32,7,0.8816238866338812,123
blood,0.7312747747344295,128x64x32,8,0.8851426722175223,118
blood,0.7312747747344295,128x64x32,9,0.8841740034530353,109
blood,0.7312747747344295,128x64x32,10,0.8855155592612143,102
blood,0.7312747747344295,128x64x32,11,0.9006925217180085,95
blood,0.7312747747344295,128x64x32,12,0.9043579080447908,91
blood,0.7312747747344295,128x64x32,13,0.9110559444556318,87
blood,0.7312747747344295,128x64x32,14,0.9093326458460804,82
blood,0.7312747747344295,128x64x32,15,0.9127474193797457,78
blood,0.7312747747344295,128x64x32,16,0.92625503292339,76
blood,0.7312747747344295,128x64x32,17,0.9242619257051032,74
blood,0.7312747747344295,128x64x32,18,0.9185633793747383,70
blood,0.7312747747344295,128x64x32,19,0.913627826609571,66
blood,0.7312747747344295,128x64x32,20,0.91092869619112,64
blood,0.7312747747344295,128x64x32,21,0.9209586541327691,62
blood,0.7312747747344295,128x64x32,22,0.9197914703850261,61
blood,0.7312747747344295,128x64x32,23,0.9306318592116372,59
blood,0.7312747747344295,128x64x32,24,0.9448343079922027,57
blood,0.7312747747344295,128x64x32,25,0.9440323565323565,56
blood,0.7312747747344295,128x64x32,26,0.9440323565323565,56
blood,0.7312747747344295,128x64x32,27,0.943014763014763,55
blood,0.7312747747344295,128x64x32,28,0.943014763014763,55
blood,0.7312747747344295,128x64x32,29,0.9673162393162393,50
blood,0.7312747747344295,128x64x32,30,0.9742877492877492,48
blood,0.7312747747344295,128x64x32,31,0.9744212962962964,48
blood,0.7312747747344295,128x64x32,32,0.9744680851063829,47
blood,0.7312747747344295,128x64x32,33,0.9739130434782608,46
blood,0.7312747747344295,128x64x32,34,0.9708641975308642,45
blood,0.7312747747344295,128x64x32,35,0.9708641975308642,45
blood,0.7312747747344295,128x64x32,36,0.9708641975308642,45
blood,0.7312747747344295,128x64x32,37,0.9695090439276486,43
blood,0.7312747747344295,128x64x32,38,0.9714285714285713,42
blood,0.7312747747344295,128x64x32,39,0.9714285714285713,42
blood,0.7312747747344295,128x64x32,40,0.9714285714285713,42
blood,0.7312747747344295,128x64x32,41,0.9714285714285713,42
blood,0.7312747747344295,128x64x32,42,0.9714285714285713,42
blood,0.7312747747344295,128x64x32,43,0.9714285714285713,42
blood,0.7312747747344295,128x64x32,44,0.97,40
blood,0.7312747747344295,128x64x32,45,0.97,40
blood,0.7312747747344295,128x64x32,46,0.97,40
blood,0.7312747747344295,128x64x32,47,0.97,40
blood,0.7312747747344295,128x64x32,48,0.97,40
blood,0.7312747747344295,128x64x32,49,0.975,40
blood,0.7312747747344295,128x64x32,50,0.9743589743589743,39
blood,0.7312747747344295,128x64x32,51,0.9736842105263158,38
blood,0.7312747747344295,128x64x32,52,0.9736842105263158,38
blood,0.7312747747344295,128x64x32,53,0.9736842105263158,38
blood,0.7312747747344295,128x64x32,54,0.9736842105263158,38
blood,0.7312747747344295,128x64x32,55,0.9736842105263158,38
blood,0.7312747747344295,128x64x32,56,0.9736842105263158,38
blood,0.7312747747344295,128x64x32,57,0.9736842105263158,38
blood,0.7312747747344295,128x64x32,58,0.9736842105263158,38
blood,0.7312747747344295,128x64x32,59,0.9736842105263158,38
blood,0.7312747747344295,128x64x32,60,0.972972972972973,37
blood,0.7312747747344295,128x64x32,61,0.972972972972973,37
blood,0.7312747747344295,128x64x32,62,0.972972972972973,37
blood,0.7312747747344295,128x64x32,63,0.972972972972973,37
blood,0.7312747747344295,128x64x32,64,0.972972972972973,37
blood,0.7312747747344295,128x64x32,65,1.0,36
blood,0.7312747747344295,128x64x32,66,1.0,36
blood,0.7312747747344295,128x64x32,67,1.0,36
blood,0.7312747747344295,128x64x32,68,1.0,36
blood,0.7312747747344295,128x64x32,69,1.0,36
blood,0.7312747747344295,128x64x32,70,1.0,36
blood,0.7312747747344295,128x64x32,71,1.0,36
blood,0.7312747747344295,128x64x32,72,1.0,36
blood,0.7312747747344295,128x64x32,73,1.0,36
blood,0.7312747747344295,128x64x32,74,1.0,36
blood,0.7312747747344295,128x64x32,75,1.0,36
blood,0.7312747747344295,128x64x32,76,1.0,36
blood,0.7312747747344295,128x64x32,77,1.0,36
blood,0.7312747747344295,128x64x32,78,1.0,36
blood,0.7312747747344295,128x64x32,79,1.0,36
blood,0.7312747747344295,128x64x32,80,1.0,36
blood,0.7312747747344295,128x64x32,81,1.0,36
blood,0.7312747747344295,128x64x32,82,1.0,36
blood,0.7312747747344295,128x64x32,83,1.0,36
blood,0.7312747747344295,128x64x32,84,1.0,36
blood,0.7312747747344295,128x64x32,85,1.0,36
blood,0.7312747747344295,128x64x32,86,1.0,36
blood,0.7312747747344295,128x64x32,87,1.0,36
blood,0.7312747747344295,128x64x32,88,1.0,36
blood,0.7312747747344295,128x64x32,89,1.0,36
blood,0.7312747747344295,128x64x32,90,1.0,36
blood,0.7312747747344295,128x64x32,91,1.0,36
blood,0.7312747747344295,128x64x32,92,1.0,36
blood,0.7312747747344295,128x64x32,93,1.0,36
blood,0.7312747747344295,128x64x32,94,1.0,36
blood,0.7312747747344295,128x64x32,95,1.0,35
blood,0.7312747747344295,128x64x32,96,1.0,35
blood,0.7312747747344295,128x64x32,97,1.0,35
blood,0.7312747747344295,128x64x32,98,1.0,35
blood,0.7312747747344295,128x64x32,99,1.0,34
blood,0.7312747747344295,128x64x32,100,1.0,34
blood,0.7312747747344295,128x64x32,101,1.0,34
blood,0.7312747747344295,128x64x32,102,1.0,34
blood,0.7312747747344295,128x64x32,103,1.0,34
blood,0.7312747747344295,128x64x32,104,1.0,34
blood,0.7312747747344295,128x64x32,105,1.0,34
blood,0.7312747747344295,128x64x32,106,1.0,34
blood,0.7312747747344295,128x64x32,107,1.0,34
blood,0.7312747747344295,128x64x32,108,1.0,34
blood,0.7312747747344295,128x64x32,109,1.0,34
blood,0.7312747747344295,128x64x32,110,1.0,34
blood,0.7312747747344295,128x64x32,111,1.0,34
blood,0.7312747747344295,128x64x32,112,1.0,34
blood,0.7312747747344295,128x64x32,113,1.0,34
blood,0.7312747747344295,128x64x32,114,1.0,34
blood,0.7312747747344295,128x64x32,115,1.0,34
blood,0.7312747747344295,128x64x32,116,1.0,34
blood,0.7312747747344295,128x64x32,117,1.0,34
blood,0.7312747747344295,128x64x32,118,1.0,34
blood,0.7312747747344295,128x64x32,119,1.0,34
blood,0.7312747747344295,128x64x32,120,1.0,34
blood,0.7312747747344295,128x64x32,121,1.0,34
blood,0.7312747747344295,128x64x32,122,1.0,34
blood,0.7312747747344295,128x64x32,123,1.0,34
blood,0.7312747747344295,128x64x32,124,1.0,34
blood,0.7312747747344295,128x64x32,125,1.0,34
blood,0.7312747747344295,128x64x32,126,1.0,34
blood,0.7312747747344295,128x64x32,127,1.0,34
blood,0.7312747747344295,128x64x32,128,1.0,34
blood,0.7312747747344295,128x64x32,129,1.0,34
blood,0.7312747747344295,128x64x32,130,1.0,34
blood,0.7312747747344295,128x64x32,131,1.0,34
blood,0.7312747747344295,128x64x32,132,1.0,34
blood,0.7312747747344295,128x64x32,133,1.0,34
blood,0.7312747747344295,128x64x32,134,1.0,34
blood,0.7312747747344295,128x64x32,135,1.0,34
blood,0.7312747747344295,128x64x32,136,1.0,34
blood,0.7312747747344295,128x64x32,137,1.0,34
blood,0.7312747747344295,128x64x32,138,1.0,34
blood,0.7312747747344295,128x64x32,139,1.0,34
blood,0.7312747747344295,128x64x32,140,1.0,34
blood,0.7312747747344295,128x64x32,141,1.0,34
blood,0.7312747747344295,128x64x32,142,1.0,34
blood,0.7312747747344295,128x64x32,143,1.0,34
blood,0.7312747747344295,128x64x32,144,1.0,34
blood,0.7312747747344295,128x64x32,145,1.0,34
blood,0.7312747747344295,128x64x32,146,1.0,34
blood,0.7312747747344295,128x64x32,147,1.0,34
blood,0.7312747747344295,128x64x32,148,1.0,34
blood,0.7312747747344295,128x64x32,149,1.0,34
blood,0.7312747747344295,128x64x32,150,1.0,34
blood,0.7312747747344295,128x64x32,151,1.0,34
blood,0.7312747747344295,128x64x32,152,1.0,34
blood,0.7312747747344295,128x64x32,153,1.0,34
blood,0.7312747747344295,128x64x32,154,1.0,34
blood,0.7312747747344295,128x64x32,155,1.0,34
blood,0.7312747747344295,128x64x32,156,1.0,34
blood,0.7312747747344295,128x64x32,157,1.0,34
blood,0.7312747747344295,128x64x32,158,1.0,34
blood,0.7312747747344295,128x64x32,159,1.0,34
blood,0.7312747747344295,128x64x32,160,1.0,34
blood,0.7312747747344295,128x64x32,161,1.0,34
blood,0.7312747747344295,128x64x32,162,1.0,34
blood,0.7312747747344295,128x64x32,163,1.0,34
blood,0.7312747747344295,128x64x32,164,1.0,34
blood,0.7312747747344295,128x64x32,165,1.0,34
blood,0.7312747747344295,128x64x32,166,1.0,34
blood,0.7312747747344295,128x64x32,167,1.0,34
blood,0.7312747747344295,128x64x32,168,1.0,34
blood,0.7312747747344295,128x64x32,169,1.0,34
blood,0.7312747747344295,128x64x32,170,1.0,34
blood,0.7312747747344295,128x64x32,171,1.0,34
blood,0.7312747747344295,128x64x32,172,1.0,34
blood,0.7312747747344295,128x64x32,173,1.0,34
blood,0.7312747747344295,128x64x32,174,1.0,34
blood,0.7312747747344295,128x64x32,175,1.0,34
blood,0.7312747747344295,128x64x32,176,1.0,34
blood,0.7312747747344295,128x64x32,177,1.0,34
blood,0.7312747747344295,128x64x32,178,1.0,34
blood,0.7312747747344295,128x64x32,179,1.0,34
blood,0.7312747747344295,128x64x32,180,1.0,34
blood,0.7312747747344295,128x64x32,181,1.0,34
blood,0.7312747747344295,128x64x32,182,1.0,34
blood,0.7312747747344295,128x64x32,183,1.0,34
blood,0.7312747747344295,128x64x32,184,1.0,34
blood,0.7312747747344295,128x64x32,185,1.0,34
blood,0.7312747747344295,128x64x32,186,1.0,34
blood,0.7312747747344295,128x64x32,187,1.0,34
blood,0.7312747747344295,128x64x32,188,1.0,34
blood,0.7312747747344295,128x64x32,189,1.0,34
blood,0.7312747747344295,128x64x32,190,1.0,34
blood,0.7312747747344295,128x64x32,191,1.0,34
blood,0.7312747747344295,128x64x32,192,1.0,34
blood,0.7312747747344295,128x64x32,193,1.0,34
blood,0.7312747747344295,128x64x32,194,1.0,34
blood,0.7312747747344295,128x64x32,195,1.0,34
blood,0.7312747747344295,128x64x32,196,1.0,34
blood,0.7312747747344295,128x64x32,197,1.0,34
blood,0.7312747747344295,128x64x32,198,1.0,34
blood,0.7312747747344295,128x64x32,199,1.0,34
blood,0.7312747747344295,128x64x32,200,1.0,34
blood,0.7312747747344295,128x64x32,201,1.0,34
blood,0.7312747747344295,128x64x32,202,1.0,34
blood,0.7312747747344295,128x64x32,203,1.0,34
blood,0.7312747747344295,128x64x32,204,1.0,34
blood,0.7312747747344295,128x64x32,205,1.0,34
blood,0.7312747747344295,128x64x32,206,1.0,34
blood,0.7312747747344295,128x64x32,207,1.0,34
blood,0.7312747747344295,128x64x32,208,1.0,34
blood,0.7312747747344295,128x64x32,209,1.0,34
blood,0.7312747747344295,128x64x32,210,1.0,34
blood,0.7312747747344295,128x64x32,211,1.0,34
blood,0.7312747747344295,128x64x32,212,1.0,34
blood,0.7312747747344295,128x64x32,213,1.0,34
blood,0.7312747747344295,128x64x32,214,1.0,34
blood,0.7312747747344295,128x64x32,215,1.0,34
blood,0.7312747747344295,128x64x32,216,1.0,34
blood,0.7312747747344295,128x64x32,217,1.0,34
blood,0.7312747747344295,128x64x32,218,1.0,34
blood,0.7312747747344295,128x64x32,219,1.0,34
blood,0.7312747747344295,128x64x32,220,1.0,34
blood,0.7312747747344295,128x64x32,221,1.0,34
blood,0.7312747747344295,128x64x32,222,1.0,34
blood,0.7312747747344295,128x64x32,223,1.0,34
blood,0.7312747747344295,128x64x32,224,1.0,34
breast_cancer,0.9156653013684618,128x64x32,1,0.7973643359969264,150
breast_cancer,0.9156653013684618,128x64x32,2,0.8835219950837516,150
breast_cancer,0.9156653013684618,128x64x32,3,0.9090537506315521,150
breast_cancer,0.9156653013684618,128x64x32,4,0.9292607664030783,148
breast_cancer,0.9156653013684618,128x64x32,5,0.9446816664449387,145
breast_cancer,0.9156653013684618,128x64x32,6,0.9545676375134593,144
breast_cancer,0.9156653013684618,128x64x32,7,0.9655235098809363,139
breast_cancer,0.9156653013684618,128x64x32,8,0.9757842596654891,133
breast_cancer,0.9156653013684618,128x64x32,9,0.9835041345942152,128
breast_cancer,0.9156653013684618,128x64x32,10,0.9923051865634294,123
breast_cancer,0.9156653013684618,128x64x32,11,0.9943975220757297,120
breast_cancer,0.9156653013684618,128x64x32,12,0.9979970302642026,112
breast_cancer,0.9156653013684618,128x64x32,13,0.9988499876537312,109
breast_cancer,0.9156653013684618,128x64x32,14,0.9991066158904223,106
breast_cancer,0.9156653013684618,128x64x32,15,0.9990392624751724,102
breast_cancer,0.9156653013684618,128x64x32,16,0.998974554894133,97
breast_cancer,0.9156653013684618,128x64x32,17,0.9990460864425944,97
breast_cancer,0.9156653013684618,128x64x32,18,0.9990012484394507,89
breast_cancer,0.9156653013684618,128x64x32,19,0.999738082765846,83
breast_cancer,0.9156653013684618,128x64x32,20,1.0,77
breast_cancer,0.9156653013684618,128x64x32,21,1.0,75
breast_cancer,0.9156653013684618,128x64x32,22,1.0,68
breast_cancer,0.9156653013684618,128x64x32,23,1.0,65
breast_cancer,0.9156653013684618,128x64x32,24,1.0,60
breast_cancer,0.9156653013684618,128x64x32,25,1.0,57
breast_cancer,0.9156653013684618,128x64x32,26,1.0,55
breast_cancer,0.9156653013684618,128x64x32,27,1.0,50
breast_cancer,0.9156653013684618,128x64x32,28,1.0,46
breast_cancer,0.9156653013684618,128x64x32,29,1.0,43
breast_cancer,0.9156653013684618,128x64x32,30,1.0,40
breast_cancer,0.9156653013684618,128x64x32,31,1.0,38
breast_cancer,0.9156653013684618,128x64x32,32,1.0,38
breast_cancer,0.9156653013684618,128x64x32,33,1.0,34
breast_cancer,0.9156653013684618,128x64x32,34,1.0,34
breast_cancer,0.9156653013684618,128x64x32,35,1.0,34
breast_cancer,0.9156653013684618,128x64x32,36,1.0,34
breast_cancer,0.9156653013684618,128x64x32,37,1.0,31
breast_cancer,0.9156653013684618,128x64x32,38,1.0,30
breast_cancer,0.9156653013684618,128x64x32,39,1.0,27
breast_cancer,0.9156653013684618,128x64x32,40,1.0,25
breast_cancer,0.9156653013684618,128x64x32,41,1.0,24
breast_cancer,0.9156653013684618,128x64x32,42,1.0,22
breast_cancer,0.9156653013684618,128x64x32,43,1.0,22
breast_cancer,0.9156653013684618,128x64x32,44,1.0,20
breast_cancer,0.9156653013684618,128x64x32,45,1.0,19
breast_cancer,0.9156653013684618,128x64x32,46,1.0,16
breast_cancer,0.9156653013684618,128x64x32,47,1.0,16
breast_cancer,0.9156653013684618,128x64x32,48,1.0,14
breast_cancer,0.9156653013684618,128x64x32,49,1.0,12
breast_cancer,0.9156653013684618,128x64x32,50,1.0,11
breast_cancer,0.9156653013684618,128x64x32,51,1.0,9
breast_cancer,0.9156653013684618,128x64x32,52,1.0,8
breast_cancer,0.9156653013684618,128x64x32,53,1.0,6
breast_cancer,0.9156653013684618,128x64x32,54,1.0,5
breast_cancer,0.9156653013684618,128x64x32,55,1.0,5
breast_cancer,0.9156653013684618,128x64x32,56,1.0,5
breast_cancer,0.9156653013684618,128x64x32,57,1.0,5
breast_cancer,0.9156653013684618,128x64x32,58,1.0,4
breast_cancer,0.9156653013684618,128x64x32,59,1.0,4
breast_cancer,0.9156653013684618,128x64x32,60,1.0,3
breast_cancer,0.9156653013684618,128x64x32,61,1.0,3
breast_cancer,0.9156653013684618,128x64x32,62,1.0,3
breast_cancer,0.9156653013684618,128x64x32,63,1.0,1
breast_cancer,0.9156653013684618,128x64x32,64,1.0,1
diabetes,0.6673784284093217,128x64x32,1,0.6076664323831409,150
diabetes,0.6673784284093217,128x64x32,2,0.6356477502410417,150
diabetes,0.6673784284093217,128x64x32,3,0.6562594345514765,148
diabetes,0.6673784284093217,128x64x32,4,0.6742538286305274,140
diabetes,0.6673784284093217,128x64x32,5,0.7081259321842646,112
diabetes,0.6673784284093217,128x64x32,6,0.7767832183468728,82
diabetes,0.6673784284093217,128x64x32,7,0.8094564153125632,61
diabetes,0.6673784284093217,128x64x32,8,0.841858418647127,48
diabetes,0.6673784284093217,128x64x32,9,0.8592025884087526,38
diabetes,0.6673784284093217,128x64x32,10,0.8758914728682171,30
diabetes,0.6673784284093217,128x64x32,11,0.936916591388136,18
diabetes,0.6673784284093217,128x64x32,12,0.9285714285714286,14
diabetes,0.6673784284093217,128x64x32,13,0.9166666666666666,12
diabetes,0.6673784284093217,128x64x32,14,1.0,5
diabetes,0.6673784284093217,128x64x32,15,1.0,5
diabetes,0.6673784284093217,128x64x32,16,1.0,5
diabetes,0.6673784284093217,128x64x32,17,1.0,5
diabetes,0.6673784284093217,128x64x32,18,1.0,4
diabetes,0.6673784284093217,128x64x32,19,1.0,2
diabetes,0.6673784284093217,128x64x32,20,1.0,1
diabetes,0.6673784284093217,128x64x32,21,1.0,1
diabetes,0.6673784284093217,128x64x32,22,1.0,1
diabetes,0.6673784284093217,128x64x32,23,1.0,1
digits-35,0.978834382327533,128x64x32,1,0.8136970166570072,150
digits-35,0.978834382327533,128x64x32,2,0.9143940271402446,150
digits-35,0.978834382327533,128x64x32,3,0.9430162864611712,148
digits-35,0.978834382327533,128x64x32,4,0.9689950145486996,144
digits-35,0.978834382327533,128x64x32,5,0.9793559708127649,140
digits-35,0.978834382327533,128x64x32,6,0.9870411668796985,131
digits-35,0.978834382327533,128x64x32,7,0.9946393757896033,124
digits-35,0.978834382327533,128x64x32,8,0.9950091267576675,122
digits-35,0.978834382327533,128x64x32,9,0.9980392632677327,116
digits-35,0.978834382327533,128x64x32,10,0.998095823095823,111
digits-35,0.978834382327533,128x64x32,11,0.9998927958833619,106
digits-35,0.978834382327533,128x64x32,12,0.999883517763541,101
digits-35,0.978834382327533,128x64x32,13,0.9998799519807923,98
digits-35,0.978834382327533,128x64x32,14,0.9998759920634921,96
digits-35,0.978834382327533,128x64x32,15,1.0,96
digits-35,0.978834382327533,128x64x32,16,1.0,94
digits-35,0.978834382327533,128x64x32,17,1.0,90
digits-35,0.978834382327533,128x64x32,18,1.0,87
digits-35,0.978834382327533,128x64x32,19,1.0,84
digits-35,0.978834382327533,128x64x32,20,1.0,80
digits-35,0.978834382327533,128x64x32,21,1.0,78
digits-35,0.978834382327533,128x64x32,22,1.0,74
digits-35,0.978834382327533,128x64x32,23,1.0,71
digits-35,0.978834382327533,128x64x32,24,1.0,69
digits-35,0.978834382327533,128x64x32,25,1.0,63
digits-35,0.978834382327533,128x64x32,26,1.0,60
digits-35,0.978834382327533,128x64x32,27,1.0,56
digits-35,0.978834382327533,128x64x32,28,1.0,50
digits-35,0.978834382327533,128x64x32,29,1.0,47
digits-35,0.978834382327533,128x64x32,30,1.0,43
digits-35,0.978834382327533,128x64x32,31,1.0,39
digits-35,0.978834382327533,128x64x32,32,1.0,34
digits-35,0.978834382327533,128x64x32,33,1.0,31
digits-35,0.978834382327533,128x64x32,34,1.0,25
digits-35,0.978834382327533,128x64x32,35,1.0,23
digits-35,0.978834382327533,128x64x32,36,1.0,20
digits-35,0.978834382327533,128x64x32,37,1.0,15
digits-35,0.978834382327533,128x64x32,38,1.0,13
digits-35,0.978834382327533,128x64x32,39,1.0,13
digits-35,0.978834382327533,128x64x32,40,1.0,10
digits-35,0.978834382327533,128x64x32,41,1.0,10
digits-35,0.978834382327533,128x64x32,42,1.0,10
digits-35,0.978834382327533,128x64x32,43,1.0,10
digits-35,0.978834382327533,128x64x32,44,1.0,8
digits-35,0.978834382327533,128x64x32,45,1.0,7
digits-35,0.978834382327533,128x64x32,46,1.0,6
digits-35,0.978834382327533,128x64x32,47,1.0,6
digits-35,0.978834382327533,128x64x32,48,1.0,6
digits-35,0.978834382327533,128x64x32,49,1.0,4
digits-35,0.978834382327533,128x64x32,50,1.0,4
digits-35,0.978834382327533,128x64x32,51,1.0,3
digits-35,0.978834382327533,128x64x32,52,1.0,2
digits-35,0.978834382327533,128x64x32,53,1.0,2
digits-35,0.978834382327533,128x64x32,54,1.0,1
digits-35,0.978834382327533,128x64x32,55,1.0,1
heart,0.7658480773695953,128x64x32,1,0.5930669178475744,150
heart,0.7658480773695953,128x64x32,2,0.6553550058894081,150
heart,0.7658480773695953,128x64x32,3,0.6662827733923053,149
heart,0.7658480773695953,128x64x32,4,0.6924812880345061,137
heart,0.7658480773695953,128x64x32,5,0.7263057584446049,114
heart,0.7658480773695953,128x64x32,6,0.7738420615297592,87
heart,0.7658480773695953,128x64x32,7,0.7722058374819398,62
heart,0.7658480773695953,128x64x32,8,0.8357266916430022,44
heart,0.7658480773695953,128x64x32,9,0.9033181818181818,25
heart,0.7658480773695953,128x64x32,10,0.9320722755505366,23
heart,0.7658480773695953,128x64x32,11,0.9600000000000001,15
heart,0.7658480773695953,128x64x32,12,1.0,7
heart,0.7658480773695953,128x64x32,13,1.0,5
heart,0.7658480773695953,128x64x32,14,1.0,2
heart,0.7658480773695953,128x64x32,15,1.0,1
heart,0.7658480773695953,128x64x32,16,1.0,1
heart,0.7658480773695953,128x64x32,17,1.0,1
ionosphere,0.8501105667456785,128x64x32,1,0.6364041335775578,150
ionosphere,0.8501105667456785,128x64x32,2,0.6454979198511421,150
ionosphere,0.8501105667456785,128x64x32,3,0.6727103191649456,150
ionosphere,0.8501105667456785,128x64x32,4,0.7164294572697879,146
ionosphere,0.8501105667456785,128x64x32,5,0.7583142898824213,125
ionosphere,0.8501105667456785,128x64x32,6,0.7727049897577031,114
ionosphere,0.8501105667456785,128x64x32,7,0.803931600116446,95
ionosphere,0.8501105667456785,128x64x32,8,0.8115810372709326,79
ionosphere,0.8501105667456785,128x64x32,9,0.8394305370001901,72
ionosphere,0.8501105667456785,128x64x32,10,0.8391372399280631,60
ionosphere,0.8501105667456785,128x64x32,11,0.8633579138296995,53
ionosphere,0.8501105667456785,128x64x32,12,0.882186634407184,49
ionosphere,0.8501105667456785,128x64x32,13,0.8972183596778756,44
ionosphere,0.8501105667456785,128x64x32,14,0.9007019818809774,40
ionosphere,0.8501105667456785,128x64x32,15,0.9082850377565824,36
ionosphere,0.8501105667456785,128x64x32,16,0.9047853590345969,32
ionosphere,0.8501105667456785,128x64x32,17,0.9368884678505274,27
ionosphere,0.8501105667456785,128x64x32,18,0.9619064039408866,25
ionosphere,0.8501105667456785,128x64x32,19,0.9649488004013865,24
ionosphere,0.8501105667456785,128x64x32,20,0.9603196208913086,19
ionosphere,0.8501105667456785,128x64x32,21,0.9620783730158731,16
ionosphere,0.8501105667456785,128x64x32,22,0.9595502645502646,15
ionosphere,0.8501105667456785,128x64x32,23,0.9779100529100528,12
ionosphere,0.8501105667456785,128x64x32,24,0.9708333333333333,12
ionosphere,0.8501105667456785,128x64x32,25,0.9650000000000001,10
ionosphere,0.8501105667456785,128x64x32,26,0.98125,8
ionosphere,0.8501105667456785,128x64x32,27,0.98125,8
ionosphere,0.8501105667456785,128x64x32,28,0.98125,8
ionosphere,0.8501105667456785,128x64x32,29,0.9785714285714286,7
ionosphere,0.8501105667456785,128x64x32,30,0.9880952380952381,7
ionosphere,0.8501105667456785,128x64x32,31,1.0,5
ionosphere,0.8501105667456785,128x64x32,32,1.0,5
ionosphere,0.8501105667456785,128x64x32,33,1.0,4
ionosphere,0.8501105667456785,128x64x32,34,1.0,4
ionosphere,0.8501105667456785,128x64x32,35,1.0,4
ionosphere,0.8501105667456785,128x64x32,36,1.0,4
ionosphere,0.8501105667456785,128x64x32,37,1.0,4
ionosphere,0.8501105667456785,128x64x32,38,1.0,4
ionosphere,0.8501105667456785,128x64x32,39,1.0,4
ionosphere,0.8501105667456785,128x64x32,40,1.0,4
ionosphere,0.8501105667456785,128x64x32,41,1.0,4
ionosphere,0.8501105667456785,128x64x32,42,1.0,4
ionosphere,0.8501105667456785,128x64x32,43,1.0,4
ionosphere,0.8501105667456785,128x64x32,44,1.0,4
ionosphere,0.8501105667456785,128x64x32,45,1.0,4
ionosphere,0.8501105667456785,128x64x32,46,1.0,4
ionosphere,0.8501105667456785,128x64x32,47,1.0,4
ionosphere,0.8501105667456785,128x64x32,48,1.0,4
ionosphere,0.8501105667456785,128x64x32,49,1.0,3
ionosphere,0.8501105667456785,128x64x32,50,1.0,3
ionosphere,0.8501105667456785,128x64x32,51,1.0,3
ionosphere,0.8501105667456785,128x64x32,52,1.0,3
ionosphere,0.8501105667456785,128x64x32,53,1.0,3
ionosphere,0.8501105667456785,128x64x32,54,1.0,3
ionosphere,0.8501105667456785,128x64x32,55,1.0,2
ionosphere,0.8501105667456785,128x64x32,56,1.0,2
ionosphere,0.8501105667456785,128x64x32,57,1.0,2
ionosphere,0.8501105667456785,128x64x32,58,1.0,2
ionosphere,0.8501105667456785,128x64x32,59,1.0,2
ionosphere,0.8501105667456785,128x64x32,60,1.0,2
ionosphere,0.8501105667456785,128x64x32,61,1.0,2
ionosphere,0.8501105667456785,128x64x32,62,1.0,2
ionosphere,0.8501105667456785,128x64x32,63,1.0,1
ionosphere,0.8501105667456785,128x64x32,64,1.0,1
ionosphere,0.8501105667456785,128x64x32,65,1.0,1
ionosphere,0.8501105667456785,128x64x32,66,1.0,1
ionosphere,0.8501105667456785,128x64x32,67,1.0,1
ionosphere,0.8501105667456785,128x64x32,68,1.0,1
ionosphere,0.8501105667456785,128x64x32,69,1.0,1
ionosphere,0.8501105667456785,128x64x32,70,1.0,1
ionosphere,0.8501105667456785,128x64x32,71,1.0,1
ionosphere,0.8501105667456785,128x64x32,72,1.0,1
ionosphere,0.8501105667456785,128x64x32,73,1.0,1
ionosphere,0.8501105667456785,128x64x32,74,1.0,1
ionosphere,0.8501105667456785,128x64x32,75,1.0,1
ionosphere,0.8501105667456785,128x64x32,76,1.0,1
ionosphere,0.8501105667456785,128x64x32,77,1.0,1
ionosphere,0.8501105667456785,128x64x32,78,1.0,1
ionosphere,0.8501105667456785,128x64x32,79,1.0,1
ionosphere,0.8501105667456785,128x64x32,80,1.0,1
ionosphere,0.8501105667456785,128x64x32,81,1.0,1
ionosphere,0.8501105667456785,128x64x32,82,1.0,1
ionosphere,0.8501105667456785,128x64x32,83,1.0,1
ionosphere,0.8501105667456785,128x64x32,84,1.0,1
ionosphere,0.8501105667456785,128x64x32,85,1.0,1
ionosphere,0.8501105667456785,128x64x32,86,1.0,1
ionosphere,0.8501105667456785,128x64x32,87,1.0,1
ionosphere,0.8501105667456785,128x64x32,88,1.0,1
ionosphere,0.8501105667456785,128x64x32,89,1.0,1
ionosphere,0.8501105667456785,128x64x32,90,1.0,1
ionosphere,0.8501105667456785,128x64x32,91,1.0,1
iris,0.9265857142857143,128x64x32,1,0.5929090542516756,100
iris,0.9265857142857143,128x64x32,2,0.7026699011555184,98
iris,0.9265857142857143,128x64x32,3,0.7516634961071627,92
iris,0.9265857142857143,128x64x32,4,0.7889468926638264,79
iris,0.9265857142857143,128x64x32,5,0.8240660775539439,68
iris,0.9265857142857143,128x64x32,6,0.8340519649291579,63
iris,0.9265857142857143,128x64x32,7,0.8487308456998307,56
iris,0.9265857142857143,128x64x32,8,0.849201477534811,45
iris,0.9265857142857143,128x64x32,9,0.946195186579802,39
iris,0.9265857142857143,128x64x32,10,0.966977466977467,32
iris,0.9265857142857143,128x64x32,11,0.9796532968946763,29
iris,0.9265857142857143,128x64x32,12,0.9863636363636364,25
iris,0.9265857142857143,128x64x32,13,0.9891304347826086,23
iris,0.9265857142857143,128x64x32,14,0.9935064935064936,22
iris,0.9265857142857143,128x64x32,15,1.0,18
iris,0.9265857142857143,128x64x32,16,1.0,17
iris,0.9265857142857143,128x64x32,17,1.0,16
iris,0.9265857142857143,128x64x32,18,1.0,14
iris,0.9265857142857143,128x64x32,19,1.0,13
iris,0.9265857142857143,128x64x32,20,1.0,13
iris,0.9265857142857143,128x64x32,21,1.0,13
iris,0.9265857142857143,128x64x32,22,1.0,13
iris,0.9265857142857143,128x64x32,23,1.0,12
iris,0.9265857142857143,128x64x32,24,1.0,10
iris,0.9265857142857143,128x64x32,25,1.0,10
iris,0.9265857142857143,128x64x32,26,1.0,9
iris,0.9265857142857143,128x64x32,27,1.0,9
iris,0.9265857142857143,128x64x32,28,1.0,8
iris,0.9265857142857143,128x64x32,29,1.0,8
iris,0.9265857142857143,128x64x32,30,1.0,6
iris,0.9265857142857143,128x64x32,31,1.0,6
iris,0.9265857142857143,128x64x32,32,1.0,6
iris,0.9265857142857143,128x64x32,33,1.0,6
iris,0.9265857142857143,128x64x32,34,1.0,6
iris,0.9265857142857143,128x64x32,35,1.0,6
iris,0.9265857142857143,128x64x32,36,1.0,6
iris,0.9265857142857143,128x64x32,37,1.0,6
iris,0.9265857142857143,128x64x32,38,1.0,6
iris,0.9265857142857143,128x64x32,39,1.0,6
iris,0.9265857142857143,128x64x32,40,1.0,6
iris,0.9265857142857143,128x64x32,41,1.0,6
iris,0.9265857142857143,128x64x32,42,1.0,6
iris,0.9265857142857143,128x64x32,43,1.0,5
iris,0.9265857142857143,128x64x32,44,1.0,4
iris,0.9265857142857143,128x64x32,45,1.0,4
iris,0.9265857142857143,128x64x32,46,1.0,4
iris,0.9265857142857143,128x64x32,47,1.0,4
iris,0.9265857142857143,128x64x32,48,1.0,4
iris,0.9265857142857143,128x64x32,49,1.0,3
iris,0.9265857142857143,128x64x32,50,1.0,2
iris,0.9265857142857143,128x64x32,51,1.0,2
iris,0.9265857142857143,128x64x32,52,1.0,2
iris,0.9265857142857143,128x64x32,53,1.0,1
iris,0.9265857142857143,128x64x32,54,1.0,1
iris,0.9265857142857143,128x64x32,55,1.0,1
iris,0.9265857142857143,128x64x32,56,1.0,1
iris,0.9265857142857143,128x64x32,57,1.0,1
iris,0.9265857142857143,128x64x32,58,1.0,1
iris,0.9265857142857143,128x64x32,59,1.0,1
iris,0.9265857142857143,128x64x32,60,1.0,1
iris,0.9265857142857143,128x64x32,61,1.0,1
iris,0.9265857142857143,128x64x32,62,1.0,1
iris,0.9265857142857143,128x64x32,63,1.0,1
iris,0.9265857142857143,128x64x32,64,1.0,1
iris,0.9265857142857143,128x64x32,65,1.0,1
iris,0.9265857142857143,128x64x32,66,1.0,1
iris,0.9265857142857143,128x64x32,67,1.0,1
iris,0.9265857142857143,128x64x32,68,1.0,1
sonar,0.7488678832061184,128x64x32,1,0.5719803642409595,150
sonar,0.7488678832061184,128x64x32,2,0.5981332294654924,150
sonar,0.7488678832061184,128x64x32,3,0.636361907925368,150
sonar,0.7488678832061184,128x64x32,4,0.6684532029778837,143
sonar,0.7488678832061184,128x64x32,5,0.7084858824776382,126
sonar,0.7488678832061184,128x64x32,6,0.7447615791123853,97
sonar,0.7488678832061184,128x64x32,7,0.7838811894639967,77
sonar,0.7488678832061184,128x64x32,8,0.8323781564347603,53
sonar,0.7488678832061184,128x64x32,9,0.9052028218694885,36
sonar,0.7488678832061184,128x64x32,10,0.9287619047619049,25
sonar,0.7488678832061184,128x64x32,11,0.9049319727891157,14
sonar,0.7488678832061184,128x64x32,12,0.9479166666666667,8
sonar,0.7488678832061184,128x64x32,13,0.9267676767676768,6
sonar,0.7488678832061184,128x64x32,14,0.9090909090909092,3
sonar,0.7488678832061184,128x64x32,15,1.0,2
sonar,0.7488678832061184,128x64x32,16,1.0,2
sonar,0.7488678832061184,128x64x32,17,1.0,1
synthetic_d20,0.7768633769819402,128x64x32,1,0.5301473473080079,150
synthetic_d20,0.7768633769819402,128x64x32,2,0.5530296829632138,150
synthetic_d20,0.7768633769819402,128x64x32,3,0.5749364768366529,150
synthetic_d20,0.7768633769819402,128x64x32,4,0.6021937083125398,150
synthetic_d20,0.7768633769819402,128x64x32,5,0.6309883189557363,142
synthetic_d20,0.7768633769819402,128x64x32,6,0.6552317371596085,138
synthetic_d20,0.7768633769819402,128x64x32,7,0.6724168617719373,128
synthetic_d20,0.7768633769819402,128x64x32,8,0.7024164214220525,109
synthetic_d20,0.7768633769819402,128x64x32,9,0.742814842871933,85
synthetic_d20,0.7768633769819402,128x64x32,10,0.7787841462056782,57
synthetic_d20,0.7768633769819402,128x64x32,11,0.7584513039870183,42
synthetic_d20,0.7768633769819402,128x64x32,12,0.7927882153688606,31
synthetic_d20,0.7768633769819402,128x64x32,13,0.7775233538391433,19
synthetic_d20,0.7768633769819402,128x64x32,14,0.8878968253968255,12
synthetic_d20,0.7768633769819402,128x64x32,15,0.953125,8
synthetic_d20,0.7768633769819402,128x64x32,16,0.9523809523809524,3
synthetic_d20,0.7768633769819402,128x64x32,17,0.9444444444444445,3
synthetic_d50,0.7698020783748595,128x64x32,1,0.5330063166796186,150
synthetic_d50,0.7698020783748595,128x64x32,2,0.5653899339828335,150
synthetic_d50,0.7698020783748595,128x64x32,3,0.6010375678882758,150
synthetic_d50,0.7698020783748595,128x64x32,4,0.6170225930697976,150
synthetic_d50,0.7698020783748595,128x64x32,5,0.6227149949328494,150
synthetic_d50,0.7698020783748595,128x64x32,6,0.642712018582103,146
synthetic_d50,0.7698020783748595,128x64x32,7,0.6631883989000796,113
synthetic_d50,0.7698020783748595,128x64x32,8,0.7002650714277552,64
synthetic_d50,0.7698020783748595,128x64x32,9,0.8107438827600119,30
synthetic_d50,0.7698020783748595,128x64x32,10,0.8509891542149607,11
synthetic_d50,0.7698020783748595,128x64x32,11,0.8789115646258504,7
synthetic_d50,0.7698020783748595,128x64x32,12,0.8805555555555555,4
synthetic_d50,0.7698020783748595,128x64x32,13,0.9166666666666667,2
synthetic_d50,0.7698020783748595,128x64x32,14,0.9166666666666667,2
synthetic_d50,0.7698020783748595,128x64x32,15,1.0,1
synthetic_d50,0.7698020783748595,128x64x32,16,1.0,1
synthetic_d50,0.7698020783748595,128x64x32,17,1.0,1
synthetic_d8,0.8767463617253752,128x64x32,1,0.5502732448595851,150
synthetic_d8,0.8767463617253752,128x64x32,2,0.595851871430538,150
synthetic_d8,0.8767463617253752,128x64x32,3,0.6244477613747241,149
synthetic_d8,0.8767463617253752,128x64x32,4,0.6703844541607613,144
synthetic_d8,0.8767463617253752,128x64x32,5,0.6997777134368308,135
synthetic_d8,0.8767463617253752,128x64x32,6,0.7274988060255221,121
synthetic_d8,0.8767463617253752,128x64x32,7,0.7275331790230655,102
synthetic_d8,0.8767463617253752,128x64x32,8,0.7459968346856851,85
synthetic_d8,0.8767463617253752,128x64x32,9,0.7715278821149162,67
synthetic_d8,0.8767463617253752,128x64x32,10,0.7844690076515789,57
synthetic_d8,0.8767463617253752,128x64x32,11,0.7874818699818699,45
synthetic_d8,0.8767463617253752,128x64x32,12,0.8260647289218717,35
synthetic_d8,0.8767463617253752,128x64x32,13,0.8266703296703295,25
synthetic_d8,0.8767463617253752,128x64x32,14,0.8759920634920635,20
synthetic_d8,0.8767463617253752,128x64x32,15,0.854108309990663,17
synthetic_d8,0.8767463617253752,128x64x32,16,0.9649470899470901,12
synthetic_d8,0.8767463617253752,128x64x32,17,0.9494331065759638,7
synthetic_d8,0.8767463617253752,128x64x32,18,0.9428571428571428,5
synthetic_d8,0.8767463617253752,128x64x32,19,0.9523809523809524,3
synthetic_d8,0.8767463617253752,128x64x32,20,1.0,2
synthetic_d8,0.8767463617253752,128x64x32,21,1.0,2
synthetic_d8,0.8767463617253752,128x64x32,22,1.0,1
synthetic_d8,0.8767463617253752,128x64x32,23,1.0,1
synthetic_lowsep,0.7553008980727853,128x64x32,1,0.5197763357949373,150
synthetic_lowsep,0.7553008980727853,128x64x32,2,0.524337192944188,150
synthetic_lowsep,0.7553008980727853,128x64x32,3,0.5432875670331692,150
synthetic_lowsep,0.7553008980727853,128x64x32,4,0.5688970181219914,149
synthetic_lowsep,0.7553008980727853,128x64x32,5,0.6048314657306323,140
synthetic_lowsep,0.7553008980727853,128x64x32,6,0.623580546722126,124
synthetic_lowsep,0.7553008980727853,128x64x32,7,0.6430015379004702,99
synthetic_lowsep,0.7553008980727853,128x64x32,8,0.6509460717737489,59
synthetic_lowsep,0.7553008980727853,128x64x32,9,0.7068597001289308,39
synthetic_lowsep,0.7553008980727853,128x64x32,10,0.7394864750633983,26
synthetic_lowsep,0.7553008980727853,128x64x32,11,0.7747990105132961,14
synthetic_lowsep,0.7553008980727853,128x64x32,12,0.8166666666666668,10
synthetic_lowsep,0.7553008980727853,128x64x32,13,0.96,5
synthetic_lowsep,0.7553008980727853,128x64x32,14,1.0,4
synthetic_lowsep,0.7553008980727853,128x64x32,15,1.0,2
synthetic_lowsep,0.7553008980727853,128x64x32,16,1.0,2
synthetic_lowsep,0.7553008980727853,128x64x32,17,1.0,1
synthetic_lowsep,0.7553008980727853,128x64x32,18,1.0,1
synthetic_lowsep,0.7553008980727853,128x64x32,19,1.0,1
synthetic_lowsep,0.7553008980727853,128x64x32,20,1.0,1
synthetic_lowsep,0.7553008980727853,128x64x32,21,1.0,1
vehicle,0.8717899116213865,128x64x32,1,0.5791230115437183,150
vehicle,0.8717899116213865,128x64x32,2,0.6442950466607843,150
vehicle,0.8717899116213865,128x64x32,3,0.68518721275428,149
vehicle,0.8717899116213865,128x64x32,4,0.7201372660950255,146
vehicle,0.8717899116213865,128x64x32,5,0.7545568964826954,139
vehicle,0.8717899116213865,128x64x32,6,0.772601193825474,135
vehicle,0.8717899116213865,128x64x32,7,0.785692418809229,130
vehicle,0.8717899116213865,128x64x32,8,0.7948591388685985,125
vehicle,0.8717899116213865,128x64x32,9,0.8143220820132826,116
vehicle,0.8717899116213865,128x64x32,10,0.823057612026643,110
vehicle,0.8717899116213865,128x64x32,11,0.8355524442337351,105
vehicle,0.8717899116213865,128x64x32,12,0.8313630183885259,93
vehicle,0.8717899116213865,128x64x32,13,0.8394627169937381,84
vehicle,0.8717899116213865,128x64x32,14,0.8544018745174246,79
vehicle,0.8717899116213865,128x64x32,15,0.8632639649662825,76
vehicle,0.8717899116213865,128x64x32,16,0.861408880350809,72
vehicle,0.8717899116213865,128x64x32,17,0.8827551113953195,67
vehicle,0.8717899116213865,128x64x32,18,0.8875635750142642,62
vehicle,0.8717899116213865,128x64x32,19,0.9148369499246692,54
vehicle,0.8717899116213865,128x64x32,20,0.9206964243187153,51
vehicle,0.8717899116213865,128x64x32,21,0.9218589860693439,44
vehicle,0.8717899116213865,128x64x32,22,0.9081069711605054,41
vehicle,0.8717899116213865,128x64x32,23,0.9058539588430894,36
vehicle,0.8717899116213865,128x64x32,24,0.9072720722017397,34
vehicle,0.8717899116213865,128x64x32,25,0.898971825276173,25
vehicle,0.8717899116213865,128x64x32,26,0.9362147815952164,20
vehicle,0.8717899116213865,128x64x32,27,0.9388894353728113,17
vehicle,0.8717899116213865,128x64x32,28,0.9478320592451027,16
vehicle,0.8717899116213865,128x64x32,29,0.9241193589019676,11
vehicle,0.8717899116213865,128x64x32,30,0.912087912087912,9
vehicle,0.8717899116213865,128x64x32,31,0.8803418803418803,9
vehicle,0.8717899116213865,128x64x32,32,0.8803418803418803,9
vehicle,0.8717899116213865,128x64x32,33,0.989010989010989,7
vehicle,0.8717899116213865,128x64x32,34,0.989010989010989,7
vehicle,0.8717899116213865,128x64x32,35,0.9942857142857143,7
vehicle,0.8717899116213865,128x64x32,36,0.9933333333333333,6
vehicle,0.8717899116213865,128x64x32,37,0.992,5
vehicle,0.8717899116213865,128x64x32,38,0.99,4
vehicle,0.8717899116213865,128x64x32,39,0.99,4
vehicle,0.8717899116213865,128x64x32,40,0.99,4
vehicle,0.8717899116213865,128x64x32,41,0.984375,4
vehicle,0.8717899116213865,128x64x32,42,0.984375,4
vehicle,0.8717899116213865,128x64x32,43,0.984375,4
vehicle,0.8717899116213865,128x64x32,44,0.9791666666666666,3
vehicle,0.8717899116213865,128x64x32,45,0.96875,2
vehicle,0.8717899116213865,128x64x32,46,0.96875,2
vehicle,0.8717899116213865,128x64x32,47,0.96875,2
vehicle,0.8717899116213865,128x64x32,48,0.96875,2
vehicle,0.8717899116213865,128x64x32,49,0.96875,2
vehicle,0.8717899116213865,128x64x32,50,0.96875,2
vehicle,0.8717899116213865,128x64x32,51,0.96875,2
vehicle,0.8717899116213865,128x64x32,52,0.96875,2
vehicle,0.8717899116213865,128x64x32,53,0.96875,2
vehicle,0.8717899116213865,128x64x32,54,0.96875,2
vehicle,0.8717899116213865,128x64x32,55,0.96875,2
vehicle,0.8717899116213865,128x64x32,56,0.96875,2
vehicle,0.8717899116213865,128x64x32,57,0.96875,2
vehicle,0.8717899116213865,128x64x32,58,0.96875,2
vehicle,0.8717899116213865,128x64x32,59,0.96875,2
vehicle,0.8717899116213865,128x64x32,60,0.96875,2
vehicle,0.8717899116213865,128x64x32,61,1.0,2
vehicle,0.8717899116213865,128x64x32,62,1.0,2
vehicle,0.8717899116213865,128x64x32,63,1.0,2
vehicle,0.8717899116213865,128x64x32,64,1.0,2
vehicle,0.8717899116213865,128x64x32,65,1.0,2
vehicle,0.8717899116213865,128x64x32,66,1.0,2
vehicle,0.8717899116213865,128x64x32,67,1.0,1
vehicle,0.8717899116213865,128x64x32,68,1.0,1
vehicle,0.8717899116213865,128x64x32,69,1.0,1
vehicle,0.8717899116213865,128x64x32,70,1.0,1
vehicle,0.8717899116213865,128x64x32,71,1.0,1
vehicle,0.8717899116213865,128x64x32,72,1.0,1
vehicle,0.8717899116213865,128x64x32,73,1.0,1
vehicle,0.8717899116213865,128x64x32,74,1.0,1
vehicle,0.8717899116213865,128x64x32,75,1.0,1
vehicle,0.8717899116213865,128x64x32,76,1.0,1
vehicle,0.8717899116213865,128x64x32,77,1.0,1
vehicle,0.8717899116213865,128x64x32,78,1.0,1
vehicle,0.8717899116213865,128x64x32,79,1.0,1
vehicle,0.8717899116213865,128x64x32,80,1.0,1
vehicle,0.8717899116213865,128x64x32,81,1.0,1
vehicle,0.8717899116213865,128x64x32,82,1.0,1
vehicle,0.8717899116213865,128x64x32,83,1.0,1
vehicle,0.8717899116213865,128x64x32,84,1.0,1
vehicle,0.8717899116213865,128x64x32,85,1.0,1
vehicle,0.8717899116213865,128x64x32,86,1.0,1
vehicle,0.8717899116213865,128x64x32,87,1.0,1
vehicle,0.8717899116213865,128x64x32,88,1.0,1
vehicle,0.8717899116213865,128x64x32,89,1.0,1
vehicle,0.8717899116213865,128x64x32,90,1.0,1
vehicle,0.8717899116213865,128x64x32,91,1.0,1
vehicle,0.8717899116213865,128x64x32,92,1.0,1
vehicle,0.8717899116213865,128x64x32,93,1.0,1
vehicle,0.8717899116213865,128x64x32,94,1.0,1
vehicle,0.8717899116213865,128x64x32,95,1.0,1
vehicle,0.8717899116213865,128x64x32,96,1.0,1
vehicle,0.8717899116213865,128x64x32,97,1.0,1
vehicle,0.8717899116213865,128x64x32,98,1.0,1
vehicle,0.8717899116213865,128x64x32,99,1.0,1
vehicle,0.8717899116213865,128x64x32,100,1.0,1
vehicle,0.8717899116213865,128x64x32,101,1.0,1
vehicle,0.8717899116213865,128x64x32,102,1.0,1
vehicle,0.8717899116213865,128x64x32,103,1.0,1
vehicle,0.8717899116213865,128x64x32,104,1.0,1
vehicle,0.8717899116213865,128x64x32,105,1.0,1
vehicle,0.8717899116213865,128x64x32,106,1.0,1
wine,0.9431372549019608,128x64x32,1,0.740563153528829,130
wine,0.9431372549019608,128x64x32,2,0.8629417352048803,130
wine,0.9431372549019608,128x64x32,3,0.9205410604581614,129
wine,0.9431372549019608,128x64x32,4,0.9527119921166264,119
wine,0.9431372549019608,128x64x32,5,0.968504103966175,113
wine,0.9431372549019608,128x64x32,6,0.979620718910645,108
wine,0.9431372549019608,128x64x32,7,0.9965234354123242,99
wine,0.9431372549019608,128x64x32,8,0.9988129154795821,96
wine,0.9431372549019608,128x64x32,9,1.0,93
wine,0.9431372549019608,128x64x32,10,1.0,86
wine,0.9431372549019608,128x64x32,11,1.0,78
wine,0.9431372549019608,128x64x32,12,1.0,69
wine,0.9431372549019608,128x64x32,13,1.0,62
wine,0.9431372549019608,128x64x32,14,1.0,52
wine,0.9431372549019608,128x64x32,15,1.0,52
wine,0.9431372549019608,128x64x32,16,1.0,49
wine,0.9431372549019608,128x64x32,17,1.0,43
wine,0.9431372549019608,128x64x32,18,1.0,41
wine,0.9431372549019608,128x64x32,19,1.0,34
wine,0.9431372549019608,128x64x32,20,1.0,29
wine,0.9431372549019608,128x64x32,21,1.0,25
wine,0.9431372549019608,128x64x32,22,1.0,23
wine,0.9431372549019608,128x64x32,23,1.0,21
wine,0.9431372549019608,128x64x32,24,1.0,17
wine,0.9431372549019608,128x64x32,25,1.0,15
wine,0.9431372549019608,128x64x32,26,1.0,13
wine,0.9431372549019608,128x64x32,27,1.0,10
wine,0.9431372549019608,128x64x32,28,1.0,9
wine,0.9431372549019608,128x64x32,29,1.0,9
wine,0.9431372549019608,128x64x32,30,1.0,8
wine,0.9431372549019608,128x64x32,31,1.0,8
wine,0.9431372549019608,128x64x32,32,1.0,8
wine,0.9431372549019608,128x64x32,33,1.0,8
wine,0.9431372549019608,128x64x32,34,1.0,8
wine,0.9431372549019608,128x64x32,35,1.0,7
wine,0.9431372549019608,128x64x32,36,1.0,7
wine,0.9431372549019608,128x64x32,37,1.0,6
wine,0.9431372549019608,128x64x32,38,1.0,6
wine,0.9431372549019608,128x64x32,39,1.0,6
wine,0.9431372549019608,128x64x32,40,1.0,6
wine,0.9431372549019608,128x64x32,41,1.0,5
wine,0.9431372549019608,128x64x32,42,1.0,5
wine,0.9431372549019608,128x64x32,43,1.0,4
wine,0.9431372549019608,128x64x32,44,1.0,4
wine,0.9431372549019608,128x64x32,45,1.0,3
wine,0.9431372549019608,128x64x32,46,1.0,3
wine,0.9431372549019608,128x64x32,47,1.0,2
wine,0.9431372549019608,128x64x32,48,1.0,2
wine,0.9431372549019608,128x64x32,49,1.0,2
wine,0.9431372549019608,128x64x32,50,1.0,2
wine,0.9431372549019608,128x64x32,51,1.0,1
wine,0.9431372549019608,128x64x32,52,1.0,1
wine,0.9431372549019608,128x64x32,53,1.0,1
