dataset,seed,model,query_index,class,constraints,contains_query,ref_count,ref_success,precision,coverage,evaluable,projection_ms,numerical_mask_disagreements,frozen_score_max_error,gate_count,gate_success
iris,0,tree,4,0,2,1,11,11,1.0,0.44,1,0.040399987483397126,0,0.0,,
iris,0,tree,38,0,2,1,11,11,1.0,0.44,1,0.021700005163438618,0,0.0,,
iris,0,tree,66,1,2,1,9,9,1.0,0.36,1,0.016599995433352888,0,0.0,,
iris,0,tree,76,1,2,1,9,9,1.0,0.36,1,0.013299999409355223,0,0.0,,
iris,0,tree,80,1,2,1,9,9,1.0,0.36,1,0.01309999788645655,0,0.0,,
iris,0,linear,4,0,1,1,10,10,1.0,0.4,1,0.10370000381954014,0,0.0,,
iris,0,linear,38,0,1,1,10,10,1.0,0.4,1,0.09020000288728625,0,0.0,,
iris,0,linear,66,1,1,1,15,15,1.0,0.6,1,0.09599998884368688,0,0.0,,
iris,0,linear,76,1,1,1,15,15,1.0,0.6,1,0.09600000339560211,0,0.0,,
iris,0,linear,80,1,1,1,15,15,1.0,0.6,1,0.09529999806545675,0,0.0,,
iris,0,relu,4,0,33,1,0,0,,0.0,0,2.6343000063207,0,0.0,0.0,0.0
iris,0,relu,38,0,33,1,1,1,1.0,0.04,1,0.10380000458098948,0,1.9442106413691818e-07,1.0,1.0
iris,0,relu,66,1,33,1,0,0,,0.0,0,0.07040001219138503,0,0.0,0.0,0.0
iris,0,relu,76,1,33,1,0,0,,0.0,0,0.20810001296922565,0,0.0,0.0,0.0
iris,0,relu,80,1,33,1,0,0,,0.0,0,0.09420000424142927,0,0.0,0.0,0.0
iris,1,tree,31,0,2,1,11,11,1.0,0.44,1,0.026200010324828327,0,0.0,,
iris,1,tree,34,0,2,1,11,11,1.0,0.44,1,0.014900011592544615,0,0.0,,
iris,1,tree,37,0,2,1,11,11,1.0,0.44,1,0.012900010915473104,0,0.0,,
iris,1,tree,79,1,2,1,12,12,1.0,0.48,1,0.013800003216601908,0,0.0,,
iris,1,tree,92,0,3,1,0,0,,0.0,0,0.01750000228639692,0,0.0,,
iris,1,linear,31,0,1,1,11,11,1.0,0.44,1,0.10809999366756529,0,0.0,,
iris,1,linear,34,0,1,1,11,11,1.0,0.44,1,0.09359999967273325,0,0.0,,
iris,1,linear,37,0,1,1,11,11,1.0,0.44,1,0.08699999307282269,0,0.0,,
iris,1,linear,79,1,1,1,14,14,1.0,0.56,1,0.08209999941755086,0,0.0,,
iris,1,linear,92,1,1,1,14,14,1.0,0.56,1,0.08279999019578099,0,0.0,,
iris,1,relu,31,0,33,1,1,1,1.0,0.04,1,0.12660000356845558,0,2.9969829995479813e-07,1.0,1.0
iris,1,relu,34,0,33,1,0,0,,0.0,0,0.0830000062705949,0,0.0,0.0,0.0
iris,1,relu,37,0,33,1,0,0,,0.0,0,0.07529999129474163,0,0.0,0.0,0.0
iris,1,relu,79,1,33,1,0,0,,0.0,0,0.07140000525396317,0,0.0,0.0,0.0
iris,1,relu,92,1,33,1,0,0,,0.0,0,0.07100000220816582,0,0.0,0.0,0.0
iris,2,tree,4,0,1,1,12,12,1.0,0.48,1,0.026000008801929653,0,0.0,,
iris,2,tree,25,0,1,1,12,12,1.0,0.48,1,0.01340000017080456,0,0.0,,
iris,2,tree,26,0,4,1,0,0,,0.0,0,0.025000001187436283,0,0.0,,
iris,2,tree,54,1,2,1,12,12,1.0,0.48,1,0.015699988580308855,0,0.0,,
iris,2,tree,67,1,2,1,12,12,1.0,0.48,1,0.01440000778529793,0,0.0,,
iris,2,linear,4,0,1,1,12,12,1.0,0.48,1,0.109200002043508,0,0.0,,
iris,2,linear,25,0,1,1,12,12,1.0,0.48,1,0.0965999934123829,0,0.0,,
iris,2,linear,26,0,1,1,12,12,1.0,0.48,1,0.09349999891128391,0,0.0,,
iris,2,linear,54,1,1,1,13,13,1.0,0.52,1,0.09440000576432794,0,0.0,,
iris,2,linear,67,1,1,1,13,13,1.0,0.52,1,0.09119999594986439,0,0.0,,
iris,2,relu,4,0,33,1,0,0,,0.0,0,0.1041999930748716,0,0.0,0.0,0.0
iris,2,relu,25,0,33,1,0,0,,0.0,0,0.07280000136233866,0,0.0,0.0,0.0
iris,2,relu,26,0,33,1,0,0,,0.0,0,0.066100008552894,0,0.0,0.0,0.0
iris,2,relu,54,1,33,1,2,2,1.0,0.08,1,0.0720000098226592,0,7.344356021121712e-07,2.0,2.0
iris,2,relu,67,1,33,1,0,0,,0.0,0,0.06469999789260328,0,0.0,0.0,0.0
iris,3,tree,26,1,2,1,11,11,1.0,0.44,1,0.029700007871724665,0,0.0,,
iris,3,tree,36,0,1,1,11,11,1.0,0.44,1,0.012900010915473104,0,0.0,,
iris,3,tree,54,1,2,1,11,11,1.0,0.44,1,0.01410000550094992,0,0.0,,
iris,3,tree,64,1,4,1,1,1,1.0,0.04,1,0.021200001356191933,0,0.0,,
iris,3,tree,71,1,4,1,1,1,1.0,0.04,1,0.020199993741698563,0,0.0,,
iris,3,linear,26,0,1,1,11,11,1.0,0.44,1,0.1584999990882352,0,0.0,,
iris,3,linear,36,0,1,1,11,11,1.0,0.44,1,0.1145999995060265,0,0.0,,
iris,3,linear,54,1,1,1,14,14,1.0,0.56,1,0.10849999671336263,0,0.0,,
iris,3,linear,64,1,1,1,14,14,1.0,0.56,1,0.10350000229664147,0,0.0,,
iris,3,linear,71,1,1,1,14,14,1.0,0.56,1,0.10189999011345208,0,0.0,,
iris,3,relu,26,1,33,1,0,0,,0.0,0,0.1120000088121742,0,0.0,0.0,0.0
iris,3,relu,36,0,33,1,0,0,,0.0,0,0.07780001033097506,0,0.0,0.0,0.0
iris,3,relu,54,1,33,1,1,1,1.0,0.04,1,0.08030000026337802,0,1.616756097888583e-07,1.0,1.0
iris,3,relu,64,1,33,1,0,0,,0.0,0,0.07330000516958535,0,0.0,0.0,0.0
iris,3,relu,71,1,33,1,0,0,,0.0,0,0.07020001066848636,0,0.0,0.0,0.0
iris,4,tree,0,0,1,1,10,10,1.0,0.4,1,0.02469999890308827,0,0.0,,
iris,4,tree,33,0,3,1,1,1,1.0,0.04,1,0.022200008970685303,0,0.0,,
iris,4,tree,40,0,1,1,10,10,1.0,0.4,1,0.011000010999850929,0,0.0,,
iris,4,tree,55,1,2,1,13,13,1.0,0.52,1,0.015099998563528061,0,0.0,,
iris,4,tree,56,0,1,1,10,10,1.0,0.4,1,0.010500007192604244,0,0.0,,
iris,4,linear,0,0,1,1,11,11,1.0,0.44,1,0.1083999959519133,0,0.0,,
iris,4,linear,33,1,1,1,14,14,1.0,0.56,1,0.10720000136643648,0,0.0,,
iris,4,linear,40,0,1,1,11,11,1.0,0.44,1,0.09490000957157463,0,0.0,,
iris,4,linear,55,1,1,1,14,14,1.0,0.56,1,0.09359999967273325,0,0.0,,
iris,4,linear,56,0,1,1,11,11,1.0,0.44,1,0.09180000051856041,0,0.0,,
iris,4,relu,0,0,33,1,0,0,,0.0,0,0.12159999459981918,0,0.0,0.0,0.0
iris,4,relu,33,1,33,1,0,0,,0.0,0,0.08019999950192869,0,0.0,0.0,0.0
iris,4,relu,40,0,33,1,0,0,,0.0,0,0.07330000516958535,0,0.0,0.0,0.0
iris,4,relu,55,1,33,1,0,0,,0.0,0,0.07069999992381781,0,0.0,0.0,0.0
iris,4,relu,56,1,33,1,0,0,,0.0,0,0.06949999078642577,0,0.0,0.0,0.0
wine,0,tree,2,0,2,1,17,17,1.0,0.5151515151515151,1,0.030099996365606785,0,0.0,,
wine,0,tree,46,0,2,1,17,17,1.0,0.5151515151515151,1,0.018499995348975062,0,0.0,,
wine,0,tree,49,0,2,1,17,17,1.0,0.5151515151515151,1,0.015199999324977398,0,0.0,,
wine,0,tree,64,1,1,1,14,14,1.0,0.42424242424242425,1,0.012300006346777081,0,0.0,,
wine,0,tree,84,1,1,1,14,14,1.0,0.42424242424242425,1,0.01069999416358769,0,0.0,,
wine,0,tree,121,1,2,1,2,2,1.0,0.06060606060606061,1,0.020699997548945248,0,0.0,,
wine,0,tree,126,1,2,1,2,2,1.0,0.06060606060606061,1,0.01440000778529793,0,0.0,,
wine,0,linear,2,0,1,1,17,17,1.0,0.5151515151515151,1,0.12660000356845558,0,0.0,,
wine,0,linear,46,0,1,1,17,17,1.0,0.5151515151515151,1,0.1010000123642385,0,0.0,,
wine,0,linear,49,0,1,1,17,17,1.0,0.5151515151515151,1,0.09410000347997993,0,0.0,,
wine,0,linear,64,1,1,1,16,16,1.0,0.48484848484848486,1,0.09129999671131372,0,0.0,,
wine,0,linear,84,1,1,1,16,16,1.0,0.48484848484848486,1,0.09109999518841505,0,0.0,,
wine,0,linear,121,1,1,1,16,16,1.0,0.48484848484848486,1,0.09109999518841505,0,0.0,,
wine,0,linear,126,1,1,1,16,16,1.0,0.48484848484848486,1,0.09119999594986439,0,0.0,,
wine,0,relu,2,0,33,1,0,0,,0.0,0,0.12280000373721123,0,0.0,0.0,0.0
wine,0,relu,46,0,33,1,0,0,,0.0,0,0.08430000161752105,0,0.0,0.0,0.0
wine,0,relu,49,0,33,1,1,1,1.0,0.030303030303030304,1,0.08299999171867967,0,2.521193330551341e-06,1.0,1.0
wine,0,relu,64,1,33,1,0,0,,0.0,0,0.07860000187065452,0,0.0,0.0,0.0
wine,0,relu,84,1,33,1,0,0,,0.0,0,0.08480000542476773,0,0.0,0.0,0.0
wine,0,relu,121,1,33,1,0,0,,0.0,0,0.076299998909235,0,0.0,0.0,0.0
wine,0,relu,126,1,33,1,0,0,,0.0,0,0.07330000516958535,0,0.0,0.0,0.0
wine,1,tree,9,0,2,1,14,14,1.0,0.42424242424242425,1,0.028099995688535273,0,0.0,,
wine,1,tree,24,0,2,1,14,14,1.0,0.42424242424242425,1,0.016999998479150236,0,0.0,,
wine,1,tree,54,0,2,1,14,14,1.0,0.42424242424242425,1,0.014500008546747267,0,0.0,,
wine,1,tree,73,1,2,1,2,2,1.0,0.06060606060606061,1,0.014999997802078724,0,0.0,,
wine,1,tree,89,1,1,1,17,17,1.0,0.5151515151515151,1,0.010500007192604244,0,0.0,,
wine,1,tree,92,1,1,1,17,17,1.0,0.5151515151515151,1,0.010100004146806896,0,0.0,,
wine,1,tree,102,1,1,1,17,17,1.0,0.5151515151515151,1,0.010100004146806896,0,0.0,,
wine,1,linear,9,0,1,1,16,16,1.0,0.48484848484848486,1,0.10960000508930534,0,0.0,,
wine,1,linear,24,0,1,1,16,16,1.0,0.48484848484848486,1,0.09440000576432794,0,0.0,,
wine,1,linear,54,0,1,1,16,16,1.0,0.48484848484848486,1,0.0914999982342124,0,0.0,,
wine,1,linear,73,0,1,1,16,16,1.0,0.48484848484848486,1,0.09050000517163426,0,0.0,,
wine,1,linear,89,1,1,1,17,17,1.0,0.5151515151515151,1,0.09000000136438757,0,0.0,,
wine,1,linear,92,1,1,1,17,17,1.0,0.5151515151515151,1,0.09120001050177962,0,0.0,,
wine,1,linear,102,1,1,1,17,17,1.0,0.5151515151515151,1,0.0872999953571707,0,0.0,,
wine,1,relu,9,0,33,1,0,0,,0.0,0,0.12589999823831022,0,0.0,0.0,0.0
wine,1,relu,24,0,33,1,0,0,,0.0,0,0.08800000068731606,0,0.0,0.0,0.0
wine,1,relu,54,0,33,1,0,0,,0.0,0,0.0805000017862767,0,0.0,0.0,0.0
wine,1,relu,73,1,33,1,0,0,,0.0,0,0.07810001261532307,0,0.0,0.0,0.0
wine,1,relu,89,1,33,1,0,0,,0.0,0,0.07610001193825155,0,0.0,0.0,0.0
wine,1,relu,92,1,33,1,1,1,1.0,0.030303030303030304,1,0.08270000398624688,0,3.2644459224684397e-07,1.0,1.0
wine,1,relu,102,1,33,1,0,0,,0.0,0,0.07729999197181314,0,0.0,0.0,0.0
wine,2,tree,8,0,2,1,19,19,1.0,0.5757575757575758,1,0.029399991035461426,0,0.0,,
wine,2,tree,44,0,2,1,19,19,1.0,0.5757575757575758,1,0.0168999977177009,0,0.0,,
wine,2,tree,47,0,2,1,19,19,1.0,0.5757575757575758,1,0.01479999627918005,0,0.0,,
wine,2,tree,77,1,1,1,13,13,1.0,0.3939393939393939,1,0.01239999255631119,0,0.0,,
wine,2,tree,100,1,1,1,13,13,1.0,0.3939393939393939,1,0.010400006431154907,0,0.0,,
wine,2,tree,120,1,1,1,13,13,1.0,0.3939393939393939,1,0.010299991117790341,0,0.0,,
wine,2,tree,127,1,1,1,13,13,1.0,0.3939393939393939,1,0.01030000566970557,0,0.0,,
wine,2,linear,8,0,1,1,15,15,1.0,0.45454545454545453,1,0.1100999943446368,0,0.0,,
wine,2,linear,44,0,1,1,15,15,1.0,0.45454545454545453,1,0.09590000263415277,0,0.0,,
wine,2,linear,47,0,1,1,15,15,1.0,0.45454545454545453,1,0.09210000280290842,0,0.0,,
wine,2,linear,77,1,1,1,18,18,1.0,0.5454545454545454,1,0.09190000128000975,0,0.0,,
wine,2,linear,100,1,1,1,18,18,1.0,0.5454545454545454,1,0.09350001346319914,0,0.0,,
wine,2,linear,120,1,1,1,18,18,1.0,0.5454545454545454,1,0.09269999281968921,0,0.0,,
wine,2,linear,127,1,1,1,18,18,1.0,0.5454545454545454,1,0.09269999281968921,0,0.0,,
wine,2,relu,8,0,33,1,0,0,,0.0,0,0.11970000923611224,0,0.0,0.0,0.0
wine,2,relu,44,0,33,1,0,0,,0.0,0,0.08290000550914556,0,0.0,0.0,0.0
wine,2,relu,47,0,33,1,0,0,,0.0,0,0.0782000133767724,0,0.0,0.0,0.0
wine,2,relu,77,1,33,1,0,0,,0.0,0,0.07510000432375818,0,0.0,0.0,0.0
wine,2,relu,100,1,33,1,0,0,,0.0,0,0.07329999061767012,0,0.0,0.0,0.0
wine,2,relu,120,1,33,1,0,0,,0.0,0,0.0686999992467463,0,0.0,0.0,0.0
wine,2,relu,127,1,33,1,0,0,,0.0,0,0.06479999865405262,0,0.0,0.0,0.0
wine,3,tree,17,0,2,1,18,18,1.0,0.5454545454545454,1,0.029799994081258774,0,0.0,,
wine,3,tree,25,0,2,1,18,18,1.0,0.5454545454545454,1,0.016999998479150236,0,0.0,,
wine,3,tree,42,0,2,1,18,18,1.0,0.5454545454545454,1,0.014399993233382702,0,0.0,,
wine,3,tree,77,1,2,1,14,14,1.0,0.42424242424242425,1,0.01610000617802143,0,0.0,,
wine,3,tree,81,1,2,1,14,14,1.0,0.42424242424242425,1,0.014200006262399256,0,0.0,,
wine,3,tree,97,1,2,1,14,14,1.0,0.42424242424242425,1,0.01409999094903469,0,0.0,,
wine,3,tree,118,0,3,1,0,0,,0.0,0,0.018300008377991617,0,0.0,,
wine,3,linear,17,0,1,1,16,16,1.0,0.48484848484848486,1,0.11839999933727086,0,0.0,,
wine,3,linear,25,0,1,1,16,16,1.0,0.48484848484848486,1,0.08939999679569155,0,0.0,,
wine,3,linear,42,0,1,1,16,16,1.0,0.48484848484848486,1,0.08699999307282269,0,0.0,,
wine,3,linear,77,1,1,1,17,17,1.0,0.5151515151515151,1,0.08329999400302768,0,0.0,,
wine,3,linear,81,1,1,1,17,17,1.0,0.5151515151515151,1,0.08359999628737569,0,0.0,,
wine,3,linear,97,1,1,1,17,17,1.0,0.5151515151515151,1,0.08399999933317304,0,0.0,,
wine,3,linear,118,1,1,1,17,17,1.0,0.5151515151515151,1,0.08250000246334821,0,0.0,,
wine,3,relu,17,0,33,1,0,0,,0.0,0,0.12339999375399202,0,0.0,0.0,0.0
wine,3,relu,25,1,33,1,0,0,,0.0,0,0.0799000117694959,0,0.0,0.0,0.0
wine,3,relu,42,0,33,1,0,0,,0.0,0,0.07449999975506216,0,0.0,0.0,0.0
wine,3,relu,77,1,33,1,0,0,,0.0,0,0.072900002123788,0,0.0,0.0,0.0
wine,3,relu,81,0,33,1,0,0,,0.0,0,0.07199999527074397,0,0.0,0.0,0.0
wine,3,relu,97,1,33,1,0,0,,0.0,0,0.07110000296961516,0,0.0,0.0,0.0
wine,3,relu,118,1,33,1,0,0,,0.0,0,0.06990000838413835,0,0.0,0.0,0.0
wine,4,tree,6,0,1,1,21,21,1.0,0.6363636363636364,1,0.02519998815841973,0,0.0,,
wine,4,tree,20,0,1,1,21,21,1.0,0.6363636363636364,1,0.013299999409355223,0,0.0,,
wine,4,tree,57,0,1,1,21,21,1.0,0.6363636363636364,1,0.011099997209385037,0,0.0,,
wine,4,tree,61,1,1,1,12,12,1.0,0.36363636363636365,1,0.01170000177808106,0,0.0,,
wine,4,tree,62,0,1,1,21,21,1.0,0.6363636363636364,1,0.010499992640689015,0,0.0,,
wine,4,tree,72,0,1,1,21,21,1.0,0.6363636363636364,1,0.010499992640689015,0,0.0,,
wine,4,tree,78,1,1,1,12,12,1.0,0.36363636363636365,1,0.010500007192604244,0,0.0,,
wine,4,linear,6,0,1,1,17,17,1.0,0.5151515151515151,1,0.1053000014508143,0,0.0,,
wine,4,linear,20,0,1,1,17,17,1.0,0.5151515151515151,1,0.09140001202467829,0,0.0,,
wine,4,linear,57,0,1,1,17,17,1.0,0.5151515151515151,1,0.09010000212583691,0,0.0,,
wine,4,linear,61,1,1,1,16,16,1.0,0.48484848484848486,1,0.08879999222699553,0,0.0,,
wine,4,linear,62,1,1,1,16,16,1.0,0.48484848484848486,1,0.08830000297166407,0,0.0,,
wine,4,linear,72,1,1,1,16,16,1.0,0.48484848484848486,1,0.08859999070409685,0,0.0,,
wine,4,linear,78,1,1,1,16,16,1.0,0.48484848484848486,1,0.08840000373311341,0,0.0,,
wine,4,relu,6,0,33,1,0,0,,0.0,0,0.10869999823626131,0,0.0,0.0,0.0
wine,4,relu,20,0,33,1,0,0,,0.0,0,0.07420001202262938,0,0.0,0.0,0.0
wine,4,relu,57,0,33,1,0,0,,0.0,0,0.06830001075286418,0,0.0,0.0,0.0
wine,4,relu,61,1,33,1,0,0,,0.0,0,0.06659999780822545,0,0.0,0.0,0.0
wine,4,relu,62,1,33,1,0,0,,0.0,0,0.06760000542271882,0,0.0,0.0,0.0
wine,4,relu,72,1,33,1,0,0,,0.0,0,0.06539998867083341,0,0.0,0.0,0.0
wine,4,relu,78,1,33,1,0,0,,0.0,0,0.06429999484680593,0,0.0,0.0,0.0
breast_cancer,0,tree,8,0,3,1,5,5,1.0,0.035211267605633804,1,0.03519999154377729,0,0.0,,
breast_cancer,0,tree,39,1,3,1,5,5,1.0,0.035211267605633804,1,0.029699993319809437,0,0.0,,
breast_cancer,0,tree,46,1,3,1,84,84,1.0,0.5915492957746479,1,0.023100001271814108,0,0.0,,
breast_cancer,0,tree,68,1,3,1,5,5,1.0,0.035211267605633804,1,0.018699996871873736,0,0.0,,
breast_cancer,0,tree,100,1,3,1,84,84,1.0,0.5915492957746479,1,0.01930000144056976,0,0.0,,
breast_cancer,0,tree,105,0,3,1,5,5,1.0,0.035211267605633804,1,0.018399994587525725,0,0.0,,
breast_cancer,0,tree,116,1,3,1,84,84,1.0,0.5915492957746479,1,0.018499995348975062,0,0.0,,
breast_cancer,0,tree,151,1,3,1,84,84,1.0,0.5915492957746479,1,0.018000006093643606,0,0.0,,
breast_cancer,0,tree,161,0,2,1,46,46,1.0,0.323943661971831,1,0.016300007700920105,0,0.0,,
breast_cancer,0,tree,170,1,3,1,84,84,1.0,0.5915492957746479,1,0.01819999306462705,0,0.0,,
breast_cancer,0,tree,217,1,3,1,84,84,1.0,0.5915492957746479,1,0.01819999306462705,0,0.0,,
breast_cancer,0,tree,251,1,3,1,84,84,1.0,0.5915492957746479,1,0.018000006093643606,0,0.0,,
breast_cancer,0,tree,254,0,2,1,46,46,1.0,0.323943661971831,1,0.015099998563528061,0,0.0,,
breast_cancer,0,tree,267,1,3,1,84,84,1.0,0.5915492957746479,1,0.018099992303177714,0,0.0,,
breast_cancer,0,tree,280,0,2,1,46,46,1.0,0.323943661971831,1,0.014699995517730713,0,0.0,,
breast_cancer,0,tree,318,1,3,1,84,84,1.0,0.5915492957746479,1,0.018300008377991617,0,0.0,,
breast_cancer,0,tree,347,0,2,1,46,46,1.0,0.323943661971831,1,0.01340000017080456,0,0.0,,
breast_cancer,0,tree,483,1,3,1,84,84,1.0,0.5915492957746479,1,0.019400002202019095,0,0.0,,
breast_cancer,0,tree,492,0,2,1,46,46,1.0,0.323943661971831,1,0.014699995517730713,0,0.0,,
breast_cancer,0,tree,558,1,3,1,84,84,1.0,0.5915492957746479,1,0.018000006093643606,0,0.0,,
breast_cancer,0,linear,8,0,1,1,53,53,1.0,0.3732394366197183,1,0.11160000576637685,0,0.0,,
breast_cancer,0,linear,39,0,1,1,53,53,1.0,0.3732394366197183,1,0.09000000136438757,0,0.0,,
breast_cancer,0,linear,46,1,1,1,89,89,1.0,0.6267605633802817,1,0.0906000059330836,0,0.0,,
breast_cancer,0,linear,68,1,1,1,89,89,1.0,0.6267605633802817,1,0.08499999239575118,0,0.0,,
breast_cancer,0,linear,100,0,1,1,53,53,1.0,0.3732394366197183,1,0.0864000030560419,0,0.0,,
breast_cancer,0,linear,105,0,1,1,53,53,1.0,0.3732394366197183,1,0.0847999908728525,0,0.0,,
breast_cancer,0,linear,116,1,1,1,89,89,1.0,0.6267605633802817,1,0.08489999163430184,0,0.0,,
breast_cancer,0,linear,151,1,1,1,89,89,1.0,0.6267605633802817,1,0.08450000314041972,0,0.0,,
breast_cancer,0,linear,161,0,1,1,53,53,1.0,0.3732394366197183,1,0.08489999163430184,0,0.0,,
breast_cancer,0,linear,170,1,1,1,89,89,1.0,0.6267605633802817,1,0.08339999476447701,0,0.0,,
breast_cancer,0,linear,217,1,1,1,89,89,1.0,0.6267605633802817,1,0.0838999985717237,0,0.0,,
breast_cancer,0,linear,251,1,1,1,89,89,1.0,0.6267605633802817,1,0.08460000390186906,0,0.0,,
breast_cancer,0,linear,254,0,1,1,53,53,1.0,0.3732394366197183,1,0.08410000009462237,0,0.0,,
breast_cancer,0,linear,267,1,1,1,89,89,1.0,0.6267605633802817,1,0.08340000931639224,0,0.0,,
breast_cancer,0,linear,280,0,1,1,53,53,1.0,0.3732394366197183,1,0.08410000009462237,0,0.0,,
breast_cancer,0,linear,318,1,1,1,89,89,1.0,0.6267605633802817,1,0.08209999941755086,0,0.0,,
breast_cancer,0,linear,347,1,1,1,89,89,1.0,0.6267605633802817,1,0.08299999171867967,0,0.0,,
breast_cancer,0,linear,483,1,1,1,89,89,1.0,0.6267605633802817,1,0.08359999628737569,0,0.0,,
breast_cancer,0,linear,492,0,1,1,53,53,1.0,0.3732394366197183,1,0.08600000001024455,0,0.0,,
breast_cancer,0,linear,558,1,1,1,89,89,1.0,0.6267605633802817,1,0.09339999814983457,0,0.0,,
breast_cancer,0,relu,8,0,33,1,0,0,,0.0,0,0.15779999375808984,0,0.0,0.0,0.0
breast_cancer,0,relu,39,0,33,1,0,0,,0.0,0,0.10479999764356762,0,0.0,0.0,0.0
breast_cancer,0,relu,46,1,33,1,5,5,1.0,0.035211267605633804,1,0.10409999231342226,0,1.7744624258853037e-06,5.0,5.0
breast_cancer,0,relu,68,1,33,1,0,0,,0.0,0,0.09190000128000975,0,0.0,0.0,0.0
breast_cancer,0,relu,100,0,33,1,0,0,,0.0,0,0.08879999222699553,0,0.0,0.0,0.0
breast_cancer,0,relu,105,0,33,1,0,0,,0.0,0,0.08870000601746142,0,0.0,0.0,0.0
breast_cancer,0,relu,116,1,33,1,0,0,,0.0,0,0.0909000082174316,0,0.0,0.0,0.0
breast_cancer,0,relu,151,1,33,1,0,0,,0.0,0,0.09299999510403723,0,0.0,0.0,0.0
breast_cancer,0,relu,161,0,33,1,0,0,,0.0,0,0.09019998833537102,0,0.0,0.0,0.0
breast_cancer,0,relu,170,1,33,1,5,5,1.0,0.035211267605633804,1,0.09270000737160444,0,1.7744624258853037e-06,5.0,5.0
breast_cancer,0,relu,217,1,33,1,3,3,1.0,0.02112676056338028,1,0.09330001194030046,0,7.786216826843884e-07,3.0,3.0
breast_cancer,0,relu,251,1,33,1,8,8,1.0,0.056338028169014086,1,0.09420000424142927,0,1.3530283808904642e-06,8.0,8.0
breast_cancer,0,relu,254,0,33,1,10,10,1.0,0.07042253521126761,1,0.09309999586548656,0,2.6044410574854737e-06,10.0,10.0
breast_cancer,0,relu,267,1,33,1,0,0,,0.0,0,0.08900000830180943,0,0.0,0.0,0.0
breast_cancer,0,relu,280,0,33,1,1,1,1.0,0.007042253521126761,1,0.09180000051856041,0,7.583533871979853e-07,1.0,1.0
breast_cancer,0,relu,318,1,33,1,0,0,,0.0,0,0.08769999840296805,0,0.0,0.0,0.0
breast_cancer,0,relu,347,1,33,1,0,0,,0.0,0,0.08759999764151871,0,0.0,0.0,0.0
breast_cancer,0,relu,483,1,33,1,2,2,1.0,0.014084507042253521,1,0.09529999806545675,0,2.9963962333567906e-07,2.0,2.0
breast_cancer,0,relu,492,0,33,1,0,0,,0.0,0,0.09000000136438757,0,0.0,0.0,0.0
breast_cancer,0,relu,558,1,33,1,0,0,,0.0,0,0.09000000136438757,0,0.0,0.0,0.0
breast_cancer,1,tree,24,0,3,1,44,44,1.0,0.30985915492957744,1,0.03399999695830047,0,0.0,,
breast_cancer,1,tree,35,0,3,1,44,44,1.0,0.30985915492957744,1,0.02099999983329326,0,0.0,,
breast_cancer,1,tree,141,1,3,1,1,1,1.0,0.007042253521126761,1,0.020399995264597237,0,0.0,,
breast_cancer,1,tree,145,1,5,1,71,71,1.0,0.5,1,0.026699999580159783,0,0.0,,
breast_cancer,1,tree,164,0,3,1,44,44,1.0,0.30985915492957744,1,0.01820000761654228,0,0.0,,
breast_cancer,1,tree,179,1,5,1,71,71,1.0,0.5,1,0.02519998815841973,0,0.0,,
breast_cancer,1,tree,186,0,4,1,1,1,1.0,0.007042253521126761,1,0.02160000440198928,0,0.0,,
breast_cancer,1,tree,216,1,5,1,71,71,1.0,0.5,1,0.025200002710334957,0,0.0,,
breast_cancer,1,tree,220,1,5,1,71,71,1.0,0.5,1,0.025200002710334957,0,0.0,,
breast_cancer,1,tree,264,0,3,1,44,44,1.0,0.30985915492957744,1,0.018000006093643606,0,0.0,,
breast_cancer,1,tree,274,0,3,1,4,4,1.0,0.028169014084507043,1,0.01790000533219427,0,0.0,,
breast_cancer,1,tree,301,1,5,1,71,71,1.0,0.5,1,0.02510000194888562,0,0.0,,
breast_cancer,1,tree,312,1,5,1,71,71,1.0,0.5,1,0.024900000425986946,0,0.0,,
breast_cancer,1,tree,334,1,5,1,71,71,1.0,0.5,1,0.025399989681318402,0,0.0,,
breast_cancer,1,tree,378,1,5,1,71,71,1.0,0.5,1,0.025000001187436283,0,0.0,,
breast_cancer,1,tree,395,1,5,1,71,71,1.0,0.5,1,0.024900000425986946,0,0.0,,
breast_cancer,1,tree,458,1,5,1,71,71,1.0,0.5,1,0.024900000425986946,0,0.0,,
breast_cancer,1,tree,535,0,3,1,44,44,1.0,0.30985915492957744,1,0.01790000533219427,0,0.0,,
breast_cancer,1,tree,540,1,5,1,71,71,1.0,0.5,1,0.03429999924264848,0,0.0,,
breast_cancer,1,tree,550,1,5,1,71,71,1.0,0.5,1,0.025200002710334957,0,0.0,,
breast_cancer,1,linear,24,0,1,1,51,51,1.0,0.3591549295774648,1,0.12260000221431255,0,0.0,,
breast_cancer,1,linear,35,0,1,1,51,51,1.0,0.3591549295774648,1,0.10649999603629112,0,0.0,,
breast_cancer,1,linear,141,0,1,1,51,51,1.0,0.3591549295774648,1,0.102700010756962,0,0.0,,
breast_cancer,1,linear,145,1,1,1,91,91,1.0,0.6408450704225352,1,0.09500001033302397,0,0.0,,
breast_cancer,1,linear,164,0,1,1,51,51,1.0,0.3591549295774648,1,0.09419998968951404,0,0.0,,
breast_cancer,1,linear,179,1,1,1,91,91,1.0,0.6408450704225352,1,0.09469999349676073,0,0.0,,
breast_cancer,1,linear,186,0,1,1,51,51,1.0,0.3591549295774648,1,0.09270000737160444,0,0.0,,
breast_cancer,1,linear,216,1,1,1,91,91,1.0,0.6408450704225352,1,0.0914999982342124,0,0.0,,
breast_cancer,1,linear,220,1,1,1,91,91,1.0,0.6408450704225352,1,0.09110000974033028,0,0.0,,
breast_cancer,1,linear,264,0,1,1,51,51,1.0,0.3591549295774648,1,0.09099999442696571,0,0.0,,
breast_cancer,1,linear,274,0,1,1,51,51,1.0,0.3591549295774648,1,0.08860000525601208,0,0.0,,
breast_cancer,1,linear,301,1,1,1,91,91,1.0,0.6408450704225352,1,0.08930001058615744,0,0.0,,
breast_cancer,1,linear,312,1,1,1,91,91,1.0,0.6408450704225352,1,0.0897999998414889,0,0.0,,
breast_cancer,1,linear,334,1,1,1,91,91,1.0,0.6408450704225352,1,0.08990000060293823,0,0.0,,
breast_cancer,1,linear,378,1,1,1,91,91,1.0,0.6408450704225352,1,0.09349999891128391,0,0.0,,
breast_cancer,1,linear,395,1,1,1,91,91,1.0,0.6408450704225352,1,0.0940999889280647,0,0.0,,
breast_cancer,1,linear,458,1,1,1,91,91,1.0,0.6408450704225352,1,0.09270000737160444,0,0.0,,
breast_cancer,1,linear,535,0,1,1,51,51,1.0,0.3591549295774648,1,0.10479999764356762,0,0.0,,
breast_cancer,1,linear,540,1,1,1,91,91,1.0,0.6408450704225352,1,0.08680000610183924,0,0.0,,
breast_cancer,1,linear,550,1,1,1,91,91,1.0,0.6408450704225352,1,0.09349999891128391,0,0.0,,
breast_cancer,1,relu,24,0,33,1,5,5,1.0,0.035211267605633804,1,0.14040000678505749,0,2.14595171144083e-06,5.0,5.0
breast_cancer,1,relu,35,0,33,1,0,0,,0.0,0,0.09370000043418258,0,0.0,0.0,0.0
breast_cancer,1,relu,141,0,33,1,5,5,1.0,0.035211267605633804,1,0.08990000060293823,0,2.14595171144083e-06,5.0,5.0
breast_cancer,1,relu,145,1,33,1,1,1,1.0,0.007042253521126761,1,0.08849998994264752,0,1.0440368569675229e-07,1.0,1.0
breast_cancer,1,relu,164,0,33,1,5,5,1.0,0.035211267605633804,1,0.08800000068731606,0,5.0038304095778585e-06,5.0,5.0
breast_cancer,1,relu,179,1,33,1,0,0,,0.0,0,0.09420000424142927,0,0.0,0.0,0.0
breast_cancer,1,relu,186,0,33,1,0,0,,0.0,0,0.08700000762473792,0,0.0,0.0,0.0
breast_cancer,1,relu,216,1,33,1,0,0,,0.0,0,0.09729999874252826,0,0.0,0.0,0.0
breast_cancer,1,relu,220,1,33,1,0,0,,0.0,0,0.09350001346319914,0,0.0,0.0,0.0
breast_cancer,1,relu,264,0,33,1,5,5,1.0,0.035211267605633804,1,0.09630000567995012,0,2.14595171144083e-06,5.0,5.0
breast_cancer,1,relu,274,0,33,1,0,0,,0.0,0,0.09129999671131372,0,0.0,0.0,0.0
breast_cancer,1,relu,301,1,33,1,0,0,,0.0,0,0.09429999045096338,0,0.0,0.0,0.0
breast_cancer,1,relu,312,1,33,1,0,0,,0.0,0,0.08520000847056508,0,0.0,0.0,0.0
breast_cancer,1,relu,334,1,33,1,0,0,,0.0,0,0.08480000542476773,0,0.0,0.0,0.0
breast_cancer,1,relu,378,1,33,1,1,1,1.0,0.007042253521126761,1,0.08919999527279288,0,7.992977550941305e-07,1.0,1.0
breast_cancer,1,relu,395,1,33,1,0,0,,0.0,0,0.08820000221021473,0,0.0,0.0,0.0
breast_cancer,1,relu,458,1,33,1,1,1,1.0,0.007042253521126761,1,0.08519999391864985,0,5.747109650400262e-07,1.0,1.0
breast_cancer,1,relu,535,0,33,1,5,5,1.0,0.035211267605633804,1,0.0897999998414889,0,2.3401441104908827e-06,5.0,5.0
breast_cancer,1,relu,540,1,33,1,0,0,,0.0,0,0.09000000136438757,0,0.0,0.0,0.0
breast_cancer,1,relu,550,1,33,1,0,0,,0.0,0,0.09089999366551638,0,0.0,0.0,0.0
breast_cancer,2,tree,25,0,2,1,42,42,1.0,0.29577464788732394,1,0.0354999938281253,0,0.0,,
breast_cancer,2,tree,74,1,5,1,81,81,1.0,0.5704225352112676,1,0.03499999002087861,0,0.0,,
breast_cancer,2,tree,124,1,5,1,81,81,1.0,0.5704225352112676,1,0.02780000795610249,0,0.0,,
breast_cancer,2,tree,141,0,2,1,42,42,1.0,0.29577464788732394,1,0.01610000617802143,0,0.0,,
breast_cancer,2,tree,153,1,5,1,81,81,1.0,0.5704225352112676,1,0.026599998818710446,0,0.0,,
breast_cancer,2,tree,175,1,5,1,81,81,1.0,0.5704225352112676,1,0.0261999957729131,0,0.0,,
breast_cancer,2,tree,237,0,2,1,42,42,1.0,0.29577464788732394,1,0.015099998563528061,0,0.0,,
breast_cancer,2,tree,283,0,2,1,42,42,1.0,0.29577464788732394,1,0.015500001609325409,0,0.0,,
breast_cancer,2,tree,288,1,5,1,4,4,1.0,0.028169014084507043,1,0.02400000812485814,0,0.0,,
breast_cancer,2,tree,317,0,2,1,42,42,1.0,0.29577464788732394,1,0.01340000017080456,0,0.0,,
breast_cancer,2,tree,398,1,5,1,81,81,1.0,0.5704225352112676,1,0.02370000584051013,0,0.0,,
breast_cancer,2,tree,415,1,5,1,81,81,1.0,0.5704225352112676,1,0.02339998900424689,0,0.0,,
breast_cancer,2,tree,435,0,3,1,7,7,1.0,0.04929577464788732,1,0.017099999240599573,0,0.0,,
breast_cancer,2,tree,459,1,6,1,1,1,1.0,0.007042253521126761,1,0.027000001864507794,0,0.0,,
breast_cancer,2,tree,468,0,2,1,42,42,1.0,0.29577464788732394,1,0.013600001693703234,0,0.0,,
breast_cancer,2,tree,500,1,5,1,4,4,1.0,0.028169014084507043,1,0.02339998900424689,0,0.0,,
breast_cancer,2,tree,502,1,5,1,81,81,1.0,0.5704225352112676,1,0.02340000355616212,0,0.0,,
breast_cancer,2,tree,504,0,6,1,2,2,1.0,0.014084507042253521,1,0.02680000034160912,0,0.0,,
breast_cancer,2,tree,546,1,5,1,81,81,1.0,0.5704225352112676,1,0.023100001271814108,0,0.0,,
breast_cancer,2,tree,564,0,2,1,42,42,1.0,0.29577464788732394,1,0.013500000932253897,0,0.0,,
breast_cancer,2,linear,25,0,1,1,46,46,1.0,0.323943661971831,1,0.10550000297371298,0,0.0,,
breast_cancer,2,linear,74,1,1,1,96,96,1.0,0.676056338028169,1,0.08959999831859022,0,0.0,,
breast_cancer,2,linear,124,1,1,1,96,96,1.0,0.676056338028169,1,0.08510000770911574,0,0.0,,
breast_cancer,2,linear,141,0,1,1,46,46,1.0,0.323943661971831,1,0.08520000847056508,0,0.0,,
breast_cancer,2,linear,153,1,1,1,96,96,1.0,0.676056338028169,1,0.08499999239575118,0,0.0,,
breast_cancer,2,linear,175,1,1,1,96,96,1.0,0.676056338028169,1,0.08430000161752105,0,0.0,,
breast_cancer,2,linear,237,0,1,1,46,46,1.0,0.323943661971831,1,0.08480000542476773,0,0.0,,
breast_cancer,2,linear,283,0,1,1,46,46,1.0,0.323943661971831,1,0.08519999391864985,0,0.0,,
breast_cancer,2,linear,288,1,1,1,96,96,1.0,0.676056338028169,1,0.08529999468009919,0,0.0,,
breast_cancer,2,linear,317,0,1,1,46,46,1.0,0.323943661971831,1,0.08450000314041972,0,0.0,,
breast_cancer,2,linear,398,1,1,1,96,96,1.0,0.676056338028169,1,0.08499999239575118,0,0.0,,
breast_cancer,2,linear,415,1,1,1,96,96,1.0,0.676056338028169,1,0.08460000390186906,0,0.0,,
breast_cancer,2,linear,435,0,1,1,46,46,1.0,0.323943661971831,1,0.08450000314041972,0,0.0,,
breast_cancer,2,linear,459,1,1,1,96,96,1.0,0.676056338028169,1,0.08209999941755086,0,0.0,,
breast_cancer,2,linear,468,0,1,1,46,46,1.0,0.323943661971831,1,0.08399999933317304,0,0.0,,
breast_cancer,2,linear,500,1,1,1,96,96,1.0,0.676056338028169,1,0.08340000931639224,0,0.0,,
breast_cancer,2,linear,502,1,1,1,96,96,1.0,0.676056338028169,1,0.08410000009462237,0,0.0,,
breast_cancer,2,linear,504,1,1,1,96,96,1.0,0.676056338028169,1,0.0897999998414889,0,0.0,,
breast_cancer,2,linear,546,1,1,1,96,96,1.0,0.676056338028169,1,0.09269999281968921,0,0.0,,
breast_cancer,2,linear,564,0,1,1,46,46,1.0,0.323943661971831,1,0.10540000221226364,0,0.0,,
breast_cancer,2,relu,25,0,33,1,0,0,,0.0,0,0.1449999981559813,0,0.0,0.0,0.0
breast_cancer,2,relu,74,1,33,1,3,3,1.0,0.02112676056338028,1,0.11339999036863446,0,1.505688285163842e-06,3.0,3.0
breast_cancer,2,relu,124,1,33,1,0,0,,0.0,0,0.09560000034980476,0,0.0,0.0,0.0
breast_cancer,2,relu,141,0,33,1,2,2,1.0,0.014084507042253521,1,0.09600000339560211,0,9.43509867568082e-07,2.0,2.0
breast_cancer,2,relu,153,1,33,1,4,4,1.0,0.028169014084507043,1,0.10420000762678683,0,1.0712160793957537e-06,4.0,4.0
breast_cancer,2,relu,175,1,33,1,2,2,1.0,0.014084507042253521,1,0.09750000026542693,0,7.753795827625254e-07,2.0,2.0
breast_cancer,2,relu,237,0,33,1,4,4,1.0,0.028169014084507043,1,0.09330001194030046,0,1.5032009432758286e-06,4.0,4.0
breast_cancer,2,relu,283,0,33,1,0,0,,0.0,0,0.09080000745598227,0,0.0,0.0,0.0
breast_cancer,2,relu,288,1,33,1,0,0,,0.0,0,0.08859999070409685,0,0.0,0.0,0.0
breast_cancer,2,relu,317,0,33,1,4,4,1.0,0.028169014084507043,1,0.09329999738838524,0,1.5032009432758286e-06,4.0,4.0
breast_cancer,2,relu,398,1,33,1,0,0,,0.0,0,0.09370000043418258,0,0.0,0.0,0.0
breast_cancer,2,relu,415,1,33,1,1,1,1.0,0.007042253521126761,1,0.11989999620709568,0,1.405473277316105e-06,1.0,1.0
breast_cancer,2,relu,435,0,33,1,0,0,,0.0,0,0.09469999349676073,0,0.0,0.0,0.0
breast_cancer,2,relu,459,1,33,1,0,0,,0.0,0,0.09040000441018492,0,0.0,0.0,0.0
breast_cancer,2,relu,468,0,33,1,0,0,,0.0,0,0.08919999527279288,0,0.0,0.0,0.0
breast_cancer,2,relu,500,1,33,1,0,0,,0.0,0,0.08889999298844486,0,0.0,0.0,0.0
breast_cancer,2,relu,502,1,33,1,3,3,1.0,0.02112676056338028,1,0.09290000889450312,0,1.505688285163842e-06,3.0,3.0
breast_cancer,2,relu,504,1,33,1,0,0,,0.0,0,0.08860000525601208,0,0.0,0.0,0.0
breast_cancer,2,relu,546,1,33,1,3,3,1.0,0.02112676056338028,1,0.09349999891128391,0,1.776251203011725e-06,3.0,3.0
breast_cancer,2,relu,564,0,33,1,4,4,1.0,0.028169014084507043,1,0.09299999510403723,0,1.5032009432758286e-06,4.0,4.0
breast_cancer,3,tree,125,1,6,1,73,73,1.0,0.5140845070422535,1,0.044200001866556704,0,0.0,,
breast_cancer,3,tree,133,0,2,1,44,44,1.0,0.30985915492957744,1,0.01920000067912042,0,0.0,,
breast_cancer,3,tree,171,0,2,1,44,44,1.0,0.30985915492957744,1,0.015600002370774746,0,0.0,,
breast_cancer,3,tree,181,0,2,1,44,44,1.0,0.30985915492957744,1,0.014599994756281376,0,0.0,,
breast_cancer,3,tree,185,1,6,1,73,73,1.0,0.5140845070422535,1,0.029300004825927317,0,0.0,,
breast_cancer,3,tree,186,0,2,1,44,44,1.0,0.30985915492957744,1,0.014199991710484028,0,0.0,,
breast_cancer,3,tree,210,0,2,1,44,44,1.0,0.30985915492957744,1,0.014000004739500582,0,0.0,,
breast_cancer,3,tree,331,1,6,1,73,73,1.0,0.5140845070422535,1,0.028700000257231295,0,0.0,,
breast_cancer,3,tree,342,1,6,1,73,73,1.0,0.5140845070422535,1,0.028299997211433947,0,0.0,,
breast_cancer,3,tree,392,0,2,1,44,44,1.0,0.30985915492957744,1,0.014299992471933365,0,0.0,,
breast_cancer,3,tree,444,0,2,1,44,44,1.0,0.30985915492957744,1,0.014299992471933365,0,0.0,,
breast_cancer,3,tree,466,1,6,1,73,73,1.0,0.5140845070422535,1,0.028599999495781958,0,0.0,,
breast_cancer,3,tree,467,1,6,1,73,73,1.0,0.5140845070422535,1,0.028599999495781958,0,0.0,,
breast_cancer,3,tree,504,1,6,1,73,73,1.0,0.5140845070422535,1,0.02950000634882599,0,0.0,,
breast_cancer,3,tree,508,0,2,1,44,44,1.0,0.30985915492957744,1,0.014300007023848593,0,0.0,,
breast_cancer,3,tree,513,1,6,1,8,8,1.0,0.056338028169014086,1,0.02989999484270811,0,0.0,,
breast_cancer,3,tree,529,1,6,1,73,73,1.0,0.5140845070422535,1,0.029999995604157448,0,0.0,,
breast_cancer,3,tree,553,1,6,1,73,73,1.0,0.5140845070422535,1,0.02950000634882599,0,0.0,,
breast_cancer,3,tree,563,0,2,1,44,44,1.0,0.30985915492957744,1,0.015000012353993952,0,0.0,,
breast_cancer,3,tree,566,0,2,1,44,44,1.0,0.30985915492957744,1,0.014700010069645941,0,0.0,,
breast_cancer,3,linear,125,1,1,1,93,93,1.0,0.6549295774647887,1,0.11419999646022916,0,0.0,,
breast_cancer,3,linear,133,1,1,1,93,93,1.0,0.6549295774647887,1,0.10029999248217791,0,0.0,,
breast_cancer,3,linear,171,0,1,1,49,49,1.0,0.34507042253521125,1,0.09640000644139946,0,0.0,,
breast_cancer,3,linear,181,0,1,1,49,49,1.0,0.34507042253521125,1,0.0940000027185306,0,0.0,,
breast_cancer,3,linear,185,1,1,1,93,93,1.0,0.6549295774647887,1,0.09050000517163426,0,0.0,,
breast_cancer,3,linear,186,0,1,1,49,49,1.0,0.34507042253521125,1,0.08820000221021473,0,0.0,,
breast_cancer,3,linear,210,0,1,1,49,49,1.0,0.34507042253521125,1,0.08820000221021473,0,0.0,,
breast_cancer,3,linear,331,1,1,1,93,93,1.0,0.6549295774647887,1,0.08749999688006938,0,0.0,,
breast_cancer,3,linear,342,1,1,1,93,93,1.0,0.6549295774647887,1,0.08719999459572136,0,0.0,,
breast_cancer,3,linear,392,0,1,1,49,49,1.0,0.34507042253521125,1,0.09099999442696571,0,0.0,,
breast_cancer,3,linear,444,0,1,1,49,49,1.0,0.34507042253521125,1,0.0940000027185306,0,0.0,,
breast_cancer,3,linear,466,1,1,1,93,93,1.0,0.6549295774647887,1,0.09549999958835542,0,0.0,,
breast_cancer,3,linear,467,1,1,1,93,93,1.0,0.6549295774647887,1,0.1053000014508143,0,0.0,,
breast_cancer,3,linear,504,1,1,1,93,93,1.0,0.6549295774647887,1,0.09429999045096338,0,0.0,,
breast_cancer,3,linear,508,1,1,1,93,93,1.0,0.6549295774647887,1,0.09240000508725643,0,0.0,,
breast_cancer,3,linear,513,1,1,1,93,93,1.0,0.6549295774647887,1,0.0926000066101551,0,0.0,,
breast_cancer,3,linear,529,1,1,1,93,93,1.0,0.6549295774647887,1,0.09339999814983457,0,0.0,,
breast_cancer,3,linear,553,1,1,1,93,93,1.0,0.6549295774647887,1,0.0926000066101551,0,0.0,,
breast_cancer,3,linear,563,0,1,1,49,49,1.0,0.34507042253521125,1,0.08709999383427203,0,0.0,,
breast_cancer,3,linear,566,0,1,1,49,49,1.0,0.34507042253521125,1,0.08840000373311341,0,0.0,,
breast_cancer,3,relu,125,1,33,1,0,0,,0.0,0,0.142400007462129,0,0.0,0.0,0.0
breast_cancer,3,relu,133,1,33,1,0,0,,0.0,0,0.12149999383836985,0,0.0,0.0,0.0
breast_cancer,3,relu,171,0,33,1,0,0,,0.0,0,0.11209999502170831,0,0.0,0.0,0.0
breast_cancer,3,relu,181,0,33,1,0,0,,0.0,0,0.1134999911300838,0,0.0,0.0,0.0
breast_cancer,3,relu,185,1,33,1,0,0,,0.0,0,0.10879999899771065,0,0.0,0.0,0.0
breast_cancer,3,relu,186,0,33,1,1,1,1.0,0.007042253521126761,1,0.10689999908208847,0,4.5320509656221475e-07,1.0,1.0
breast_cancer,3,relu,210,0,33,1,4,4,1.0,0.028169014084507043,1,0.09770000178832561,0,1.3919316614874333e-06,4.0,4.0
breast_cancer,3,relu,331,1,33,1,0,0,,0.0,0,0.09369998588226736,0,0.0,0.0,0.0
breast_cancer,3,relu,342,1,33,1,1,1,1.0,0.007042253521126761,1,0.11110000195913017,0,3.3809301420717475e-06,1.0,1.0
breast_cancer,3,relu,392,0,33,1,0,0,,0.0,0,0.09420000424142927,0,0.0,0.0,0.0
breast_cancer,3,relu,444,0,33,1,0,0,,0.0,0,0.09519999730400741,0,0.0,0.0,0.0
breast_cancer,3,relu,466,1,33,1,0,0,,0.0,0,0.09349999891128391,0,0.0,0.0,0.0
breast_cancer,3,relu,467,1,33,1,0,0,,0.0,0,0.09309999586548656,0,0.0,0.0,0.0
breast_cancer,3,relu,504,1,33,1,0,0,,0.0,0,0.09139999747276306,0,0.0,0.0,0.0
breast_cancer,3,relu,508,1,33,1,0,0,,0.0,0,0.09190000128000975,0,0.0,0.0,0.0
breast_cancer,3,relu,513,1,33,1,0,0,,0.0,0,0.09609998960513622,0,0.0,0.0,0.0
breast_cancer,3,relu,529,1,33,1,0,0,,0.0,0,0.12320000678300858,0,0.0,0.0,0.0
breast_cancer,3,relu,553,1,33,1,2,2,1.0,0.014084507042253521,1,0.09710001177154481,0,1.1890541813386335e-06,2.0,2.0
breast_cancer,3,relu,563,0,33,1,3,3,1.0,0.02112676056338028,1,0.10400000610388815,0,2.2204131369107927e-06,3.0,3.0
breast_cancer,3,relu,566,0,33,1,0,0,,0.0,0,0.09079999290406704,0,0.0,0.0,0.0
breast_cancer,4,tree,26,0,4,1,40,40,1.0,0.28169014084507044,1,0.04369999805931002,0,0.0,,
breast_cancer,4,tree,88,1,5,1,73,73,1.0,0.5140845070422535,1,0.0320999970426783,0,0.0,,
breast_cancer,4,tree,98,1,5,1,73,73,1.0,0.5140845070422535,1,0.028299997211433947,0,0.0,,
breast_cancer,4,tree,100,0,4,1,40,40,1.0,0.28169014084507044,1,0.02370000584051013,0,0.0,,
breast_cancer,4,tree,117,0,4,1,40,40,1.0,0.28169014084507044,1,0.023100001271814108,0,0.0,,
breast_cancer,4,tree,142,1,5,1,73,73,1.0,0.5140845070422535,1,0.02710000262595713,0,0.0,,
breast_cancer,4,tree,200,1,5,1,73,73,1.0,0.5140845070422535,1,0.02649999805726111,0,0.0,,
breast_cancer,4,tree,204,1,5,1,73,73,1.0,0.5140845070422535,1,0.02649999805726111,0,0.0,,
breast_cancer,4,tree,215,1,6,1,2,2,1.0,0.014084507042253521,1,0.030800001695752144,0,0.0,,
breast_cancer,4,tree,265,0,4,1,40,40,1.0,0.28169014084507044,1,0.02300000051036477,0,0.0,,
breast_cancer,4,tree,266,1,5,1,73,73,1.0,0.5140845070422535,1,0.02689998655114323,0,0.0,,
breast_cancer,4,tree,287,1,5,1,73,73,1.0,0.5140845070422535,1,0.02680000034160912,0,0.0,,
breast_cancer,4,tree,327,1,5,1,73,73,1.0,0.5140845070422535,1,0.026399997295811772,0,0.0,,
breast_cancer,4,tree,366,0,4,1,40,40,1.0,0.28169014084507044,1,0.02269999822601676,0,0.0,,
breast_cancer,4,tree,382,1,5,1,73,73,1.0,0.5140845070422535,1,0.02680000034160912,0,0.0,,
breast_cancer,4,tree,409,1,5,1,73,73,1.0,0.5140845070422535,1,0.026599998818710446,0,0.0,,
breast_cancer,4,tree,469,1,6,1,2,2,1.0,0.014084507042253521,1,0.030099996365606785,0,0.0,,
breast_cancer,4,tree,476,1,3,1,11,11,1.0,0.07746478873239436,1,0.01960000372491777,0,0.0,,
breast_cancer,4,tree,503,0,4,1,40,40,1.0,0.28169014084507044,1,0.02260001201648265,0,0.0,,
breast_cancer,4,tree,562,0,4,1,40,40,1.0,0.28169014084507044,1,0.022800013539381325,0,0.0,,
breast_cancer,4,linear,26,0,1,1,51,51,1.0,0.3591549295774648,1,0.11039999662898481,0,0.0,,
breast_cancer,4,linear,88,1,1,1,91,91,1.0,0.6408450704225352,1,0.09780000254977494,0,0.0,,
breast_cancer,4,linear,98,1,1,1,91,91,1.0,0.6408450704225352,1,0.09309999586548656,0,0.0,,
breast_cancer,4,linear,100,0,1,1,51,51,1.0,0.3591549295774648,1,0.09250000584870577,0,0.0,,
breast_cancer,4,linear,117,0,1,1,51,51,1.0,0.3591549295774648,1,0.09320001117885113,0,0.0,,
breast_cancer,4,linear,142,1,1,1,91,91,1.0,0.6408450704225352,1,0.09220000356435776,0,0.0,,
breast_cancer,4,linear,200,1,1,1,91,91,1.0,0.6408450704225352,1,0.09129999671131372,0,0.0,,
breast_cancer,4,linear,204,1,1,1,91,91,1.0,0.6408450704225352,1,0.09190000128000975,0,0.0,,
breast_cancer,4,linear,215,1,1,1,91,91,1.0,0.6408450704225352,1,0.09280000813305378,0,0.0,,
breast_cancer,4,linear,265,0,1,1,51,51,1.0,0.3591549295774648,1,0.09309999586548656,0,0.0,,
breast_cancer,4,linear,266,1,1,1,91,91,1.0,0.6408450704225352,1,0.0923999905353412,0,0.0,,
breast_cancer,4,linear,287,1,1,1,91,91,1.0,0.6408450704225352,1,0.09529999806545675,0,0.0,,
breast_cancer,4,linear,327,1,1,1,91,91,1.0,0.6408450704225352,1,0.10479999764356762,0,0.0,,
breast_cancer,4,linear,366,0,1,1,51,51,1.0,0.3591549295774648,1,0.11470000026747584,0,0.0,,
breast_cancer,4,linear,382,1,1,1,91,91,1.0,0.6408450704225352,1,0.0957000011112541,0,0.0,,
breast_cancer,4,linear,409,1,1,1,91,91,1.0,0.6408450704225352,1,0.09560000034980476,0,0.0,,
breast_cancer,4,linear,469,1,1,1,91,91,1.0,0.6408450704225352,1,0.09089999366551638,0,0.0,,
breast_cancer,4,linear,476,1,1,1,91,91,1.0,0.6408450704225352,1,0.0923000043258071,0,0.0,,
breast_cancer,4,linear,503,0,1,1,51,51,1.0,0.3591549295774648,1,0.10369998926762491,0,0.0,,
breast_cancer,4,linear,562,0,1,1,51,51,1.0,0.3591549295774648,1,0.09590000263415277,0,0.0,,
breast_cancer,4,relu,26,0,33,1,0,0,,0.0,0,0.12850000348407775,0,0.0,0.0,0.0
breast_cancer,4,relu,88,1,33,1,0,0,,0.0,0,0.2153999957954511,0,0.0,0.0,0.0
breast_cancer,4,relu,98,1,33,1,4,4,1.0,0.028169014084507043,1,0.26619998971000314,0,5.593954597316042e-07,4.0,4.0
breast_cancer,4,relu,100,0,33,1,0,0,,0.0,0,0.11679998715408146,0,0.0,0.0,0.0
breast_cancer,4,relu,117,0,33,1,0,0,,0.0,0,0.10580000525806099,0,0.0,0.0,0.0
breast_cancer,4,relu,142,1,33,1,0,0,,0.0,0,0.09039998985826969,0,0.0,0.0,0.0
breast_cancer,4,relu,200,1,33,1,0,0,,0.0,0,0.09549999958835542,0,0.0,0.0,0.0
breast_cancer,4,relu,204,1,33,1,0,0,,0.0,0,0.08399999933317304,0,0.0,0.0,0.0
breast_cancer,4,relu,215,1,33,1,0,0,,0.0,0,0.08209999941755086,0,0.0,0.0,0.0
breast_cancer,4,relu,265,0,33,1,6,6,1.0,0.04225352112676056,1,0.0881000014487654,0,1.0764730035361936e-05,6.0,6.0
breast_cancer,4,relu,266,1,33,1,2,2,1.0,0.014084507042253521,1,0.08800000068731606,0,6.596838399985927e-07,2.0,2.0
breast_cancer,4,relu,287,1,33,1,2,2,1.0,0.014084507042253521,1,0.08789999992586672,0,7.129766785851643e-07,2.0,2.0
breast_cancer,4,relu,327,1,33,1,2,2,1.0,0.014084507042253521,1,0.08699999307282269,0,4.994991620321798e-07,2.0,2.0
breast_cancer,4,relu,366,0,33,1,1,1,1.0,0.007042253521126761,1,0.08669999078847468,0,2.703849844465367e-06,1.0,1.0
breast_cancer,4,relu,382,1,33,1,0,0,,0.0,0,0.08520000847056508,0,0.0,0.0,0.0
breast_cancer,4,relu,409,1,33,1,0,0,,0.0,0,0.08749999688006938,0,0.0,0.0,0.0
breast_cancer,4,relu,469,1,33,1,0,0,,0.0,0,0.08739999611862004,0,0.0,0.0,0.0
breast_cancer,4,relu,476,1,33,1,0,0,,0.0,0,0.08719999459572136,0,0.0,0.0,0.0
breast_cancer,4,relu,503,0,33,1,1,1,1.0,0.007042253521126761,1,0.08499999239575118,0,6.709192490461646e-08,1.0,1.0
breast_cancer,4,relu,562,0,33,1,0,0,,0.0,0,0.18360000103712082,0,0.0,0.0,0.0
digits-35,0,tree,1,1,3,1,1,1,1.0,0.01098901098901099,1,0.03139999171253294,0,0.0,,
digits-35,0,tree,14,1,3,1,48,48,1.0,0.5274725274725275,1,0.021200001356191933,0,0.0,,
digits-35,0,tree,105,1,3,1,48,48,1.0,0.5274725274725275,1,0.017099999240599573,0,0.0,,
digits-35,0,tree,134,0,2,1,36,36,1.0,0.3956043956043956,1,0.014199991710484028,0,0.0,,
digits-35,0,tree,136,0,2,1,36,36,1.0,0.3956043956043956,1,0.012899996363557875,0,0.0,,
digits-35,0,tree,145,1,3,1,48,48,1.0,0.5274725274725275,1,0.018799997633323073,0,0.0,,
digits-35,0,tree,166,1,3,1,48,48,1.0,0.5274725274725275,1,0.018000006093643606,0,0.0,,
digits-35,0,tree,189,0,2,1,36,36,1.0,0.3956043956043956,1,0.014299992471933365,0,0.0,,
digits-35,0,tree,206,0,2,1,36,36,1.0,0.3956043956043956,1,0.014299992471933365,0,0.0,,
digits-35,0,tree,216,0,2,1,36,36,1.0,0.3956043956043956,1,0.014300007023848593,0,0.0,,
digits-35,0,tree,217,0,2,1,36,36,1.0,0.3956043956043956,1,0.014299992471933365,0,0.0,,
digits-35,0,tree,221,1,3,1,48,48,1.0,0.5274725274725275,1,0.01829999382607639,0,0.0,,
digits-35,0,tree,223,1,3,1,48,48,1.0,0.5274725274725275,1,0.030000010156072676,0,0.0,,
digits-35,0,tree,237,1,3,1,48,48,1.0,0.5274725274725275,1,0.018700011423788965,0,0.0,,
digits-35,0,tree,241,0,2,1,36,36,1.0,0.3956043956043956,1,0.014600009308196604,0,0.0,,
digits-35,0,tree,321,0,2,1,36,36,1.0,0.3956043956043956,1,0.014199991710484028,0,0.0,,
digits-35,0,tree,341,1,3,1,48,48,1.0,0.5274725274725275,1,0.018300008377991617,0,0.0,,
digits-35,0,tree,343,0,2,1,36,36,1.0,0.3956043956043956,1,0.014300007023848593,0,0.0,,
digits-35,0,tree,356,1,3,1,48,48,1.0,0.5274725274725275,1,0.018099992303177714,0,0.0,,
digits-35,0,linear,1,1,1,1,48,48,1.0,0.5274725274725275,1,0.11439999798312783,0,0.0,,
digits-35,0,linear,14,1,1,1,48,48,1.0,0.5274725274725275,1,0.10250000923406333,0,0.0,,
digits-35,0,linear,105,1,1,1,48,48,1.0,0.5274725274725275,1,0.0968000094871968,0,0.0,,
digits-35,0,linear,134,0,1,1,43,43,1.0,0.4725274725274725,1,0.09920001321006566,0,0.0,,
digits-35,0,linear,136,0,1,1,43,43,1.0,0.4725274725274725,1,0.08690000686328858,0,0.0,,
digits-35,0,linear,145,1,1,1,48,48,1.0,0.5274725274725275,1,0.08469999011140317,0,0.0,,
digits-35,0,linear,166,1,1,1,48,48,1.0,0.5274725274725275,1,0.08450000314041972,0,0.0,,
digits-35,0,linear,189,0,1,1,43,43,1.0,0.4725274725274725,1,0.08399999933317304,0,0.0,,
digits-35,0,linear,206,0,1,1,43,43,1.0,0.4725274725274725,1,0.0830000062705949,0,0.0,,
digits-35,0,linear,216,0,1,1,43,43,1.0,0.4725274725274725,1,0.08209999941755086,0,0.0,,
digits-35,0,linear,217,0,1,1,43,43,1.0,0.4725274725274725,1,0.08310000703204423,0,0.0,,
digits-35,0,linear,221,1,1,1,48,48,1.0,0.5274725274725275,1,0.08399999933317304,0,0.0,,
digits-35,0,linear,223,1,1,1,48,48,1.0,0.5274725274725275,1,0.0838999985717237,0,0.0,,
digits-35,0,linear,237,1,1,1,48,48,1.0,0.5274725274725275,1,0.08710000838618726,0,0.0,,
digits-35,0,linear,241,0,1,1,43,43,1.0,0.4725274725274725,1,0.09310001041740179,0,0.0,,
digits-35,0,linear,321,0,1,1,43,43,1.0,0.4725274725274725,1,0.09339999814983457,0,0.0,,
digits-35,0,linear,341,1,1,1,48,48,1.0,0.5274725274725275,1,0.09359999967273325,0,0.0,,
digits-35,0,linear,343,1,1,1,48,48,1.0,0.5274725274725275,1,0.09259999205823988,0,0.0,,
digits-35,0,linear,356,1,1,1,48,48,1.0,0.5274725274725275,1,0.09310001041740179,0,0.0,,
digits-35,0,relu,1,1,33,1,0,0,,0.0,0,0.149200001033023,0,0.0,0.0,0.0
digits-35,0,relu,14,1,33,1,0,0,,0.0,0,0.11470000026747584,0,0.0,0.0,0.0
digits-35,0,relu,105,1,33,1,0,0,,0.0,0,0.1033000007737428,0,0.0,0.0,0.0
digits-35,0,relu,134,0,33,1,0,0,,0.0,0,0.09879999561235309,0,0.0,0.0,0.0
digits-35,0,relu,136,0,33,1,0,0,,0.0,0,0.09719999798107892,0,0.0,0.0,0.0
digits-35,0,relu,145,1,33,1,1,1,1.0,0.01098901098901099,1,0.10439999459777027,0,3.8356340148482104e-07,1.0,1.0
digits-35,0,relu,166,1,33,1,0,0,,0.0,0,0.09709999721962959,0,0.0,0.0,0.0
digits-35,0,relu,189,0,33,1,0,0,,0.0,0,0.09519999730400741,0,0.0,0.0,0.0
digits-35,0,relu,206,0,33,1,0,0,,0.0,0,0.09410000347997993,0,0.0,0.0,0.0
digits-35,0,relu,216,0,33,1,0,0,,0.0,0,0.09500001033302397,0,0.0,0.0,0.0
digits-35,0,relu,217,0,33,1,0,0,,0.0,0,0.09130001126322895,0,0.0,0.0,0.0
digits-35,0,relu,221,1,33,1,1,1,1.0,0.01098901098901099,1,0.09610000415705144,0,3.8356340148482104e-07,1.0,1.0
digits-35,0,relu,223,1,33,1,0,0,,0.0,0,0.09200000204145908,0,0.0,0.0,0.0
digits-35,0,relu,237,1,33,1,0,0,,0.0,0,0.09099999442696571,0,0.0,0.0,0.0
digits-35,0,relu,241,0,33,1,0,0,,0.0,0,0.0906999921426177,0,0.0,0.0,0.0
digits-35,0,relu,321,0,33,1,0,0,,0.0,0,0.09099999442696571,0,0.0,0.0,0.0
digits-35,0,relu,341,1,33,1,0,0,,0.0,0,0.0906000059330836,0,0.0,0.0,0.0
digits-35,0,relu,343,1,33,1,0,0,,0.0,0,0.09159999899566174,0,0.0,0.0,0.0
digits-35,0,relu,356,1,33,1,0,0,,0.0,0,0.0914999982342124,0,0.0,0.0,0.0
digits-35,1,tree,45,1,3,1,37,37,1.0,0.4065934065934066,1,0.033199990866705775,0,0.0,,
digits-35,1,tree,50,0,1,1,49,49,1.0,0.5384615384615384,1,0.01410000550094992,0,0.0,,
digits-35,1,tree,66,1,3,1,37,37,1.0,0.4065934065934066,1,0.018400009139440954,0,0.0,,
digits-35,1,tree,94,0,1,1,49,49,1.0,0.5384615384615384,1,0.010599993402138352,0,0.0,,
digits-35,1,tree,107,1,3,1,37,37,1.0,0.4065934065934066,1,0.017300000763498247,0,0.0,,
digits-35,1,tree,159,1,3,1,37,37,1.0,0.4065934065934066,1,0.01720000000204891,0,0.0,,
digits-35,1,tree,160,0,1,1,49,49,1.0,0.5384615384615384,1,0.009799987310543656,0,0.0,,
digits-35,1,tree,163,1,3,1,37,37,1.0,0.4065934065934066,1,0.0168999977177009,0,0.0,,
digits-35,1,tree,228,1,3,1,37,37,1.0,0.4065934065934066,1,0.016999998479150236,0,0.0,,
digits-35,1,tree,242,0,3,1,2,2,1.0,0.02197802197802198,1,0.01720000000204891,0,0.0,,
digits-35,1,tree,244,1,3,1,37,37,1.0,0.4065934065934066,1,0.01679999695625156,0,0.0,,
digits-35,1,tree,256,0,1,1,49,49,1.0,0.5384615384615384,1,0.010000003385357559,0,0.0,,
digits-35,1,tree,266,0,1,1,49,49,1.0,0.5384615384615384,1,0.009899988071992993,0,0.0,,
digits-35,1,tree,272,1,3,1,37,37,1.0,0.4065934065934066,1,0.0168999977177009,0,0.0,,
digits-35,1,tree,277,0,1,1,49,49,1.0,0.5384615384615384,1,0.010100004146806896,0,0.0,,
digits-35,1,tree,283,1,3,1,37,37,1.0,0.4065934065934066,1,0.016999998479150236,0,0.0,,
digits-35,1,tree,296,1,3,1,37,37,1.0,0.4065934065934066,1,0.0168999977177009,0,0.0,,
digits-35,1,tree,340,0,1,1,49,49,1.0,0.5384615384615384,1,0.009900002623908222,0,0.0,,
digits-35,1,tree,349,0,1,1,49,49,1.0,0.5384615384615384,1,0.009899988071992993,0,0.0,,
digits-35,1,linear,45,1,1,1,42,42,1.0,0.46153846153846156,1,0.0999000039882958,0,0.0,,
digits-35,1,linear,50,0,1,1,49,49,1.0,0.5384615384615384,1,0.08949999755714089,0,0.0,,
digits-35,1,linear,66,1,1,1,42,42,1.0,0.46153846153846156,1,0.09809999028220773,0,0.0,,
digits-35,1,linear,94,0,1,1,49,49,1.0,0.5384615384615384,1,0.08830000297166407,0,0.0,,
digits-35,1,linear,107,1,1,1,42,42,1.0,0.46153846153846156,1,0.08529999468009919,0,0.0,,
digits-35,1,linear,159,1,1,1,42,42,1.0,0.46153846153846156,1,0.08399999933317304,0,0.0,,
digits-35,1,linear,160,0,1,1,49,49,1.0,0.5384615384615384,1,0.08399999933317304,0,0.0,,
digits-35,1,linear,163,0,1,1,49,49,1.0,0.5384615384615384,1,0.0847000046633184,0,0.0,,
digits-35,1,linear,228,1,1,1,42,42,1.0,0.46153846153846156,1,0.08430000161752105,0,0.0,,
digits-35,1,linear,242,0,1,1,49,49,1.0,0.5384615384615384,1,0.08440000237897038,0,0.0,,
digits-35,1,linear,244,1,1,1,42,42,1.0,0.46153846153846156,1,0.08440000237897038,0,0.0,,
digits-35,1,linear,256,0,1,1,49,49,1.0,0.5384615384615384,1,0.08439998782705516,0,0.0,,
digits-35,1,linear,266,0,1,1,49,49,1.0,0.5384615384615384,1,0.0830000062705949,0,0.0,,
digits-35,1,linear,272,1,1,1,42,42,1.0,0.46153846153846156,1,0.0838999985717237,0,0.0,,
digits-35,1,linear,277,0,1,1,49,49,1.0,0.5384615384615384,1,0.08360001083929092,0,0.0,,
digits-35,1,linear,283,1,1,1,42,42,1.0,0.46153846153846156,1,0.08280000474769622,0,0.0,,
digits-35,1,linear,296,1,1,1,42,42,1.0,0.46153846153846156,1,0.08250000246334821,0,0.0,,
digits-35,1,linear,340,0,1,1,49,49,1.0,0.5384615384615384,1,0.08399999933317304,0,0.0,,
digits-35,1,linear,349,0,1,1,49,49,1.0,0.5384615384615384,1,0.08250000246334821,0,0.0,,
digits-35,1,relu,45,1,33,1,0,0,,0.0,0,0.13350001245271415,0,0.0,0.0,0.0
digits-35,1,relu,50,0,33,1,0,0,,0.0,0,0.09950000094249845,0,0.0,0.0,0.0
digits-35,1,relu,66,1,33,1,0,0,,0.0,0,0.09339999814983457,0,0.0,0.0,0.0
digits-35,1,relu,94,0,33,1,0,0,,0.0,0,0.0931999966269359,0,0.0,0.0,0.0
digits-35,1,relu,107,1,33,1,0,0,,0.0,0,0.09120001050177962,0,0.0,0.0,0.0
digits-35,1,relu,159,1,33,1,0,0,,0.0,0,0.09119999594986439,0,0.0,0.0,0.0
digits-35,1,relu,160,0,33,1,0,0,,0.0,0,0.08959999831859022,0,0.0,0.0,0.0
digits-35,1,relu,163,0,33,1,0,0,,0.0,0,0.09709999721962959,0,0.0,0.0,0.0
digits-35,1,relu,228,1,33,1,0,0,,0.0,0,0.09429999045096338,0,0.0,0.0,0.0
digits-35,1,relu,242,0,33,1,0,0,,0.0,0,0.09169999975711107,0,0.0,0.0,0.0
digits-35,1,relu,244,1,33,1,0,0,,0.0,0,0.09010000212583691,0,0.0,0.0,0.0
digits-35,1,relu,256,0,33,1,0,0,,0.0,0,0.08950001210905612,0,0.0,0.0,0.0
digits-35,1,relu,266,0,33,1,0,0,,0.0,0,0.08910000906325877,0,0.0,0.0,0.0
digits-35,1,relu,272,1,33,1,0,0,,0.0,0,0.08939999679569155,0,0.0,0.0,0.0
digits-35,1,relu,277,0,33,1,0,0,,0.0,0,0.08949999755714089,0,0.0,0.0,0.0
digits-35,1,relu,283,1,33,1,0,0,,0.0,0,0.0897999998414889,0,0.0,0.0,0.0
digits-35,1,relu,296,1,33,1,0,0,,0.0,0,0.08990000060293823,0,0.0,0.0,0.0
digits-35,1,relu,340,0,33,1,0,0,,0.0,0,0.08929999603424221,0,0.0,0.0,0.0
digits-35,1,relu,349,0,33,1,1,1,1.0,0.01098901098901099,1,0.09699999645818025,0,6.689863489839354e-07,1.0,1.0
digits-35,2,tree,3,0,3,1,40,40,1.0,0.43956043956043955,1,0.03430001379456371,0,0.0,,
digits-35,2,tree,27,0,3,1,40,40,1.0,0.43956043956043955,1,0.021100000594742596,0,0.0,,
digits-35,2,tree,28,1,2,1,45,45,1.0,0.4945054945054945,1,0.01619999238755554,0,0.0,,
digits-35,2,tree,37,1,2,1,45,45,1.0,0.4945054945054945,1,0.01410000550094992,0,0.0,,
digits-35,2,tree,69,1,2,1,45,45,1.0,0.4945054945054945,1,0.013999990187585354,0,0.0,,
digits-35,2,tree,92,1,2,1,45,45,1.0,0.4945054945054945,1,0.013800003216601908,0,0.0,,
digits-35,2,tree,99,1,2,1,45,45,1.0,0.4945054945054945,1,0.013600001693703234,0,0.0,,
digits-35,2,tree,128,0,3,1,40,40,1.0,0.43956043956043955,1,0.017499987734481692,0,0.0,,
digits-35,2,tree,141,0,3,1,40,40,1.0,0.43956043956043955,1,0.01930000144056976,0,0.0,,
digits-35,2,tree,146,0,3,1,40,40,1.0,0.43956043956043955,1,0.01720000000204891,0,0.0,,
digits-35,2,tree,151,1,2,1,45,45,1.0,0.4945054945054945,1,0.013600001693703234,0,0.0,,
digits-35,2,tree,192,0,3,1,2,2,1.0,0.02197802197802198,1,0.02099999983329326,0,0.0,,
digits-35,2,tree,195,1,2,1,45,45,1.0,0.4945054945054945,1,0.014500008546747267,0,0.0,,
digits-35,2,tree,224,0,3,1,40,40,1.0,0.43956043956043955,1,0.018499995348975062,0,0.0,,
digits-35,2,tree,248,1,2,1,45,45,1.0,0.4945054945054945,1,0.014599994756281376,0,0.0,,
digits-35,2,tree,251,0,3,1,40,40,1.0,0.43956043956043955,1,0.018100006855092943,0,0.0,,
digits-35,2,tree,271,0,3,1,40,40,1.0,0.43956043956043955,1,0.018600010662339628,0,0.0,,
digits-35,2,tree,315,1,2,1,45,45,1.0,0.4945054945054945,1,0.014599994756281376,0,0.0,,
digits-35,2,tree,316,0,3,1,40,40,1.0,0.43956043956043955,1,0.018099992303177714,0,0.0,,
digits-35,2,linear,3,0,1,1,43,43,1.0,0.4725274725274725,1,0.10679999832063913,0,0.0,,
digits-35,2,linear,27,0,1,1,43,43,1.0,0.4725274725274725,1,0.09450000652577728,0,0.0,,
digits-35,2,linear,28,1,1,1,48,48,1.0,0.5274725274725275,1,0.09200000204145908,0,0.0,,
digits-35,2,linear,37,1,1,1,48,48,1.0,0.5274725274725275,1,0.08930001058615744,0,0.0,,
digits-35,2,linear,69,1,1,1,48,48,1.0,0.5274725274725275,1,0.0909000082174316,0,0.0,,
digits-35,2,linear,92,1,1,1,48,48,1.0,0.5274725274725275,1,0.09169999975711107,0,0.0,,
digits-35,2,linear,99,1,1,1,48,48,1.0,0.5274725274725275,1,0.08910000906325877,0,0.0,,
digits-35,2,linear,128,0,1,1,43,43,1.0,0.4725274725274725,1,0.08959999831859022,0,0.0,,
digits-35,2,linear,141,0,1,1,43,43,1.0,0.4725274725274725,1,0.08910000906325877,0,0.0,,
digits-35,2,linear,146,0,1,1,43,43,1.0,0.4725274725274725,1,0.09610000415705144,0,0.0,,
digits-35,2,linear,151,1,1,1,48,48,1.0,0.5274725274725275,1,0.09200000204145908,0,0.0,,
digits-35,2,linear,192,1,1,1,48,48,1.0,0.5274725274725275,1,0.08910000906325877,0,0.0,,
digits-35,2,linear,195,1,1,1,48,48,1.0,0.5274725274725275,1,0.08949999755714089,0,0.0,,
digits-35,2,linear,224,0,1,1,43,43,1.0,0.4725274725274725,1,0.08860000525601208,0,0.0,,
digits-35,2,linear,248,1,1,1,48,48,1.0,0.5274725274725275,1,0.09479999425821006,0,0.0,,
digits-35,2,linear,251,0,1,1,43,43,1.0,0.4725274725274725,1,0.08769999840296805,0,0.0,,
digits-35,2,linear,271,0,1,1,43,43,1.0,0.4725274725274725,1,0.09529999806545675,0,0.0,,
digits-35,2,linear,315,1,1,1,48,48,1.0,0.5274725274725275,1,0.09429999045096338,0,0.0,,
digits-35,2,linear,316,0,1,1,43,43,1.0,0.4725274725274725,1,0.09410000347997993,0,0.0,,
digits-35,2,relu,3,0,33,1,1,1,1.0,0.01098901098901099,1,0.1340000017080456,0,5.013666237729808e-07,1.0,1.0
digits-35,2,relu,27,0,33,1,0,0,,0.0,0,0.0968000094871968,0,0.0,0.0,0.0
digits-35,2,relu,28,1,33,1,0,0,,0.0,0,0.08910000906325877,0,0.0,0.0,0.0
digits-35,2,relu,37,1,33,1,4,4,1.0,0.04395604395604396,1,0.0923000043258071,0,1.4184969039376938e-06,4.0,4.0
digits-35,2,relu,69,1,33,1,4,4,1.0,0.04395604395604396,1,0.08919999527279288,0,1.4184969039376938e-06,4.0,4.0
digits-35,2,relu,92,1,33,1,0,0,,0.0,0,0.08630000229459256,0,0.0,0.0,0.0
digits-35,2,relu,99,1,33,1,0,0,,0.0,0,0.08509999315720052,0,0.0,0.0,0.0
digits-35,2,relu,128,0,33,1,2,2,1.0,0.02197802197802198,1,0.08870000601746142,0,7.626679021655036e-08,2.0,2.0
digits-35,2,relu,141,0,33,1,0,0,,0.0,0,0.08440000237897038,0,0.0,0.0,0.0
digits-35,2,relu,146,0,33,1,0,0,,0.0,0,0.09539999882690609,0,0.0,0.0,0.0
digits-35,2,relu,151,1,33,1,0,0,,0.0,0,0.08769999840296805,0,0.0,0.0,0.0
digits-35,2,relu,192,1,33,1,0,0,,0.0,0,0.08610000077169389,0,0.0,0.0,0.0
digits-35,2,relu,195,1,33,1,0,0,,0.0,0,0.0855999969644472,0,0.0,0.0,0.0
digits-35,2,relu,224,0,33,1,0,0,,0.0,0,0.08669999078847468,0,0.0,0.0,0.0
digits-35,2,relu,248,1,33,1,0,0,,0.0,0,0.0855999969644472,0,0.0,0.0,0.0
digits-35,2,relu,251,0,33,1,0,0,,0.0,0,0.08519999391864985,0,0.0,0.0,0.0
digits-35,2,relu,271,0,33,1,0,0,,0.0,0,0.08520000847056508,0,0.0,0.0,0.0
digits-35,2,relu,315,1,33,1,0,0,,0.0,0,0.08570001227781177,0,0.0,0.0,0.0
digits-35,2,relu,316,0,33,1,0,0,,0.0,0,0.08460000390186906,0,0.0,0.0,0.0
digits-35,3,tree,30,1,3,1,40,40,1.0,0.43956043956043955,1,0.031800009310245514,0,0.0,,
digits-35,3,tree,65,1,3,1,40,40,1.0,0.43956043956043955,1,0.01930000144056976,0,0.0,,
digits-35,3,tree,86,0,2,1,46,46,1.0,0.5054945054945055,1,0.015400000847876072,0,0.0,,
digits-35,3,tree,103,0,2,1,46,46,1.0,0.5054945054945055,1,0.013700002455152571,0,0.0,,
digits-35,3,tree,104,0,2,1,46,46,1.0,0.5054945054945055,1,0.013299999409355223,0,0.0,,
digits-35,3,tree,106,0,2,1,46,46,1.0,0.5054945054945055,1,0.01309999788645655,0,0.0,,
digits-35,3,tree,174,1,3,1,40,40,1.0,0.43956043956043955,1,0.01679999695625156,0,0.0,,
digits-35,3,tree,190,0,2,1,46,46,1.0,0.5054945054945055,1,0.013299999409355223,0,0.0,,
digits-35,3,tree,194,1,3,1,40,40,1.0,0.43956043956043955,1,0.016599995433352888,0,0.0,,
digits-35,3,tree,205,1,3,1,40,40,1.0,0.43956043956043955,1,0.01650000922381878,0,0.0,,
digits-35,3,tree,211,1,3,1,40,40,1.0,0.43956043956043955,1,0.016900012269616127,0,0.0,,
digits-35,3,tree,216,0,2,1,46,46,1.0,0.5054945054945055,1,0.013900003978051245,0,0.0,,
digits-35,3,tree,232,0,2,1,46,46,1.0,0.5054945054945055,1,0.012999997125007212,0,0.0,,
digits-35,3,tree,282,0,3,1,0,0,,0.0,0,0.017099999240599573,0,0.0,,
digits-35,3,tree,297,0,2,1,46,46,1.0,0.5054945054945055,1,0.013299999409355223,0,0.0,,
digits-35,3,tree,305,1,3,1,40,40,1.0,0.43956043956043955,1,0.01649999467190355,0,0.0,,
digits-35,3,tree,309,1,3,1,40,40,1.0,0.43956043956043955,1,0.016399993910454214,0,0.0,,
digits-35,3,tree,321,0,2,1,46,46,1.0,0.5054945054945055,1,0.012900010915473104,0,0.0,,
digits-35,3,tree,358,1,3,1,4,4,1.0,0.04395604395604396,1,0.016600009985268116,0,0.0,,
digits-35,3,linear,30,1,1,1,43,43,1.0,0.4725274725274725,1,0.13610000314656645,0,0.0,,
digits-35,3,linear,65,1,1,1,43,43,1.0,0.4725274725274725,1,0.12169999536126852,0,0.0,,
digits-35,3,linear,86,0,1,1,48,48,1.0,0.5274725274725275,1,0.09119999594986439,0,0.0,,
digits-35,3,linear,103,0,1,1,48,48,1.0,0.5274725274725275,1,0.08850000449456275,0,0.0,,
digits-35,3,linear,104,0,1,1,48,48,1.0,0.5274725274725275,1,0.08539999544154853,0,0.0,,
digits-35,3,linear,106,0,1,1,48,48,1.0,0.5274725274725275,1,0.08480000542476773,0,0.0,,
digits-35,3,linear,174,1,1,1,43,43,1.0,0.4725274725274725,1,0.08390001312363893,0,0.0,,
digits-35,3,linear,190,0,1,1,48,48,1.0,0.5274725274725275,1,0.09359999967273325,0,0.0,,
digits-35,3,linear,194,1,1,1,43,43,1.0,0.4725274725274725,1,0.08539999544154853,0,0.0,,
digits-35,3,linear,205,1,1,1,43,43,1.0,0.4725274725274725,1,0.0833000085549429,0,0.0,,
digits-35,3,linear,211,1,1,1,43,43,1.0,0.4725274725274725,1,0.0833000085549429,0,0.0,,
digits-35,3,linear,216,0,1,1,48,48,1.0,0.5274725274725275,1,0.08360001083929092,0,0.0,,
digits-35,3,linear,232,0,1,1,48,48,1.0,0.5274725274725275,1,0.08360001083929092,0,0.0,,
digits-35,3,linear,282,0,1,1,48,48,1.0,0.5274725274725275,1,0.08320000779349357,0,0.0,,
digits-35,3,linear,297,0,1,1,48,48,1.0,0.5274725274725275,1,0.08279999019578099,0,0.0,,
digits-35,3,linear,305,1,1,1,43,43,1.0,0.4725274725274725,1,0.08420000085607171,0,0.0,,
digits-35,3,linear,309,1,1,1,43,43,1.0,0.4725274725274725,1,0.08250000246334821,0,0.0,,
digits-35,3,linear,321,0,1,1,48,48,1.0,0.5274725274725275,1,0.08190001244656742,0,0.0,,
digits-35,3,linear,358,1,1,1,43,43,1.0,0.4725274725274725,1,0.0822000001790002,0,0.0,,
digits-35,3,relu,30,1,33,1,0,0,,0.0,0,0.14859999646432698,0,0.0,0.0,0.0
digits-35,3,relu,65,1,33,1,0,0,,0.0,0,0.10399999155197293,0,0.0,0.0,0.0
digits-35,3,relu,86,0,33,1,0,0,,0.0,0,0.10059999476652592,0,0.0,0.0,0.0
digits-35,3,relu,103,0,33,1,3,3,1.0,0.03296703296703297,1,0.1016000023810193,0,1.0708755766586364e-06,3.0,3.0
digits-35,3,relu,104,0,33,1,0,0,,0.0,0,0.09339999814983457,0,0.0,0.0,0.0
digits-35,3,relu,106,0,33,1,0,0,,0.0,0,0.09100000897888094,0,0.0,0.0,0.0
digits-35,3,relu,174,1,33,1,0,0,,0.0,0,0.09190000128000975,0,0.0,0.0,0.0
digits-35,3,relu,190,0,33,1,0,0,,0.0,0,0.09040000441018492,0,0.0,0.0,0.0
digits-35,3,relu,194,1,33,1,0,0,,0.0,0,0.0889999937498942,0,0.0,0.0,0.0
digits-35,3,relu,205,1,33,1,0,0,,0.0,0,0.08909999451134354,0,0.0,0.0,0.0
digits-35,3,relu,211,1,33,1,0,0,,0.0,0,0.08880000677891076,0,0.0,0.0,0.0
digits-35,3,relu,216,0,33,1,3,3,1.0,0.03296703296703297,1,0.09479999425821006,0,1.0708755766586364e-06,3.0,3.0
digits-35,3,relu,232,0,33,1,0,0,,0.0,0,0.09000000136438757,0,0.0,0.0,0.0
digits-35,3,relu,282,0,33,1,0,0,,0.0,0,0.10740000288933516,0,0.0,0.0,0.0
digits-35,3,relu,297,0,33,1,0,0,,0.0,0,0.09830000635702163,0,0.0,0.0,0.0
digits-35,3,relu,305,1,33,1,0,0,,0.0,0,0.0985000078799203,0,0.0,0.0,0.0
digits-35,3,relu,309,1,33,1,0,0,,0.0,0,0.09639999188948423,0,0.0,0.0,0.0
digits-35,3,relu,321,0,33,1,3,3,1.0,0.03296703296703297,1,0.09810000483412296,0,1.0708755766586364e-06,3.0,3.0
digits-35,3,relu,358,1,33,1,1,1,1.0,0.01098901098901099,1,0.10850001126527786,0,1.9881166579693854e-07,1.0,1.0
digits-35,4,tree,75,0,2,1,44,44,1.0,0.4835164835164835,1,0.040400002035312355,0,0.0,,
digits-35,4,tree,78,1,3,1,43,43,1.0,0.4725274725274725,1,0.024199995095841587,0,0.0,,
digits-35,4,tree,84,0,2,1,44,44,1.0,0.4835164835164835,1,0.015300000086426735,0,0.0,,
digits-35,4,tree,106,0,2,1,44,44,1.0,0.4835164835164835,1,0.014699995517730713,0,0.0,,
digits-35,4,tree,125,1,3,1,43,43,1.0,0.4725274725274725,1,0.018699996871873736,0,0.0,,
digits-35,4,tree,131,1,3,1,43,43,1.0,0.4725274725274725,1,0.018799997633323073,0,0.0,,
digits-35,4,tree,133,1,3,1,43,43,1.0,0.4725274725274725,1,0.018100006855092943,0,0.0,,
digits-35,4,tree,154,0,2,1,44,44,1.0,0.4835164835164835,1,0.014599994756281376,0,0.0,,
digits-35,4,tree,156,0,2,1,44,44,1.0,0.4835164835164835,1,0.014199991710484028,0,0.0,,
digits-35,4,tree,177,1,3,1,43,43,1.0,0.4725274725274725,1,0.018400009139440954,0,0.0,,
digits-35,4,tree,184,0,2,1,44,44,1.0,0.4835164835164835,1,0.014200006262399256,0,0.0,,
digits-35,4,tree,190,0,2,1,44,44,1.0,0.4835164835164835,1,0.014199991710484028,0,0.0,,
digits-35,4,tree,208,0,2,1,44,44,1.0,0.4835164835164835,1,0.017400001524947584,0,0.0,,
digits-35,4,tree,236,0,2,1,44,44,1.0,0.4835164835164835,1,0.01340000017080456,0,0.0,,
digits-35,4,tree,243,1,3,1,1,1,1.0,0.01098901098901099,1,0.01750000228639692,0,0.0,,
digits-35,4,tree,257,1,3,1,43,43,1.0,0.4725274725274725,1,0.01759998849593103,0,0.0,,
digits-35,4,tree,339,1,3,1,1,1,1.0,0.01098901098901099,1,0.01720000000204891,0,0.0,,
digits-35,4,tree,351,1,3,1,43,43,1.0,0.4725274725274725,1,0.016999998479150236,0,0.0,,
digits-35,4,tree,357,1,3,1,43,43,1.0,0.4725274725274725,1,0.01720000000204891,0,0.0,,
digits-35,4,linear,75,0,1,1,46,46,1.0,0.5054945054945055,1,0.11240001185797155,0,0.0,,
digits-35,4,linear,78,1,1,1,45,45,1.0,0.4945054945054945,1,0.10540000221226364,0,0.0,,
digits-35,4,linear,84,0,1,1,46,46,1.0,0.5054945054945055,1,0.09439999121241271,0,0.0,,
digits-35,4,linear,106,0,1,1,46,46,1.0,0.5054945054945055,1,0.09469999349676073,0,0.0,,
digits-35,4,linear,125,1,1,1,45,45,1.0,0.4945054945054945,1,0.09180000051856041,0,0.0,,
digits-35,4,linear,131,1,1,1,45,45,1.0,0.4945054945054945,1,0.09259999205823988,0,0.0,,
digits-35,4,linear,133,1,1,1,45,45,1.0,0.4945054945054945,1,0.09299999510403723,0,0.0,,
digits-35,4,linear,154,0,1,1,46,46,1.0,0.5054945054945055,1,0.09250000584870577,0,0.0,,
digits-35,4,linear,156,0,1,1,46,46,1.0,0.5054945054945055,1,0.09380000119563192,0,0.0,,
digits-35,4,linear,177,1,1,1,45,45,1.0,0.4945054945054945,1,0.09299999510403723,0,0.0,,
digits-35,4,linear,184,0,1,1,46,46,1.0,0.5054945054945055,1,0.09180000051856041,0,0.0,,
digits-35,4,linear,190,0,1,1,46,46,1.0,0.5054945054945055,1,0.09549999958835542,0,0.0,,
digits-35,4,linear,208,0,1,1,46,46,1.0,0.5054945054945055,1,0.09529999806545675,0,0.0,,
digits-35,4,linear,236,0,1,1,46,46,1.0,0.5054945054945055,1,0.10220000694971532,0,0.0,,
digits-35,4,linear,243,0,1,1,46,46,1.0,0.5054945054945055,1,0.10179998935200274,0,0.0,,
digits-35,4,linear,257,1,1,1,45,45,1.0,0.4945054945054945,1,0.10649999603629112,0,0.0,,
digits-35,4,linear,339,1,1,1,45,45,1.0,0.4945054945054945,1,0.09529999806545675,0,0.0,,
digits-35,4,linear,351,1,1,1,45,45,1.0,0.4945054945054945,1,0.0931999966269359,0,0.0,,
digits-35,4,linear,357,1,1,1,45,45,1.0,0.4945054945054945,1,0.09390000195708126,0,0.0,,
digits-35,4,relu,75,0,33,1,0,0,,0.0,0,0.15910000365693122,0,0.0,0.0,0.0
digits-35,4,relu,78,1,33,1,2,2,1.0,0.02197802197802198,1,0.1362000039080158,0,9.541993062356369e-07,2.0,2.0
digits-35,4,relu,84,0,33,1,0,0,,0.0,0,0.11820001236628741,0,0.0,0.0,0.0
digits-35,4,relu,106,0,33,1,0,0,,0.0,0,0.11130000348202884,0,0.0,0.0,0.0
digits-35,4,relu,125,1,33,1,0,0,,0.0,0,0.10019999172072858,0,0.0,0.0,0.0
digits-35,4,relu,131,1,33,1,1,1,1.0,0.01098901098901099,1,0.10409999231342226,0,6.030909460719158e-07,1.0,1.0
digits-35,4,relu,133,1,33,1,0,0,,0.0,0,0.09580000187270343,0,0.0,0.0,0.0
digits-35,4,relu,154,0,33,1,0,0,,0.0,0,0.10540000221226364,0,0.0,0.0,0.0
digits-35,4,relu,156,0,33,1,0,0,,0.0,0,0.09820000559557229,0,0.0,0.0,0.0
digits-35,4,relu,177,1,33,1,2,2,1.0,0.02197802197802198,1,0.10889999975915998,0,7.8815059545434e-07,2.0,2.0
digits-35,4,relu,184,0,33,1,0,0,,0.0,0,0.09609998960513622,0,0.0,0.0,0.0
digits-35,4,relu,190,0,33,1,0,0,,0.0,0,0.09719999798107892,0,0.0,0.0,0.0
digits-35,4,relu,208,0,33,1,0,0,,0.0,0,0.09370000043418258,0,0.0,0.0,0.0
digits-35,4,relu,236,0,33,1,0,0,,0.0,0,0.0931999966269359,0,0.0,0.0,0.0
digits-35,4,relu,243,0,33,1,0,0,,0.0,0,0.09279999358113855,0,0.0,0.0,0.0
digits-35,4,relu,257,1,33,1,0,0,,0.0,0,0.09410000347997993,0,0.0,0.0,0.0
digits-35,4,relu,339,1,33,1,0,0,,0.0,0,0.0926000066101551,0,0.0,0.0,0.0
digits-35,4,relu,351,1,33,1,0,0,,0.0,0,0.09370000043418258,0,0.0,0.0,0.0
digits-35,4,relu,357,1,33,1,2,2,1.0,0.02197802197802198,1,0.0973999995039776,0,2.994595478256201e-07,2.0,2.0
synthetic_d8,0,tree,23,1,4,1,38,38,1.0,0.304,1,0.05049999163020402,0,0.0,,
synthetic_d8,0,tree,28,1,4,1,38,38,1.0,0.304,1,0.02749999111983925,0,0.0,,
synthetic_d8,0,tree,39,1,4,1,38,38,1.0,0.304,1,0.023900007363408804,0,0.0,,
synthetic_d8,0,tree,41,1,5,1,1,1,1.0,0.008,1,0.02750000567175448,0,0.0,,
synthetic_d8,0,tree,54,0,4,1,25,25,1.0,0.2,1,0.024499997380189598,0,0.0,,
synthetic_d8,0,tree,72,1,6,1,4,4,1.0,0.032,1,0.030700000934302807,0,0.0,,
synthetic_d8,0,tree,94,0,5,1,3,3,1.0,0.024,1,0.02680000034160912,0,0.0,,
synthetic_d8,0,tree,102,0,5,1,5,5,1.0,0.04,1,0.026400011847727,0,0.0,,
synthetic_d8,0,tree,103,0,8,1,2,2,1.0,0.016,1,0.0374000082956627,0,0.0,,
synthetic_d8,0,tree,106,0,4,1,25,25,1.0,0.2,1,0.02300000051036477,0,0.0,,
synthetic_d8,0,tree,114,1,4,1,38,38,1.0,0.304,1,0.022899999748915434,0,0.0,,
synthetic_d8,0,tree,199,1,4,1,38,38,1.0,0.304,1,0.022400010493583977,0,0.0,,
synthetic_d8,0,tree,200,0,6,1,11,11,1.0,0.088,1,0.030800001695752144,0,0.0,,
synthetic_d8,0,tree,312,1,4,1,38,38,1.0,0.304,1,0.02200000744778663,0,0.0,,
synthetic_d8,0,tree,339,0,6,1,11,11,1.0,0.088,1,0.029100003303028643,0,0.0,,
synthetic_d8,0,tree,348,1,4,1,38,38,1.0,0.304,1,0.022599997464567423,0,0.0,,
synthetic_d8,0,tree,378,0,6,1,11,11,1.0,0.088,1,0.02950000634882599,0,0.0,,
synthetic_d8,0,tree,421,0,5,1,3,3,1.0,0.024,1,0.026299996534362435,0,0.0,,
synthetic_d8,0,tree,425,1,4,1,38,38,1.0,0.304,1,0.02300000051036477,0,0.0,,
synthetic_d8,0,tree,471,0,6,1,11,11,1.0,0.088,1,0.02920000406447798,0,0.0,,
synthetic_d8,0,linear,23,1,1,1,62,62,1.0,0.496,1,0.12099999003112316,0,0.0,,
synthetic_d8,0,linear,28,1,1,1,62,62,1.0,0.496,1,0.09169999975711107,0,0.0,,
synthetic_d8,0,linear,39,1,1,1,62,62,1.0,0.496,1,0.08589999924879521,0,0.0,,
synthetic_d8,0,linear,41,1,1,1,62,62,1.0,0.496,1,0.0858000130392611,0,0.0,,
synthetic_d8,0,linear,54,0,1,1,63,63,1.0,0.504,1,0.08430000161752105,0,0.0,,
synthetic_d8,0,linear,72,1,1,1,62,62,1.0,0.496,1,0.08549999620299786,0,0.0,,
synthetic_d8,0,linear,94,0,1,1,63,63,1.0,0.504,1,0.08460000390186906,0,0.0,,
synthetic_d8,0,linear,102,1,1,1,62,62,1.0,0.496,1,0.08370001160074025,0,0.0,,
synthetic_d8,0,linear,103,1,1,1,62,62,1.0,0.496,1,0.08379999781027436,0,0.0,,
synthetic_d8,0,linear,106,0,1,1,63,63,1.0,0.504,1,0.08230000094044954,0,0.0,,
synthetic_d8,0,linear,114,1,1,1,62,62,1.0,0.496,1,0.08499999239575118,0,0.0,,
synthetic_d8,0,linear,199,1,1,1,62,62,1.0,0.496,1,0.09349999891128391,0,0.0,,
synthetic_d8,0,linear,200,1,1,1,62,62,1.0,0.496,1,0.0926000066101551,0,0.0,,
synthetic_d8,0,linear,312,1,1,1,62,62,1.0,0.496,1,0.09410000347997993,0,0.0,,
synthetic_d8,0,linear,339,1,1,1,62,62,1.0,0.496,1,0.09390000195708126,0,0.0,,
synthetic_d8,0,linear,348,0,1,1,63,63,1.0,0.504,1,0.09210000280290842,0,0.0,,
synthetic_d8,0,linear,378,0,1,1,63,63,1.0,0.504,1,0.08650000381749123,0,0.0,,
synthetic_d8,0,linear,421,0,1,1,63,63,1.0,0.504,1,0.08260000322479755,0,0.0,,
synthetic_d8,0,linear,425,1,1,1,62,62,1.0,0.496,1,0.08260000322479755,0,0.0,,
synthetic_d8,0,linear,471,0,1,1,63,63,1.0,0.504,1,0.08270000398624688,0,0.0,,
synthetic_d8,0,relu,23,1,33,1,0,0,,0.0,0,0.12840000272262841,0,0.0,0.0,0.0
synthetic_d8,0,relu,28,1,33,1,0,0,,0.0,0,0.08519999391864985,0,0.0,0.0,0.0
synthetic_d8,0,relu,39,1,33,1,0,0,,0.0,0,0.08440000237897038,0,0.0,0.0,0.0
synthetic_d8,0,relu,41,0,33,1,0,0,,0.0,0,0.10579999070614576,0,0.0,0.0,0.0
synthetic_d8,0,relu,54,0,33,1,0,0,,0.0,0,0.09269999281968921,0,0.0,0.0,0.0
synthetic_d8,0,relu,72,0,33,1,0,0,,0.0,0,0.08460000390186906,0,0.0,0.0,0.0
synthetic_d8,0,relu,94,0,33,1,0,0,,0.0,0,0.08569999772589654,0,0.0,0.0,0.0
synthetic_d8,0,relu,102,0,33,1,1,1,1.0,0.008,1,0.08970001363195479,0,1.1922306342171396e-06,1.0,1.0
synthetic_d8,0,relu,103,0,33,1,0,0,,0.0,0,0.07900000491645187,0,0.0,0.0,0.0
synthetic_d8,0,relu,106,1,33,1,0,0,,0.0,0,0.07329999061767012,0,0.0,0.0,0.0
synthetic_d8,0,relu,114,1,33,1,0,0,,0.0,0,0.07270000060088933,0,0.0,0.0,0.0
synthetic_d8,0,relu,199,1,33,1,0,0,,0.0,0,0.07249999907799065,0,0.0,0.0,0.0
synthetic_d8,0,relu,200,1,33,1,0,0,,0.0,0,0.07179999374784529,0,0.0,0.0,0.0
synthetic_d8,0,relu,312,1,33,1,0,0,,0.0,0,0.07180000829976052,0,0.0,0.0,0.0
synthetic_d8,0,relu,339,0,33,1,0,0,,0.0,0,0.07140000525396317,0,0.0,0.0,0.0
synthetic_d8,0,relu,348,1,33,1,0,0,,0.0,0,0.07110000296961516,0,0.0,0.0,0.0
synthetic_d8,0,relu,378,0,33,1,0,0,,0.0,0,0.0720000098226592,0,0.0,0.0,0.0
synthetic_d8,0,relu,421,0,33,1,0,0,,0.0,0,0.07139999070204794,0,0.0,0.0,0.0
synthetic_d8,0,relu,425,1,33,1,0,0,,0.0,0,0.07130000449251384,0,0.0,0.0,0.0
synthetic_d8,0,relu,471,0,33,1,0,0,,0.0,0,0.07180000829976052,0,0.0,0.0,0.0
synthetic_d8,1,tree,16,1,7,1,20,20,1.0,0.16,1,0.04600000102072954,0,0.0,,
synthetic_d8,1,tree,24,0,4,1,22,22,1.0,0.176,1,0.023800006601959467,0,0.0,,
synthetic_d8,1,tree,60,1,2,1,23,23,1.0,0.184,1,0.014699995517730713,0,0.0,,
synthetic_d8,1,tree,87,1,7,1,20,20,1.0,0.16,1,0.030499999411404133,0,0.0,,
synthetic_d8,1,tree,90,0,5,1,8,8,1.0,0.064,1,0.0261999957729131,0,0.0,,
synthetic_d8,1,tree,95,0,4,1,22,22,1.0,0.176,1,0.022199994418770075,0,0.0,,
synthetic_d8,1,tree,96,0,4,1,16,16,1.0,0.128,1,0.02239999594166875,0,0.0,,
synthetic_d8,1,tree,124,1,2,1,23,23,1.0,0.184,1,0.014699995517730713,0,0.0,,
synthetic_d8,1,tree,200,0,5,1,8,8,1.0,0.064,1,0.02950000634882599,0,0.0,,
synthetic_d8,1,tree,251,0,4,1,16,16,1.0,0.128,1,0.019799990695901215,0,0.0,,
synthetic_d8,1,tree,268,1,2,1,23,23,1.0,0.184,1,0.013500000932253897,0,0.0,,
synthetic_d8,1,tree,303,0,4,1,4,4,1.0,0.032,1,0.019700004486367106,0,0.0,,
synthetic_d8,1,tree,324,1,7,1,20,20,1.0,0.16,1,0.029600007110275328,0,0.0,,
synthetic_d8,1,tree,382,1,2,1,23,23,1.0,0.184,1,0.023500004317611456,0,0.0,,
synthetic_d8,1,tree,389,0,4,1,22,22,1.0,0.176,1,0.020400009816512465,0,0.0,,
synthetic_d8,1,tree,401,0,6,1,9,9,1.0,0.072,1,0.02689998655114323,0,0.0,,
synthetic_d8,1,tree,454,0,4,1,16,16,1.0,0.128,1,0.01960000372491777,0,0.0,,
synthetic_d8,1,tree,458,1,7,1,20,20,1.0,0.16,1,0.029300004825927317,0,0.0,,
synthetic_d8,1,tree,479,1,5,1,1,1,1.0,0.008,1,0.023500004317611456,0,0.0,,
synthetic_d8,1,tree,498,1,2,1,23,23,1.0,0.184,1,0.013299999409355223,0,0.0,,
synthetic_d8,1,linear,16,1,1,1,68,68,1.0,0.544,1,0.10289999772794545,0,0.0,,
synthetic_d8,1,linear,24,0,1,1,57,57,1.0,0.456,1,0.09129999671131372,0,0.0,,
synthetic_d8,1,linear,60,1,1,1,68,68,1.0,0.544,1,0.08820000221021473,0,0.0,,
synthetic_d8,1,linear,87,1,1,1,68,68,1.0,0.544,1,0.08630000229459256,0,0.0,,
synthetic_d8,1,linear,90,0,1,1,57,57,1.0,0.456,1,0.08620000153314322,0,0.0,,
synthetic_d8,1,linear,95,0,1,1,57,57,1.0,0.456,1,0.08399999933317304,0,0.0,,
synthetic_d8,1,linear,96,0,1,1,57,57,1.0,0.456,1,0.09760000102687627,0,0.0,,
synthetic_d8,1,linear,124,1,1,1,68,68,1.0,0.544,1,0.08680000610183924,0,0.0,,
synthetic_d8,1,linear,200,1,1,1,68,68,1.0,0.544,1,0.08670000534038991,0,0.0,,
synthetic_d8,1,linear,251,0,1,1,57,57,1.0,0.456,1,0.09410000347997993,0,0.0,,
synthetic_d8,1,linear,268,1,1,1,68,68,1.0,0.544,1,0.09190000128000975,0,0.0,,
synthetic_d8,1,linear,303,1,1,1,68,68,1.0,0.544,1,0.08830000297166407,0,0.0,,
synthetic_d8,1,linear,324,1,1,1,68,68,1.0,0.544,1,0.08720000914763659,0,0.0,,
synthetic_d8,1,linear,382,1,1,1,68,68,1.0,0.544,1,0.10159998782910407,0,0.0,,
synthetic_d8,1,linear,389,0,1,1,57,57,1.0,0.456,1,0.09299999510403723,0,0.0,,
synthetic_d8,1,linear,401,0,1,1,57,57,1.0,0.456,1,0.09450000652577728,0,0.0,,
synthetic_d8,1,linear,454,0,1,1,57,57,1.0,0.456,1,0.09420000424142927,0,0.0,,
synthetic_d8,1,linear,458,0,1,1,57,57,1.0,0.456,1,0.09159999899566174,0,0.0,,
synthetic_d8,1,linear,479,0,1,1,57,57,1.0,0.456,1,0.08600000001024455,0,0.0,,
synthetic_d8,1,linear,498,1,1,1,68,68,1.0,0.544,1,0.0864000030560419,0,0.0,,
synthetic_d8,1,relu,16,1,33,1,0,0,,0.0,0,0.12719999358523637,0,0.0,0.0,0.0
synthetic_d8,1,relu,24,0,33,1,0,0,,0.0,0,0.08949999755714089,0,0.0,0.0,0.0
synthetic_d8,1,relu,60,1,33,1,0,0,,0.0,0,0.08440000237897038,0,0.0,0.0,0.0
synthetic_d8,1,relu,87,1,33,1,0,0,,0.0,0,0.08150000940077007,0,0.0,0.0,0.0
synthetic_d8,1,relu,90,0,33,1,0,0,,0.0,0,0.08399999933317304,0,0.0,0.0,0.0
synthetic_d8,1,relu,95,0,33,1,0,0,,0.0,0,0.07910000567790121,0,0.0,0.0,0.0
synthetic_d8,1,relu,96,0,33,1,0,0,,0.0,0,0.0788999896030873,0,0.0,0.0,0.0
synthetic_d8,1,relu,124,1,33,1,0,0,,0.0,0,0.07840000034775585,0,0.0,0.0,0.0
synthetic_d8,1,relu,200,1,33,1,0,0,,0.0,0,0.07779999577905983,0,0.0,0.0,0.0
synthetic_d8,1,relu,251,0,33,1,1,1,1.0,0.008,1,0.08539999544154853,0,1.547957801051325e-06,1.0,1.0
synthetic_d8,1,relu,268,1,33,1,0,0,,0.0,0,0.07779999577905983,0,0.0,0.0,0.0
synthetic_d8,1,relu,303,0,33,1,0,0,,0.0,0,0.08769999840296805,0,0.0,0.0,0.0
synthetic_d8,1,relu,324,0,33,1,0,0,,0.0,0,0.08040000102482736,0,0.0,0.0,0.0
synthetic_d8,1,relu,382,1,33,1,0,0,,0.0,0,0.0788999896030873,0,0.0,0.0,0.0
synthetic_d8,1,relu,389,0,33,1,0,0,,0.0,0,0.07870000263210386,0,0.0,0.0,0.0
synthetic_d8,1,relu,401,0,33,1,0,0,,0.0,0,0.07639999967068434,0,0.0,0.0,0.0
synthetic_d8,1,relu,454,0,33,1,0,0,,0.0,0,0.08129999332595617,0,0.0,0.0,0.0
synthetic_d8,1,relu,458,1,33,1,0,0,,0.0,0,0.07700000423938036,0,0.0,0.0,0.0
synthetic_d8,1,relu,479,0,33,1,0,0,,0.0,0,0.0768999889260158,0,0.0,0.0,0.0
synthetic_d8,1,relu,498,1,33,1,0,0,,0.0,0,0.07599999662488699,0,0.0,0.0,0.0
synthetic_d8,2,tree,0,1,6,1,3,3,1.0,0.024,1,0.04490000719670206,0,0.0,,
synthetic_d8,2,tree,16,0,5,1,30,30,1.0,0.24,1,0.02890000178012997,0,0.0,,
synthetic_d8,2,tree,39,1,3,1,40,40,1.0,0.32,1,0.0202999945031479,0,0.0,,
synthetic_d8,2,tree,40,1,3,1,40,40,1.0,0.32,1,0.018499995348975062,0,0.0,,
synthetic_d8,2,tree,83,1,3,1,40,40,1.0,0.32,1,0.018000006093643606,0,0.0,,
synthetic_d8,2,tree,95,1,4,1,3,3,1.0,0.024,1,0.02169999061152339,0,0.0,,
synthetic_d8,2,tree,128,1,4,1,3,3,1.0,0.024,1,0.021800005924887955,0,0.0,,
synthetic_d8,2,tree,151,0,8,1,0,0,,0.0,0,0.03599999763537198,0,0.0,,
synthetic_d8,2,tree,163,1,3,1,40,40,1.0,0.32,1,0.01819999306462705,0,0.0,,
synthetic_d8,2,tree,173,1,4,1,3,3,1.0,0.024,1,0.02130000211764127,0,0.0,,
synthetic_d8,2,tree,224,0,5,1,30,30,1.0,0.24,1,0.025200002710334957,0,0.0,,
synthetic_d8,2,tree,312,1,4,1,5,5,1.0,0.04,1,0.021500003640539944,0,0.0,,
synthetic_d8,2,tree,363,1,4,1,3,3,1.0,0.024,1,0.02099999983329326,0,0.0,,
synthetic_d8,2,tree,381,0,6,1,1,1,1.0,0.008,1,0.028700000257231295,0,0.0,,
synthetic_d8,2,tree,407,0,5,1,30,30,1.0,0.24,1,0.02509998739697039,0,0.0,,
synthetic_d8,2,tree,433,0,6,1,20,20,1.0,0.16,1,0.029000002541579306,0,0.0,,
synthetic_d8,2,tree,440,0,5,1,5,5,1.0,0.04,1,0.025300003471784294,0,0.0,,
synthetic_d8,2,tree,445,0,5,1,5,5,1.0,0.04,1,0.02479999966453761,0,0.0,,
synthetic_d8,2,tree,454,0,6,1,20,20,1.0,0.16,1,0.028400012524798512,0,0.0,,
synthetic_d8,2,tree,489,0,6,1,20,20,1.0,0.16,1,0.02920000406447798,0,0.0,,
synthetic_d8,2,linear,0,1,1,1,75,75,1.0,0.6,1,0.10509999992791563,0,0.0,,
synthetic_d8,2,linear,16,1,1,1,75,75,1.0,0.6,1,0.09280000813305378,0,0.0,,
synthetic_d8,2,linear,39,1,1,1,75,75,1.0,0.6,1,0.08950001210905612,0,0.0,,
synthetic_d8,2,linear,40,1,1,1,75,75,1.0,0.6,1,0.09020000288728625,0,0.0,,
synthetic_d8,2,linear,83,1,1,1,75,75,1.0,0.6,1,0.08830000297166407,0,0.0,,
synthetic_d8,2,linear,95,0,1,1,50,50,1.0,0.4,1,0.08969999908003956,0,0.0,,
synthetic_d8,2,linear,128,1,1,1,75,75,1.0,0.6,1,0.08759999764151871,0,0.0,,
synthetic_d8,2,linear,151,1,1,1,75,75,1.0,0.6,1,0.08749999688006938,0,0.0,,
synthetic_d8,2,linear,163,1,1,1,75,75,1.0,0.6,1,0.0889999937498942,0,0.0,,
synthetic_d8,2,linear,173,1,1,1,75,75,1.0,0.6,1,0.08779999916441739,0,0.0,,
synthetic_d8,2,linear,224,0,1,1,50,50,1.0,0.4,1,0.08759999764151871,0,0.0,,
synthetic_d8,2,linear,312,1,1,1,75,75,1.0,0.6,1,0.08680000610183924,0,0.0,,
synthetic_d8,2,linear,363,0,1,1,50,50,1.0,0.4,1,0.09689999569673091,0,0.0,,
synthetic_d8,2,linear,381,0,1,1,50,50,1.0,0.4,1,0.09080000745598227,0,0.0,,
synthetic_d8,2,linear,407,0,1,1,50,50,1.0,0.4,1,0.0875000114319846,0,0.0,,
synthetic_d8,2,linear,433,0,1,1,50,50,1.0,0.4,1,0.0875000114319846,0,0.0,,
synthetic_d8,2,linear,440,0,1,1,50,50,1.0,0.4,1,0.08700000762473792,0,0.0,,
synthetic_d8,2,linear,445,0,1,1,50,50,1.0,0.4,1,0.08759999764151871,0,0.0,,
synthetic_d8,2,linear,454,0,1,1,50,50,1.0,0.4,1,0.08800000068731606,0,0.0,,
synthetic_d8,2,linear,489,0,1,1,50,50,1.0,0.4,1,0.08680000610183924,0,0.0,,
synthetic_d8,2,relu,0,0,33,1,0,0,,0.0,0,0.15389999316539615,0,0.0,0.0,0.0
synthetic_d8,2,relu,16,1,33,1,0,0,,0.0,0,0.09300000965595245,0,0.0,0.0,0.0
synthetic_d8,2,relu,39,1,33,1,0,0,,0.0,0,0.08600000001024455,0,0.0,0.0,0.0
synthetic_d8,2,relu,40,1,33,1,0,0,,0.0,0,0.08379999781027436,0,0.0,0.0,0.0
synthetic_d8,2,relu,83,1,33,1,0,0,,0.0,0,0.08179999713320285,0,0.0,0.0,0.0
synthetic_d8,2,relu,95,0,33,1,0,0,,0.0,0,0.07940000796224922,0,0.0,0.0,0.0
synthetic_d8,2,relu,128,1,33,1,0,0,,0.0,0,0.07850000110920519,0,0.0,0.0,0.0
synthetic_d8,2,relu,151,1,33,1,0,0,,0.0,0,0.07910000567790121,0,0.0,0.0,0.0
synthetic_d8,2,relu,163,1,33,1,0,0,,0.0,0,0.07920000643935055,0,0.0,0.0,0.0
synthetic_d8,2,relu,173,0,33,1,0,0,,0.0,0,0.0779999973019585,0,0.0,0.0,0.0
synthetic_d8,2,relu,224,0,33,1,1,1,1.0,0.008,1,0.08630000229459256,0,1.0567652815041129e-06,1.0,1.0
synthetic_d8,2,relu,312,1,33,1,0,0,,0.0,0,0.08269998943433166,0,0.0,0.0,0.0
synthetic_d8,2,relu,363,1,33,1,0,0,,0.0,0,0.0822000001790002,0,0.0,0.0,0.0
synthetic_d8,2,relu,381,1,33,1,0,0,,0.0,0,0.08869999146554619,0,2.3532700907935578e-06,3.0,0.0
synthetic_d8,2,relu,407,0,33,1,0,0,,0.0,0,0.08009999874047935,0,0.0,0.0,0.0
synthetic_d8,2,relu,433,0,33,1,0,0,,0.0,0,0.09190000128000975,0,0.0,0.0,0.0
synthetic_d8,2,relu,440,0,33,1,0,0,,0.0,0,0.0872999953571707,0,0.0,0.0,0.0
synthetic_d8,2,relu,445,0,33,1,0,0,,0.0,0,0.07939999341033399,0,0.0,0.0,0.0
synthetic_d8,2,relu,454,0,33,1,0,0,,0.0,0,0.08040000102482736,0,0.0,0.0,0.0
synthetic_d8,2,relu,489,0,33,1,0,0,,0.0,0,0.0788000033935532,0,0.0,0.0,0.0
synthetic_d8,3,tree,0,0,5,1,1,1,1.0,0.008,1,0.04220000118948519,0,0.0,,
synthetic_d8,3,tree,45,1,4,1,0,0,,0.0,0,0.023899992811493576,0,0.0,,
synthetic_d8,3,tree,67,0,5,1,33,33,1.0,0.264,1,0.0278999941656366,0,0.0,,
synthetic_d8,3,tree,97,1,5,1,40,40,1.0,0.32,1,0.026299996534362435,0,0.0,,
synthetic_d8,3,tree,128,0,5,1,33,33,1.0,0.264,1,0.02610000956337899,0,0.0,,
synthetic_d8,3,tree,131,0,6,1,2,2,1.0,0.016,1,0.029100003303028643,0,0.0,,
synthetic_d8,3,tree,140,1,2,1,3,3,1.0,0.024,1,0.014300007023848593,0,0.0,,
synthetic_d8,3,tree,191,0,5,1,4,4,1.0,0.032,1,0.025200002710334957,0,0.0,,
synthetic_d8,3,tree,218,0,5,1,33,33,1.0,0.264,1,0.025200002710334957,0,0.0,,
synthetic_d8,3,tree,232,1,5,1,40,40,1.0,0.32,1,0.025300003471784294,0,0.0,,
synthetic_d8,3,tree,276,1,5,1,40,40,1.0,0.32,1,0.025000001187436283,0,0.0,,
synthetic_d8,3,tree,278,0,5,1,10,10,1.0,0.08,1,0.025900008040480316,0,0.0,,
synthetic_d8,3,tree,294,0,5,1,10,10,1.0,0.08,1,0.02479999966453761,0,0.0,,
synthetic_d8,3,tree,314,0,5,1,10,10,1.0,0.08,1,0.024900000425986946,0,0.0,,
synthetic_d8,3,tree,354,1,5,1,40,40,1.0,0.32,1,0.024900000425986946,0,0.0,,
synthetic_d8,3,tree,359,0,5,1,10,10,1.0,0.08,1,0.024599998141638935,0,0.0,,
synthetic_d8,3,tree,381,0,5,1,33,33,1.0,0.264,1,0.025300003471784294,0,0.0,,
synthetic_d8,3,tree,394,1,4,1,12,12,1.0,0.096,1,0.021799991372972727,0,0.0,,
synthetic_d8,3,tree,399,1,4,1,12,12,1.0,0.096,1,0.02130000211764127,0,0.0,,
synthetic_d8,3,tree,400,1,6,1,1,1,1.0,0.008,1,0.028700000257231295,0,0.0,,
synthetic_d8,3,linear,0,1,1,1,68,68,1.0,0.544,1,0.10340000153519213,0,0.0,,
synthetic_d8,3,linear,45,1,1,1,68,68,1.0,0.544,1,0.09300000965595245,0,0.0,,
synthetic_d8,3,linear,67,0,1,1,57,57,1.0,0.456,1,0.09129999671131372,0,0.0,,
synthetic_d8,3,linear,97,1,1,1,68,68,1.0,0.544,1,0.08880000677891076,0,0.0,,
synthetic_d8,3,linear,128,1,1,1,68,68,1.0,0.544,1,0.08870000601746142,0,0.0,,
synthetic_d8,3,linear,131,1,1,1,68,68,1.0,0.544,1,0.0872999953571707,0,0.0,,
synthetic_d8,3,linear,140,0,1,1,57,57,1.0,0.456,1,0.0872999953571707,0,0.0,,
synthetic_d8,3,linear,191,0,1,1,57,57,1.0,0.456,1,0.08779999916441739,0,0.0,,
synthetic_d8,3,linear,218,0,1,1,57,57,1.0,0.456,1,0.09000000136438757,0,0.0,,
synthetic_d8,3,linear,232,1,1,1,68,68,1.0,0.544,1,0.09389998740516603,0,0.0,,
synthetic_d8,3,linear,276,1,1,1,68,68,1.0,0.544,1,0.09159999899566174,0,0.0,,
synthetic_d8,3,linear,278,0,1,1,57,57,1.0,0.456,1,0.09349999891128391,0,0.0,,
synthetic_d8,3,linear,294,0,1,1,57,57,1.0,0.456,1,0.08769999840296805,0,0.0,,
synthetic_d8,3,linear,314,0,1,1,57,57,1.0,0.456,1,0.08800000068731606,0,0.0,,
synthetic_d8,3,linear,354,1,1,1,68,68,1.0,0.544,1,0.09310001041740179,0,0.0,,
synthetic_d8,3,linear,359,0,1,1,57,57,1.0,0.456,1,0.08589999924879521,0,0.0,,
synthetic_d8,3,linear,381,0,1,1,57,57,1.0,0.456,1,0.08719999459572136,0,0.0,,
synthetic_d8,3,linear,394,1,1,1,68,68,1.0,0.544,1,0.08690000686328858,0,0.0,,
synthetic_d8,3,linear,399,0,1,1,57,57,1.0,0.456,1,0.102700010756962,0,0.0,,
synthetic_d8,3,linear,400,1,1,1,68,68,1.0,0.544,1,0.09180000051856041,0,0.0,,
synthetic_d8,3,relu,0,0,33,1,0,0,,0.0,0,0.1286999904550612,0,0.0,0.0,0.0
synthetic_d8,3,relu,45,1,33,1,0,0,,0.0,0,0.08990000060293823,0,0.0,0.0,0.0
synthetic_d8,3,relu,67,0,33,1,0,0,,0.0,0,0.08459998934995383,0,0.0,0.0,0.0
synthetic_d8,3,relu,97,1,33,1,0,0,,0.0,0,0.0822000001790002,0,0.0,0.0,0.0
synthetic_d8,3,relu,128,1,33,1,0,0,,0.0,0,0.08069998875726014,0,0.0,0.0,0.0
synthetic_d8,3,relu,131,1,33,1,0,0,,0.0,0,0.07920000643935055,0,0.0,0.0,0.0
synthetic_d8,3,relu,140,0,33,1,0,0,,0.0,0,0.08149999484885484,0,0.0,0.0,0.0
synthetic_d8,3,relu,191,1,33,1,0,0,,0.0,0,0.07909999112598598,0,0.0,0.0,0.0
synthetic_d8,3,relu,218,1,33,1,0,0,,0.0,0,0.07950000872369856,0,0.0,0.0,0.0
synthetic_d8,3,relu,232,1,33,1,0,0,,0.0,0,0.07890000415500253,0,0.0,0.0,0.0
synthetic_d8,3,relu,276,1,33,1,0,0,,0.0,0,0.07819999882485718,0,0.0,0.0,0.0
synthetic_d8,3,relu,278,0,33,1,0,0,,0.0,0,0.07929999264888465,0,0.0,0.0,0.0
synthetic_d8,3,relu,294,0,33,1,0,0,,0.0,0,0.08100000559352338,0,0.0,0.0,0.0
synthetic_d8,3,relu,314,0,33,1,0,0,,0.0,0,0.07699998968746513,0,0.0,0.0,0.0
synthetic_d8,3,relu,354,1,33,1,0,0,,0.0,0,0.07650000043213367,0,0.0,0.0,0.0
synthetic_d8,3,relu,359,0,33,1,0,0,,0.0,0,0.07650000043213367,0,0.0,0.0,0.0
synthetic_d8,3,relu,381,0,33,1,0,0,,0.0,0,0.07639999967068434,0,0.0,0.0,0.0
synthetic_d8,3,relu,394,1,33,1,0,0,,0.0,0,0.07550000736955553,0,0.0,0.0,0.0
synthetic_d8,3,relu,399,1,33,1,0,0,,0.0,0,0.07569999434053898,0,0.0,0.0,0.0
synthetic_d8,3,relu,400,1,33,1,0,0,,0.0,0,0.07680000271648169,0,0.0,0.0,0.0
synthetic_d8,4,tree,24,0,4,1,26,26,1.0,0.208,1,0.040399987483397126,0,0.0,,
synthetic_d8,4,tree,35,0,6,1,17,17,1.0,0.136,1,0.033499993151053786,0,0.0,,
synthetic_d8,4,tree,43,0,4,1,26,26,1.0,0.208,1,0.02269999822601676,0,0.0,,
synthetic_d8,4,tree,44,1,5,1,6,6,1.0,0.048,1,0.0261999957729131,0,0.0,,
synthetic_d8,4,tree,110,1,3,1,32,32,1.0,0.256,1,0.01960000372491777,0,0.0,,
synthetic_d8,4,tree,117,0,4,1,26,26,1.0,0.208,1,0.022199994418770075,0,0.0,,
synthetic_d8,4,tree,119,1,5,1,1,1,1.0,0.008,1,0.02580000727903098,0,0.0,,
synthetic_d8,4,tree,129,0,4,1,26,26,1.0,0.208,1,0.021900006686337292,0,0.0,,
synthetic_d8,4,tree,134,1,3,1,32,32,1.0,0.256,1,0.019099999917671084,0,0.0,,
synthetic_d8,4,tree,182,1,3,1,32,32,1.0,0.256,1,0.018099992303177714,0,0.0,,
synthetic_d8,4,tree,191,1,5,1,0,0,,0.0,0,0.025500004994682968,0,0.0,,
synthetic_d8,4,tree,247,1,3,1,32,32,1.0,0.256,1,0.018099992303177714,0,0.0,,
synthetic_d8,4,tree,257,1,3,1,32,32,1.0,0.256,1,0.018099992303177714,0,0.0,,
synthetic_d8,4,tree,292,1,3,1,32,32,1.0,0.256,1,0.018300008377991617,0,0.0,,
synthetic_d8,4,tree,297,1,3,1,32,32,1.0,0.256,1,0.017799990018829703,0,0.0,,
synthetic_d8,4,tree,324,0,6,1,2,2,1.0,0.016,1,0.029400005587376654,0,0.0,,
synthetic_d8,4,tree,326,0,4,1,26,26,1.0,0.208,1,0.021799991372972727,0,0.0,,
synthetic_d8,4,tree,350,1,3,1,5,5,1.0,0.04,1,0.01790000533219427,0,0.0,,
synthetic_d8,4,tree,361,0,4,1,26,26,1.0,0.208,1,0.02169999061152339,0,0.0,,
synthetic_d8,4,tree,459,0,4,1,26,26,1.0,0.208,1,0.021700005163438618,0,0.0,,
synthetic_d8,4,linear,24,0,1,1,58,58,1.0,0.464,1,0.22000000171829015,0,0.0,,
synthetic_d8,4,linear,35,0,1,1,58,58,1.0,0.464,1,0.20619999850168824,0,0.0,,
synthetic_d8,4,linear,43,0,1,1,58,58,1.0,0.464,1,0.1320000010309741,0,0.0,,
synthetic_d8,4,linear,44,1,1,1,67,67,1.0,0.536,1,0.09869999485090375,0,0.0,,
synthetic_d8,4,linear,110,1,1,1,67,67,1.0,0.536,1,0.09159999899566174,0,0.0,,
synthetic_d8,4,linear,117,0,1,1,58,58,1.0,0.464,1,0.09089999366551638,0,0.0,,
synthetic_d8,4,linear,119,0,1,1,58,58,1.0,0.464,1,0.09190000128000975,0,0.0,,
synthetic_d8,4,linear,129,0,1,1,58,58,1.0,0.464,1,0.09030000364873558,0,0.0,,
synthetic_d8,4,linear,134,1,1,1,67,67,1.0,0.536,1,0.09089999366551638,0,0.0,,
synthetic_d8,4,linear,182,1,1,1,67,67,1.0,0.536,1,0.09729999874252826,0,0.0,,
synthetic_d8,4,linear,191,0,1,1,58,58,1.0,0.464,1,0.09869999485090375,0,0.0,,
synthetic_d8,4,linear,247,1,1,1,67,67,1.0,0.536,1,0.09339999814983457,0,0.0,,
synthetic_d8,4,linear,257,1,1,1,67,67,1.0,0.536,1,0.08869999146554619,0,0.0,,
synthetic_d8,4,linear,292,1,1,1,67,67,1.0,0.536,1,0.08800000068731606,0,0.0,,
synthetic_d8,4,linear,297,1,1,1,67,67,1.0,0.536,1,0.08849998994264752,0,0.0,,
synthetic_d8,4,linear,324,0,1,1,58,58,1.0,0.464,1,0.0881000014487654,0,0.0,,
synthetic_d8,4,linear,326,0,1,1,58,58,1.0,0.464,1,0.10219999239780009,0,0.0,,
synthetic_d8,4,linear,350,1,1,1,67,67,1.0,0.536,1,0.09099999442696571,0,0.0,,
synthetic_d8,4,linear,361,1,1,1,67,67,1.0,0.536,1,0.08919999527279288,0,0.0,,
synthetic_d8,4,linear,459,0,1,1,58,58,1.0,0.464,1,0.08830000297166407,0,0.0,,
synthetic_d8,4,relu,24,0,33,1,0,0,,0.0,0,0.13259999104775488,0,0.0,0.0,0.0
synthetic_d8,4,relu,35,0,33,1,0,0,,0.0,0,0.10740000288933516,0,0.0,0.0,0.0
synthetic_d8,4,relu,43,0,33,1,0,0,,0.0,0,0.09470000804867595,0,0.0,0.0,0.0
synthetic_d8,4,relu,44,1,33,1,1,1,1.0,0.008,1,0.09410000347997993,0,1.3395240205937853e-06,1.0,1.0
synthetic_d8,4,relu,110,1,33,1,0,0,,0.0,0,0.08719999459572136,0,0.0,0.0,0.0
synthetic_d8,4,relu,117,0,33,1,0,0,,0.0,0,0.08410000009462237,0,0.0,0.0,0.0
synthetic_d8,4,relu,119,0,33,1,1,1,1.0,0.008,1,0.08889999298844486,0,9.935632157009877e-07,1.0,1.0
synthetic_d8,4,relu,129,0,33,1,0,0,,0.0,0,0.08359999628737569,0,0.0,0.0,0.0
synthetic_d8,4,relu,134,1,33,1,0,0,,0.0,0,0.08290000550914556,0,0.0,0.0,0.0
synthetic_d8,4,relu,182,1,33,1,0,0,,0.0,0,0.0822000001790002,0,0.0,0.0,0.0
synthetic_d8,4,relu,191,1,33,1,0,0,,0.0,0,0.08159999561030418,0,0.0,0.0,0.0
synthetic_d8,4,relu,247,1,33,1,0,0,,0.0,0,0.08060000254772604,0,0.0,0.0,0.0
synthetic_d8,4,relu,257,1,33,1,0,0,,0.0,0,0.08189999789465219,0,0.0,0.0,0.0
synthetic_d8,4,relu,292,1,33,1,0,0,,0.0,0,0.08129999332595617,0,0.0,0.0,0.0
synthetic_d8,4,relu,297,1,33,1,0,0,,0.0,0,0.08169999637175351,0,0.0,0.0,0.0
synthetic_d8,4,relu,324,0,33,1,0,0,,0.0,0,0.08209999941755086,0,0.0,0.0,0.0
synthetic_d8,4,relu,326,0,33,1,0,0,,0.0,0,0.08060000254772604,0,0.0,0.0,0.0
synthetic_d8,4,relu,350,1,33,1,0,0,,0.0,0,0.07979999645613134,0,0.0,0.0,0.0
synthetic_d8,4,relu,361,1,33,1,0,0,,0.0,0,0.0805999879958108,0,0.0,0.0,0.0
synthetic_d8,4,relu,459,0,33,1,0,0,,0.0,0,0.08070000330917537,0,0.0,0.0,0.0
synthetic_d20,0,tree,1,0,8,1,1,1,1.0,0.005,1,0.055599986808374524,0,0.0,,
synthetic_d20,0,tree,7,1,5,1,40,40,1.0,0.2,1,0.031499992473982275,0,0.0,,
synthetic_d20,0,tree,20,0,7,1,31,31,1.0,0.155,1,0.035899996873922646,0,0.0,,
synthetic_d20,0,tree,24,0,7,1,17,17,1.0,0.085,1,0.03480000304989517,0,0.0,,
synthetic_d20,0,tree,32,1,5,1,40,40,1.0,0.2,1,0.026900001103058457,0,0.0,,
synthetic_d20,0,tree,61,1,4,1,0,0,,0.0,0,0.022799998987466097,0,0.0,,
synthetic_d20,0,tree,107,1,5,1,40,40,1.0,0.2,1,0.03709999145939946,0,0.0,,
synthetic_d20,0,tree,173,0,7,1,1,1,1.0,0.005,1,0.03819999983534217,0,0.0,,
synthetic_d20,0,tree,192,1,5,1,40,40,1.0,0.2,1,0.026299996534362435,0,0.0,,
synthetic_d20,0,tree,410,0,8,1,1,1,1.0,0.005,1,0.03739999374374747,0,0.0,,
synthetic_d20,0,tree,420,0,7,1,31,31,1.0,0.155,1,0.03429999924264848,0,0.0,,
synthetic_d20,0,tree,459,1,7,1,31,31,1.0,0.155,1,0.04199999966658652,0,0.0,,
synthetic_d20,0,tree,510,1,5,1,40,40,1.0,0.2,1,0.025899993488565087,0,0.0,,
synthetic_d20,0,tree,524,0,7,1,31,31,1.0,0.155,1,0.03370000922586769,0,0.0,,
synthetic_d20,0,tree,607,0,8,1,1,1,1.0,0.005,1,0.03720000677276403,0,0.0,,
synthetic_d20,0,tree,608,1,5,1,7,7,1.0,0.035,1,0.026299996534362435,0,0.0,,
synthetic_d20,0,tree,623,0,5,1,5,5,1.0,0.025,1,0.02649999805726111,0,0.0,,
synthetic_d20,0,tree,666,1,5,1,7,7,1.0,0.035,1,0.025999994250014424,0,0.0,,
synthetic_d20,0,tree,727,1,5,1,40,40,1.0,0.2,1,0.02570000651758164,0,0.0,,
synthetic_d20,0,tree,729,1,5,1,40,40,1.0,0.2,1,0.026000008801929653,0,0.0,,
synthetic_d20,0,linear,1,0,1,1,95,95,1.0,0.475,1,0.11919999087695032,0,0.0,,
synthetic_d20,0,linear,7,1,1,1,105,105,1.0,0.525,1,0.12199999764561653,0,0.0,,
synthetic_d20,0,linear,20,0,1,1,95,95,1.0,0.475,1,0.09809999028220773,0,0.0,,
synthetic_d20,0,linear,24,0,1,1,95,95,1.0,0.475,1,0.09849999332800508,0,0.0,,
synthetic_d20,0,linear,32,1,1,1,105,105,1.0,0.525,1,0.09560000034980476,0,0.0,,
synthetic_d20,0,linear,61,0,1,1,95,95,1.0,0.475,1,0.09449999197386205,0,0.0,,
synthetic_d20,0,linear,107,1,1,1,105,105,1.0,0.525,1,0.09390000195708126,0,0.0,,
synthetic_d20,0,linear,173,0,1,1,95,95,1.0,0.475,1,0.09129999671131372,0,0.0,,
synthetic_d20,0,linear,192,1,1,1,105,105,1.0,0.525,1,0.08629998774267733,0,0.0,,
synthetic_d20,0,linear,410,0,1,1,95,95,1.0,0.475,1,0.08680000610183924,0,0.0,,
synthetic_d20,0,linear,420,0,1,1,95,95,1.0,0.475,1,0.08630000229459256,0,0.0,,
synthetic_d20,0,linear,459,1,1,1,105,105,1.0,0.525,1,0.0985000078799203,0,0.0,,
synthetic_d20,0,linear,510,1,1,1,105,105,1.0,0.525,1,0.0943000050028786,0,0.0,,
synthetic_d20,0,linear,524,0,1,1,95,95,1.0,0.475,1,0.09449999197386205,0,0.0,,
synthetic_d20,0,linear,607,1,1,1,105,105,1.0,0.525,1,0.09420000424142927,0,0.0,,
synthetic_d20,0,linear,608,0,1,1,95,95,1.0,0.475,1,0.09610000415705144,0,0.0,,
synthetic_d20,0,linear,623,1,1,1,105,105,1.0,0.525,1,0.09519999730400741,0,0.0,,
synthetic_d20,0,linear,666,1,1,1,105,105,1.0,0.525,1,0.09590000263415277,0,0.0,,
synthetic_d20,0,linear,727,1,1,1,105,105,1.0,0.525,1,0.09399998816661537,0,0.0,,
synthetic_d20,0,linear,729,1,1,1,105,105,1.0,0.525,1,0.09470000804867595,0,0.0,,
synthetic_d20,0,relu,1,0,33,1,1,1,1.0,0.005,1,0.1453000004403293,0,7.381786524263134e-07,1.0,1.0
synthetic_d20,0,relu,7,1,33,1,0,0,,0.0,0,0.09950000094249845,0,0.0,0.0,0.0
synthetic_d20,0,relu,20,0,33,1,0,0,,0.0,0,0.10000000474974513,0,0.0,0.0,0.0
synthetic_d20,0,relu,24,0,33,1,0,0,,0.0,0,0.08879999222699553,0,0.0,0.0,0.0
synthetic_d20,0,relu,32,1,33,1,0,0,,0.0,0,0.08670000534038991,0,0.0,0.0,0.0
synthetic_d20,0,relu,61,1,33,1,0,0,,0.0,0,0.08720000914763659,0,0.0,0.0,0.0
synthetic_d20,0,relu,107,1,33,1,0,0,,0.0,0,0.08770001295488328,0,0.0,0.0,0.0
synthetic_d20,0,relu,173,0,33,1,0,0,,0.0,0,0.08570001227781177,0,0.0,0.0,0.0
synthetic_d20,0,relu,192,1,33,1,0,0,,0.0,0,0.08540000999346375,0,0.0,0.0,0.0
synthetic_d20,0,relu,410,0,33,1,0,0,,0.0,0,0.08340000931639224,0,0.0,0.0,0.0
synthetic_d20,0,relu,420,0,33,1,0,0,,0.0,0,0.0855999969644472,0,0.0,0.0,0.0
synthetic_d20,0,relu,459,1,33,1,0,0,,0.0,0,0.08440000237897038,0,0.0,0.0,0.0
synthetic_d20,0,relu,510,1,33,1,0,0,,0.0,0,0.08320000779349357,0,0.0,0.0,0.0
synthetic_d20,0,relu,524,0,33,1,0,0,,0.0,0,0.08299999171867967,0,0.0,0.0,0.0
synthetic_d20,0,relu,607,0,33,1,0,0,,0.0,0,0.08280000474769622,0,0.0,0.0,0.0
synthetic_d20,0,relu,608,0,33,1,0,0,,0.0,0,0.08320000779349357,0,0.0,0.0,0.0
synthetic_d20,0,relu,623,0,33,1,0,0,,0.0,0,0.08329999400302768,0,0.0,0.0,0.0
synthetic_d20,0,relu,666,1,33,1,0,0,,0.0,0,0.08399999933317304,0,0.0,0.0,0.0
synthetic_d20,0,relu,727,1,33,1,0,0,,0.0,0,0.09420000424142927,0,0.0,0.0,0.0
synthetic_d20,0,relu,729,1,33,1,0,0,,0.0,0,0.09349999891128391,0,0.0,0.0,0.0
synthetic_d20,1,tree,56,1,6,1,47,47,1.0,0.235,1,0.04749999789055437,0,0.0,,
synthetic_d20,1,tree,226,1,8,1,18,18,1.0,0.09,1,0.04369999805931002,0,0.0,,
synthetic_d20,1,tree,241,1,6,1,47,47,1.0,0.235,1,0.031499992473982275,0,0.0,,
synthetic_d20,1,tree,242,1,8,1,7,7,1.0,0.035,1,0.038700003642588854,0,0.0,,
synthetic_d20,1,tree,254,0,8,1,16,16,1.0,0.08,1,0.038399986806325614,0,0.0,,
synthetic_d20,1,tree,256,0,7,1,11,11,1.0,0.055,1,0.03480000304989517,0,0.0,,
synthetic_d20,1,tree,263,1,4,1,7,7,1.0,0.035,1,0.023500004317611456,0,0.0,,
synthetic_d20,1,tree,374,1,3,1,8,8,1.0,0.04,1,0.018999999156221747,0,0.0,,
synthetic_d20,1,tree,381,1,4,1,7,7,1.0,0.035,1,0.035900011425837874,0,0.0,,
synthetic_d20,1,tree,393,1,6,1,47,47,1.0,0.235,1,0.03950000973418355,0,0.0,,
synthetic_d20,1,tree,408,1,6,1,47,47,1.0,0.235,1,0.030300012440420687,0,0.0,,
synthetic_d20,1,tree,417,1,8,1,7,7,1.0,0.035,1,0.03780001134146005,0,0.0,,
synthetic_d20,1,tree,440,1,3,1,8,8,1.0,0.04,1,0.019099999917671084,0,0.0,,
synthetic_d20,1,tree,454,0,6,1,20,20,1.0,0.1,1,0.030700000934302807,0,0.0,,
synthetic_d20,1,tree,462,0,8,1,1,1,1.0,0.005,1,0.03789999755099416,0,0.0,,
synthetic_d20,1,tree,466,1,6,1,47,47,1.0,0.235,1,0.030399998649954796,0,0.0,,
synthetic_d20,1,tree,562,1,6,1,47,47,1.0,0.235,1,0.029999995604157448,0,0.0,,
synthetic_d20,1,tree,676,1,3,1,8,8,1.0,0.04,1,0.0185999961104244,0,0.0,,
synthetic_d20,1,tree,724,1,4,1,7,7,1.0,0.035,1,0.022499996703118086,0,0.0,,
synthetic_d20,1,tree,742,1,6,1,47,47,1.0,0.235,1,0.03020001167897135,0,0.0,,
synthetic_d20,1,linear,56,1,1,1,102,102,1.0,0.51,1,0.12850000348407775,0,0.0,,
synthetic_d20,1,linear,226,0,1,1,98,98,1.0,0.49,1,0.10599999222904444,0,0.0,,
synthetic_d20,1,linear,241,1,1,1,102,102,1.0,0.51,1,0.09960000170394778,0,0.0,,
synthetic_d20,1,linear,242,0,1,1,98,98,1.0,0.49,1,0.09600000339560211,0,0.0,,
synthetic_d20,1,linear,254,1,1,1,102,102,1.0,0.51,1,0.0965999934123829,0,0.0,,
synthetic_d20,1,linear,256,1,1,1,102,102,1.0,0.51,1,0.08840000373311341,0,0.0,,
synthetic_d20,1,linear,263,0,1,1,98,98,1.0,0.49,1,0.08809998689685017,0,0.0,,
synthetic_d20,1,linear,374,1,1,1,102,102,1.0,0.51,1,0.08850000449456275,0,0.0,,
synthetic_d20,1,linear,381,0,1,1,98,98,1.0,0.49,1,0.08749999688006938,0,0.0,,
synthetic_d20,1,linear,393,1,1,1,102,102,1.0,0.51,1,0.08709999383427203,0,0.0,,
synthetic_d20,1,linear,408,1,1,1,102,102,1.0,0.51,1,0.08579999848734587,0,0.0,,
synthetic_d20,1,linear,417,0,1,1,98,98,1.0,0.49,1,0.08709999383427203,0,0.0,,
synthetic_d20,1,linear,440,1,1,1,102,102,1.0,0.51,1,0.08689999231137335,0,0.0,,
synthetic_d20,1,linear,454,0,1,1,98,98,1.0,0.49,1,0.08519999391864985,0,0.0,,
synthetic_d20,1,linear,462,0,1,1,98,98,1.0,0.49,1,0.08690000686328858,0,0.0,,
synthetic_d20,1,linear,466,1,1,1,102,102,1.0,0.51,1,0.0850000069476664,0,0.0,,
synthetic_d20,1,linear,562,1,1,1,102,102,1.0,0.51,1,0.0855999969644472,0,0.0,,
synthetic_d20,1,linear,676,0,1,1,98,98,1.0,0.49,1,0.08539999544154853,0,0.0,,
synthetic_d20,1,linear,724,1,1,1,102,102,1.0,0.51,1,0.08739999611862004,0,0.0,,
synthetic_d20,1,linear,742,1,1,1,102,102,1.0,0.51,1,0.08529999468009919,0,0.0,,
synthetic_d20,1,relu,56,1,33,1,0,0,,0.0,0,0.13349999790079892,0,0.0,0.0,0.0
synthetic_d20,1,relu,226,1,33,1,0,0,,0.0,0,0.09599998884368688,0,0.0,0.0,0.0
synthetic_d20,1,relu,241,1,33,1,1,1,1.0,0.005,1,0.09689999569673091,0,1.0128383109986316e-06,1.0,1.0
synthetic_d20,1,relu,242,1,33,1,0,0,,0.0,0,0.09070000669453293,0,0.0,0.0,0.0
synthetic_d20,1,relu,254,1,33,1,0,0,,0.0,0,0.08710000838618726,0,0.0,0.0,0.0
synthetic_d20,1,relu,256,0,33,1,0,0,,0.0,0,0.09789998875930905,0,0.0,0.0,0.0
synthetic_d20,1,relu,263,0,33,1,0,0,,0.0,0,0.09300000965595245,0,0.0,0.0,0.0
synthetic_d20,1,relu,374,0,33,1,0,0,,0.0,0,0.08080000407062471,0,0.0,0.0,0.0
synthetic_d20,1,relu,381,1,33,1,0,0,,0.0,0,0.08719999459572136,0,0.0,0.0,0.0
synthetic_d20,1,relu,393,1,33,1,0,0,,0.0,0,0.0914999982342124,0,0.0,0.0,0.0
synthetic_d20,1,relu,408,1,33,1,1,1,1.0,0.005,1,0.09070000669453293,0,1.0128383109986316e-06,1.0,1.0
synthetic_d20,1,relu,417,0,33,1,0,0,,0.0,0,0.08040000102482736,0,0.0,0.0,0.0
synthetic_d20,1,relu,440,1,33,1,0,0,,0.0,0,0.08060000254772604,0,0.0,0.0,0.0
synthetic_d20,1,relu,454,0,33,1,0,0,,0.0,0,0.08070000330917537,0,0.0,0.0,0.0
synthetic_d20,1,relu,462,0,33,1,0,0,,0.0,0,0.08009999874047935,0,0.0,0.0,0.0
synthetic_d20,1,relu,466,1,33,1,0,0,,0.0,0,0.07999999797903001,0,0.0,0.0,0.0
synthetic_d20,1,relu,562,1,33,1,0,0,,0.0,0,0.07979999645613134,0,0.0,0.0,0.0
synthetic_d20,1,relu,676,0,33,1,0,0,,0.0,0,0.0796000094851479,0,0.0,0.0,0.0
synthetic_d20,1,relu,724,1,33,1,0,0,,0.0,0,0.07939999341033399,0,0.0,0.0,0.0
synthetic_d20,1,relu,742,1,33,1,0,0,,0.0,0,0.0864000030560419,0,0.0,0.0,0.0
synthetic_d20,2,tree,30,1,7,1,0,0,,0.0,0,0.04400000034365803,0,0.0,,
synthetic_d20,2,tree,180,1,7,1,1,1,1.0,0.005,1,0.03340000694151968,0,0.0,,
synthetic_d20,2,tree,239,0,8,1,6,6,1.0,0.03,1,0.03499999002087861,0,0.0,,
synthetic_d20,2,tree,296,1,6,1,11,11,1.0,0.055,1,0.027400004910305142,0,0.0,,
synthetic_d20,2,tree,316,0,8,1,21,21,1.0,0.105,1,0.034199998481199145,0,0.0,,
synthetic_d20,2,tree,319,0,8,1,0,0,,0.0,0,0.03309999010525644,0,0.0,,
synthetic_d20,2,tree,380,1,4,1,5,5,1.0,0.025,1,0.02059999678749591,0,0.0,,
synthetic_d20,2,tree,383,0,7,1,2,2,1.0,0.01,1,0.029800008633174002,0,0.0,,
synthetic_d20,2,tree,420,0,6,1,0,0,,0.0,0,0.026400011847727,0,0.0,,
synthetic_d20,2,tree,460,1,7,1,0,0,,0.0,0,0.029700007871724665,0,0.0,,
synthetic_d20,2,tree,475,0,8,1,21,21,1.0,0.105,1,0.033899996196851134,0,0.0,,
synthetic_d20,2,tree,490,0,8,1,21,21,1.0,0.105,1,0.04090000584255904,0,0.0,,
synthetic_d20,2,tree,513,1,6,1,7,7,1.0,0.035,1,0.02920000406447798,0,0.0,,
synthetic_d20,2,tree,534,1,3,1,9,9,1.0,0.045,1,0.017400001524947584,0,0.0,,
synthetic_d20,2,tree,649,1,8,1,3,3,1.0,0.015,1,0.0329999893438071,0,0.0,,
synthetic_d20,2,tree,691,1,8,1,6,6,1.0,0.03,1,0.03340000694151968,0,0.0,,
synthetic_d20,2,tree,717,1,8,1,3,3,1.0,0.015,1,0.0329999893438071,0,0.0,,
synthetic_d20,2,tree,755,0,8,1,36,36,1.0,0.18,1,0.03409999771974981,0,0.0,,
synthetic_d20,2,tree,769,0,8,1,36,36,1.0,0.18,1,0.03340000694151968,0,0.0,,
synthetic_d20,2,tree,785,0,8,1,21,21,1.0,0.105,1,0.03329999162815511,0,0.0,,
synthetic_d20,2,linear,30,0,1,1,107,107,1.0,0.535,1,0.10240000847261399,0,0.0,,
synthetic_d20,2,linear,180,1,1,1,93,93,1.0,0.465,1,0.09370000043418258,0,0.0,,
synthetic_d20,2,linear,239,1,1,1,93,93,1.0,0.465,1,0.08749999688006938,0,0.0,,
synthetic_d20,2,linear,296,1,1,1,93,93,1.0,0.465,1,0.08519999391864985,0,0.0,,
synthetic_d20,2,linear,316,0,1,1,107,107,1.0,0.535,1,0.08420000085607171,0,0.0,,
synthetic_d20,2,linear,319,0,1,1,107,107,1.0,0.535,1,0.09560000034980476,0,0.0,,
synthetic_d20,2,linear,380,1,1,1,93,93,1.0,0.465,1,0.08440000237897038,0,0.0,,
synthetic_d20,2,linear,383,1,1,1,93,93,1.0,0.465,1,0.08329999400302768,0,0.0,,
synthetic_d20,2,linear,420,0,1,1,107,107,1.0,0.535,1,0.08349999552592635,0,0.0,,
synthetic_d20,2,linear,460,0,1,1,107,107,1.0,0.535,1,0.08440000237897038,0,0.0,,
synthetic_d20,2,linear,475,0,1,1,107,107,1.0,0.535,1,0.08319999324157834,0,0.0,,
synthetic_d20,2,linear,490,0,1,1,107,107,1.0,0.535,1,0.09370000043418258,0,0.0,,
synthetic_d20,2,linear,513,0,1,1,107,107,1.0,0.535,1,0.23969999165274203,0,0.0,,
synthetic_d20,2,linear,534,0,1,1,107,107,1.0,0.535,1,0.1810000103432685,0,0.0,,
synthetic_d20,2,linear,649,1,1,1,93,93,1.0,0.465,1,0.1179000100819394,0,0.0,,
synthetic_d20,2,linear,691,1,1,1,93,93,1.0,0.465,1,0.09810000483412296,0,0.0,,
synthetic_d20,2,linear,717,0,1,1,107,107,1.0,0.535,1,0.08499999239575118,0,0.0,,
synthetic_d20,2,linear,755,0,1,1,107,107,1.0,0.535,1,0.0855999969644472,0,0.0,,
synthetic_d20,2,linear,769,0,1,1,107,107,1.0,0.535,1,0.08450000314041972,0,0.0,,
synthetic_d20,2,linear,785,0,1,1,107,107,1.0,0.535,1,0.08430000161752105,0,0.0,,
synthetic_d20,2,relu,30,0,33,1,0,0,,0.0,0,0.15550000534858555,0,0.0,0.0,0.0
synthetic_d20,2,relu,180,1,33,1,0,0,,0.0,0,0.11720000475179404,0,0.0,0.0,0.0
synthetic_d20,2,relu,239,1,33,1,0,0,,0.0,0,0.09770000178832561,0,0.0,0.0,0.0
synthetic_d20,2,relu,296,1,33,1,0,0,,0.0,0,0.09679999493528157,0,0.0,0.0,0.0
synthetic_d20,2,relu,316,0,33,1,0,0,,0.0,0,0.09499999578110874,0,0.0,0.0,0.0
synthetic_d20,2,relu,319,0,33,1,0,0,,0.0,0,0.09470000804867595,0,0.0,0.0,0.0
synthetic_d20,2,relu,380,0,33,1,0,0,,0.0,0,0.09079999290406704,0,0.0,0.0,0.0
synthetic_d20,2,relu,383,1,33,1,0,0,,0.0,0,0.09020000288728625,0,0.0,0.0,0.0
synthetic_d20,2,relu,420,0,33,1,0,0,,0.0,0,0.0906000059330836,0,0.0,0.0,0.0
synthetic_d20,2,relu,460,0,33,1,0,0,,0.0,0,0.09129999671131372,0,0.0,0.0,0.0
synthetic_d20,2,relu,475,0,33,1,0,0,,0.0,0,0.10409999231342226,0,0.0,0.0,0.0
synthetic_d20,2,relu,490,1,33,1,0,0,,0.0,0,0.10150000161956996,0,0.0,0.0,0.0
synthetic_d20,2,relu,513,0,33,1,0,0,,0.0,0,0.0914999982342124,0,0.0,0.0,0.0
synthetic_d20,2,relu,534,1,33,1,0,0,,0.0,0,0.09190000128000975,0,0.0,0.0,0.0
synthetic_d20,2,relu,649,1,33,1,0,0,,0.0,0,0.09300000965595245,0,0.0,0.0,0.0
synthetic_d20,2,relu,691,1,33,1,0,0,,0.0,0,0.0990999978967011,0,0.0,0.0,0.0
synthetic_d20,2,relu,717,0,33,1,0,0,,0.0,0,0.09199998748954386,0,0.0,0.0,0.0
synthetic_d20,2,relu,755,0,33,1,0,0,,0.0,0,0.09159999899566174,0,0.0,0.0,0.0
synthetic_d20,2,relu,769,0,33,1,0,0,,0.0,0,0.09509999654255807,0,0.0,0.0,0.0
synthetic_d20,2,relu,785,0,33,1,0,0,,0.0,0,0.09549999958835542,0,0.0,0.0,0.0
synthetic_d20,3,tree,88,1,8,1,38,38,1.0,0.19,1,0.05439999222289771,0,0.0,,
synthetic_d20,3,tree,91,0,7,1,10,10,1.0,0.05,1,0.03680000372696668,0,0.0,,
synthetic_d20,3,tree,118,1,8,1,7,7,1.0,0.035,1,0.03819999983534217,0,0.0,,
synthetic_d20,3,tree,132,0,5,1,12,12,1.0,0.06,1,0.02649999805726111,0,0.0,,
synthetic_d20,3,tree,157,0,7,1,10,10,1.0,0.05,1,0.03330000618007034,0,0.0,,
synthetic_d20,3,tree,164,0,6,1,5,5,1.0,0.025,1,0.029499991796910763,0,0.0,,
synthetic_d20,3,tree,172,0,2,1,7,7,1.0,0.035,1,0.014699995517730713,0,0.0,,
synthetic_d20,3,tree,271,0,6,1,5,5,1.0,0.025,1,0.029100003303028643,0,0.0,,
synthetic_d20,3,tree,341,0,8,1,6,6,1.0,0.03,1,0.036900004488416016,0,0.0,,
synthetic_d20,3,tree,349,0,8,1,6,6,1.0,0.03,1,0.03650000144261867,0,0.0,,
synthetic_d20,3,tree,376,1,8,1,38,38,1.0,0.19,1,0.037300007534213364,0,0.0,,
synthetic_d20,3,tree,474,0,6,1,43,43,1.0,0.215,1,0.030100010917522013,0,0.0,,
synthetic_d20,3,tree,514,0,8,1,0,0,,0.0,0,0.03709999145939946,0,0.0,,
synthetic_d20,3,tree,521,0,2,1,7,7,1.0,0.035,1,0.014499993994832039,0,0.0,,
synthetic_d20,3,tree,534,1,3,1,10,10,1.0,0.05,1,0.018499995348975062,0,0.0,,
synthetic_d20,3,tree,573,0,7,1,10,10,1.0,0.05,1,0.03270000161137432,0,0.0,,
synthetic_d20,3,tree,612,0,6,1,0,0,,0.0,0,0.029300004825927317,0,0.0,,
synthetic_d20,3,tree,648,0,2,1,7,7,1.0,0.035,1,0.014299992471933365,0,0.0,,
synthetic_d20,3,tree,671,1,7,1,8,8,1.0,0.04,1,0.03300000389572233,0,0.0,,
synthetic_d20,3,tree,793,1,4,1,5,5,1.0,0.025,1,0.02200000744778663,0,0.0,,
synthetic_d20,3,linear,88,1,1,1,94,94,1.0,0.47,1,0.11389999417588115,0,0.0,,
synthetic_d20,3,linear,91,1,1,1,94,94,1.0,0.47,1,0.10289999772794545,0,0.0,,
synthetic_d20,3,linear,118,1,1,1,94,94,1.0,0.47,1,0.09410000347997993,0,0.0,,
synthetic_d20,3,linear,132,0,1,1,106,106,1.0,0.53,1,0.09359999967273325,0,0.0,,
synthetic_d20,3,linear,157,0,1,1,106,106,1.0,0.53,1,0.09229998977389187,0,0.0,,
synthetic_d20,3,linear,164,1,1,1,94,94,1.0,0.47,1,0.09370000043418258,0,0.0,,
synthetic_d20,3,linear,172,0,1,1,106,106,1.0,0.53,1,0.0940000027185306,0,0.0,,
synthetic_d20,3,linear,271,1,1,1,94,94,1.0,0.47,1,0.14980000560171902,0,0.0,,
synthetic_d20,3,linear,341,0,1,1,106,106,1.0,0.53,1,0.11750000703614205,0,0.0,,
synthetic_d20,3,linear,349,0,1,1,106,106,1.0,0.53,1,0.09989998943638057,0,0.0,,
synthetic_d20,3,linear,376,1,1,1,94,94,1.0,0.47,1,0.09359999967273325,0,0.0,,
synthetic_d20,3,linear,474,0,1,1,106,106,1.0,0.53,1,0.09259999205823988,0,0.0,,
synthetic_d20,3,linear,514,1,1,1,94,94,1.0,0.47,1,0.0923000043258071,0,0.0,,
synthetic_d20,3,linear,521,0,1,1,106,106,1.0,0.53,1,0.09540001337882131,0,0.0,,
synthetic_d20,3,linear,534,1,1,1,94,94,1.0,0.47,1,0.09490000957157463,0,0.0,,
synthetic_d20,3,linear,573,0,1,1,106,106,1.0,0.53,1,0.09220000356435776,0,0.0,,
synthetic_d20,3,linear,612,1,1,1,94,94,1.0,0.47,1,0.09309999586548656,0,0.0,,
synthetic_d20,3,linear,648,0,1,1,106,106,1.0,0.53,1,0.09359999967273325,0,0.0,,
synthetic_d20,3,linear,671,0,1,1,106,106,1.0,0.53,1,0.11619999713730067,0,0.0,,
synthetic_d20,3,linear,793,1,1,1,94,94,1.0,0.47,1,0.09669999417383224,0,0.0,,
synthetic_d20,3,relu,88,0,33,1,0,0,,0.0,0,0.13469999248627573,0,0.0,0.0,0.0
synthetic_d20,3,relu,91,0,33,1,0,0,,0.0,0,0.09679999493528157,0,0.0,0.0,0.0
synthetic_d20,3,relu,118,1,33,1,0,0,,0.0,0,0.0906999921426177,0,0.0,0.0,0.0
synthetic_d20,3,relu,132,0,33,1,0,0,,0.0,0,0.08710000838618726,0,0.0,0.0,0.0
synthetic_d20,3,relu,157,1,33,1,0,0,,0.0,0,0.08589999924879521,0,0.0,0.0,0.0
synthetic_d20,3,relu,164,1,33,1,0,0,,0.0,0,0.08520000847056508,0,0.0,0.0,0.0
synthetic_d20,3,relu,172,0,33,1,0,0,,0.0,0,0.0847000046633184,0,0.0,0.0,0.0
synthetic_d20,3,relu,271,0,33,1,0,0,,0.0,0,0.0847000046633184,0,0.0,0.0,0.0
synthetic_d20,3,relu,341,0,33,1,0,0,,0.0,0,0.08440000237897038,0,0.0,0.0,0.0
synthetic_d20,3,relu,349,0,33,1,0,0,,0.0,0,0.08369999704882503,0,0.0,0.0,0.0
synthetic_d20,3,relu,376,1,33,1,0,0,,0.0,0,0.08490000618621707,0,0.0,0.0,0.0
synthetic_d20,3,relu,474,0,33,1,0,0,,0.0,0,0.0838999985717237,0,0.0,0.0,0.0
synthetic_d20,3,relu,514,1,33,1,0,0,,0.0,0,0.08410000009462237,0,0.0,0.0,0.0
synthetic_d20,3,relu,521,0,33,1,0,0,,0.0,0,0.09040000441018492,0,0.0,0.0,0.0
synthetic_d20,3,relu,534,1,33,1,0,0,,0.0,0,0.10389999079052359,0,0.0,0.0,0.0
synthetic_d20,3,relu,573,0,33,1,0,0,,0.0,0,0.09699999645818025,0,0.0,0.0,0.0
synthetic_d20,3,relu,612,0,33,1,0,0,,0.0,0,0.08949999755714089,0,0.0,0.0,0.0
synthetic_d20,3,relu,648,0,33,1,0,0,,0.0,0,0.0847999908728525,0,0.0,0.0,0.0
synthetic_d20,3,relu,671,1,33,1,0,0,,0.0,0,0.0968000094871968,0,0.0,0.0,0.0
synthetic_d20,3,relu,793,1,33,1,0,0,,0.0,0,0.11970000923611224,0,0.0,0.0,0.0
synthetic_d20,4,tree,33,1,4,1,15,15,1.0,0.075,1,0.03819999983534217,0,0.0,,
synthetic_d20,4,tree,45,1,5,1,45,45,1.0,0.225,1,0.028599999495781958,0,0.0,,
synthetic_d20,4,tree,47,0,8,1,4,4,1.0,0.02,1,0.03609999839682132,0,0.0,,
synthetic_d20,4,tree,54,0,8,1,31,31,1.0,0.155,1,0.036299999919719994,0,0.0,,
synthetic_d20,4,tree,90,0,7,1,4,4,1.0,0.02,1,0.03199999628122896,0,0.0,,
synthetic_d20,4,tree,111,1,5,1,45,45,1.0,0.225,1,0.02439999661874026,0,0.0,,
synthetic_d20,4,tree,221,1,5,1,45,45,1.0,0.225,1,0.024499997380189598,0,0.0,,
synthetic_d20,4,tree,288,0,8,1,15,15,1.0,0.075,1,0.03500000457279384,0,0.0,,
synthetic_d20,4,tree,316,0,3,1,7,7,1.0,0.035,1,0.01780000457074493,0,0.0,,
synthetic_d20,4,tree,381,1,4,1,15,15,1.0,0.075,1,0.02130000211764127,0,0.0,,
synthetic_d20,4,tree,448,0,6,1,12,12,1.0,0.06,1,0.028399997972883284,0,0.0,,
synthetic_d20,4,tree,452,1,7,1,3,3,1.0,0.015,1,0.0312999909510836,0,0.0,,
synthetic_d20,4,tree,485,1,4,1,15,15,1.0,0.075,1,0.02099999983329326,0,0.0,,
synthetic_d20,4,tree,489,0,5,1,8,8,1.0,0.04,1,0.023999993572942913,0,0.0,,
synthetic_d20,4,tree,520,0,3,1,7,7,1.0,0.035,1,0.017300000763498247,0,0.0,,
synthetic_d20,4,tree,540,1,8,1,5,5,1.0,0.025,1,0.03440000000409782,0,0.0,,
synthetic_d20,4,tree,583,1,5,1,45,45,1.0,0.225,1,0.024299995857290924,0,0.0,,
synthetic_d20,4,tree,598,1,5,1,45,45,1.0,0.225,1,0.024199995095841587,0,0.0,,
synthetic_d20,4,tree,629,1,5,1,0,0,,0.0,0,0.024200009647756815,0,0.0,,
synthetic_d20,4,tree,657,1,7,1,5,5,1.0,0.025,1,0.03160000778734684,0,0.0,,
synthetic_d20,4,linear,33,1,1,1,95,95,1.0,0.475,1,0.10479999764356762,0,0.0,,
synthetic_d20,4,linear,45,1,1,1,95,95,1.0,0.475,1,0.0909000082174316,0,0.0,,
synthetic_d20,4,linear,47,0,1,1,105,105,1.0,0.525,1,0.0889999937498942,0,0.0,,
synthetic_d20,4,linear,54,0,1,1,105,105,1.0,0.525,1,0.09000000136438757,0,0.0,,
synthetic_d20,4,linear,90,0,1,1,105,105,1.0,0.525,1,0.08759999764151871,0,0.0,,
synthetic_d20,4,linear,111,1,1,1,95,95,1.0,0.475,1,0.08680000610183924,0,0.0,,
synthetic_d20,4,linear,221,1,1,1,95,95,1.0,0.475,1,0.08639998850412667,0,0.0,,
synthetic_d20,4,linear,288,0,1,1,105,105,1.0,0.525,1,0.08769999840296805,0,0.0,,
synthetic_d20,4,linear,316,0,1,1,105,105,1.0,0.525,1,0.08660000457894057,0,0.0,,
synthetic_d20,4,linear,381,0,1,1,105,105,1.0,0.525,1,0.08660000457894057,0,0.0,,
synthetic_d20,4,linear,448,0,1,1,105,105,1.0,0.525,1,0.0982999918051064,0,0.0,,
synthetic_d20,4,linear,452,0,1,1,105,105,1.0,0.525,1,0.08800000068731606,0,0.0,,
synthetic_d20,4,linear,485,0,1,1,105,105,1.0,0.525,1,0.08709999383427203,0,0.0,,
synthetic_d20,4,linear,489,0,1,1,105,105,1.0,0.525,1,0.08579999848734587,0,0.0,,
synthetic_d20,4,linear,520,1,1,1,95,95,1.0,0.475,1,0.08699999307282269,0,0.0,,
synthetic_d20,4,linear,540,1,1,1,95,95,1.0,0.475,1,0.08589999924879521,0,0.0,,
synthetic_d20,4,linear,583,1,1,1,95,95,1.0,0.475,1,0.0872999953571707,0,0.0,,
synthetic_d20,4,linear,598,1,1,1,95,95,1.0,0.475,1,0.08679999154992402,0,0.0,,
synthetic_d20,4,linear,629,1,1,1,95,95,1.0,0.475,1,0.08510000770911574,0,0.0,,
synthetic_d20,4,linear,657,1,1,1,95,95,1.0,0.475,1,0.08650000381749123,0,0.0,,
synthetic_d20,4,relu,33,1,33,1,0,0,,0.0,0,0.13099999341648072,0,0.0,0.0,0.0
synthetic_d20,4,relu,45,1,33,1,0,0,,0.0,0,0.09089999366551638,0,0.0,0.0,0.0
synthetic_d20,4,relu,47,0,33,1,0,0,,0.0,0,0.08519999391864985,0,0.0,0.0,0.0
synthetic_d20,4,relu,54,0,33,1,0,0,,0.0,0,0.09410000347997993,0,0.0,0.0,0.0
synthetic_d20,4,relu,90,0,33,1,0,0,,0.0,0,0.0847999908728525,0,0.0,0.0,0.0
synthetic_d20,4,relu,111,1,33,1,0,0,,0.0,0,0.08359999628737569,0,0.0,0.0,0.0
synthetic_d20,4,relu,221,1,33,1,0,0,,0.0,0,0.08369999704882503,0,0.0,0.0,0.0
synthetic_d20,4,relu,288,0,33,1,0,0,,0.0,0,0.08379999781027436,0,0.0,0.0,0.0
synthetic_d20,4,relu,316,0,33,1,0,0,,0.0,0,0.0813000078778714,0,0.0,0.0,0.0
synthetic_d20,4,relu,381,1,33,1,0,0,,0.0,0,0.08350001007784158,0,0.0,0.0,0.0
synthetic_d20,4,relu,448,0,33,1,0,0,,0.0,0,0.08289999095723033,0,0.0,0.0,0.0
synthetic_d20,4,relu,452,1,33,1,0,0,,0.0,0,0.08349999552592635,0,0.0,0.0,0.0
synthetic_d20,4,relu,485,0,33,1,0,0,,0.0,0,0.08209999941755086,0,0.0,0.0,0.0
synthetic_d20,4,relu,489,0,33,1,0,0,,0.0,0,0.08260000322479755,0,0.0,0.0,0.0
synthetic_d20,4,relu,520,1,33,1,0,0,,0.0,0,0.08149999484885484,0,0.0,0.0,0.0
synthetic_d20,4,relu,540,1,33,1,0,0,,0.0,0,0.08070000330917537,0,0.0,0.0,0.0
synthetic_d20,4,relu,583,1,33,1,0,0,,0.0,0,0.0813000078778714,0,0.0,0.0,0.0
synthetic_d20,4,relu,598,1,33,1,0,0,,0.0,0,0.08149999484885484,0,0.0,0.0,0.0
synthetic_d20,4,relu,629,1,33,1,0,0,,0.0,0,0.10150000161956996,0,0.0,0.0,0.0
synthetic_d20,4,relu,657,1,33,1,0,0,,0.0,0,0.0934000127017498,0,0.0,0.0,0.0
synthetic_d50,0,tree,29,0,8,1,8,8,1.0,0.032,1,0.08339999476447701,0,0.0,,
synthetic_d50,0,tree,37,0,5,1,7,7,1.0,0.028,1,0.036900004488416016,0,0.0,,
synthetic_d50,0,tree,82,0,8,1,4,4,1.0,0.016,1,0.04780000017490238,0,0.0,,
synthetic_d50,0,tree,135,0,6,1,14,14,1.0,0.056,1,0.03780001134146005,0,0.0,,
synthetic_d50,0,tree,181,0,6,1,45,45,1.0,0.18,1,0.038399986806325614,0,0.0,,
synthetic_d50,0,tree,270,0,5,1,7,7,1.0,0.028,1,0.2249000099254772,0,0.0,,
synthetic_d50,0,tree,278,0,8,1,8,8,1.0,0.032,1,0.12340000830590725,0,0.0,,
synthetic_d50,0,tree,313,1,7,1,41,41,1.0,0.164,1,0.058999998145736754,0,0.0,,
synthetic_d50,0,tree,357,0,8,1,4,4,1.0,0.016,1,0.05649999366141856,0,0.0,,
synthetic_d50,0,tree,400,0,6,1,45,45,1.0,0.18,1,0.03850000211969018,0,0.0,,
synthetic_d50,0,tree,407,1,7,1,27,27,1.0,0.108,1,0.04159999662078917,0,0.0,,
synthetic_d50,0,tree,408,0,5,1,7,7,1.0,0.028,1,0.0320999970426783,0,0.0,,
synthetic_d50,0,tree,410,0,6,1,45,45,1.0,0.18,1,0.036600002204068005,0,0.0,,
synthetic_d50,0,tree,464,1,7,1,41,41,1.0,0.164,1,0.04159999662078917,0,0.0,,
synthetic_d50,0,tree,495,1,5,1,3,3,1.0,0.012,1,0.031099989428184927,0,0.0,,
synthetic_d50,0,tree,548,0,8,1,4,4,1.0,0.016,1,0.04410000110510737,0,0.0,,
synthetic_d50,0,tree,551,0,6,1,45,45,1.0,0.18,1,0.03539999306667596,0,0.0,,
synthetic_d50,0,tree,557,1,7,1,41,41,1.0,0.164,1,0.03979999746661633,0,0.0,,
synthetic_d50,0,tree,662,1,7,1,27,27,1.0,0.108,1,0.039699996705166996,0,0.0,,
synthetic_d50,0,tree,844,1,7,1,41,41,1.0,0.164,1,0.039699996705166996,0,0.0,,
synthetic_d50,0,linear,29,0,1,1,134,134,1.0,0.536,1,0.1396000006934628,0,0.0,,
synthetic_d50,0,linear,37,0,1,1,134,134,1.0,0.536,1,0.12070000229869038,0,0.0,,
synthetic_d50,0,linear,82,0,1,1,134,134,1.0,0.536,1,0.12089998926967382,0,0.0,,
synthetic_d50,0,linear,135,0,1,1,134,134,1.0,0.536,1,0.11280000035185367,0,0.0,,
synthetic_d50,0,linear,181,0,1,1,134,134,1.0,0.536,1,0.112900001113303,0,0.0,,
synthetic_d50,0,linear,270,1,1,1,116,116,1.0,0.464,1,0.11609999637585133,0,0.0,,
synthetic_d50,0,linear,278,0,1,1,134,134,1.0,0.536,1,0.1137000072048977,0,0.0,,
synthetic_d50,0,linear,313,1,1,1,116,116,1.0,0.464,1,0.11039999662898481,0,0.0,,
synthetic_d50,0,linear,357,0,1,1,134,134,1.0,0.536,1,0.12409999908413738,0,0.0,,
synthetic_d50,0,linear,400,0,1,1,134,134,1.0,0.536,1,0.11310000263620168,0,0.0,,
synthetic_d50,0,linear,407,1,1,1,116,116,1.0,0.464,1,0.11300000187475234,0,0.0,,
synthetic_d50,0,linear,408,1,1,1,116,116,1.0,0.464,1,0.11110000195913017,0,0.0,,
synthetic_d50,0,linear,410,0,1,1,134,134,1.0,0.536,1,0.11170000652782619,0,0.0,,
synthetic_d50,0,linear,464,1,1,1,116,116,1.0,0.464,1,0.11119998816866428,0,0.0,,
synthetic_d50,0,linear,495,1,1,1,116,116,1.0,0.464,1,0.112900001113303,0,0.0,,
synthetic_d50,0,linear,548,1,1,1,116,116,1.0,0.464,1,0.10469999688211828,0,0.0,,
synthetic_d50,0,linear,551,0,1,1,134,134,1.0,0.536,1,0.10469999688211828,0,0.0,,
synthetic_d50,0,linear,557,1,1,1,116,116,1.0,0.464,1,0.10630000906530768,0,0.0,,
synthetic_d50,0,linear,662,1,1,1,116,116,1.0,0.464,1,0.10650001058820635,0,0.0,,
synthetic_d50,0,linear,844,1,1,1,116,116,1.0,0.464,1,0.10750000365078449,0,0.0,,
synthetic_d50,0,relu,29,0,33,1,0,0,,0.0,0,0.22860000899527222,0,0.0,0.0,0.0
synthetic_d50,0,relu,37,0,33,1,0,0,,0.0,0,0.1613000058569014,0,0.0,0.0,0.0
synthetic_d50,0,relu,82,0,33,1,0,0,,0.0,0,0.13840000610798597,0,0.0,0.0,0.0
synthetic_d50,0,relu,135,1,33,1,0,0,,0.0,0,0.12309999146964401,0,0.0,0.0,0.0
synthetic_d50,0,relu,181,0,33,1,0,0,,0.0,0,0.11850000009872019,0,0.0,0.0,0.0
synthetic_d50,0,relu,270,1,33,1,0,0,,0.0,0,0.11789999553002417,0,0.0,0.0,0.0
synthetic_d50,0,relu,278,0,33,1,0,0,,0.0,0,0.11449999874457717,0,0.0,0.0,0.0
synthetic_d50,0,relu,313,0,33,1,0,0,,0.0,0,0.11319998884573579,0,0.0,0.0,0.0
synthetic_d50,0,relu,357,0,33,1,0,0,,0.0,0,0.11280000035185367,0,0.0,0.0,0.0
synthetic_d50,0,relu,400,0,33,1,0,0,,0.0,0,0.11269999959040433,0,0.0,0.0,0.0
synthetic_d50,0,relu,407,1,33,1,0,0,,0.0,0,0.11369999265298247,0,0.0,0.0,0.0
synthetic_d50,0,relu,408,1,33,1,0,0,,0.0,0,0.11520000407472253,0,0.0,0.0,0.0
synthetic_d50,0,relu,410,0,33,1,0,0,,0.0,0,0.11510000331327319,0,0.0,0.0,0.0
synthetic_d50,0,relu,464,1,33,1,0,0,,0.0,0,0.11680000170599669,0,0.0,0.0,0.0
synthetic_d50,0,relu,495,1,33,1,0,0,,0.0,0,0.11360000644344836,0,0.0,0.0,0.0
synthetic_d50,0,relu,548,1,33,1,0,0,,0.0,0,0.11350000568199903,0,0.0,0.0,0.0
synthetic_d50,0,relu,551,0,33,1,0,0,,0.0,0,0.11649999942164868,0,0.0,0.0,0.0
synthetic_d50,0,relu,557,1,33,1,0,0,,0.0,0,0.13989998842589557,0,0.0,0.0,0.0
synthetic_d50,0,relu,662,1,33,1,0,0,,0.0,0,0.1353999978164211,0,0.0,0.0,0.0
synthetic_d50,0,relu,844,1,33,1,0,0,,0.0,0,0.12739999510813504,0,0.0,0.0,0.0
synthetic_d50,1,tree,195,1,8,1,36,36,1.0,0.144,1,0.06130000110715628,0,0.0,,
synthetic_d50,1,tree,327,1,6,1,2,2,1.0,0.008,1,0.03519999154377729,0,0.0,,
synthetic_d50,1,tree,333,0,8,1,22,22,1.0,0.088,1,0.04130000888835639,0,0.0,,
synthetic_d50,1,tree,338,1,8,1,0,0,,0.0,0,0.04030000127386302,0,0.0,,
synthetic_d50,1,tree,357,1,8,1,36,36,1.0,0.144,1,0.040400002035312355,0,0.0,,
synthetic_d50,1,tree,396,0,7,1,47,47,1.0,0.188,1,0.037999998312443495,0,0.0,,
synthetic_d50,1,tree,408,0,7,1,9,9,1.0,0.036,1,0.03779999678954482,0,0.0,,
synthetic_d50,1,tree,417,1,5,1,2,2,1.0,0.008,1,0.028099995688535273,0,0.0,,
synthetic_d50,1,tree,422,0,7,1,47,47,1.0,0.188,1,0.03650000144261867,0,0.0,,
synthetic_d50,1,tree,434,1,5,1,3,3,1.0,0.012,1,0.02849999873433262,0,0.0,,
synthetic_d50,1,tree,446,1,4,1,41,41,1.0,0.164,1,0.024900000425986946,0,0.0,,
synthetic_d50,1,tree,555,0,5,1,1,1,1.0,0.004,1,0.028700000257231295,0,0.0,,
synthetic_d50,1,tree,577,1,7,1,2,2,1.0,0.008,1,0.03600001218728721,0,0.0,,
synthetic_d50,1,tree,632,1,4,1,13,13,1.0,0.052,1,0.02469999890308827,0,0.0,,
synthetic_d50,1,tree,639,0,7,1,9,9,1.0,0.036,1,0.03619999915827066,0,0.0,,
synthetic_d50,1,tree,678,1,4,1,41,41,1.0,0.164,1,0.024200009647756815,0,0.0,,
synthetic_d50,1,tree,697,1,5,1,0,0,,0.0,0,0.027900008717551827,0,0.0,,
synthetic_d50,1,tree,863,0,7,1,47,47,1.0,0.188,1,0.03739999374374747,0,0.0,,
synthetic_d50,1,tree,924,0,5,1,6,6,1.0,0.024,1,0.029300004825927317,0,0.0,,
synthetic_d50,1,tree,942,0,7,1,47,47,1.0,0.188,1,0.036299999919719994,0,0.0,,
synthetic_d50,1,linear,195,1,1,1,111,111,1.0,0.444,1,0.15300000086426735,0,0.0,,
synthetic_d50,1,linear,327,0,1,1,139,139,1.0,0.556,1,0.10840001050382853,0,0.0,,
synthetic_d50,1,linear,333,0,1,1,139,139,1.0,0.556,1,0.10350000229664147,0,0.0,,
synthetic_d50,1,linear,338,0,1,1,139,139,1.0,0.556,1,0.10109999857377261,0,0.0,,
synthetic_d50,1,linear,357,0,1,1,139,139,1.0,0.556,1,0.10170000314246863,0,0.0,,
synthetic_d50,1,linear,396,0,1,1,139,139,1.0,0.556,1,0.10080001084133983,0,0.0,,
synthetic_d50,1,linear,408,0,1,1,139,139,1.0,0.556,1,0.10060000931844115,0,0.0,,
synthetic_d50,1,linear,417,1,1,1,111,111,1.0,0.444,1,0.10230000771116465,0,0.0,,
synthetic_d50,1,linear,422,0,1,1,139,139,1.0,0.556,1,0.09980000322684646,0,0.0,,
synthetic_d50,1,linear,434,1,1,1,111,111,1.0,0.444,1,0.0999000039882958,0,0.0,,
synthetic_d50,1,linear,446,1,1,1,111,111,1.0,0.444,1,0.10140000085812062,0,0.0,,
synthetic_d50,1,linear,555,1,1,1,111,111,1.0,0.444,1,0.09970000246539712,0,0.0,,
synthetic_d50,1,linear,577,1,1,1,111,111,1.0,0.444,1,0.09910001244861633,0,0.0,,
synthetic_d50,1,linear,632,0,1,1,139,139,1.0,0.556,1,0.09910001244861633,0,0.0,,
synthetic_d50,1,linear,639,0,1,1,139,139,1.0,0.556,1,0.11170000652782619,0,0.0,,
synthetic_d50,1,linear,678,1,1,1,111,111,1.0,0.444,1,0.10260000999551266,0,0.0,,
synthetic_d50,1,linear,697,0,1,1,139,139,1.0,0.556,1,0.09980000322684646,0,0.0,,
synthetic_d50,1,linear,863,0,1,1,139,139,1.0,0.556,1,0.10089999705087394,0,0.0,,
synthetic_d50,1,linear,924,1,1,1,111,111,1.0,0.444,1,0.09750000026542693,0,0.0,,
synthetic_d50,1,linear,942,0,1,1,139,139,1.0,0.556,1,0.09699999645818025,0,0.0,,
synthetic_d50,1,relu,195,1,33,1,0,0,,0.0,0,0.1841999910539016,0,0.0,0.0,0.0
synthetic_d50,1,relu,327,0,33,1,0,0,,0.0,0,0.12549999519251287,0,0.0,0.0,0.0
synthetic_d50,1,relu,333,0,33,1,0,0,,0.0,0,0.11730000551324338,0,0.0,0.0,0.0
synthetic_d50,1,relu,338,0,33,1,0,0,,0.0,0,0.11159999121446162,0,0.0,0.0,0.0
synthetic_d50,1,relu,357,0,33,1,0,0,,0.0,0,0.10289999772794545,0,0.0,0.0,0.0
synthetic_d50,1,relu,396,0,33,1,0,0,,0.0,0,0.10269999620504677,0,0.0,0.0,0.0
synthetic_d50,1,relu,408,1,33,1,0,0,,0.0,0,0.10109999857377261,0,0.0,0.0,0.0
synthetic_d50,1,relu,417,1,33,1,0,0,,0.0,0,0.10140000085812062,0,0.0,0.0,0.0
synthetic_d50,1,relu,422,0,33,1,0,0,,0.0,0,0.1016000023810193,0,0.0,0.0,0.0
synthetic_d50,1,relu,434,1,33,1,0,0,,0.0,0,0.10140000085812062,0,0.0,0.0,0.0
synthetic_d50,1,relu,446,1,33,1,0,0,,0.0,0,0.11219999578315765,0,0.0,0.0,0.0
synthetic_d50,1,relu,555,1,33,1,0,0,,0.0,0,0.11359999189153314,0,0.0,0.0,0.0
synthetic_d50,1,relu,577,1,33,1,0,0,,0.0,0,0.10570000449661165,0,0.0,0.0,0.0
synthetic_d50,1,relu,632,1,33,1,0,0,,0.0,0,0.10019999172072858,0,0.0,0.0,0.0
synthetic_d50,1,relu,639,0,33,1,0,0,,0.0,0,0.11019999510608613,0,0.0,0.0,0.0
synthetic_d50,1,relu,678,1,33,1,0,0,,0.0,0,0.10410000686533749,0,0.0,0.0,0.0
synthetic_d50,1,relu,697,0,33,1,0,0,,0.0,0,0.10260000999551266,0,0.0,0.0,0.0
synthetic_d50,1,relu,863,0,33,1,0,0,,0.0,0,0.10229999315924942,0,0.0,0.0,0.0
synthetic_d50,1,relu,924,1,33,1,0,0,,0.0,0,0.10069999552797526,0,0.0,0.0,0.0
synthetic_d50,1,relu,942,0,33,1,0,0,,0.0,0,0.10089999705087394,0,0.0,0.0,0.0
synthetic_d50,2,tree,56,0,8,1,44,44,1.0,0.176,1,0.0543000060133636,0,0.0,,
synthetic_d50,2,tree,98,0,5,1,13,13,1.0,0.052,1,0.02819999644998461,0,0.0,,
synthetic_d50,2,tree,186,0,8,1,44,44,1.0,0.176,1,0.0374000082956627,0,0.0,,
synthetic_d50,2,tree,306,0,5,1,5,5,1.0,0.02,1,0.02580000727903098,0,0.0,,
synthetic_d50,2,tree,325,1,8,1,18,18,1.0,0.072,1,0.03689998993650079,0,0.0,,
synthetic_d50,2,tree,368,1,7,1,42,42,1.0,0.168,1,0.03340000694151968,0,0.0,,
synthetic_d50,2,tree,389,1,6,1,3,3,1.0,0.012,1,0.028800001018680632,0,0.0,,
synthetic_d50,2,tree,464,1,8,1,18,18,1.0,0.072,1,0.03619999915827066,0,0.0,,
synthetic_d50,2,tree,516,1,8,1,0,0,,0.0,0,0.042100000428035855,0,0.0,,
synthetic_d50,2,tree,517,0,8,1,44,44,1.0,0.176,1,0.05529999907594174,0,0.0,,
synthetic_d50,2,tree,518,1,5,1,1,1,1.0,0.004,1,0.03060000017285347,0,0.0,,
synthetic_d50,2,tree,532,0,8,1,44,44,1.0,0.176,1,0.04159999662078917,0,0.0,,
synthetic_d50,2,tree,735,0,5,1,4,4,1.0,0.016,1,0.029399991035461426,0,0.0,,
synthetic_d50,2,tree,751,1,7,1,42,42,1.0,0.168,1,0.03710000601131469,0,0.0,,
synthetic_d50,2,tree,790,1,6,1,6,6,1.0,0.024,1,0.03309999010525644,0,0.0,,
synthetic_d50,2,tree,797,1,7,1,42,42,1.0,0.168,1,0.03670000296551734,0,0.0,,
synthetic_d50,2,tree,853,1,5,1,2,2,1.0,0.008,1,0.029000002541579306,0,0.0,,
synthetic_d50,2,tree,867,0,8,1,44,44,1.0,0.176,1,0.041100007365457714,0,0.0,,
synthetic_d50,2,tree,890,0,8,1,44,44,1.0,0.176,1,0.041099992813542485,0,0.0,,
synthetic_d50,2,tree,908,1,7,1,5,5,1.0,0.02,1,0.039000005926936865,0,0.0,,
synthetic_d50,2,linear,56,0,1,1,121,121,1.0,0.484,1,0.11759999324567616,0,0.0,,
synthetic_d50,2,linear,98,1,1,1,129,129,1.0,0.516,1,0.10789999214466661,0,0.0,,
synthetic_d50,2,linear,186,0,1,1,121,121,1.0,0.484,1,0.10039999324362725,0,0.0,,
synthetic_d50,2,linear,306,0,1,1,121,121,1.0,0.484,1,0.09729999874252826,0,0.0,,
synthetic_d50,2,linear,325,1,1,1,129,129,1.0,0.516,1,0.09669999417383224,0,0.0,,
synthetic_d50,2,linear,368,1,1,1,129,129,1.0,0.516,1,0.09889999637380242,0,0.0,,
synthetic_d50,2,linear,389,0,1,1,121,121,1.0,0.484,1,0.09790000331122428,0,0.0,,
synthetic_d50,2,linear,464,1,1,1,129,129,1.0,0.516,1,0.09790000331122428,0,0.0,,
synthetic_d50,2,linear,516,0,1,1,121,121,1.0,0.484,1,0.09460000728722662,0,0.0,,
synthetic_d50,2,linear,517,0,1,1,121,121,1.0,0.484,1,0.09549999958835542,0,0.0,,
synthetic_d50,2,linear,518,0,1,1,121,121,1.0,0.484,1,0.09840000711847097,0,0.0,,
synthetic_d50,2,linear,532,0,1,1,121,121,1.0,0.484,1,0.09780000254977494,0,0.0,,
synthetic_d50,2,linear,735,0,1,1,121,121,1.0,0.484,1,0.09800000407267362,0,0.0,,
synthetic_d50,2,linear,751,1,1,1,129,129,1.0,0.516,1,0.09780000254977494,0,0.0,,
synthetic_d50,2,linear,790,1,1,1,129,129,1.0,0.516,1,0.09629999112803489,0,0.0,,
synthetic_d50,2,linear,797,1,1,1,129,129,1.0,0.516,1,0.09450000652577728,0,0.0,,
synthetic_d50,2,linear,853,0,1,1,121,121,1.0,0.484,1,0.09300000965595245,0,0.0,,
synthetic_d50,2,linear,867,1,1,1,129,129,1.0,0.516,1,0.1041999930748716,0,0.0,,
synthetic_d50,2,linear,890,0,1,1,121,121,1.0,0.484,1,0.09589998808223754,0,0.0,,
synthetic_d50,2,linear,908,1,1,1,129,129,1.0,0.516,1,0.0940000027185306,0,0.0,,
synthetic_d50,2,relu,56,0,33,1,0,0,,0.0,0,0.16939999477472156,0,0.0,0.0,0.0
synthetic_d50,2,relu,98,1,33,1,0,0,,0.0,0,0.12859998969361186,0,0.0,0.0,0.0
synthetic_d50,2,relu,186,0,33,1,0,0,,0.0,0,0.12090000382158905,0,0.0,0.0,0.0
synthetic_d50,2,relu,306,1,33,1,0,0,,0.0,0,0.11950000771321356,0,0.0,0.0,0.0
synthetic_d50,2,relu,325,1,33,1,0,0,,0.0,0,0.1176999940071255,0,0.0,0.0,0.0
synthetic_d50,2,relu,368,0,33,1,1,1,1.0,0.004,1,0.12399999832268804,0,3.897039824174442e-07,1.0,1.0
synthetic_d50,2,relu,389,0,33,1,0,0,,0.0,0,0.11850000009872019,0,0.0,0.0,0.0
synthetic_d50,2,relu,464,1,33,1,0,0,,0.0,0,0.11890000314451754,0,0.0,0.0,0.0
synthetic_d50,2,relu,516,0,33,1,0,0,,0.0,0,0.11850000009872019,0,0.0,0.0,0.0
synthetic_d50,2,relu,517,0,33,1,0,0,,0.0,0,0.1171000039903447,0,0.0,0.0,0.0
synthetic_d50,2,relu,518,1,33,1,0,0,,0.0,0,0.11660000018309802,0,0.0,0.0,0.0
synthetic_d50,2,relu,532,0,33,1,0,0,,0.0,0,0.11760000779759139,0,0.0,0.0,0.0
synthetic_d50,2,relu,735,0,33,1,0,0,,0.0,0,0.12540000898297876,0,0.0,0.0,0.0
synthetic_d50,2,relu,751,1,33,1,0,0,,0.0,0,0.12100000458303839,0,0.0,0.0,0.0
synthetic_d50,2,relu,790,1,33,1,0,0,,0.0,0,0.11909999011550099,0,0.0,0.0,0.0
synthetic_d50,2,relu,797,1,33,1,0,0,,0.0,0,0.11760000779759139,0,0.0,0.0,0.0
synthetic_d50,2,relu,853,0,33,1,0,0,,0.0,0,0.1171000039903447,0,0.0,0.0,0.0
synthetic_d50,2,relu,867,1,33,1,0,0,,0.0,0,0.11609999637585133,0,0.0,0.0,0.0
synthetic_d50,2,relu,890,0,33,1,0,0,,0.0,0,0.12070000229869038,0,0.0,0.0,0.0
synthetic_d50,2,relu,908,1,33,1,0,0,,0.0,0,0.1281000004382804,0,0.0,0.0,0.0
synthetic_d50,3,tree,6,1,8,1,44,44,1.0,0.176,1,0.05879999662283808,0,0.0,,
synthetic_d50,3,tree,60,0,5,1,2,2,1.0,0.008,1,0.030099996365606785,0,0.0,,
synthetic_d50,3,tree,129,0,2,1,8,8,1.0,0.032,1,0.016099991626106203,0,0.0,,
synthetic_d50,3,tree,267,0,8,1,1,1,1.0,0.004,1,0.03850000211969018,0,0.0,,
synthetic_d50,3,tree,296,0,5,1,2,2,1.0,0.008,1,0.027999994927085936,0,0.0,,
synthetic_d50,3,tree,375,1,8,1,44,44,1.0,0.176,1,0.038300000596791506,0,0.0,,
synthetic_d50,3,tree,399,0,7,1,28,28,1.0,0.112,1,0.03619999915827066,0,0.0,,
synthetic_d50,3,tree,427,1,8,1,44,44,1.0,0.176,1,0.03860000288113952,0,0.0,,
synthetic_d50,3,tree,481,1,7,1,2,2,1.0,0.008,1,0.03440000000409782,0,0.0,,
synthetic_d50,3,tree,523,0,8,1,43,43,1.0,0.172,1,0.03940000897273421,0,0.0,,
synthetic_d50,3,tree,531,1,5,1,20,20,1.0,0.08,1,0.027600006433203816,0,0.0,,
synthetic_d50,3,tree,646,1,5,1,3,3,1.0,0.012,1,0.026699999580159783,0,0.0,,
synthetic_d50,3,tree,649,0,5,1,2,2,1.0,0.008,1,0.02649999805726111,0,0.0,,
synthetic_d50,3,tree,656,1,7,1,15,15,1.0,0.06,1,0.03499999002087861,0,0.0,,
synthetic_d50,3,tree,679,0,8,1,43,43,1.0,0.172,1,0.037999998312443495,0,0.0,,
synthetic_d50,3,tree,713,1,8,1,44,44,1.0,0.176,1,0.03850000211969018,0,0.0,,
synthetic_d50,3,tree,731,1,5,1,20,20,1.0,0.08,1,0.026699999580159783,0,0.0,,
synthetic_d50,3,tree,762,1,6,1,0,0,,0.0,0,0.030499999411404133,0,0.0,,
synthetic_d50,3,tree,763,1,8,1,44,44,1.0,0.176,1,0.03859998832922429,0,0.0,,
synthetic_d50,3,tree,893,1,8,1,44,44,1.0,0.176,1,0.03789999755099416,0,0.0,,
synthetic_d50,3,linear,6,1,1,1,122,122,1.0,0.488,1,0.1286999904550612,0,0.0,,
synthetic_d50,3,linear,60,1,1,1,122,122,1.0,0.488,1,0.11520000407472253,0,0.0,,
synthetic_d50,3,linear,129,1,1,1,122,122,1.0,0.488,1,0.10720000136643648,0,0.0,,
synthetic_d50,3,linear,267,1,1,1,122,122,1.0,0.488,1,0.10619999375194311,0,0.0,,
synthetic_d50,3,linear,296,0,1,1,128,128,1.0,0.512,1,0.10520000068936497,0,0.0,,
synthetic_d50,3,linear,375,1,1,1,122,122,1.0,0.488,1,0.11529999028425664,0,0.0,,
synthetic_d50,3,linear,399,1,1,1,122,122,1.0,0.488,1,0.11269999959040433,0,0.0,,
synthetic_d50,3,linear,427,0,1,1,128,128,1.0,0.512,1,0.10719998681452125,0,0.0,,
synthetic_d50,3,linear,481,1,1,1,122,122,1.0,0.488,1,0.10639999527484179,0,0.0,,
synthetic_d50,3,linear,523,0,1,1,128,128,1.0,0.512,1,0.10620000830385834,0,0.0,,
synthetic_d50,3,linear,531,1,1,1,122,122,1.0,0.488,1,0.10220000694971532,0,0.0,,
synthetic_d50,3,linear,646,1,1,1,122,122,1.0,0.488,1,0.1007999962894246,0,0.0,,
synthetic_d50,3,linear,649,0,1,1,128,128,1.0,0.512,1,0.10009999095927924,0,0.0,,
synthetic_d50,3,linear,656,1,1,1,122,122,1.0,0.488,1,0.10049999400507659,0,0.0,,
synthetic_d50,3,linear,679,0,1,1,128,128,1.0,0.512,1,0.09889999637380242,0,0.0,,
synthetic_d50,3,linear,713,1,1,1,122,122,1.0,0.488,1,0.09960000170394778,0,0.0,,
synthetic_d50,3,linear,731,0,1,1,128,128,1.0,0.512,1,0.0999999901978299,0,0.0,,
synthetic_d50,3,linear,762,0,1,1,128,128,1.0,0.512,1,0.10180000390391797,0,0.0,,
synthetic_d50,3,linear,763,1,1,1,122,122,1.0,0.488,1,0.09970000246539712,0,0.0,,
synthetic_d50,3,linear,893,0,1,1,128,128,1.0,0.512,1,0.09950000094249845,0,0.0,,
synthetic_d50,3,relu,6,1,33,1,0,0,,0.0,0,0.1711999939288944,0,0.0,0.0,0.0
synthetic_d50,3,relu,60,1,33,1,0,0,,0.0,0,0.12950001109857112,0,0.0,0.0,0.0
synthetic_d50,3,relu,129,1,33,1,0,0,,0.0,0,0.12250000145286322,0,0.0,0.0,0.0
synthetic_d50,3,relu,267,1,33,1,0,0,,0.0,0,0.12100000458303839,0,0.0,0.0,0.0
synthetic_d50,3,relu,296,0,33,1,0,0,,0.0,0,0.11900000390596688,0,0.0,0.0,0.0
synthetic_d50,3,relu,375,1,33,1,0,0,,0.0,0,0.11929999163839966,0,0.0,0.0,0.0
synthetic_d50,3,relu,399,0,33,1,0,0,,0.0,0,0.11950000771321356,0,0.0,0.0,0.0
synthetic_d50,3,relu,427,1,33,1,0,0,,0.0,0,0.13050000416114926,0,0.0,0.0,0.0
synthetic_d50,3,relu,481,1,33,1,0,0,,0.0,0,0.11949999316129833,0,0.0,0.0,0.0
synthetic_d50,3,relu,523,0,33,1,0,0,,0.0,0,0.11829999857582152,0,0.0,0.0,0.0
synthetic_d50,3,relu,531,1,33,1,0,0,,0.0,0,0.11799999629147351,0,0.0,0.0,0.0
synthetic_d50,3,relu,646,1,33,1,0,0,,0.0,0,0.11720000475179404,0,0.0,0.0,0.0
synthetic_d50,3,relu,649,0,33,1,0,0,,0.0,0,0.11720000475179404,0,0.0,0.0,0.0
synthetic_d50,3,relu,656,1,33,1,0,0,,0.0,0,0.11729999096132815,0,0.0,0.0,0.0
synthetic_d50,3,relu,679,0,33,1,0,0,,0.0,0,0.11809999705292284,0,0.0,0.0,0.0
synthetic_d50,3,relu,713,1,33,1,0,0,,0.0,0,0.11730000551324338,0,0.0,0.0,0.0
synthetic_d50,3,relu,731,0,33,1,0,0,,0.0,0,0.11730000551324338,0,0.0,0.0,0.0
synthetic_d50,3,relu,762,0,33,1,0,0,,0.0,0,0.1328999933321029,0,0.0,0.0,0.0
synthetic_d50,3,relu,763,1,33,1,0,0,,0.0,0,0.11959999392274767,0,0.0,0.0,0.0
synthetic_d50,3,relu,893,0,33,1,0,0,,0.0,0,0.1179000100819394,0,0.0,0.0,0.0
synthetic_d50,4,tree,17,1,7,1,24,24,1.0,0.096,1,0.061700004152953625,0,0.0,,
synthetic_d50,4,tree,99,1,4,1,23,23,1.0,0.092,1,0.032199997804127634,0,0.0,,
synthetic_d50,4,tree,129,0,6,1,0,0,,0.0,0,0.037999998312443495,0,0.0,,
synthetic_d50,4,tree,290,1,6,1,4,4,1.0,0.016,1,0.03599999763537198,0,0.0,,
synthetic_d50,4,tree,337,0,8,1,19,19,1.0,0.076,1,0.04499999340623617,0,0.0,,
synthetic_d50,4,tree,354,1,4,1,23,23,1.0,0.092,1,0.026699999580159783,0,0.0,,
synthetic_d50,4,tree,358,1,7,1,22,22,1.0,0.088,1,0.05129999772179872,0,0.0,,
synthetic_d50,4,tree,364,1,7,1,22,22,1.0,0.088,1,0.04099999205209315,0,0.0,,
synthetic_d50,4,tree,374,0,5,1,8,8,1.0,0.032,1,0.03130000550299883,0,0.0,,
synthetic_d50,4,tree,388,0,6,1,5,5,1.0,0.02,1,0.03509999078232795,0,0.0,,
synthetic_d50,4,tree,450,1,4,1,23,23,1.0,0.092,1,0.026699999580159783,0,0.0,,
synthetic_d50,4,tree,543,1,4,1,23,23,1.0,0.092,1,0.026299996534362435,0,0.0,,
synthetic_d50,4,tree,621,0,5,1,19,19,1.0,0.076,1,0.0315000070258975,0,0.0,,
synthetic_d50,4,tree,723,0,8,1,10,10,1.0,0.04,1,0.044500004150904715,0,0.0,,
synthetic_d50,4,tree,765,0,5,1,12,12,1.0,0.048,1,0.030800001695752144,0,0.0,,
synthetic_d50,4,tree,810,0,5,1,8,8,1.0,0.032,1,0.03360000846441835,0,0.0,,
synthetic_d50,4,tree,846,1,7,1,24,24,1.0,0.096,1,0.04400000034365803,0,0.0,,
synthetic_d50,4,tree,861,0,5,1,19,19,1.0,0.076,1,0.03369999467395246,0,0.0,,
synthetic_d50,4,tree,874,1,7,1,22,22,1.0,0.088,1,0.043499996536411345,0,0.0,,
synthetic_d50,4,tree,947,0,6,1,0,0,,0.0,0,0.038300000596791506,0,0.0,,
synthetic_d50,4,linear,17,1,1,1,115,115,1.0,0.46,1,0.13210000179242343,0,0.0,,
synthetic_d50,4,linear,99,0,1,1,135,135,1.0,0.54,1,0.1117999927373603,0,0.0,,
synthetic_d50,4,linear,129,1,1,1,115,115,1.0,0.46,1,0.10790000669658184,0,0.0,,
synthetic_d50,4,linear,290,0,1,1,135,135,1.0,0.54,1,0.10659999679774046,0,0.0,,
synthetic_d50,4,linear,337,0,1,1,135,135,1.0,0.54,1,0.10570000449661165,0,0.0,,
synthetic_d50,4,linear,354,1,1,1,115,115,1.0,0.46,1,0.10609999299049377,0,0.0,,
synthetic_d50,4,linear,358,1,1,1,115,115,1.0,0.46,1,0.10520000068936497,0,0.0,,
synthetic_d50,4,linear,364,1,1,1,115,115,1.0,0.46,1,0.10620000830385834,0,0.0,,
synthetic_d50,4,linear,374,0,1,1,135,135,1.0,0.54,1,0.10590000601951033,0,0.0,,
synthetic_d50,4,linear,388,0,1,1,135,135,1.0,0.54,1,0.1033000007737428,0,0.0,,
synthetic_d50,4,linear,450,1,1,1,115,115,1.0,0.46,1,0.10350000229664147,0,0.0,,
synthetic_d50,4,linear,543,1,1,1,115,115,1.0,0.46,1,0.1033000007737428,0,0.0,,
synthetic_d50,4,linear,621,0,1,1,135,135,1.0,0.54,1,0.10309999925084412,0,0.0,,
synthetic_d50,4,linear,723,0,1,1,135,135,1.0,0.54,1,0.11360000644344836,0,0.0,,
synthetic_d50,4,linear,765,0,1,1,135,135,1.0,0.54,1,0.109200002043508,0,0.0,,
synthetic_d50,4,linear,810,0,1,1,135,135,1.0,0.54,1,0.1053000014508143,0,0.0,,
synthetic_d50,4,linear,846,1,1,1,115,115,1.0,0.46,1,0.11869998706970364,0,0.0,,
synthetic_d50,4,linear,861,1,1,1,115,115,1.0,0.46,1,0.10439999459777027,0,0.0,,
synthetic_d50,4,linear,874,1,1,1,115,115,1.0,0.46,1,0.10370000381954014,0,0.0,,
synthetic_d50,4,linear,947,0,1,1,135,135,1.0,0.54,1,0.10299999848939478,0,0.0,,
synthetic_d50,4,relu,17,1,33,1,0,0,,0.0,0,0.16850000247359276,0,0.0,0.0,0.0
synthetic_d50,4,relu,99,0,33,1,0,0,,0.0,0,0.13869999384041876,0,0.0,0.0,0.0
synthetic_d50,4,relu,129,0,33,1,0,0,,0.0,0,0.12159999459981918,0,0.0,0.0,0.0
synthetic_d50,4,relu,290,0,33,1,0,0,,0.0,0,0.18440000712871552,0,0.0,0.0,0.0
synthetic_d50,4,relu,337,0,33,1,0,0,,0.0,0,0.18879999697674066,0,0.0,0.0,0.0
synthetic_d50,4,relu,354,1,33,1,0,0,,0.0,0,0.13719999697059393,0,0.0,0.0,0.0
synthetic_d50,4,relu,358,0,33,1,0,0,,0.0,0,0.11990001075901091,0,0.0,0.0,0.0
synthetic_d50,4,relu,364,1,33,1,0,0,,0.0,0,0.11670000094454736,0,0.0,0.0,0.0
synthetic_d50,4,relu,374,0,33,1,0,0,,0.0,0,0.11560000712051988,0,0.0,0.0,0.0
synthetic_d50,4,relu,388,0,33,1,0,0,,0.0,0,0.11480000102892518,0,0.0,0.0,0.0
synthetic_d50,4,relu,450,1,33,1,0,0,,0.0,0,0.11500000255182385,0,0.0,0.0,0.0
synthetic_d50,4,relu,543,1,33,1,0,0,,0.0,0,0.11549999180715531,0,0.0,0.0,0.0
synthetic_d50,4,relu,621,0,33,1,0,0,,0.0,0,0.11399999493733048,0,0.0,0.0,0.0
synthetic_d50,4,relu,723,0,33,1,0,0,,0.0,0,0.11530000483617187,0,0.0,0.0,0.0
synthetic_d50,4,relu,765,0,33,1,0,0,,0.0,0,0.11490000179037452,0,0.0,0.0,0.0
synthetic_d50,4,relu,810,0,33,1,0,0,,0.0,0,0.11000000813510269,0,0.0,0.0,0.0
synthetic_d50,4,relu,846,1,33,1,0,0,,0.0,0,0.1100999943446368,0,0.0,0.0,0.0
synthetic_d50,4,relu,861,0,33,1,0,0,,0.0,0,0.1238999975612387,0,0.0,0.0,0.0
synthetic_d50,4,relu,874,1,33,1,0,0,,0.0,0,0.11749999248422682,0,0.0,0.0,0.0
synthetic_d50,4,relu,947,0,33,1,0,0,,0.0,0,0.11829999857582152,0,0.0,0.0,0.0
synthetic_lowsep,0,tree,63,0,8,1,48,48,1.0,0.24,1,0.05529999907594174,0,0.0,,
synthetic_lowsep,0,tree,82,0,8,1,48,48,1.0,0.24,1,0.04090000584255904,0,0.0,,
synthetic_lowsep,0,tree,217,0,8,1,6,6,1.0,0.03,1,0.03880000440403819,0,0.0,,
synthetic_lowsep,0,tree,229,1,8,1,12,12,1.0,0.06,1,0.03879998985212296,0,0.0,,
synthetic_lowsep,0,tree,231,0,8,1,1,1,1.0,0.005,1,0.033500007702969015,0,0.0,,
synthetic_lowsep,0,tree,262,0,8,1,7,7,1.0,0.035,1,0.03359999391250312,0,0.0,,
synthetic_lowsep,0,tree,273,1,6,1,9,9,1.0,0.045,1,0.02720000338740647,0,0.0,,
synthetic_lowsep,0,tree,293,0,8,1,48,48,1.0,0.24,1,0.03329999162815511,0,0.0,,
synthetic_lowsep,0,tree,339,1,6,1,9,9,1.0,0.045,1,0.026699999580159783,0,0.0,,
synthetic_lowsep,0,tree,343,0,3,1,5,5,1.0,0.025,1,0.016599995433352888,0,0.0,,
synthetic_lowsep,0,tree,380,1,8,1,12,12,1.0,0.06,1,0.033200005418621004,0,0.0,,
synthetic_lowsep,0,tree,419,1,8,1,12,12,1.0,0.06,1,0.032899988582357764,0,0.0,,
synthetic_lowsep,0,tree,503,0,8,1,24,24,1.0,0.12,1,0.03370000922586769,0,0.0,,
synthetic_lowsep,0,tree,547,0,8,1,4,4,1.0,0.02,1,0.033199990866705775,0,0.0,,
synthetic_lowsep,0,tree,563,0,8,1,48,48,1.0,0.24,1,0.033200005418621004,0,0.0,,
synthetic_lowsep,0,tree,619,0,8,1,7,7,1.0,0.035,1,0.03329999162815511,0,0.0,,
synthetic_lowsep,0,tree,639,0,8,1,48,48,1.0,0.24,1,0.03300000389572233,0,0.0,,
synthetic_lowsep,0,tree,641,0,8,1,48,48,1.0,0.24,1,0.0329999893438071,0,0.0,,
synthetic_lowsep,0,tree,667,1,7,1,1,1,1.0,0.005,1,0.030199997127056122,0,0.0,,
synthetic_lowsep,0,tree,726,0,8,1,6,6,1.0,0.03,1,0.03330000618007034,0,0.0,,
synthetic_lowsep,0,linear,63,0,1,1,100,100,1.0,0.5,1,0.10010000551119447,0,0.0,,
synthetic_lowsep,0,linear,82,0,1,1,100,100,1.0,0.5,1,0.08769999840296805,0,0.0,,
synthetic_lowsep,0,linear,217,0,1,1,100,100,1.0,0.5,1,0.08889999298844486,0,0.0,,
synthetic_lowsep,0,linear,229,1,1,1,100,100,1.0,0.5,1,0.08579999848734587,0,0.0,,
synthetic_lowsep,0,linear,231,1,1,1,100,100,1.0,0.5,1,0.08440000237897038,0,0.0,,
synthetic_lowsep,0,linear,262,1,1,1,100,100,1.0,0.5,1,0.08399999933317304,0,0.0,,
synthetic_lowsep,0,linear,273,0,1,1,100,100,1.0,0.5,1,0.0864000030560419,0,0.0,,
synthetic_lowsep,0,linear,293,0,1,1,100,100,1.0,0.5,1,0.09390000195708126,0,0.0,,
synthetic_lowsep,0,linear,339,0,1,1,100,100,1.0,0.5,1,0.09250000584870577,0,0.0,,
synthetic_lowsep,0,linear,343,1,1,1,100,100,1.0,0.5,1,0.09469999349676073,0,0.0,,
synthetic_lowsep,0,linear,380,1,1,1,100,100,1.0,0.5,1,0.0973999995039776,0,0.0,,
synthetic_lowsep,0,linear,419,1,1,1,100,100,1.0,0.5,1,0.08279999019578099,0,0.0,,
synthetic_lowsep,0,linear,503,1,1,1,100,100,1.0,0.5,1,0.08350001007784158,0,0.0,,
synthetic_lowsep,0,linear,547,0,1,1,100,100,1.0,0.5,1,0.08350001007784158,0,0.0,,
synthetic_lowsep,0,linear,563,0,1,1,100,100,1.0,0.5,1,0.0850000069476664,0,0.0,,
synthetic_lowsep,0,linear,619,1,1,1,100,100,1.0,0.5,1,0.09209998825099319,0,0.0,,
synthetic_lowsep,0,linear,639,0,1,1,100,100,1.0,0.5,1,0.09309999586548656,0,0.0,,
synthetic_lowsep,0,linear,641,0,1,1,100,100,1.0,0.5,1,0.0926000066101551,0,0.0,,
synthetic_lowsep,0,linear,667,1,1,1,100,100,1.0,0.5,1,0.10150000161956996,0,0.0,,
synthetic_lowsep,0,linear,726,0,1,1,100,100,1.0,0.5,1,0.09669999417383224,0,0.0,,
synthetic_lowsep,0,relu,63,0,33,1,0,0,,0.0,0,0.1373999984934926,0,0.0,0.0,0.0
synthetic_lowsep,0,relu,82,1,33,1,0,0,,0.0,0,0.10000000474974513,0,0.0,0.0,0.0
synthetic_lowsep,0,relu,217,0,33,1,0,0,,0.0,0,0.0940000027185306,0,0.0,0.0,0.0
synthetic_lowsep,0,relu,229,1,33,1,0,0,,0.0,0,0.10050000855699182,0,0.0,0.0,0.0
synthetic_lowsep,0,relu,231,1,33,1,0,0,,0.0,0,0.09040000441018492,0,0.0,0.0,0.0
synthetic_lowsep,0,relu,262,1,33,1,0,0,,0.0,0,0.08949999755714089,0,0.0,0.0,0.0
synthetic_lowsep,0,relu,273,1,33,1,0,0,,0.0,0,0.08919999527279288,0,0.0,0.0,0.0
synthetic_lowsep,0,relu,293,0,33,1,0,0,,0.0,0,0.08789999992586672,0,0.0,0.0,0.0
synthetic_lowsep,0,relu,339,1,33,1,0,0,,0.0,0,0.08679999154992402,0,0.0,0.0,0.0
synthetic_lowsep,0,relu,343,0,33,1,0,0,,0.0,0,0.08670000534038991,0,0.0,0.0,0.0
synthetic_lowsep,0,relu,380,1,33,1,0,0,,0.0,0,0.08690000686328858,0,0.0,0.0,0.0
synthetic_lowsep,0,relu,419,1,33,1,0,0,,0.0,0,0.0855999969644472,0,0.0,0.0,0.0
synthetic_lowsep,0,relu,503,1,33,1,0,0,,0.0,0,0.0855999969644472,0,0.0,0.0,0.0
synthetic_lowsep,0,relu,547,0,33,1,0,0,,0.0,0,0.08509999315720052,0,0.0,0.0,0.0
synthetic_lowsep,0,relu,563,1,33,1,0,0,,0.0,0,0.08610000077169389,0,0.0,0.0,0.0
synthetic_lowsep,0,relu,619,1,33,1,0,0,,0.0,0,0.08539999544154853,0,0.0,0.0,0.0
synthetic_lowsep,0,relu,639,0,33,1,0,0,,0.0,0,0.08490000618621707,0,0.0,0.0,0.0
synthetic_lowsep,0,relu,641,0,33,1,0,0,,0.0,0,0.08560001151636243,0,0.0,0.0,0.0
synthetic_lowsep,0,relu,667,0,33,1,0,0,,0.0,0,0.08579999848734587,0,0.0,0.0,0.0
synthetic_lowsep,0,relu,726,0,33,1,0,0,,0.0,0,0.08549999620299786,0,0.0,0.0,0.0
synthetic_lowsep,1,tree,86,0,8,1,23,23,1.0,0.115,1,0.05149999924469739,0,0.0,,
synthetic_lowsep,1,tree,106,0,8,1,10,10,1.0,0.05,1,0.03850000211969018,0,0.0,,
synthetic_lowsep,1,tree,123,1,8,1,10,10,1.0,0.05,1,0.03650000144261867,0,0.0,,
synthetic_lowsep,1,tree,133,1,6,1,16,16,1.0,0.08,1,0.02920000406447798,0,0.0,,
synthetic_lowsep,1,tree,197,0,8,1,30,30,1.0,0.15,1,0.036299999919719994,0,0.0,,
synthetic_lowsep,1,tree,204,1,6,1,16,16,1.0,0.08,1,0.028599999495781958,0,0.0,,
synthetic_lowsep,1,tree,255,0,7,1,3,3,1.0,0.015,1,0.03260000084992498,0,0.0,,
synthetic_lowsep,1,tree,309,1,6,1,6,6,1.0,0.03,1,0.028599999495781958,0,0.0,,
synthetic_lowsep,1,tree,332,1,8,1,10,10,1.0,0.05,1,0.03650000144261867,0,0.0,,
synthetic_lowsep,1,tree,479,1,7,1,6,6,1.0,0.03,1,0.03099998866673559,0,0.0,,
synthetic_lowsep,1,tree,500,0,8,1,23,23,1.0,0.115,1,0.03429999924264848,0,0.0,,
synthetic_lowsep,1,tree,506,1,6,1,16,16,1.0,0.08,1,0.027300004148855805,0,0.0,,
synthetic_lowsep,1,tree,527,1,6,1,16,16,1.0,0.08,1,0.028599999495781958,0,0.0,,
synthetic_lowsep,1,tree,529,1,8,1,10,10,1.0,0.05,1,0.03779999678954482,0,0.0,,
synthetic_lowsep,1,tree,541,0,7,1,1,1,1.0,0.005,1,0.03470000228844583,0,0.0,,
synthetic_lowsep,1,tree,616,0,8,1,30,30,1.0,0.15,1,0.038300000596791506,0,0.0,,
synthetic_lowsep,1,tree,619,0,8,1,14,14,1.0,0.07,1,0.0425000034738332,0,0.0,,
synthetic_lowsep,1,tree,662,1,5,1,0,0,,0.0,0,0.024499997380189598,0,0.0,,
synthetic_lowsep,1,tree,721,0,8,1,30,30,1.0,0.15,1,0.03650000144261867,0,0.0,,
synthetic_lowsep,1,tree,754,1,8,1,10,10,1.0,0.05,1,0.03789999755099416,0,0.0,,
synthetic_lowsep,1,linear,86,1,1,1,109,109,1.0,0.545,1,0.10380000458098948,0,0.0,,
synthetic_lowsep,1,linear,106,0,1,1,91,91,1.0,0.455,1,0.09250000584870577,0,0.0,,
synthetic_lowsep,1,linear,123,1,1,1,109,109,1.0,0.545,1,0.09299999510403723,0,0.0,,
synthetic_lowsep,1,linear,133,1,1,1,109,109,1.0,0.545,1,0.0855999969644472,0,0.0,,
synthetic_lowsep,1,linear,197,0,1,1,91,91,1.0,0.455,1,0.08469999011140317,0,0.0,,
synthetic_lowsep,1,linear,204,1,1,1,109,109,1.0,0.545,1,0.0855999969644472,0,0.0,,
synthetic_lowsep,1,linear,255,1,1,1,109,109,1.0,0.545,1,0.08519999391864985,0,0.0,,
synthetic_lowsep,1,linear,309,1,1,1,109,109,1.0,0.545,1,0.08569999772589654,0,0.0,,
synthetic_lowsep,1,linear,332,1,1,1,109,109,1.0,0.545,1,0.08519999391864985,0,0.0,,
synthetic_lowsep,1,linear,479,1,1,1,109,109,1.0,0.545,1,0.08359999628737569,0,0.0,,
synthetic_lowsep,1,linear,500,0,1,1,91,91,1.0,0.455,1,0.08490000618621707,0,0.0,,
synthetic_lowsep,1,linear,506,1,1,1,109,109,1.0,0.545,1,0.08600000001024455,0,0.0,,
synthetic_lowsep,1,linear,527,1,1,1,109,109,1.0,0.545,1,0.08579999848734587,0,0.0,,
synthetic_lowsep,1,linear,529,1,1,1,109,109,1.0,0.545,1,0.08379999781027436,0,0.0,,
synthetic_lowsep,1,linear,541,0,1,1,91,91,1.0,0.455,1,0.09370000043418258,0,0.0,,
synthetic_lowsep,1,linear,616,0,1,1,91,91,1.0,0.455,1,0.08719999459572136,0,0.0,,
synthetic_lowsep,1,linear,619,1,1,1,109,109,1.0,0.545,1,0.08420000085607171,0,0.0,,
synthetic_lowsep,1,linear,662,0,1,1,91,91,1.0,0.455,1,0.08430000161752105,0,0.0,,
synthetic_lowsep,1,linear,721,0,1,1,91,91,1.0,0.455,1,0.08430000161752105,0,0.0,,
synthetic_lowsep,1,linear,754,1,1,1,109,109,1.0,0.545,1,0.08420000085607171,0,0.0,,
synthetic_lowsep,1,relu,86,0,33,1,0,0,,0.0,0,0.13179999950807542,0,0.0,0.0,0.0
synthetic_lowsep,1,relu,106,1,33,1,0,0,,0.0,0,0.09610000415705144,0,0.0,0.0,0.0
synthetic_lowsep,1,relu,123,0,33,1,0,0,,0.0,0,0.08879999222699553,0,0.0,0.0,0.0
synthetic_lowsep,1,relu,133,1,33,1,0,0,,0.0,0,0.08539999544154853,0,0.0,0.0,0.0
synthetic_lowsep,1,relu,197,0,33,1,0,0,,0.0,0,0.0850000069476664,0,0.0,0.0,0.0
synthetic_lowsep,1,relu,204,1,33,1,0,0,,0.0,0,0.08450000314041972,0,0.0,0.0,0.0
synthetic_lowsep,1,relu,255,0,33,1,0,0,,0.0,0,0.0957000011112541,0,0.0,0.0,0.0
synthetic_lowsep,1,relu,309,1,33,1,0,0,,0.0,0,0.08440000237897038,0,0.0,0.0,0.0
synthetic_lowsep,1,relu,332,1,33,1,0,0,,0.0,0,0.08350001007784158,0,0.0,0.0,0.0
synthetic_lowsep,1,relu,479,1,33,1,0,0,,0.0,0,0.08740001067053527,0,0.0,0.0,0.0
synthetic_lowsep,1,relu,500,0,33,1,0,0,,0.0,0,0.1109999866457656,0,0.0,0.0,0.0
synthetic_lowsep,1,relu,506,1,33,1,0,0,,0.0,0,0.09040000441018492,0,0.0,0.0,0.0
synthetic_lowsep,1,relu,527,1,33,1,0,0,,0.0,0,0.08410000009462237,0,0.0,0.0,0.0
synthetic_lowsep,1,relu,529,1,33,1,0,0,,0.0,0,0.08499999239575118,0,0.0,0.0,0.0
synthetic_lowsep,1,relu,541,1,33,1,0,0,,0.0,0,0.08759999764151871,0,0.0,0.0,0.0
synthetic_lowsep,1,relu,616,0,33,1,0,0,,0.0,0,0.08679999154992402,0,0.0,0.0,0.0
synthetic_lowsep,1,relu,619,1,33,1,0,0,,0.0,0,0.08680000610183924,0,0.0,0.0,0.0
synthetic_lowsep,1,relu,662,1,33,1,0,0,,0.0,0,0.08849998994264752,0,0.0,0.0,0.0
synthetic_lowsep,1,relu,721,0,33,1,0,0,,0.0,0,0.08569999772589654,0,0.0,0.0,0.0
synthetic_lowsep,1,relu,754,0,33,1,0,0,,0.0,0,0.08699999307282269,0,0.0,0.0,0.0
synthetic_lowsep,2,tree,3,0,8,1,21,21,1.0,0.105,1,0.05339999916031957,0,0.0,,
synthetic_lowsep,2,tree,6,1,5,1,27,27,1.0,0.135,1,0.029400005587376654,0,0.0,,
synthetic_lowsep,2,tree,51,0,8,1,21,21,1.0,0.105,1,0.03770001058001071,0,0.0,,
synthetic_lowsep,2,tree,114,0,8,1,21,21,1.0,0.105,1,0.03700000524986535,0,0.0,,
synthetic_lowsep,2,tree,132,0,8,1,32,32,1.0,0.16,1,0.03609999839682132,0,0.0,,
synthetic_lowsep,2,tree,198,0,8,1,21,21,1.0,0.105,1,0.03530000685714185,0,0.0,,
synthetic_lowsep,2,tree,221,0,8,1,32,32,1.0,0.16,1,0.03510000533424318,0,0.0,,
synthetic_lowsep,2,tree,334,1,8,1,10,10,1.0,0.05,1,0.03500000457279384,0,0.0,,
synthetic_lowsep,2,tree,368,0,8,1,21,21,1.0,0.105,1,0.035200006095692515,0,0.0,,
synthetic_lowsep,2,tree,369,0,8,1,21,21,1.0,0.105,1,0.03470000228844583,0,0.0,,
synthetic_lowsep,2,tree,392,0,8,1,21,21,1.0,0.105,1,0.03430001379456371,0,0.0,,
synthetic_lowsep,2,tree,401,0,7,1,21,21,1.0,0.105,1,0.03190001007169485,0,0.0,,
synthetic_lowsep,2,tree,412,0,8,1,32,32,1.0,0.16,1,0.03509999078232795,0,0.0,,
synthetic_lowsep,2,tree,470,1,5,1,27,27,1.0,0.135,1,0.02479999966453761,0,0.0,,
synthetic_lowsep,2,tree,487,0,3,1,2,2,1.0,0.01,1,0.017600003047846258,0,0.0,,
synthetic_lowsep,2,tree,493,1,3,1,8,8,1.0,0.04,1,0.017300000763498247,0,0.0,,
synthetic_lowsep,2,tree,561,0,7,1,21,21,1.0,0.105,1,0.03130000550299883,0,0.0,,
synthetic_lowsep,2,tree,612,0,8,1,21,21,1.0,0.105,1,0.03510000533424318,0,0.0,,
synthetic_lowsep,2,tree,675,0,7,1,21,21,1.0,0.105,1,0.031400006264448166,0,0.0,,
synthetic_lowsep,2,tree,785,0,8,1,21,21,1.0,0.105,1,0.034500000765547156,0,0.0,,
synthetic_lowsep,2,linear,3,1,1,1,104,104,1.0,0.52,1,0.1109000004362315,0,0.0,,
synthetic_lowsep,2,linear,6,1,1,1,104,104,1.0,0.52,1,0.10269999620504677,0,0.0,,
synthetic_lowsep,2,linear,51,1,1,1,104,104,1.0,0.52,1,0.09159999899566174,0,0.0,,
synthetic_lowsep,2,linear,114,0,1,1,96,96,1.0,0.48,1,0.09309999586548656,0,0.0,,
synthetic_lowsep,2,linear,132,0,1,1,96,96,1.0,0.48,1,0.09119999594986439,0,0.0,,
synthetic_lowsep,2,linear,198,1,1,1,104,104,1.0,0.52,1,0.09229998977389187,0,0.0,,
synthetic_lowsep,2,linear,221,0,1,1,96,96,1.0,0.48,1,0.0948999950196594,0,0.0,,
synthetic_lowsep,2,linear,334,1,1,1,104,104,1.0,0.52,1,0.09040000441018492,0,0.0,,
synthetic_lowsep,2,linear,368,0,1,1,96,96,1.0,0.48,1,0.09040000441018492,0,0.0,,
synthetic_lowsep,2,linear,369,0,1,1,96,96,1.0,0.48,1,0.09109999518841505,0,0.0,,
synthetic_lowsep,2,linear,392,0,1,1,96,96,1.0,0.48,1,0.09030000364873558,0,0.0,,
synthetic_lowsep,2,linear,401,0,1,1,96,96,1.0,0.48,1,0.09050000517163426,0,0.0,,
synthetic_lowsep,2,linear,412,0,1,1,96,96,1.0,0.48,1,0.08879999222699553,0,0.0,,
synthetic_lowsep,2,linear,470,1,1,1,104,104,1.0,0.52,1,0.09359999967273325,0,0.0,,
synthetic_lowsep,2,linear,487,0,1,1,96,96,1.0,0.48,1,0.09010000212583691,0,0.0,,
synthetic_lowsep,2,linear,493,0,1,1,96,96,1.0,0.48,1,0.09529999806545675,0,0.0,,
synthetic_lowsep,2,linear,561,0,1,1,96,96,1.0,0.48,1,0.09280000813305378,0,0.0,,
synthetic_lowsep,2,linear,612,0,1,1,96,96,1.0,0.48,1,0.08830000297166407,0,0.0,,
synthetic_lowsep,2,linear,675,0,1,1,96,96,1.0,0.48,1,0.08779999916441739,0,0.0,,
synthetic_lowsep,2,linear,785,0,1,1,96,96,1.0,0.48,1,0.08859999070409685,0,0.0,,
synthetic_lowsep,2,relu,3,0,33,1,0,0,,0.0,0,0.14060000830795616,0,0.0,0.0,0.0
synthetic_lowsep,2,relu,6,0,33,1,0,0,,0.0,0,0.10210000618826598,0,0.0,0.0,0.0
synthetic_lowsep,2,relu,51,1,33,1,0,0,,0.0,0,0.0957000011112541,0,0.0,0.0,0.0
synthetic_lowsep,2,relu,114,0,33,1,0,0,,0.0,0,0.09349999891128391,0,0.0,0.0,0.0
synthetic_lowsep,2,relu,132,0,33,1,0,0,,0.0,0,0.09109999518841505,0,0.0,0.0,0.0
synthetic_lowsep,2,relu,198,0,33,1,0,0,,0.0,0,0.10289999772794545,0,0.0,0.0,0.0
synthetic_lowsep,2,relu,221,0,33,1,0,0,,0.0,0,0.09719999798107892,0,0.0,0.0,0.0
synthetic_lowsep,2,relu,334,1,33,1,0,0,,0.0,0,0.09329999738838524,0,0.0,0.0,0.0
synthetic_lowsep,2,relu,368,1,33,1,0,0,,0.0,0,0.09180000051856041,0,0.0,0.0,0.0
synthetic_lowsep,2,relu,369,0,33,1,0,0,,0.0,0,0.09010000212583691,0,0.0,0.0,0.0
synthetic_lowsep,2,relu,392,1,33,1,0,0,,0.0,0,0.09050000517163426,0,0.0,0.0,0.0
synthetic_lowsep,2,relu,401,1,33,1,0,0,,0.0,0,0.08909999451134354,0,0.0,0.0,0.0
synthetic_lowsep,2,relu,412,1,33,1,0,0,,0.0,0,0.08929999603424221,0,0.0,0.0,0.0
synthetic_lowsep,2,relu,470,1,33,1,0,0,,0.0,0,0.08840000373311341,0,0.0,0.0,0.0
synthetic_lowsep,2,relu,487,1,33,1,0,0,,0.0,0,0.09070000669453293,0,0.0,0.0,0.0
synthetic_lowsep,2,relu,493,1,33,1,0,0,,0.0,0,0.08839998918119818,0,0.0,0.0,0.0
synthetic_lowsep,2,relu,561,1,33,1,0,0,,0.0,0,0.08900000830180943,0,0.0,0.0,0.0
synthetic_lowsep,2,relu,612,1,33,1,0,0,,0.0,0,0.09000000136438757,0,0.0,0.0,0.0
synthetic_lowsep,2,relu,675,0,33,1,0,0,,0.0,0,0.08959999831859022,0,0.0,0.0,0.0
synthetic_lowsep,2,relu,785,0,33,1,0,0,,0.0,0,0.08879999222699553,0,0.0,0.0,0.0
synthetic_lowsep,3,tree,35,0,8,1,21,21,1.0,0.105,1,0.05990000499878079,0,0.0,,
synthetic_lowsep,3,tree,67,1,4,1,6,6,1.0,0.03,1,0.027999994927085936,0,0.0,,
synthetic_lowsep,3,tree,107,0,8,1,10,10,1.0,0.05,1,0.04149999585933983,0,0.0,,
synthetic_lowsep,3,tree,180,0,6,1,0,0,,0.0,0,0.03290000313427299,0,0.0,,
synthetic_lowsep,3,tree,202,0,8,1,7,7,1.0,0.035,1,0.04090000584255904,0,0.0,,
synthetic_lowsep,3,tree,279,0,8,1,8,8,1.0,0.04,1,0.04030000127386302,0,0.0,,
synthetic_lowsep,3,tree,293,0,8,1,21,21,1.0,0.105,1,0.04020000051241368,0,0.0,,
synthetic_lowsep,3,tree,419,1,4,1,12,12,1.0,0.06,1,0.02479999966453761,0,0.0,,
synthetic_lowsep,3,tree,435,1,4,1,6,6,1.0,0.03,1,0.02400000812485814,0,0.0,,
synthetic_lowsep,3,tree,463,0,4,1,5,5,1.0,0.025,1,0.02379999205004424,0,0.0,,
synthetic_lowsep,3,tree,503,0,8,1,5,5,1.0,0.025,1,0.04020000051241368,0,0.0,,
synthetic_lowsep,3,tree,513,0,6,1,7,7,1.0,0.035,1,0.03199999628122896,0,0.0,,
synthetic_lowsep,3,tree,561,1,3,1,14,14,1.0,0.07,1,0.020499996026046574,0,0.0,,
synthetic_lowsep,3,tree,566,0,8,1,8,8,1.0,0.04,1,0.03999999898951501,0,0.0,,
synthetic_lowsep,3,tree,614,0,8,1,5,5,1.0,0.025,1,0.03989999822806567,0,0.0,,
synthetic_lowsep,3,tree,645,0,8,1,21,21,1.0,0.105,1,0.03959999594371766,0,0.0,,
synthetic_lowsep,3,tree,686,1,6,1,9,9,1.0,0.045,1,0.03189999551977962,0,0.0,,
synthetic_lowsep,3,tree,693,1,6,1,7,7,1.0,0.035,1,0.03229999856557697,0,0.0,,
synthetic_lowsep,3,tree,777,1,7,1,6,6,1.0,0.03,1,0.035599994589574635,0,0.0,,
synthetic_lowsep,3,tree,793,0,8,1,21,21,1.0,0.105,1,0.03999999898951501,0,0.0,,
synthetic_lowsep,3,linear,35,0,1,1,98,98,1.0,0.49,1,0.11779999476857483,0,0.0,,
synthetic_lowsep,3,linear,67,0,1,1,98,98,1.0,0.49,1,0.09459999273531139,0,0.0,,
synthetic_lowsep,3,linear,107,0,1,1,98,98,1.0,0.49,1,0.08949999755714089,0,0.0,,
synthetic_lowsep,3,linear,180,1,1,1,102,102,1.0,0.51,1,0.09000000136438757,0,0.0,,
synthetic_lowsep,3,linear,202,0,1,1,98,98,1.0,0.49,1,0.0889000075403601,0,0.0,,
synthetic_lowsep,3,linear,279,0,1,1,98,98,1.0,0.49,1,0.11539999104570597,0,0.0,,
synthetic_lowsep,3,linear,293,0,1,1,98,98,1.0,0.49,1,0.42209999810438603,0,0.0,,
synthetic_lowsep,3,linear,419,1,1,1,102,102,1.0,0.51,1,0.1297000126214698,0,0.0,,
synthetic_lowsep,3,linear,435,0,1,1,98,98,1.0,0.49,1,0.09750000026542693,0,0.0,,
synthetic_lowsep,3,linear,463,0,1,1,98,98,1.0,0.49,1,0.10550000297371298,0,0.0,,
synthetic_lowsep,3,linear,503,1,1,1,102,102,1.0,0.51,1,0.09800000407267362,0,0.0,,
synthetic_lowsep,3,linear,513,0,1,1,98,98,1.0,0.49,1,0.09549999958835542,0,0.0,,
synthetic_lowsep,3,linear,561,1,1,1,102,102,1.0,0.51,1,0.09580000187270343,0,0.0,,
synthetic_lowsep,3,linear,566,1,1,1,102,102,1.0,0.51,1,0.09300000965595245,0,0.0,,
synthetic_lowsep,3,linear,614,1,1,1,102,102,1.0,0.51,1,0.09450000652577728,0,0.0,,
synthetic_lowsep,3,linear,645,1,1,1,102,102,1.0,0.51,1,0.0931999966269359,0,0.0,,
synthetic_lowsep,3,linear,686,0,1,1,98,98,1.0,0.49,1,0.09750000026542693,0,0.0,,
synthetic_lowsep,3,linear,693,1,1,1,102,102,1.0,0.51,1,0.09509999654255807,0,0.0,,
synthetic_lowsep,3,linear,777,1,1,1,102,102,1.0,0.51,1,0.09750000026542693,0,0.0,,
synthetic_lowsep,3,linear,793,0,1,1,98,98,1.0,0.49,1,0.09560000034980476,0,0.0,,
synthetic_lowsep,3,relu,35,0,33,1,0,0,,0.0,0,0.13860000763088465,0,0.0,0.0,0.0
synthetic_lowsep,3,relu,67,0,33,1,0,0,,0.0,0,0.09610000415705144,0,0.0,0.0,0.0
synthetic_lowsep,3,relu,107,0,33,1,0,0,,0.0,0,0.08919999527279288,0,0.0,0.0,0.0
synthetic_lowsep,3,relu,180,1,33,1,0,0,,0.0,0,0.08450000314041972,0,0.0,0.0,0.0
synthetic_lowsep,3,relu,202,0,33,1,0,0,,0.0,0,0.08360001083929092,0,0.0,0.0,0.0
synthetic_lowsep,3,relu,279,0,33,1,0,0,,0.0,0,0.08910000906325877,0,0.0,0.0,0.0
synthetic_lowsep,3,relu,293,0,33,1,1,1,1.0,0.005,1,0.09469999349676073,0,2.1176697728719773e-07,1.0,1.0
synthetic_lowsep,3,relu,419,1,33,1,0,0,,0.0,0,0.08430000161752105,0,0.0,0.0,0.0
synthetic_lowsep,3,relu,435,1,33,1,0,0,,0.0,0,0.08370001160074025,0,0.0,0.0,0.0
synthetic_lowsep,3,relu,463,0,33,1,0,0,,0.0,0,0.08270000398624688,0,0.0,0.0,0.0
synthetic_lowsep,3,relu,503,1,33,1,0,0,,0.0,0,0.08329999400302768,0,0.0,0.0,0.0
synthetic_lowsep,3,relu,513,0,33,1,0,0,,0.0,0,0.08110000635497272,0,0.0,0.0,0.0
synthetic_lowsep,3,relu,561,1,33,1,0,0,,0.0,0,0.08169999637175351,0,0.0,0.0,0.0
synthetic_lowsep,3,relu,566,0,33,1,0,0,,0.0,0,0.08199999865610152,0,0.0,0.0,0.0
synthetic_lowsep,3,relu,614,1,33,1,0,0,,0.0,0,0.08450000314041972,0,0.0,0.0,0.0
synthetic_lowsep,3,relu,645,0,33,1,0,0,,0.0,0,0.08339999476447701,0,0.0,0.0,0.0
synthetic_lowsep,3,relu,686,0,33,1,0,0,,0.0,0,0.08169999637175351,0,0.0,0.0,0.0
synthetic_lowsep,3,relu,693,1,33,1,0,0,,0.0,0,0.08199999865610152,0,0.0,0.0,0.0
synthetic_lowsep,3,relu,777,1,33,1,0,0,,0.0,0,0.08040000102482736,0,0.0,0.0,0.0
synthetic_lowsep,3,relu,793,1,33,1,0,0,,0.0,0,0.08090000483207405,0,0.0,0.0,0.0
synthetic_lowsep,4,tree,37,0,8,1,19,19,1.0,0.095,1,0.05339999916031957,0,0.0,,
synthetic_lowsep,4,tree,41,0,8,1,10,10,1.0,0.05,1,0.0391000066883862,0,0.0,,
synthetic_lowsep,4,tree,67,0,8,1,10,10,1.0,0.05,1,0.03619999915827066,0,0.0,,
synthetic_lowsep,4,tree,70,1,7,1,29,29,1.0,0.145,1,0.033200005418621004,0,0.0,,
synthetic_lowsep,4,tree,141,1,5,1,6,6,1.0,0.03,1,0.025599991204217076,0,0.0,,
synthetic_lowsep,4,tree,175,1,7,1,8,8,1.0,0.04,1,0.032500000088475645,0,0.0,,
synthetic_lowsep,4,tree,197,0,8,1,19,19,1.0,0.095,1,0.03569999535102397,0,0.0,,
synthetic_lowsep,4,tree,248,1,7,1,8,8,1.0,0.04,1,0.03229999856557697,0,0.0,,
synthetic_lowsep,4,tree,330,0,8,1,7,7,1.0,0.035,1,0.03580001066438854,0,0.0,,
synthetic_lowsep,4,tree,345,0,7,1,1,1,1.0,0.005,1,0.03239999932702631,0,0.0,,
synthetic_lowsep,4,tree,361,1,7,1,29,29,1.0,0.145,1,0.0320999970426783,0,0.0,,
synthetic_lowsep,4,tree,382,0,7,1,1,1,1.0,0.005,1,0.03190001007169485,0,0.0,,
synthetic_lowsep,4,tree,405,1,7,1,8,8,1.0,0.04,1,0.03169999399688095,0,0.0,,
synthetic_lowsep,4,tree,436,1,7,1,0,0,,0.0,0,0.03189999551977962,0,0.0,,
synthetic_lowsep,4,tree,495,0,8,1,13,13,1.0,0.065,1,0.03619999915827066,0,0.0,,
synthetic_lowsep,4,tree,584,0,8,1,7,7,1.0,0.035,1,0.03539999306667596,0,0.0,,
synthetic_lowsep,4,tree,598,1,5,1,6,6,1.0,0.03,1,0.024900000425986946,0,0.0,,
synthetic_lowsep,4,tree,604,1,7,1,29,29,1.0,0.145,1,0.03189999551977962,0,0.0,,
synthetic_lowsep,4,tree,715,1,7,1,8,8,1.0,0.04,1,0.031800009310245514,0,0.0,,
synthetic_lowsep,4,tree,748,0,7,1,1,1,1.0,0.005,1,0.03170000854879618,0,0.0,,
synthetic_lowsep,4,linear,37,0,1,1,98,98,1.0,0.49,1,0.10900000052060932,0,0.0,,
synthetic_lowsep,4,linear,41,0,1,1,98,98,1.0,0.49,1,0.09610000415705144,0,0.0,,
synthetic_lowsep,4,linear,67,0,1,1,98,98,1.0,0.49,1,0.0973999995039776,0,0.0,,
synthetic_lowsep,4,linear,70,1,1,1,102,102,1.0,0.51,1,0.09440000576432794,0,0.0,,
synthetic_lowsep,4,linear,141,0,1,1,98,98,1.0,0.49,1,0.09420000424142927,0,0.0,,
synthetic_lowsep,4,linear,175,1,1,1,102,102,1.0,0.51,1,0.09390000195708126,0,0.0,,
synthetic_lowsep,4,linear,197,0,1,1,98,98,1.0,0.49,1,0.09360001422464848,0,0.0,,
synthetic_lowsep,4,linear,248,1,1,1,102,102,1.0,0.51,1,0.10060000931844115,0,0.0,,
synthetic_lowsep,4,linear,330,0,1,1,98,98,1.0,0.49,1,0.0957000011112541,0,0.0,,
synthetic_lowsep,4,linear,345,1,1,1,102,102,1.0,0.51,1,0.09250000584870577,0,0.0,,
synthetic_lowsep,4,linear,361,1,1,1,102,102,1.0,0.51,1,0.09349999891128391,0,0.0,,
synthetic_lowsep,4,linear,382,0,1,1,98,98,1.0,0.49,1,0.09339999814983457,0,0.0,,
synthetic_lowsep,4,linear,405,0,1,1,98,98,1.0,0.49,1,0.09299999510403723,0,0.0,,
synthetic_lowsep,4,linear,436,1,1,1,102,102,1.0,0.51,1,0.09180000051856041,0,0.0,,
synthetic_lowsep,4,linear,495,1,1,1,102,102,1.0,0.51,1,0.10140000085812062,0,0.0,,
synthetic_lowsep,4,linear,584,0,1,1,98,98,1.0,0.49,1,0.09030000364873558,0,0.0,,
synthetic_lowsep,4,linear,598,0,1,1,98,98,1.0,0.49,1,0.08889999298844486,0,0.0,,
synthetic_lowsep,4,linear,604,1,1,1,102,102,1.0,0.51,1,0.09000000136438757,0,0.0,,
synthetic_lowsep,4,linear,715,1,1,1,102,102,1.0,0.51,1,0.09300000965595245,0,0.0,,
synthetic_lowsep,4,linear,748,0,1,1,98,98,1.0,0.49,1,0.09280000813305378,0,0.0,,
synthetic_lowsep,4,relu,37,0,33,1,0,0,,0.0,0,0.13020000187680125,0,0.0,0.0,0.0
synthetic_lowsep,4,relu,41,0,33,1,0,0,,0.0,0,0.10130000009667128,0,0.0,0.0,0.0
synthetic_lowsep,4,relu,67,0,33,1,0,0,,0.0,0,0.09459999273531139,0,0.0,0.0,0.0
synthetic_lowsep,4,relu,70,1,33,1,0,0,,0.0,0,0.0940000027185306,0,0.0,0.0,0.0
synthetic_lowsep,4,relu,141,1,33,1,0,0,,0.0,0,0.09140001202467829,0,0.0,0.0,0.0
synthetic_lowsep,4,relu,175,1,33,1,0,0,,0.0,0,0.09050000517163426,0,0.0,0.0,0.0
synthetic_lowsep,4,relu,197,0,33,1,0,0,,0.0,0,0.09240000508725643,0,0.0,0.0,0.0
synthetic_lowsep,4,relu,248,0,33,1,0,0,,0.0,0,0.08880000677891076,0,0.0,0.0,0.0
synthetic_lowsep,4,relu,330,0,33,1,0,0,,0.0,0,0.08909999451134354,0,0.0,0.0,0.0
synthetic_lowsep,4,relu,345,0,33,1,0,0,,0.0,0,0.08800000068731606,0,0.0,0.0,0.0
synthetic_lowsep,4,relu,361,1,33,1,0,0,,0.0,0,0.07860000187065452,0,0.0,0.0,0.0
synthetic_lowsep,4,relu,382,0,33,1,0,0,,0.0,0,0.0788000033935532,0,0.0,0.0,0.0
synthetic_lowsep,4,relu,405,1,33,1,0,0,,0.0,0,0.08060000254772604,0,0.0,0.0,0.0
synthetic_lowsep,4,relu,436,1,33,1,0,0,,0.0,0,0.08579999848734587,0,0.0,0.0,0.0
synthetic_lowsep,4,relu,495,0,33,1,0,0,,0.0,0,0.08650000381749123,0,0.0,0.0,0.0
synthetic_lowsep,4,relu,584,0,33,1,0,0,,0.0,0,0.08060000254772604,0,0.0,0.0,0.0
synthetic_lowsep,4,relu,598,0,33,1,0,0,,0.0,0,0.07759999425616115,0,0.0,0.0,0.0
synthetic_lowsep,4,relu,604,1,33,1,0,0,,0.0,0,0.07840000034775585,0,0.0,0.0,0.0
synthetic_lowsep,4,relu,715,1,33,1,0,0,,0.0,0,0.07870000263210386,0,0.0,0.0,0.0
synthetic_lowsep,4,relu,748,0,33,1,0,0,,0.0,0,0.07750000804662704,0,0.0,0.0,0.0
banknote,0,tree,47,1,3,1,20,20,1.0,0.05830903790087463,1,0.03879998985212296,0,0.0,,
banknote,0,tree,164,1,4,1,109,109,1.0,0.3177842565597668,1,0.02710000262595713,0,0.0,,
banknote,0,tree,283,1,7,1,2,2,1.0,0.0058309037900874635,1,0.03569999535102397,0,0.0,,
banknote,0,tree,392,1,6,1,34,34,1.0,0.09912536443148688,1,0.03239999932702631,0,0.0,,
banknote,0,tree,415,1,4,1,109,109,1.0,0.3177842565597668,1,0.02549999044276774,0,0.0,,
banknote,0,tree,488,1,6,1,34,34,1.0,0.09912536443148688,1,0.0315000070258975,0,0.0,,
banknote,0,tree,540,1,4,1,109,109,1.0,0.3177842565597668,1,0.023200002033263445,0,0.0,,
banknote,0,tree,553,1,4,1,109,109,1.0,0.3177842565597668,1,0.023100001271814108,0,0.0,,
banknote,0,tree,566,1,4,1,109,109,1.0,0.3177842565597668,1,0.022799998987466097,0,0.0,,
banknote,0,tree,651,1,4,1,109,109,1.0,0.3177842565597668,1,0.022799998987466097,0,0.0,,
banknote,0,tree,737,1,4,1,109,109,1.0,0.3177842565597668,1,0.022799998987466097,0,0.0,,
banknote,0,tree,959,0,5,1,2,2,1.0,0.0058309037900874635,1,0.027399990358389914,0,0.0,,
banknote,0,tree,1122,0,6,1,86,86,1.0,0.25072886297376096,1,0.032800002372823656,0,0.0,,
banknote,0,tree,1153,0,5,1,27,27,1.0,0.07871720116618076,1,0.0278999941656366,0,0.0,,
banknote,0,tree,1192,0,5,1,27,27,1.0,0.07871720116618076,1,0.027300004148855805,0,0.0,,
banknote,0,tree,1198,0,7,1,10,10,1.0,0.029154518950437316,1,0.03519999154377729,0,0.0,,
banknote,0,tree,1261,0,7,1,10,10,1.0,0.029154518950437316,1,0.03470000228844583,0,0.0,,
banknote,0,tree,1279,0,3,1,3,3,1.0,0.008746355685131196,1,0.019099999917671084,0,0.0,,
banknote,0,tree,1291,0,5,1,6,6,1.0,0.01749271137026239,1,0.02719998883549124,0,0.0,,
banknote,0,tree,1309,0,5,1,27,27,1.0,0.07871720116618076,1,0.026900001103058457,0,0.0,,
banknote,0,linear,47,1,1,1,186,186,1.0,0.5422740524781341,1,0.12140000762883574,0,0.0,,
banknote,0,linear,164,1,1,1,186,186,1.0,0.5422740524781341,1,0.10150000161956996,0,0.0,,
banknote,0,linear,283,1,1,1,186,186,1.0,0.5422740524781341,1,0.09630000567995012,0,0.0,,
banknote,0,linear,392,1,1,1,186,186,1.0,0.5422740524781341,1,0.09420000424142927,0,0.0,,
banknote,0,linear,415,1,1,1,186,186,1.0,0.5422740524781341,1,0.09519999730400741,0,0.0,,
banknote,0,linear,488,1,1,1,186,186,1.0,0.5422740524781341,1,0.09469999349676073,0,0.0,,
banknote,0,linear,540,1,1,1,186,186,1.0,0.5422740524781341,1,0.09799998952075839,0,0.0,,
banknote,0,linear,553,1,1,1,186,186,1.0,0.5422740524781341,1,0.09660000796429813,0,0.0,,
banknote,0,linear,566,1,1,1,186,186,1.0,0.5422740524781341,1,0.09610000415705144,0,0.0,,
banknote,0,linear,651,1,1,1,186,186,1.0,0.5422740524781341,1,0.09619999036658555,0,0.0,,
banknote,0,linear,737,1,1,1,186,186,1.0,0.5422740524781341,1,0.09440000576432794,0,0.0,,
banknote,0,linear,959,0,1,1,157,157,1.0,0.4577259475218659,1,0.09890001092571765,0,0.0,,
banknote,0,linear,1122,0,1,1,157,157,1.0,0.4577259475218659,1,0.0951000110944733,0,0.0,,
banknote,0,linear,1153,0,1,1,157,157,1.0,0.4577259475218659,1,0.09290000889450312,0,0.0,,
banknote,0,linear,1192,0,1,1,157,157,1.0,0.4577259475218659,1,0.09549999958835542,0,0.0,,
banknote,0,linear,1198,0,1,1,157,157,1.0,0.4577259475218659,1,0.09529999806545675,0,0.0,,
banknote,0,linear,1261,0,1,1,157,157,1.0,0.4577259475218659,1,0.09289999434258789,0,0.0,,
banknote,0,linear,1279,0,1,1,157,157,1.0,0.4577259475218659,1,0.1049999991664663,0,0.0,,
banknote,0,linear,1291,0,1,1,157,157,1.0,0.4577259475218659,1,0.09560000034980476,0,0.0,,
banknote,0,linear,1309,0,1,1,157,157,1.0,0.4577259475218659,1,0.0940999889280647,0,0.0,,
banknote,0,relu,47,1,33,1,3,3,1.0,0.008746355685131196,1,0.15659999917261302,0,5.017931510309381e-07,3.0,3.0
banknote,0,relu,164,1,33,1,3,3,1.0,0.008746355685131196,1,0.11890000314451754,0,6.744728722196669e-07,3.0,3.0
banknote,0,relu,283,1,33,1,1,1,1.0,0.0029154518950437317,1,0.11059999815188348,0,3.99297158892864e-07,1.0,1.0
banknote,0,relu,392,1,33,1,3,3,1.0,0.008746355685131196,1,0.1196000084746629,0,8.308131000944741e-07,3.0,3.0
banknote,0,relu,415,1,33,1,7,7,1.0,0.02040816326530612,1,0.10760000441223383,0,5.19448773772524e-07,7.0,7.0
banknote,0,relu,488,1,33,1,5,5,1.0,0.014577259475218658,1,0.10469999688211828,0,1.5490999949463458e-06,5.0,5.0
banknote,0,relu,540,1,33,1,5,5,1.0,0.014577259475218658,1,0.10750000365078449,0,1.2541397413912136e-06,5.0,5.0
banknote,0,relu,553,1,33,1,2,2,1.0,0.0058309037900874635,1,0.1053000014508143,0,4.183510498023679e-07,2.0,2.0
banknote,0,relu,566,1,33,1,5,5,1.0,0.014577259475218658,1,0.10449999535921961,0,1.5490999949463458e-06,5.0,5.0
banknote,0,relu,651,1,33,1,1,1,1.0,0.0029154518950437317,1,0.10340000153519213,0,3.99297158892864e-07,1.0,1.0
banknote,0,relu,737,1,33,1,19,19,1.0,0.05539358600583091,1,0.10889999975915998,0,3.53213192028079e-06,19.0,19.0
banknote,0,relu,959,0,33,1,1,1,1.0,0.0029154518950437317,1,0.09940000018104911,0,3.201491978188642e-07,1.0,1.0
banknote,0,relu,1122,0,33,1,0,0,,0.0,0,0.09810000483412296,0,0.0,0.0,0.0
banknote,0,relu,1153,0,33,1,2,2,1.0,0.0058309037900874635,1,0.09900001168716699,0,1.1218909552468403e-06,2.0,2.0
banknote,0,relu,1192,0,33,1,0,0,,0.0,0,0.10070001007989049,0,0.0,0.0,0.0
banknote,0,relu,1198,0,33,1,7,7,1.0,0.02040816326530612,1,0.10600000678095967,0,7.99375783344658e-07,7.0,7.0
banknote,0,relu,1261,0,33,1,7,7,1.0,0.02040816326530612,1,0.09950000094249845,0,7.99375783344658e-07,7.0,7.0
banknote,0,relu,1279,0,33,1,1,1,1.0,0.0029154518950437317,1,0.10080001084133983,0,8.161289262176297e-07,1.0,1.0
banknote,0,relu,1291,0,33,1,0,0,,0.0,0,0.09599998884368688,0,0.0,0.0,0.0
banknote,0,relu,1309,0,33,1,0,0,,0.0,0,0.0943000050028786,0,0.0,0.0,0.0
banknote,1,tree,80,1,4,1,106,106,1.0,0.30903790087463556,1,0.04100000660400838,0,0.0,,
banknote,1,tree,89,1,4,1,106,106,1.0,0.30903790087463556,1,0.026500012609176338,0,0.0,,
banknote,1,tree,136,1,3,1,3,3,1.0,0.008746355685131196,1,0.02160000440198928,0,0.0,,
banknote,1,tree,137,1,4,1,106,106,1.0,0.30903790087463556,1,0.02409999433439225,0,0.0,,
banknote,1,tree,151,1,3,1,26,26,1.0,0.07580174927113703,1,0.020100007532164454,0,0.0,,
banknote,1,tree,361,1,4,1,106,106,1.0,0.30903790087463556,1,0.023900007363408804,0,0.0,,
banknote,1,tree,369,1,4,1,106,106,1.0,0.30903790087463556,1,0.023299988242797554,0,0.0,,
banknote,1,tree,422,1,4,1,106,106,1.0,0.30903790087463556,1,0.02340000355616212,0,0.0,,
banknote,1,tree,428,1,4,1,106,106,1.0,0.30903790087463556,1,0.023300002794712782,0,0.0,,
banknote,1,tree,616,1,4,1,106,106,1.0,0.30903790087463556,1,0.023199987481348217,0,0.0,,
banknote,1,tree,716,1,4,1,12,12,1.0,0.03498542274052478,1,0.024200009647756815,0,0.0,,
banknote,1,tree,933,0,5,1,19,19,1.0,0.05539358600583091,1,0.028700000257231295,0,0.0,,
banknote,1,tree,940,0,5,1,19,19,1.0,0.05539358600583091,1,0.02750000567175448,0,0.0,,
banknote,1,tree,955,0,6,1,29,29,1.0,0.08454810495626822,1,0.032500000088475645,0,0.0,,
banknote,1,tree,974,0,3,1,8,8,1.0,0.023323615160349854,1,0.019099999917671084,0,0.0,,
banknote,1,tree,1042,0,3,1,8,8,1.0,0.023323615160349854,1,0.01850000990089029,0,0.0,,
banknote,1,tree,1048,0,5,1,67,67,1.0,0.19533527696793002,1,0.027699992642737925,0,0.0,,
banknote,1,tree,1136,0,5,1,19,19,1.0,0.05539358600583091,1,0.02680000034160912,0,0.0,,
banknote,1,tree,1154,1,4,1,12,12,1.0,0.03498542274052478,1,0.023100001271814108,0,0.0,,
banknote,1,tree,1259,0,5,1,67,67,1.0,0.19533527696793002,1,0.02680000034160912,0,0.0,,
banknote,1,linear,80,1,1,1,184,184,1.0,0.5364431486880467,1,0.1711999939288944,0,0.0,,
banknote,1,linear,89,1,1,1,184,184,1.0,0.5364431486880467,1,0.10449999535921961,0,0.0,,
banknote,1,linear,136,1,1,1,184,184,1.0,0.5364431486880467,1,0.119399992399849,0,0.0,,
banknote,1,linear,137,1,1,1,184,184,1.0,0.5364431486880467,1,0.10089999705087394,0,0.0,,
banknote,1,linear,151,1,1,1,184,184,1.0,0.5364431486880467,1,0.09509999654255807,0,0.0,,
banknote,1,linear,361,1,1,1,184,184,1.0,0.5364431486880467,1,0.09479999425821006,0,0.0,,
banknote,1,linear,369,1,1,1,184,184,1.0,0.5364431486880467,1,0.09280000813305378,0,0.0,,
banknote,1,linear,422,1,1,1,184,184,1.0,0.5364431486880467,1,0.09320001117885113,0,0.0,,
banknote,1,linear,428,1,1,1,184,184,1.0,0.5364431486880467,1,0.09270000737160444,0,0.0,,
banknote,1,linear,616,1,1,1,184,184,1.0,0.5364431486880467,1,0.09450000652577728,0,0.0,,
banknote,1,linear,716,0,1,1,159,159,1.0,0.46355685131195334,1,0.09370000043418258,0,0.0,,
banknote,1,linear,933,0,1,1,159,159,1.0,0.46355685131195334,1,0.09290000889450312,0,0.0,,
banknote,1,linear,940,0,1,1,159,159,1.0,0.46355685131195334,1,0.09290000889450312,0,0.0,,
banknote,1,linear,955,0,1,1,159,159,1.0,0.46355685131195334,1,0.10229999315924942,0,0.0,,
banknote,1,linear,974,0,1,1,159,159,1.0,0.46355685131195334,1,0.09600000339560211,0,0.0,,
banknote,1,linear,1042,0,1,1,159,159,1.0,0.46355685131195334,1,0.0957000011112541,0,0.0,,
banknote,1,linear,1048,0,1,1,159,159,1.0,0.46355685131195334,1,0.09429999045096338,0,0.0,,
banknote,1,linear,1136,0,1,1,159,159,1.0,0.46355685131195334,1,0.0926000066101551,0,0.0,,
banknote,1,linear,1154,0,1,1,159,159,1.0,0.46355685131195334,1,0.09240000508725643,0,0.0,,
banknote,1,linear,1259,0,1,1,159,159,1.0,0.46355685131195334,1,0.09249999129679054,0,0.0,,
banknote,1,relu,80,1,33,1,4,4,1.0,0.011661807580174927,1,0.15870000061113387,0,4.2353653739723995e-07,4.0,4.0
banknote,1,relu,89,1,33,1,0,0,,0.0,0,0.112599998828955,0,0.0,0.0,0.0
banknote,1,relu,136,1,33,1,0,0,,0.0,0,0.10320000001229346,0,0.0,0.0,0.0
banknote,1,relu,137,1,33,1,4,4,1.0,0.011661807580174927,1,0.10809999366756529,0,1.4320980845639042e-07,4.0,4.0
banknote,1,relu,151,1,33,1,0,0,,0.0,0,0.0990999978967011,0,0.0,0.0,0.0
banknote,1,relu,361,1,33,1,7,7,1.0,0.02040816326530612,1,0.10740000288933516,0,6.566574413113813e-07,7.0,7.0
banknote,1,relu,369,1,33,1,0,0,,0.0,0,0.09989998943638057,0,0.0,0.0,0.0
banknote,1,relu,422,1,33,1,8,8,1.0,0.023323615160349854,1,0.10390000534243882,0,9.462183143682523e-07,8.0,8.0
banknote,1,relu,428,1,33,1,0,0,,0.0,0,0.10819999442901462,0,0.0,0.0,0.0
banknote,1,relu,616,1,33,1,5,5,1.0,0.014577259475218658,1,0.10679999832063913,0,7.763867788668222e-07,5.0,5.0
banknote,1,relu,716,1,33,1,1,1,1.0,0.0029154518950437317,1,0.10409999231342226,0,2.919120172251155e-07,1.0,1.0
banknote,1,relu,933,0,33,1,1,1,1.0,0.0029154518950437317,1,0.10449999535921961,0,4.3636712110384224e-07,1.0,1.0
banknote,1,relu,940,0,33,1,0,0,,0.0,0,0.09770000178832561,0,0.0,0.0,0.0
banknote,1,relu,955,0,33,1,5,5,1.0,0.014577259475218658,1,0.1016999885905534,0,1.5884030695190177e-06,5.0,5.0
banknote,1,relu,974,0,33,1,1,1,1.0,0.0029154518950437317,1,0.1016000023810193,0,1.2630165446836372e-07,1.0,1.0
banknote,1,relu,1042,0,33,1,4,4,1.0,0.011661807580174927,1,0.10109999857377261,0,1.4080975940800045e-06,4.0,4.0
banknote,1,relu,1048,0,33,1,5,5,1.0,0.014577259475218658,1,0.10299999848939478,0,9.67821659259016e-07,5.0,5.0
banknote,1,relu,1136,0,33,1,0,0,,0.0,0,0.09819999104365706,0,0.0,0.0,0.0
banknote,1,relu,1154,0,33,1,0,0,,0.0,0,0.0973999995039776,0,0.0,0.0,0.0
banknote,1,relu,1259,0,33,1,0,0,,0.0,0,0.09629999112803489,0,0.0,0.0,0.0
banknote,2,tree,7,1,3,1,126,126,1.0,0.3673469387755102,1,0.036900004488416016,0,0.0,,
banknote,2,tree,68,1,5,1,19,19,1.0,0.05539358600583091,1,0.030499999411404133,0,0.0,,
banknote,2,tree,105,1,3,1,126,126,1.0,0.3673469387755102,1,0.020399995264597237,0,0.0,,
banknote,2,tree,160,1,3,1,126,126,1.0,0.3673469387755102,1,0.018699996871873736,0,0.0,,
banknote,2,tree,183,1,3,1,126,126,1.0,0.3673469387755102,1,0.018400009139440954,0,0.0,,
banknote,2,tree,278,1,4,1,0,0,,0.0,0,0.02239999594166875,0,0.0,,
banknote,2,tree,301,1,3,1,126,126,1.0,0.3673469387755102,1,0.0185999961104244,0,0.0,,
banknote,2,tree,308,1,3,1,126,126,1.0,0.3673469387755102,1,0.018499995348975062,0,0.0,,
banknote,2,tree,322,1,5,1,3,3,1.0,0.008746355685131196,1,0.026399997295811772,0,0.0,,
banknote,2,tree,417,1,5,1,19,19,1.0,0.05539358600583091,1,0.025899993488565087,0,0.0,,
banknote,2,tree,756,1,3,1,126,126,1.0,0.3673469387755102,1,0.018400009139440954,0,0.0,,
banknote,2,tree,795,0,5,1,20,20,1.0,0.05830903790087463,1,0.026500012609176338,0,0.0,,
banknote,2,tree,848,0,5,1,31,31,1.0,0.09037900874635568,1,0.026300011086277664,0,0.0,,
banknote,2,tree,1011,0,4,1,84,84,1.0,0.24489795918367346,1,0.02400000812485814,0,0.0,,
banknote,2,tree,1024,0,5,1,31,31,1.0,0.09037900874635568,1,0.025899993488565087,0,0.0,,
banknote,2,tree,1048,0,4,1,84,84,1.0,0.24489795918367346,1,0.02300000051036477,0,0.0,,
banknote,2,tree,1080,0,5,1,20,20,1.0,0.05830903790087463,1,0.02649999805726111,0,0.0,,
banknote,2,tree,1198,0,4,1,84,84,1.0,0.24489795918367346,1,0.02239999594166875,0,0.0,,
banknote,2,tree,1209,0,4,1,84,84,1.0,0.24489795918367346,1,0.021700005163438618,0,0.0,,
banknote,2,tree,1349,0,4,1,84,84,1.0,0.24489795918367346,1,0.021800005924887955,0,0.0,,
banknote,2,linear,7,1,1,1,184,184,1.0,0.5364431486880467,1,0.11310000263620168,0,0.0,,
banknote,2,linear,68,1,1,1,184,184,1.0,0.5364431486880467,1,0.09800000407267362,0,0.0,,
banknote,2,linear,105,1,1,1,184,184,1.0,0.5364431486880467,1,0.09560000034980476,0,0.0,,
banknote,2,linear,160,1,1,1,184,184,1.0,0.5364431486880467,1,0.09460000728722662,0,0.0,,
banknote,2,linear,183,1,1,1,184,184,1.0,0.5364431486880467,1,0.09159999899566174,0,0.0,,
banknote,2,linear,278,1,1,1,184,184,1.0,0.5364431486880467,1,0.09290000889450312,0,0.0,,
banknote,2,linear,301,1,1,1,184,184,1.0,0.5364431486880467,1,0.09359999967273325,0,0.0,,
banknote,2,linear,308,1,1,1,184,184,1.0,0.5364431486880467,1,0.0909000082174316,0,0.0,,
banknote,2,linear,322,1,1,1,184,184,1.0,0.5364431486880467,1,0.09160001354757696,0,0.0,,
banknote,2,linear,417,1,1,1,184,184,1.0,0.5364431486880467,1,0.09040000441018492,0,0.0,,
banknote,2,linear,756,1,1,1,184,184,1.0,0.5364431486880467,1,0.09019998833537102,0,0.0,,
banknote,2,linear,795,0,1,1,159,159,1.0,0.46355685131195334,1,0.09200000204145908,0,0.0,,
banknote,2,linear,848,0,1,1,159,159,1.0,0.46355685131195334,1,0.09099999442696571,0,0.0,,
banknote,2,linear,1011,0,1,1,159,159,1.0,0.46355685131195334,1,0.09040000441018492,0,0.0,,
banknote,2,linear,1024,0,1,1,159,159,1.0,0.46355685131195334,1,0.09190000128000975,0,0.0,,
banknote,2,linear,1048,0,1,1,159,159,1.0,0.46355685131195334,1,0.09030000364873558,0,0.0,,
banknote,2,linear,1080,0,1,1,159,159,1.0,0.46355685131195334,1,0.09029998909682035,0,0.0,,
banknote,2,linear,1198,0,1,1,159,159,1.0,0.46355685131195334,1,0.09070000669453293,0,0.0,,
banknote,2,linear,1209,0,1,1,159,159,1.0,0.46355685131195334,1,0.09030000364873558,0,0.0,,
banknote,2,linear,1349,0,1,1,159,159,1.0,0.46355685131195334,1,0.08929999603424221,0,0.0,,
banknote,2,relu,7,1,33,1,1,1,1.0,0.0029154518950437317,1,0.15700000221841037,0,3.01965172866403e-07,1.0,1.0
banknote,2,relu,68,1,33,1,6,6,1.0,0.01749271137026239,1,0.12040000001434237,0,7.38470550487591e-07,6.0,6.0
banknote,2,relu,105,1,33,1,8,8,1.0,0.023323615160349854,1,0.11280000035185367,0,8.225951084739336e-07,8.0,8.0
banknote,2,relu,160,1,33,1,38,38,1.0,0.11078717201166181,1,0.11039999662898481,0,1.2296296389990857e-06,38.0,38.0
banknote,2,relu,183,1,33,1,38,38,1.0,0.11078717201166181,1,0.10650001058820635,0,1.2296296389990857e-06,38.0,38.0
banknote,2,relu,278,1,33,1,0,0,,0.0,0,0.09980000322684646,0,0.0,0.0,0.0
banknote,2,relu,301,1,33,1,38,38,1.0,0.11078717201166181,1,0.10320000001229346,0,1.2296296389990857e-06,38.0,38.0
banknote,2,relu,308,1,33,1,11,11,1.0,0.03206997084548105,1,0.10379999002907425,0,8.902414272426995e-07,11.0,11.0
banknote,2,relu,322,1,33,1,0,0,,0.0,0,0.09820000559557229,0,0.0,0.0,0.0
banknote,2,relu,417,1,33,1,2,2,1.0,0.0058309037900874635,1,0.10060000931844115,0,2.2162084434285134e-07,2.0,2.0
banknote,2,relu,756,1,33,1,11,11,1.0,0.03206997084548105,1,0.11320000339765102,0,8.902414272426995e-07,11.0,11.0
banknote,2,relu,795,0,33,1,1,1,1.0,0.0029154518950437317,1,0.10429999383632094,0,4.3987980902215895e-07,1.0,1.0
banknote,2,relu,848,0,33,1,1,1,1.0,0.0029154518950437317,1,0.10210000618826598,0,6.63450780535868e-07,1.0,1.0
banknote,2,relu,1011,0,33,1,7,7,1.0,0.02040816326530612,1,0.10750000365078449,0,1.2852036892496699e-06,7.0,7.0
banknote,2,relu,1024,0,33,1,7,7,1.0,0.02040816326530612,1,0.112900001113303,0,1.4079319274884483e-06,7.0,7.0
banknote,2,relu,1048,0,33,1,0,0,,0.0,0,0.10090001160278916,0,0.0,0.0,0.0
banknote,2,relu,1080,0,33,1,5,5,1.0,0.014577259475218658,1,0.10150000161956996,0,1.154802335534555e-06,5.0,5.0
banknote,2,relu,1198,0,33,1,13,13,1.0,0.037900874635568516,1,0.10299999848939478,0,1.933649837582152e-06,13.0,13.0
banknote,2,relu,1209,0,33,1,0,0,,0.0,0,0.09649999265093356,0,0.0,0.0,0.0
banknote,2,relu,1349,0,33,1,0,0,,0.0,0,0.09580000187270343,0,0.0,0.0,0.0
banknote,3,tree,68,1,5,1,23,23,1.0,0.06705539358600583,1,0.04400000034365803,0,0.0,,
banknote,3,tree,69,1,3,1,18,18,1.0,0.052478134110787174,1,0.022200008970685303,0,0.0,,
banknote,3,tree,104,1,4,1,109,109,1.0,0.3177842565597668,1,0.024900000425986946,0,0.0,,
banknote,3,tree,153,1,4,1,109,109,1.0,0.3177842565597668,1,0.022799998987466097,0,0.0,,
banknote,3,tree,252,1,3,1,18,18,1.0,0.052478134110787174,1,0.018399994587525725,0,0.0,,
banknote,3,tree,275,1,4,1,109,109,1.0,0.3177842565597668,1,0.022100008209235966,0,0.0,,
banknote,3,tree,281,1,4,1,109,109,1.0,0.3177842565597668,1,0.02200000744778663,0,0.0,,
banknote,3,tree,358,1,4,1,109,109,1.0,0.3177842565597668,1,0.02169999061152339,0,0.0,,
banknote,3,tree,421,1,5,1,7,7,1.0,0.02040816326530612,1,0.026000008801929653,0,0.0,,
banknote,3,tree,494,1,4,1,109,109,1.0,0.3177842565597668,1,0.021799991372972727,0,0.0,,
banknote,3,tree,597,1,3,1,2,2,1.0,0.0058309037900874635,1,0.018100006855092943,0,0.0,,
banknote,3,tree,873,0,5,1,83,83,1.0,0.24198250728862974,1,0.02710000262595713,0,0.0,,
banknote,3,tree,886,0,5,1,34,34,1.0,0.09912536443148688,1,0.027300004148855805,0,0.0,,
banknote,3,tree,1024,0,5,1,34,34,1.0,0.09912536443148688,1,0.02549999044276774,0,0.0,,
banknote,3,tree,1101,0,3,1,4,4,1.0,0.011661807580174927,1,0.01790000533219427,0,0.0,,
banknote,3,tree,1205,0,5,1,83,83,1.0,0.24198250728862974,1,0.02519998815841973,0,0.0,,
banknote,3,tree,1253,0,5,1,34,34,1.0,0.09912536443148688,1,0.02540000423323363,0,0.0,,
banknote,3,tree,1266,0,5,1,83,83,1.0,0.24198250728862974,1,0.025200002710334957,0,0.0,,
banknote,3,tree,1287,0,5,1,83,83,1.0,0.24198250728862974,1,0.025300003471784294,0,0.0,,
banknote,3,tree,1322,0,5,1,83,83,1.0,0.24198250728862974,1,0.025200002710334957,0,0.0,,
banknote,3,linear,68,1,1,1,186,186,1.0,0.5422740524781341,1,0.11220001033507288,0,0.0,,
banknote,3,linear,69,1,1,1,186,186,1.0,0.5422740524781341,1,0.10039999324362725,0,0.0,,
banknote,3,linear,104,1,1,1,186,186,1.0,0.5422740524781341,1,0.09650000720284879,0,0.0,,
banknote,3,linear,153,1,1,1,186,186,1.0,0.5422740524781341,1,0.09520001185592264,0,0.0,,
banknote,3,linear,252,1,1,1,186,186,1.0,0.5422740524781341,1,0.09390000195708126,0,0.0,,
banknote,3,linear,275,1,1,1,186,186,1.0,0.5422740524781341,1,0.08319999324157834,0,0.0,,
banknote,3,linear,281,1,1,1,186,186,1.0,0.5422740524781341,1,0.08549999620299786,0,0.0,,
banknote,3,linear,358,1,1,1,186,186,1.0,0.5422740524781341,1,0.08490000618621707,0,0.0,,
banknote,3,linear,421,1,1,1,186,186,1.0,0.5422740524781341,1,0.08579999848734587,0,0.0,,
banknote,3,linear,494,1,1,1,186,186,1.0,0.5422740524781341,1,0.0847000046633184,0,0.0,,
banknote,3,linear,597,1,1,1,186,186,1.0,0.5422740524781341,1,0.08469999011140317,0,0.0,,
banknote,3,linear,873,0,1,1,157,157,1.0,0.4577259475218659,1,0.08579999848734587,0,0.0,,
banknote,3,linear,886,0,1,1,157,157,1.0,0.4577259475218659,1,0.0838999985717237,0,0.0,,
banknote,3,linear,1024,0,1,1,157,157,1.0,0.4577259475218659,1,0.08589999924879521,0,0.0,,
banknote,3,linear,1101,1,1,1,186,186,1.0,0.5422740524781341,1,0.08499999239575118,0,0.0,,
banknote,3,linear,1205,0,1,1,157,157,1.0,0.4577259475218659,1,0.08529999468009919,0,0.0,,
banknote,3,linear,1253,0,1,1,157,157,1.0,0.4577259475218659,1,0.08399999933317304,0,0.0,,
banknote,3,linear,1266,0,1,1,157,157,1.0,0.4577259475218659,1,0.08529999468009919,0,0.0,,
banknote,3,linear,1287,0,1,1,157,157,1.0,0.4577259475218659,1,0.08430000161752105,0,0.0,,
banknote,3,linear,1322,0,1,1,157,157,1.0,0.4577259475218659,1,0.08379999781027436,0,0.0,,
banknote,3,relu,68,1,33,1,3,3,1.0,0.008746355685131196,1,0.15430001076310873,0,3.8922827094722834e-07,3.0,3.0
banknote,3,relu,69,1,33,1,1,1,1.0,0.0029154518950437317,1,0.1176999940071255,0,3.143525262316871e-08,1.0,1.0
banknote,3,relu,104,1,33,1,4,4,1.0,0.011661807580174927,1,0.1100999943446368,0,1.2209373103644339e-06,4.0,4.0
banknote,3,relu,153,1,33,1,12,12,1.0,0.03498542274052478,1,0.10620000830385834,0,1.4626477859991383e-06,12.0,12.0
banknote,3,relu,252,1,33,1,1,1,1.0,0.0029154518950437317,1,0.10370000381954014,0,3.143525262316871e-08,1.0,1.0
banknote,3,relu,275,1,33,1,3,3,1.0,0.008746355685131196,1,0.10259999544359744,0,1.5866183638024722e-06,3.0,3.0
banknote,3,relu,281,1,33,1,7,7,1.0,0.02040816326530612,1,0.10279999696649611,0,8.46310511448678e-07,7.0,7.0
banknote,3,relu,358,1,33,1,12,12,1.0,0.03498542274052478,1,0.1016000023810193,0,1.4626477859991383e-06,12.0,12.0
banknote,3,relu,421,1,33,1,3,3,1.0,0.008746355685131196,1,0.09989998943638057,0,7.69228162056379e-07,3.0,3.0
banknote,3,relu,494,1,33,1,28,28,1.0,0.08163265306122448,1,0.10289999772794545,0,1.5290804782353007e-06,28.0,28.0
banknote,3,relu,597,1,33,1,12,12,1.0,0.03498542274052478,1,0.10889999975915998,0,1.4626477859991383e-06,12.0,12.0
banknote,3,relu,873,0,33,1,7,7,1.0,0.02040816326530612,1,0.10489999840501696,0,1.7613179164044368e-06,7.0,7.0
banknote,3,relu,886,0,33,1,0,0,,0.0,0,0.0982999918051064,0,0.0,0.0,0.0
banknote,3,relu,1024,0,33,1,5,5,1.0,0.014577259475218658,1,0.1007999962894246,0,9.684404513876643e-07,5.0,5.0
banknote,3,relu,1101,0,33,1,1,1,1.0,0.0029154518950437317,1,0.10119999933522195,0,3.965322825649764e-08,1.0,1.0
banknote,3,relu,1205,0,33,1,5,5,1.0,0.014577259475218658,1,0.10089999705087394,0,7.795946164179668e-07,5.0,5.0
banknote,3,relu,1253,0,33,1,5,5,1.0,0.014577259475218658,1,0.09950000094249845,0,9.684404513876643e-07,5.0,5.0
banknote,3,relu,1266,0,33,1,5,5,1.0,0.014577259475218658,1,0.1260999997612089,0,7.795946164179668e-07,5.0,5.0
banknote,3,relu,1287,0,33,1,5,5,1.0,0.014577259475218658,1,0.11900000390596688,0,2.6257913177119008e-06,5.0,5.0
banknote,3,relu,1322,0,33,1,0,0,,0.0,0,0.10850001126527786,0,0.0,0.0,0.0
banknote,4,tree,139,1,3,1,22,22,1.0,0.0641399416909621,1,0.03509999078232795,0,0.0,,
banknote,4,tree,154,1,5,1,9,9,1.0,0.026239067055393587,1,0.030199997127056122,0,0.0,,
banknote,4,tree,173,1,3,1,22,22,1.0,0.0641399416909621,1,0.019699989934451878,0,0.0,,
banknote,4,tree,203,1,4,1,116,116,1.0,0.33819241982507287,1,0.023900007363408804,0,0.0,,
banknote,4,tree,240,1,4,1,116,116,1.0,0.33819241982507287,1,0.022499996703118086,0,0.0,,
banknote,4,tree,322,0,5,1,24,24,1.0,0.06997084548104957,1,0.027099988074041903,0,0.0,,
banknote,4,tree,456,1,5,1,9,9,1.0,0.026239067055393587,1,0.026000008801929653,0,0.0,,
banknote,4,tree,466,1,7,1,26,26,1.0,0.07580174927113703,1,0.03429999924264848,0,0.0,,
banknote,4,tree,524,1,7,1,26,26,1.0,0.07580174927113703,1,0.03340000694151968,0,0.0,,
banknote,4,tree,684,1,3,1,22,22,1.0,0.0641399416909621,1,0.018399994587525725,0,0.0,,
banknote,4,tree,697,1,4,1,116,116,1.0,0.33819241982507287,1,0.030499999411404133,0,0.0,,
banknote,4,tree,904,0,7,1,1,1,1.0,0.0029154518950437317,1,0.04129999433644116,0,0.0,,
banknote,4,tree,958,0,5,1,47,47,1.0,0.13702623906705538,1,0.029100003303028643,0,0.0,,
banknote,4,tree,966,0,5,1,7,7,1.0,0.02040816326530612,1,0.0278999941656366,0,0.0,,
banknote,4,tree,975,0,4,1,58,58,1.0,0.16909620991253643,1,0.02819999644998461,0,0.0,,
banknote,4,tree,1084,0,5,1,0,0,,0.0,0,0.0261999957729131,0,0.0,,
banknote,4,tree,1184,0,5,1,47,47,1.0,0.13702623906705538,1,0.026699999580159783,0,0.0,,
banknote,4,tree,1226,0,5,1,24,24,1.0,0.06997084548104957,1,0.0261999957729131,0,0.0,,
banknote,4,tree,1241,0,4,1,58,58,1.0,0.16909620991253643,1,0.02239999594166875,0,0.0,,
banknote,4,tree,1278,0,3,1,5,5,1.0,0.014577259475218658,1,0.01850000990089029,0,0.0,,
banknote,4,linear,139,1,1,1,184,184,1.0,0.5364431486880467,1,0.11130000348202884,0,0.0,,
banknote,4,linear,154,1,1,1,184,184,1.0,0.5364431486880467,1,0.10309999925084412,0,0.0,,
banknote,4,linear,173,1,1,1,184,184,1.0,0.5364431486880467,1,0.10430000838823617,0,0.0,,
banknote,4,linear,203,1,1,1,184,184,1.0,0.5364431486880467,1,0.09859999408945441,0,0.0,,
banknote,4,linear,240,1,1,1,184,184,1.0,0.5364431486880467,1,0.09589998808223754,0,0.0,,
banknote,4,linear,322,1,1,1,184,184,1.0,0.5364431486880467,1,0.09549999958835542,0,0.0,,
banknote,4,linear,456,1,1,1,184,184,1.0,0.5364431486880467,1,0.09499999578110874,0,0.0,,
banknote,4,linear,466,1,1,1,184,184,1.0,0.5364431486880467,1,0.09459999273531139,0,0.0,,
banknote,4,linear,524,1,1,1,184,184,1.0,0.5364431486880467,1,0.09380000119563192,0,0.0,,
banknote,4,linear,684,1,1,1,184,184,1.0,0.5364431486880467,1,0.09410000347997993,0,0.0,,
banknote,4,linear,697,1,1,1,184,184,1.0,0.5364431486880467,1,0.09410000347997993,0,0.0,,
banknote,4,linear,904,0,1,1,159,159,1.0,0.46355685131195334,1,0.0948999950196594,0,0.0,,
banknote,4,linear,958,0,1,1,159,159,1.0,0.46355685131195334,1,0.09539999882690609,0,0.0,,
banknote,4,linear,966,0,1,1,159,159,1.0,0.46355685131195334,1,0.0957000011112541,0,0.0,,
banknote,4,linear,975,0,1,1,159,159,1.0,0.46355685131195334,1,0.09539999882690609,0,0.0,,
banknote,4,linear,1084,0,1,1,159,159,1.0,0.46355685131195334,1,0.0948999950196594,0,0.0,,
banknote,4,linear,1184,0,1,1,159,159,1.0,0.46355685131195334,1,0.09460000728722662,0,0.0,,
banknote,4,linear,1226,0,1,1,159,159,1.0,0.46355685131195334,1,0.09560000034980476,0,0.0,,
banknote,4,linear,1241,0,1,1,159,159,1.0,0.46355685131195334,1,0.09370000043418258,0,0.0,,
banknote,4,linear,1278,0,1,1,159,159,1.0,0.46355685131195334,1,0.09399998816661537,0,0.0,,
banknote,4,relu,139,1,33,1,0,0,,0.0,0,0.14470001042354852,0,0.0,0.0,0.0
banknote,4,relu,154,1,33,1,5,5,1.0,0.014577259475218658,1,0.11649999942164868,0,1.8632849645427996e-06,5.0,5.0
banknote,4,relu,173,1,33,1,2,2,1.0,0.0058309037900874635,1,0.10809999366756529,0,5.850699480447474e-07,2.0,2.0
banknote,4,relu,203,1,33,1,0,0,,0.0,0,0.1112000027205795,0,0.0,0.0,0.0
banknote,4,relu,240,1,33,1,1,1,1.0,0.0029154518950437317,1,0.1078000059351325,0,1.0212711565316113e-07,1.0,1.0
banknote,4,relu,322,1,33,1,2,2,1.0,0.0058309037900874635,1,0.10399999155197293,0,5.179430804247431e-07,2.0,2.0
banknote,4,relu,456,1,33,1,1,1,1.0,0.0029154518950437317,1,0.10479999764356762,0,2.4228740258536163e-07,1.0,1.0
banknote,4,relu,466,1,33,1,0,0,,0.0,0,0.10019999172072858,0,0.0,0.0,0.0
banknote,4,relu,524,1,33,1,1,1,1.0,0.0029154518950437317,1,0.2764000091701746,0,2.7085112108693465e-07,1.0,1.0
banknote,4,relu,684,1,33,1,0,0,,0.0,0,0.24140000459738076,0,0.0,0.0,0.0
banknote,4,relu,697,1,33,1,1,1,1.0,0.0029154518950437317,1,0.295000005280599,0,1.0212711565316113e-07,1.0,1.0
banknote,4,relu,904,0,33,1,1,1,1.0,0.0029154518950437317,1,0.12660000356845558,0,6.253168365333295e-07,1.0,1.0
banknote,4,relu,958,0,33,1,2,2,1.0,0.0058309037900874635,1,0.11079999967478216,0,2.4659160935414093e-07,2.0,2.0
banknote,4,relu,966,0,33,1,1,1,1.0,0.0029154518950437317,1,0.10849999671336263,0,2.9307571480785555e-08,1.0,1.0
banknote,4,relu,975,0,33,1,7,7,1.0,0.02040816326530612,1,0.10779999138321728,0,7.203775460595807e-07,7.0,7.0
banknote,4,relu,1084,0,33,1,0,0,,0.0,0,0.10659999679774046,0,0.0,0.0,0.0
banknote,4,relu,1184,0,33,1,1,1,1.0,0.0029154518950437317,1,0.11059999815188348,0,7.820698755267586e-07,1.0,1.0
banknote,4,relu,1226,0,33,1,7,7,1.0,0.02040816326530612,1,0.10380000458098948,0,7.203775460595807e-07,7.0,7.0
banknote,4,relu,1241,0,33,1,1,1,1.0,0.0029154518950437317,1,0.10390000534243882,0,5.50586355174687e-07,1.0,1.0
banknote,4,relu,1278,0,33,1,1,1,1.0,0.0029154518950437317,1,0.10140000085812062,0,2.9307571480785555e-08,1.0,1.0
blood,0,tree,82,1,8,1,1,1,1.0,0.0053475935828877,1,0.06580000626854599,0,0.0,,
blood,0,tree,114,1,7,1,7,7,1.0,0.0374331550802139,1,0.039399994420818985,0,0.0,,
blood,0,tree,155,1,7,1,11,11,1.0,0.058823529411764705,1,0.0405999890062958,0,0.0,,
blood,0,tree,162,1,7,1,11,11,1.0,0.058823529411764705,1,0.03470000228844583,0,0.0,,
blood,0,tree,178,0,8,1,11,11,1.0,0.058823529411764705,1,0.03919999289792031,0,0.0,,
blood,0,tree,186,0,8,1,11,11,1.0,0.058823529411764705,1,0.038300000596791506,0,0.0,,
blood,0,tree,223,1,8,1,10,10,1.0,0.053475935828877004,1,0.04509999416768551,0,0.0,,
blood,0,tree,291,1,7,1,5,5,1.0,0.026737967914438502,1,0.035500008380040526,0,0.0,,
blood,0,tree,297,1,8,1,8,8,1.0,0.0427807486631016,1,0.03860000288113952,0,0.0,,
blood,0,tree,328,1,7,1,20,20,1.0,0.10695187165775401,1,0.042499988921917975,0,0.0,,
blood,0,tree,361,1,8,1,2,2,1.0,0.0106951871657754,1,0.03860000288113952,0,0.0,,
blood,0,tree,447,0,8,1,0,0,,0.0,0,0.048600006266497076,0,0.0,,
blood,0,tree,500,0,6,1,3,3,1.0,0.016042780748663103,1,0.03670000296551734,0,0.0,,
blood,0,tree,506,0,8,1,5,5,1.0,0.026737967914438502,1,0.038300000596791506,0,0.0,,
blood,0,tree,552,0,8,1,11,11,1.0,0.058823529411764705,1,0.04739999712910503,0,0.0,,
blood,0,tree,635,1,7,1,5,5,1.0,0.026737967914438502,1,0.0408000050811097,0,0.0,,
blood,0,tree,637,1,8,1,2,2,1.0,0.0106951871657754,1,0.038300000596791506,0,0.0,,
blood,0,tree,649,1,8,1,2,2,1.0,0.0106951871657754,1,0.03789999755099416,0,0.0,,
blood,0,tree,692,1,3,1,12,12,1.0,0.06417112299465241,1,0.024300010409206152,0,0.0,,
blood,0,tree,694,1,3,1,12,12,1.0,0.06417112299465241,1,0.021700005163438618,0,0.0,,
blood,0,linear,82,1,1,1,176,176,1.0,0.9411764705882353,1,0.1176999940071255,0,0.0,,
blood,0,linear,114,1,1,1,176,176,1.0,0.9411764705882353,1,0.10699999984353781,0,0.0,,
blood,0,linear,155,1,1,1,176,176,1.0,0.9411764705882353,1,0.0999000039882958,0,0.0,,
blood,0,linear,162,1,1,1,176,176,1.0,0.9411764705882353,1,0.10170000314246863,0,0.0,,
blood,0,linear,178,1,1,1,176,176,1.0,0.9411764705882353,1,0.0957000011112541,0,0.0,,
blood,0,linear,186,1,1,1,176,176,1.0,0.9411764705882353,1,0.09560000034980476,0,0.0,,
blood,0,linear,223,1,1,1,176,176,1.0,0.9411764705882353,1,0.10699999984353781,0,0.0,,
blood,0,linear,291,1,1,1,176,176,1.0,0.9411764705882353,1,0.09830000635702163,0,0.0,,
blood,0,linear,297,1,1,1,176,176,1.0,0.9411764705882353,1,0.09449999197386205,0,0.0,,
blood,0,linear,328,1,1,1,176,176,1.0,0.9411764705882353,1,0.09560000034980476,0,0.0,,
blood,0,linear,361,1,1,1,176,176,1.0,0.9411764705882353,1,0.09639999188948423,0,0.0,,
blood,0,linear,447,1,1,1,176,176,1.0,0.9411764705882353,1,0.0973999995039776,0,0.0,,
blood,0,linear,500,0,1,1,11,11,1.0,0.058823529411764705,1,0.09719999798107892,0,0.0,,
blood,0,linear,506,0,1,1,11,11,1.0,0.058823529411764705,1,0.0951000110944733,0,0.0,,
blood,0,linear,552,1,1,1,176,176,1.0,0.9411764705882353,1,0.09580000187270343,0,0.0,,
blood,0,linear,635,1,1,1,176,176,1.0,0.9411764705882353,1,0.09689999569673091,0,0.0,,
blood,0,linear,637,1,1,1,176,176,1.0,0.9411764705882353,1,0.09380000119563192,0,0.0,,
blood,0,linear,649,1,1,1,176,176,1.0,0.9411764705882353,1,0.09339999814983457,0,0.0,,
blood,0,linear,692,1,1,1,176,176,1.0,0.9411764705882353,1,0.09310001041740179,0,0.0,,
blood,0,linear,694,1,1,1,176,176,1.0,0.9411764705882353,1,0.0926000066101551,0,0.0,,
blood,0,relu,82,1,33,1,2,2,1.0,0.0106951871657754,1,0.145800004247576,0,4.117856668983677e-07,2.0,2.0
blood,0,relu,114,1,33,1,4,4,1.0,0.0213903743315508,1,0.10850001126527786,0,1.0437412512054323e-06,4.0,4.0
blood,0,relu,155,1,33,1,13,13,1.0,0.06951871657754011,1,0.11190000805072486,0,1.7657521622638228e-07,13.0,13.0
blood,0,relu,162,1,33,1,13,13,1.0,0.06951871657754011,1,0.09100000897888094,0,1.7657521622638228e-07,13.0,13.0
blood,0,relu,178,1,33,1,1,1,1.0,0.0053475935828877,1,0.08880000677891076,0,2.587608953774634e-07,2.0,1.0
blood,0,relu,186,1,33,1,0,0,,0.0,0,0.08630000229459256,0,0.0,0.0,0.0
blood,0,relu,223,1,33,1,8,8,1.0,0.0427807486631016,1,0.08910000906325877,0,1.275258887378783e-07,8.0,8.0
blood,0,relu,291,1,33,1,1,1,1.0,0.0053475935828877,1,0.08630000229459256,0,7.825983221465549e-07,1.0,1.0
blood,0,relu,297,1,33,1,4,4,1.0,0.0213903743315508,1,0.08569999772589654,0,2.160808896256583e-07,4.0,4.0
blood,0,relu,328,1,33,1,0,0,,0.0,0,0.08149999484885484,0,0.0,0.0,0.0
blood,0,relu,361,1,33,1,1,1,1.0,0.0053475935828877,1,0.08460000390186906,0,4.981408396886877e-08,1.0,1.0
blood,0,relu,447,1,33,1,3,3,1.0,0.016042780748663103,1,0.08369999704882503,0,3.2664461446785253e-07,3.0,3.0
blood,0,relu,500,0,33,1,3,3,1.0,0.016042780748663103,1,0.08420000085607171,0,2.6484691804107285e-06,3.0,3.0
blood,0,relu,506,0,33,1,4,4,1.0,0.0213903743315508,1,0.08430000161752105,0,3.542500324194009e-07,4.0,4.0
blood,0,relu,552,0,33,1,0,0,,0.0,0,0.08060000254772604,0,0.0,0.0,0.0
blood,0,relu,635,1,33,1,1,1,1.0,0.0053475935828877,1,0.09439999121241271,0,5.838370862321085e-07,1.0,1.0
blood,0,relu,637,1,33,1,0,0,,0.0,0,0.08329999400302768,0,0.0,0.0,0.0
blood,0,relu,649,1,33,1,0,0,,0.0,0,0.07999999797903001,0,0.0,0.0,0.0
blood,0,relu,692,1,33,1,5,5,1.0,0.026737967914438502,1,0.0855999969644472,0,1.5905337047428247e-07,5.0,5.0
blood,0,relu,694,1,33,1,5,5,1.0,0.026737967914438502,1,0.08589999924879521,0,1.5905337047428247e-07,5.0,5.0
blood,1,tree,10,0,5,1,1,1,1.0,0.0053475935828877,1,0.04189999890513718,0,0.0,,
blood,1,tree,118,1,8,1,3,3,1.0,0.016042780748663103,1,0.03980001201853156,0,0.0,,
blood,1,tree,121,0,8,1,14,14,1.0,0.0748663101604278,1,0.04880000778939575,0,0.0,,
blood,1,tree,127,1,8,1,2,2,1.0,0.0106951871657754,1,0.037299992982298136,0,0.0,,
blood,1,tree,161,1,6,1,9,9,1.0,0.0481283422459893,1,0.048600006266497076,0,0.0,,
blood,1,tree,253,1,5,1,5,5,1.0,0.026737967914438502,1,0.02610000956337899,0,0.0,,
blood,1,tree,282,1,8,1,9,9,1.0,0.0481283422459893,1,0.0371999922208488,0,0.0,,
blood,1,tree,287,1,5,1,5,5,1.0,0.026737967914438502,1,0.02540000423323363,0,0.0,,
blood,1,tree,312,1,5,1,10,10,1.0,0.053475935828877004,1,0.026399997295811772,0,0.0,,
blood,1,tree,379,1,8,1,6,6,1.0,0.03208556149732621,1,0.038999991375021636,0,0.0,,
blood,1,tree,387,1,8,1,6,6,1.0,0.03208556149732621,1,0.03609999839682132,0,0.0,,
blood,1,tree,457,1,7,1,3,3,1.0,0.016042780748663103,1,0.03239999932702631,0,0.0,,
blood,1,tree,466,1,7,1,5,5,1.0,0.026737967914438502,1,0.03270000161137432,0,0.0,,
blood,1,tree,503,0,5,1,1,1,1.0,0.0053475935828877,1,0.02549999044276774,0,0.0,,
blood,1,tree,509,1,8,1,2,2,1.0,0.0106951871657754,1,0.0357000099029392,0,0.0,,
blood,1,tree,517,0,5,1,1,1,1.0,0.0053475935828877,1,0.025200002710334957,0,0.0,,
blood,1,tree,648,1,7,1,7,7,1.0,0.0374331550802139,1,0.03300000389572233,0,0.0,,
blood,1,tree,657,1,8,1,3,3,1.0,0.016042780748663103,1,0.03609999839682132,0,0.0,,
blood,1,tree,720,1,7,1,0,0,,0.0,0,0.03260000084992498,0,0.0,,
blood,1,tree,735,1,8,1,6,6,1.0,0.03208556149732621,1,0.03680000372696668,0,0.0,,
blood,1,linear,10,0,1,1,7,7,1.0,0.0374331550802139,1,0.109200002043508,0,0.0,,
blood,1,linear,118,1,1,1,180,180,1.0,0.9625668449197861,1,0.09689999569673091,0,0.0,,
blood,1,linear,121,1,1,1,180,180,1.0,0.9625668449197861,1,0.09349999891128391,0,0.0,,
blood,1,linear,127,1,1,1,180,180,1.0,0.9625668449197861,1,0.09599998884368688,0,0.0,,
blood,1,linear,161,1,1,1,180,180,1.0,0.9625668449197861,1,0.09220000356435776,0,0.0,,
blood,1,linear,253,1,1,1,180,180,1.0,0.9625668449197861,1,0.09289999434258789,0,0.0,,
blood,1,linear,282,1,1,1,180,180,1.0,0.9625668449197861,1,0.0973999995039776,0,0.0,,
blood,1,linear,287,1,1,1,180,180,1.0,0.9625668449197861,1,0.0897999998414889,0,0.0,,
blood,1,linear,312,1,1,1,180,180,1.0,0.9625668449197861,1,0.09020000288728625,0,0.0,,
blood,1,linear,379,1,1,1,180,180,1.0,0.9625668449197861,1,0.09089999366551638,0,0.0,,
blood,1,linear,387,1,1,1,180,180,1.0,0.9625668449197861,1,0.10449999535921961,0,0.0,,
blood,1,linear,457,1,1,1,180,180,1.0,0.9625668449197861,1,0.09210000280290842,0,0.0,,
blood,1,linear,466,1,1,1,180,180,1.0,0.9625668449197861,1,0.09050000517163426,0,0.0,,
blood,1,linear,503,0,1,1,7,7,1.0,0.0374331550802139,1,0.09010000212583691,0,0.0,,
blood,1,linear,509,0,1,1,7,7,1.0,0.0374331550802139,1,0.08930001058615744,0,0.0,,
blood,1,linear,517,0,1,1,7,7,1.0,0.0374331550802139,1,0.08969999908003956,0,0.0,,
blood,1,linear,648,1,1,1,180,180,1.0,0.9625668449197861,1,0.08949999755714089,0,0.0,,
blood,1,linear,657,1,1,1,180,180,1.0,0.9625668449197861,1,0.08949999755714089,0,0.0,,
blood,1,linear,720,1,1,1,180,180,1.0,0.9625668449197861,1,0.08759999764151871,0,0.0,,
blood,1,linear,735,1,1,1,180,180,1.0,0.9625668449197861,1,0.08850000449456275,0,0.0,,
blood,1,relu,10,0,33,1,0,0,,0.0,0,0.15029999485705048,0,0.0,0.0,0.0
blood,1,relu,118,1,33,1,0,0,,0.0,0,0.09780000254977494,0,0.0,0.0,0.0
blood,1,relu,121,0,33,1,2,2,1.0,0.0106951871657754,1,0.11049999739043415,0,5.932127833396805e-08,2.0,2.0
blood,1,relu,127,1,33,1,1,1,1.0,0.0053475935828877,1,0.09339999814983457,0,3.391950524900267e-07,1.0,1.0
blood,1,relu,161,1,33,1,18,18,1.0,0.0962566844919786,1,0.0923000043258071,0,3.918495967702995e-07,18.0,18.0
blood,1,relu,253,1,33,1,0,0,,0.0,0,0.08639998850412667,0,0.0,0.0,0.0
blood,1,relu,282,1,33,1,0,0,,0.0,0,0.08800000068731606,0,0.0,0.0,0.0
blood,1,relu,287,1,33,1,0,0,,0.0,0,0.08359999628737569,0,0.0,0.0,0.0
blood,1,relu,312,1,33,1,1,1,1.0,0.0053475935828877,1,0.08769999840296805,0,1.6710234862493678e-07,1.0,1.0
blood,1,relu,379,1,33,1,6,6,1.0,0.03208556149732621,1,0.08789999992586672,0,2.0895488006544838e-07,6.0,6.0
blood,1,relu,387,1,33,1,6,6,1.0,0.03208556149732621,1,0.08560001151636243,0,2.0895488006544838e-07,6.0,6.0
blood,1,relu,457,1,33,1,3,3,1.0,0.016042780748663103,1,0.08550001075491309,0,4.6350841031994605e-07,3.0,3.0
blood,1,relu,466,1,33,1,0,0,,0.0,0,0.08180001168511808,0,0.0,0.0,0.0
blood,1,relu,503,0,33,1,0,0,,0.0,0,0.09100000897888094,0,0.0,0.0,0.0
blood,1,relu,509,0,33,1,1,1,1.0,0.0053475935828877,1,0.0889999937498942,0,7.662066650038213e-07,2.0,1.0
blood,1,relu,517,0,33,1,1,1,1.0,0.0053475935828877,1,0.09919999865815043,0,7.688083141221824e-07,1.0,1.0
blood,1,relu,648,1,33,1,0,0,,0.0,0,0.09109999518841505,0,0.0,0.0,0.0
blood,1,relu,657,1,33,1,1,1,1.0,0.0053475935828877,1,0.08699999307282269,0,1.6710234862493678e-07,1.0,1.0
blood,1,relu,720,1,33,1,0,0,,0.0,0,0.0838999985717237,0,0.0,0.0,0.0
blood,1,relu,735,1,33,1,3,3,1.0,0.016042780748663103,1,0.0881999876582995,0,9.94846734325705e-07,3.0,3.0
blood,2,tree,8,0,8,1,3,3,1.0,0.016042780748663103,1,0.055500000598840415,0,0.0,,
blood,2,tree,24,0,5,1,0,0,,0.0,0,0.029399991035461426,0,0.0,,
blood,2,tree,139,1,8,1,29,29,1.0,0.15508021390374332,1,0.03979999746661633,0,0.0,,
blood,2,tree,148,1,8,1,29,29,1.0,0.15508021390374332,1,0.03789999755099416,0,0.0,,
blood,2,tree,160,1,8,1,29,29,1.0,0.15508021390374332,1,0.03750000905711204,0,0.0,,
blood,2,tree,170,1,8,1,29,29,1.0,0.15508021390374332,1,0.03700000524986535,0,0.0,,
blood,2,tree,197,0,8,1,3,3,1.0,0.016042780748663103,1,0.048000001697801054,0,0.0,,
blood,2,tree,262,1,6,1,4,4,1.0,0.0213903743315508,1,0.02680000034160912,0,0.0,,
blood,2,tree,306,1,4,1,8,8,1.0,0.0427807486631016,1,0.02030000905506313,0,0.0,,
blood,2,tree,326,1,6,1,4,4,1.0,0.0213903743315508,1,0.030499999411404133,0,0.0,,
blood,2,tree,333,1,7,1,3,3,1.0,0.016042780748663103,1,0.034199998481199145,0,0.0,,
blood,2,tree,334,1,6,1,2,2,1.0,0.0106951871657754,1,0.030099996365606785,0,0.0,,
blood,2,tree,536,1,8,1,6,6,1.0,0.03208556149732621,1,0.03739999374374747,0,0.0,,
blood,2,tree,573,1,8,1,29,29,1.0,0.15508021390374332,1,0.03709999145939946,0,0.0,,
blood,2,tree,585,1,8,1,29,29,1.0,0.15508021390374332,1,0.036900004488416016,0,0.0,,
blood,2,tree,617,1,8,1,29,29,1.0,0.15508021390374332,1,0.03650000144261867,0,0.0,,
blood,2,tree,668,1,8,1,2,2,1.0,0.0106951871657754,1,0.037299992982298136,0,0.0,,
blood,2,tree,702,1,4,1,22,22,1.0,0.11764705882352941,1,0.022899999748915434,0,0.0,,
blood,2,tree,719,1,8,1,5,5,1.0,0.026737967914438502,1,0.037699996028095484,0,0.0,,
blood,2,tree,729,1,7,1,18,18,1.0,0.0962566844919786,1,0.033899996196851134,0,0.0,,
blood,2,linear,8,1,1,1,184,184,1.0,0.983957219251337,1,0.09819999104365706,0,0.0,,
blood,2,linear,24,1,1,1,184,184,1.0,0.983957219251337,1,0.08519999391864985,0,0.0,,
blood,2,linear,139,1,1,1,184,184,1.0,0.983957219251337,1,0.08319999324157834,0,0.0,,
blood,2,linear,148,1,1,1,184,184,1.0,0.983957219251337,1,0.08329999400302768,0,0.0,,
blood,2,linear,160,1,1,1,184,184,1.0,0.983957219251337,1,0.08260000322479755,0,0.0,,
blood,2,linear,170,1,1,1,184,184,1.0,0.983957219251337,1,0.08199999865610152,0,0.0,,
blood,2,linear,197,1,1,1,184,184,1.0,0.983957219251337,1,0.08099999104160815,0,0.0,,
blood,2,linear,262,1,1,1,184,184,1.0,0.983957219251337,1,0.08549999620299786,0,0.0,,
blood,2,linear,306,1,1,1,184,184,1.0,0.983957219251337,1,0.09089999366551638,0,0.0,,
blood,2,linear,326,1,1,1,184,184,1.0,0.983957219251337,1,0.09420000424142927,0,0.0,,
blood,2,linear,333,1,1,1,184,184,1.0,0.983957219251337,1,0.10380000458098948,0,0.0,,
blood,2,linear,334,1,1,1,184,184,1.0,0.983957219251337,1,0.09420000424142927,0,0.0,,
blood,2,linear,536,1,1,1,184,184,1.0,0.983957219251337,1,0.08360001083929092,0,0.0,,
blood,2,linear,573,1,1,1,184,184,1.0,0.983957219251337,1,0.0822000001790002,0,0.0,,
blood,2,linear,585,1,1,1,184,184,1.0,0.983957219251337,1,0.08209999941755086,0,0.0,,
blood,2,linear,617,1,1,1,184,184,1.0,0.983957219251337,1,0.08080000407062471,0,0.0,,
blood,2,linear,668,1,1,1,184,184,1.0,0.983957219251337,1,0.08280000474769622,0,0.0,,
blood,2,linear,702,1,1,1,184,184,1.0,0.983957219251337,1,0.08169999637175351,0,0.0,,
blood,2,linear,719,1,1,1,184,184,1.0,0.983957219251337,1,0.08270000398624688,0,0.0,,
blood,2,linear,729,1,1,1,184,184,1.0,0.983957219251337,1,0.0833000085549429,0,0.0,,
blood,2,relu,8,0,33,1,0,0,,0.0,0,0.1218999968841672,0,0.0,0.0,0.0
blood,2,relu,24,1,33,1,0,0,,0.0,0,0.09259999205823988,0,0.0,0.0,0.0
blood,2,relu,139,1,33,1,14,14,1.0,0.0748663101604278,1,0.09359999967273325,0,7.65278516112744e-07,15.0,14.0
blood,2,relu,148,1,33,1,14,14,1.0,0.0748663101604278,1,0.09039998985826969,0,7.65278516112744e-07,15.0,14.0
blood,2,relu,160,1,33,1,14,14,1.0,0.0748663101604278,1,0.08490000618621707,0,7.65278516112744e-07,15.0,14.0
blood,2,relu,170,1,33,1,14,14,1.0,0.0748663101604278,1,0.08850000449456275,0,7.65278516112744e-07,15.0,14.0
blood,2,relu,197,0,33,1,0,0,,0.0,0,0.09220000356435776,0,2.5167353534527592e-08,1.0,0.0
blood,2,relu,262,1,33,1,1,1,1.0,0.0053475935828877,1,0.09140001202467829,0,1.297584222292869e-07,1.0,1.0
blood,2,relu,306,1,33,1,2,2,1.0,0.0106951871657754,1,0.08850000449456275,0,1.605365440582318e-07,2.0,2.0
blood,2,relu,326,1,33,1,1,1,1.0,0.0053475935828877,1,0.0897999998414889,0,3.635046930128283e-08,1.0,1.0
blood,2,relu,333,1,33,1,0,0,,0.0,0,0.07539999205619097,0,0.0,0.0,0.0
blood,2,relu,334,1,33,1,9,9,1.0,0.0481283422459893,1,0.07999999797903001,0,2.4903861239877756e-07,9.0,9.0
blood,2,relu,536,0,33,1,0,0,,0.0,0,0.0779999973019585,0,2.2351333783809935e-07,1.0,0.0
blood,2,relu,573,1,33,1,14,14,1.0,0.0748663101604278,1,0.07860000187065452,0,7.65278516112744e-07,15.0,14.0
blood,2,relu,585,1,33,1,14,14,1.0,0.0748663101604278,1,0.0782000133767724,0,7.65278516112744e-07,15.0,14.0
blood,2,relu,617,1,33,1,10,10,1.0,0.053475935828877004,1,0.08080000407062471,0,2.7371266542175476e-07,15.0,10.0
blood,2,relu,668,1,33,1,9,9,1.0,0.0481283422459893,1,0.08779999916441739,0,4.231037458168885e-07,9.0,9.0
blood,2,relu,702,1,33,1,9,9,1.0,0.0481283422459893,1,0.17549999756738544,0,2.4903861239877756e-07,9.0,9.0
blood,2,relu,719,1,33,1,1,1,1.0,0.0053475935828877,1,0.19880000036209822,0,1.5265108288531337e-07,1.0,1.0
blood,2,relu,729,1,33,1,1,1,1.0,0.0053475935828877,1,0.10340000153519213,0,1.1138734024029873e-07,1.0,1.0
blood,3,tree,77,1,6,1,3,3,1.0,0.016042780748663103,1,0.04159999662078917,0,0.0,,
blood,3,tree,89,1,8,1,8,8,1.0,0.0427807486631016,1,0.03609999839682132,0,0.0,,
blood,3,tree,174,1,6,1,5,5,1.0,0.026737967914438502,1,0.027399990358389914,0,0.0,,
blood,3,tree,207,1,7,1,3,3,1.0,0.016042780748663103,1,0.030399998649954796,0,0.0,,
blood,3,tree,250,1,8,1,19,19,1.0,0.10160427807486631,1,0.03409999771974981,0,0.0,,
blood,3,tree,256,1,8,1,4,4,1.0,0.0213903743315508,1,0.03370000922586769,0,0.0,,
blood,3,tree,268,1,7,1,10,10,1.0,0.053475935828877004,1,0.030499999411404133,0,0.0,,
blood,3,tree,289,1,7,1,0,0,,0.0,0,0.030499999411404133,0,0.0,,
blood,3,tree,305,1,8,1,19,19,1.0,0.10160427807486631,1,0.033500007702969015,0,0.0,,
blood,3,tree,399,1,6,1,5,5,1.0,0.026737967914438502,1,0.027099988074041903,0,0.0,,
blood,3,tree,482,1,7,1,6,6,1.0,0.03208556149732621,1,0.031200004741549492,0,0.0,,
blood,3,tree,501,1,4,1,0,0,,0.0,0,0.01999999221879989,0,0.0,,
blood,3,tree,563,1,7,1,0,0,,0.0,0,0.030199997127056122,0,0.0,,
blood,3,tree,615,1,6,1,11,11,1.0,0.058823529411764705,1,0.027400004910305142,0,0.0,,
blood,3,tree,635,0,4,1,0,0,,0.0,0,0.01960000372491777,0,0.0,,
blood,3,tree,649,1,8,1,9,9,1.0,0.0481283422459893,1,0.033500007702969015,0,0.0,,
blood,3,tree,657,1,8,1,9,9,1.0,0.0481283422459893,1,0.033199990866705775,0,0.0,,
blood,3,tree,689,1,5,1,21,21,1.0,0.11229946524064172,1,0.03370000922586769,0,0.0,,
blood,3,tree,709,1,8,1,9,9,1.0,0.0481283422459893,1,0.03440000000409782,0,0.0,,
blood,3,tree,730,1,5,1,21,21,1.0,0.11229946524064172,1,0.023500004317611456,0,0.0,,
blood,3,linear,77,1,1,1,181,181,1.0,0.9679144385026738,1,0.10439999459777027,0,0.0,,
blood,3,linear,89,1,1,1,181,181,1.0,0.9679144385026738,1,0.0872999953571707,0,0.0,,
blood,3,linear,174,1,1,1,181,181,1.0,0.9679144385026738,1,0.08499999239575118,0,0.0,,
blood,3,linear,207,1,1,1,181,181,1.0,0.9679144385026738,1,0.09449999197386205,0,0.0,,
blood,3,linear,250,1,1,1,181,181,1.0,0.9679144385026738,1,0.08630000229459256,0,0.0,,
blood,3,linear,256,1,1,1,181,181,1.0,0.9679144385026738,1,0.09370000043418258,0,0.0,,
blood,3,linear,268,1,1,1,181,181,1.0,0.9679144385026738,1,0.09460000728722662,0,0.0,,
blood,3,linear,289,1,1,1,181,181,1.0,0.9679144385026738,1,0.10789999214466661,0,0.0,,
blood,3,linear,305,1,1,1,181,181,1.0,0.9679144385026738,1,0.09329999738838524,0,0.0,,
blood,3,linear,399,1,1,1,181,181,1.0,0.9679144385026738,1,0.09269999281968921,0,0.0,,
blood,3,linear,482,1,1,1,181,181,1.0,0.9679144385026738,1,0.09339999814983457,0,0.0,,
blood,3,linear,501,0,1,1,6,6,1.0,0.03208556149732621,1,0.09109999518841505,0,0.0,,
blood,3,linear,563,1,1,1,181,181,1.0,0.9679144385026738,1,0.08230000094044954,0,0.0,,
blood,3,linear,615,1,1,1,181,181,1.0,0.9679144385026738,1,0.0973999995039776,0,0.0,,
blood,3,linear,635,1,1,1,181,181,1.0,0.9679144385026738,1,0.08399999933317304,0,0.0,,
blood,3,linear,649,1,1,1,181,181,1.0,0.9679144385026738,1,0.0850000069476664,0,0.0,,
blood,3,linear,657,1,1,1,181,181,1.0,0.9679144385026738,1,0.08450000314041972,0,0.0,,
blood,3,linear,689,1,1,1,181,181,1.0,0.9679144385026738,1,0.08260000322479755,0,0.0,,
blood,3,linear,709,1,1,1,181,181,1.0,0.9679144385026738,1,0.08190001244656742,0,0.0,,
blood,3,linear,730,1,1,1,181,181,1.0,0.9679144385026738,1,0.08380001236218959,0,0.0,,
blood,3,relu,77,1,33,1,7,7,1.0,0.0374331550802139,1,0.12849998893216252,0,2.882007539284359e-07,7.0,7.0
blood,3,relu,89,1,33,1,1,1,1.0,0.0053475935828877,1,0.08840000373311341,0,5.7860823909905434e-08,1.0,1.0
blood,3,relu,174,1,33,1,7,7,1.0,0.0374331550802139,1,0.08240000170189887,0,2.882007539284359e-07,7.0,7.0
blood,3,relu,207,1,33,1,0,0,,0.0,0,0.07650000043213367,0,0.0,0.0,0.0
blood,3,relu,250,1,33,1,9,9,1.0,0.0481283422459893,1,0.07999999797903001,0,1.7930130979948444e-07,9.0,9.0
blood,3,relu,256,1,33,1,0,0,,0.0,0,0.08069998875726014,0,0.0,0.0,0.0
blood,3,relu,268,1,33,1,1,1,1.0,0.0053475935828877,1,0.08250000246334821,0,5.0861970191107275e-08,1.0,1.0
blood,3,relu,289,1,33,1,4,4,1.0,0.0213903743315508,1,0.07759999425616115,0,1.5791681473587005e-07,4.0,4.0
blood,3,relu,305,1,33,1,4,4,1.0,0.0213903743315508,1,0.07789999654050916,0,5.760086363437722e-08,4.0,4.0
blood,3,relu,399,1,33,1,10,10,1.0,0.053475935828877004,1,0.07700000423938036,0,3.1829237867597726e-07,10.0,10.0
blood,3,relu,482,1,33,1,10,10,1.0,0.053475935828877004,1,0.07529999129474163,0,3.1829237867597726e-07,10.0,10.0
blood,3,relu,501,1,33,1,1,1,1.0,0.0053475935828877,1,0.07590001041535288,0,2.623074184526786e-07,1.0,1.0
blood,3,relu,563,1,33,1,3,3,1.0,0.016042780748663103,1,0.07590001041535288,0,1.8177931515594992e-07,3.0,3.0
blood,3,relu,615,1,33,1,11,11,1.0,0.058823529411764705,1,0.07599999662488699,0,6.254677131778408e-08,11.0,11.0
blood,3,relu,635,1,33,1,0,0,,0.0,0,0.07139999070204794,0,0.0,0.0,0.0
blood,3,relu,649,1,33,1,0,0,,0.0,0,0.07140000525396317,0,0.0,0.0,0.0
blood,3,relu,657,1,33,1,0,0,,0.0,0,0.07119998917914927,0,0.0,0.0,0.0
blood,3,relu,689,1,33,1,9,9,1.0,0.0481283422459893,1,0.0754000066081062,0,1.7930130979948444e-07,9.0,9.0
blood,3,relu,709,1,33,1,0,0,,0.0,0,0.07189999450929463,0,0.0,0.0,0.0
blood,3,relu,730,1,33,1,2,2,1.0,0.0106951871657754,1,0.07539999205619097,0,3.1503700004265056e-07,2.0,2.0
blood,4,tree,23,1,8,1,5,5,1.0,0.026737967914438502,1,0.05119999696034938,0,0.0,,
blood,4,tree,25,0,5,1,6,6,1.0,0.03208556149732621,1,0.0261999957729131,0,0.0,,
blood,4,tree,108,1,7,1,0,0,,0.0,0,0.03090000245720148,0,0.0,,
blood,4,tree,123,0,8,1,10,10,1.0,0.053475935828877004,1,0.03369999467395246,0,0.0,,
blood,4,tree,141,1,7,1,3,3,1.0,0.016042780748663103,1,0.02989999484270811,0,0.0,,
blood,4,tree,155,1,7,1,7,7,1.0,0.0374331550802139,1,0.030199997127056122,0,0.0,,
blood,4,tree,198,0,6,1,2,2,1.0,0.0106951871657754,1,0.02720000338740647,0,0.0,,
blood,4,tree,228,1,8,1,13,13,1.0,0.06951871657754011,1,0.03399999695830047,0,0.0,,
blood,4,tree,240,1,6,1,6,6,1.0,0.03208556149732621,1,0.02749999111983925,0,0.0,,
blood,4,tree,269,0,6,1,4,4,1.0,0.0213903743315508,1,0.026900001103058457,0,0.0,,
blood,4,tree,310,1,5,1,4,4,1.0,0.0213903743315508,1,0.023300002794712782,0,0.0,,
blood,4,tree,449,1,4,1,21,21,1.0,0.11229946524064172,1,0.020699997548945248,0,0.0,,
blood,4,tree,529,1,8,1,5,5,1.0,0.026737967914438502,1,0.03329999162815511,0,0.0,,
blood,4,tree,581,1,7,1,7,7,1.0,0.0374331550802139,1,0.029600007110275328,0,0.0,,
blood,4,tree,604,1,7,1,0,0,,0.0,0,0.02929999027401209,0,0.0,,
blood,4,tree,605,1,8,1,0,0,,0.0,0,0.03290000313427299,0,0.0,,
blood,4,tree,679,1,4,1,21,21,1.0,0.11229946524064172,1,0.020099992980249226,0,0.0,,
blood,4,tree,705,1,5,1,14,14,1.0,0.0748663101604278,1,0.02370000584051013,0,0.0,,
blood,4,tree,720,1,4,1,21,21,1.0,0.11229946524064172,1,0.02020000829361379,0,0.0,,
blood,4,tree,727,1,6,1,4,4,1.0,0.0213903743315508,1,0.02720000338740647,0,0.0,,
blood,4,linear,23,1,1,1,178,178,1.0,0.9518716577540107,1,0.1379000023007393,0,0.0,,
blood,4,linear,25,1,1,1,178,178,1.0,0.9518716577540107,1,0.12299999070819467,0,0.0,,
blood,4,linear,108,1,1,1,178,178,1.0,0.9518716577540107,1,0.0965999934123829,0,0.0,,
blood,4,linear,123,1,1,1,178,178,1.0,0.9518716577540107,1,0.09529999806545675,0,0.0,,
blood,4,linear,141,1,1,1,178,178,1.0,0.9518716577540107,1,0.09460000728722662,0,0.0,,
blood,4,linear,155,1,1,1,178,178,1.0,0.9518716577540107,1,0.09380000119563192,0,0.0,,
blood,4,linear,198,1,1,1,178,178,1.0,0.9518716577540107,1,0.10229999315924942,0,0.0,,
blood,4,linear,228,1,1,1,178,178,1.0,0.9518716577540107,1,0.09210000280290842,0,0.0,,
blood,4,linear,240,1,1,1,178,178,1.0,0.9518716577540107,1,0.0934000127017498,0,0.0,,
blood,4,linear,269,1,1,1,178,178,1.0,0.9518716577540107,1,0.08250000246334821,0,0.0,,
blood,4,linear,310,1,1,1,178,178,1.0,0.9518716577540107,1,0.08240000170189887,0,0.0,,
blood,4,linear,449,1,1,1,178,178,1.0,0.9518716577540107,1,0.08289999095723033,0,0.0,,
blood,4,linear,529,1,1,1,178,178,1.0,0.9518716577540107,1,0.16650000179652125,0,0.0,,
blood,4,linear,581,1,1,1,178,178,1.0,0.9518716577540107,1,0.14980000560171902,0,0.0,,
blood,4,linear,604,1,1,1,178,178,1.0,0.9518716577540107,1,0.16220001270994544,0,0.0,,
blood,4,linear,605,1,1,1,178,178,1.0,0.9518716577540107,1,0.14540000120177865,0,0.0,,
blood,4,linear,679,1,1,1,178,178,1.0,0.9518716577540107,1,0.11629999789875001,0,0.0,,
blood,4,linear,705,1,1,1,178,178,1.0,0.9518716577540107,1,0.13910001143813133,0,0.0,,
blood,4,linear,720,1,1,1,178,178,1.0,0.9518716577540107,1,0.12209999840706587,0,0.0,,
blood,4,linear,727,1,1,1,178,178,1.0,0.9518716577540107,1,0.09509999654255807,0,0.0,,
blood,4,relu,23,0,33,1,1,1,1.0,0.0053475935828877,1,0.14340000052470714,0,6.811279051888164e-08,1.0,1.0
blood,4,relu,25,0,33,1,2,2,1.0,0.0106951871657754,1,0.09919999865815043,0,1.6126361601642714e-07,3.0,2.0
blood,4,relu,108,1,33,1,8,8,1.0,0.0427807486631016,1,0.09499999578110874,0,9.790561417144517e-08,8.0,8.0
blood,4,relu,123,1,33,1,1,1,1.0,0.0053475935828877,1,0.12519999290816486,0,2.907411122965442e-08,1.0,1.0
blood,4,relu,141,0,33,1,1,1,1.0,0.0053475935828877,1,0.09269999281968921,0,2.3176726360318867e-07,1.0,1.0
blood,4,relu,155,1,33,1,14,14,1.0,0.0748663101604278,1,0.09010000212583691,0,1.5833435451639843e-07,14.0,14.0
blood,4,relu,198,1,33,1,0,0,,0.0,0,0.08410000009462237,0,0.0,0.0,0.0
blood,4,relu,228,1,33,1,14,14,1.0,0.0748663101604278,1,0.08529999468009919,0,1.5833435451639843e-07,14.0,14.0
blood,4,relu,240,1,33,1,0,0,,0.0,0,0.08240000170189887,0,0.0,0.0,0.0
blood,4,relu,269,1,33,1,0,0,,0.0,0,0.08120000711642206,0,0.0,0.0,0.0
blood,4,relu,310,1,33,1,1,1,1.0,0.0053475935828877,1,0.08250000246334821,0,5.302563321762932e-07,1.0,1.0
blood,4,relu,449,1,33,1,0,0,,0.0,0,0.07970001024659723,0,0.0,0.0,0.0
blood,4,relu,529,0,33,1,1,1,1.0,0.0053475935828877,1,0.0830000062705949,0,1.2228435486427713e-08,1.0,1.0
blood,4,relu,581,1,33,1,14,14,1.0,0.0748663101604278,1,0.08440000237897038,0,1.5833435451639843e-07,14.0,14.0
blood,4,relu,604,1,33,1,0,0,,0.0,0,0.08080000407062471,0,0.0,0.0,0.0
blood,4,relu,605,1,33,1,0,0,,0.0,0,0.07900000491645187,0,0.0,0.0,0.0
blood,4,relu,679,1,33,1,1,1,1.0,0.0053475935828877,1,0.08329999400302768,0,1.5038329248540094e-07,1.0,1.0
blood,4,relu,705,1,33,1,5,5,1.0,0.026737967914438502,1,0.08460000390186906,0,3.9577639965315825e-07,5.0,5.0
blood,4,relu,720,1,33,1,1,1,1.0,0.0053475935828877,1,0.08310000703204423,0,9.448473345941011e-07,1.0,1.0
blood,4,relu,727,1,33,1,7,7,1.0,0.0374331550802139,1,0.083099992480129,0,9.81174809400187e-07,7.0,7.0
diabetes,0,tree,17,1,8,1,39,39,1.0,0.203125,1,0.05809999129269272,0,0.0,,
diabetes,0,tree,47,1,6,1,30,30,1.0,0.15625,1,0.03460000152699649,0,0.0,,
diabetes,0,tree,87,1,8,1,39,39,1.0,0.203125,1,0.0391000066883862,0,0.0,,
diabetes,0,tree,96,1,7,1,1,1,1.0,0.005208333333333333,1,0.0388999906135723,0,0.0,,
diabetes,0,tree,142,1,8,1,39,39,1.0,0.203125,1,0.03840000135824084,0,0.0,,
diabetes,0,tree,171,1,8,1,39,39,1.0,0.203125,1,0.03749999450519681,0,0.0,,
diabetes,0,tree,381,1,6,1,30,30,1.0,0.15625,1,0.0315000070258975,0,0.0,,
diabetes,0,tree,444,1,8,1,39,39,1.0,0.203125,1,0.03779999678954482,0,0.0,,
diabetes,0,tree,452,1,6,1,18,18,1.0,0.09375,1,0.030800001695752144,0,0.0,,
diabetes,0,tree,481,1,8,1,39,39,1.0,0.203125,1,0.03770001058001071,0,0.0,,
diabetes,0,tree,482,1,6,1,30,30,1.0,0.15625,1,0.0312999909510836,0,0.0,,
diabetes,0,tree,496,1,8,1,10,10,1.0,0.052083333333333336,1,0.03819999983534217,0,0.0,,
diabetes,0,tree,508,0,5,1,4,4,1.0,0.020833333333333332,1,0.026699999580159783,0,0.0,,
diabetes,0,tree,546,0,4,1,21,21,1.0,0.109375,1,0.022799998987466097,0,0.0,,
diabetes,0,tree,588,0,4,1,21,21,1.0,0.109375,1,0.022499996703118086,0,0.0,,
diabetes,0,tree,623,1,6,1,18,18,1.0,0.09375,1,0.030899987905286252,0,0.0,,
diabetes,0,tree,662,1,7,1,1,1,1.0,0.005208333333333333,1,0.03750000905711204,0,0.0,,
diabetes,0,tree,670,0,4,1,21,21,1.0,0.109375,1,0.022100008209235966,0,0.0,,
diabetes,0,tree,703,0,7,1,2,2,1.0,0.010416666666666666,1,0.0329999893438071,0,0.0,,
diabetes,0,tree,761,0,4,1,21,21,1.0,0.109375,1,0.022200008970685303,0,0.0,,
diabetes,0,linear,17,1,1,1,134,134,1.0,0.6979166666666666,1,0.10900000052060932,0,0.0,,
diabetes,0,linear,47,1,1,1,134,134,1.0,0.6979166666666666,1,0.09610000415705144,0,0.0,,
diabetes,0,linear,87,1,1,1,134,134,1.0,0.6979166666666666,1,0.09390000195708126,0,0.0,,
diabetes,0,linear,96,1,1,1,134,134,1.0,0.6979166666666666,1,0.0923000043258071,0,0.0,,
diabetes,0,linear,142,1,1,1,134,134,1.0,0.6979166666666666,1,0.09370000043418258,0,0.0,,
diabetes,0,linear,171,0,1,1,58,58,1.0,0.3020833333333333,1,0.09539999882690609,0,0.0,,
diabetes,0,linear,381,1,1,1,134,134,1.0,0.6979166666666666,1,0.09339999814983457,0,0.0,,
diabetes,0,linear,444,1,1,1,134,134,1.0,0.6979166666666666,1,0.1033000007737428,0,0.0,,
diabetes,0,linear,452,1,1,1,134,134,1.0,0.6979166666666666,1,0.09849999332800508,0,0.0,,
diabetes,0,linear,481,1,1,1,134,134,1.0,0.6979166666666666,1,0.09349999891128391,0,0.0,,
diabetes,0,linear,482,1,1,1,134,134,1.0,0.6979166666666666,1,0.0931999966269359,0,0.0,,
diabetes,0,linear,496,1,1,1,134,134,1.0,0.6979166666666666,1,0.0940999889280647,0,0.0,,
diabetes,0,linear,508,1,1,1,134,134,1.0,0.6979166666666666,1,0.09220000356435776,0,0.0,,
diabetes,0,linear,546,0,1,1,58,58,1.0,0.3020833333333333,1,0.09549999958835542,0,0.0,,
diabetes,0,linear,588,0,1,1,58,58,1.0,0.3020833333333333,1,0.0923000043258071,0,0.0,,
diabetes,0,linear,623,1,1,1,134,134,1.0,0.6979166666666666,1,0.09560000034980476,0,0.0,,
diabetes,0,linear,662,0,1,1,58,58,1.0,0.3020833333333333,1,0.08960001287050545,0,0.0,,
diabetes,0,linear,670,0,1,1,58,58,1.0,0.3020833333333333,1,0.08800000068731606,0,0.0,,
diabetes,0,linear,703,0,1,1,58,58,1.0,0.3020833333333333,1,0.08830000297166407,0,0.0,,
diabetes,0,linear,761,0,1,1,58,58,1.0,0.3020833333333333,1,0.10329998622182757,0,0.0,,
diabetes,0,relu,17,1,33,1,0,0,,0.0,0,0.1292000088142231,0,0.0,0.0,0.0
diabetes,0,relu,47,1,33,1,0,0,,0.0,0,0.19789999350905418,0,0.0,0.0,0.0
diabetes,0,relu,87,1,33,1,0,0,,0.0,0,0.17419998766854405,0,0.0,0.0,0.0
diabetes,0,relu,96,1,33,1,0,0,,0.0,0,0.11999999696854502,0,0.0,0.0,0.0
diabetes,0,relu,142,1,33,1,0,0,,0.0,0,0.09560000034980476,0,0.0,0.0,0.0
diabetes,0,relu,171,1,33,1,0,0,,0.0,0,0.08620000153314322,0,0.0,0.0,0.0
diabetes,0,relu,381,1,33,1,0,0,,0.0,0,0.08539999544154853,0,0.0,0.0,0.0
diabetes,0,relu,444,1,33,1,0,0,,0.0,0,0.08379999781027436,0,0.0,0.0,0.0
diabetes,0,relu,452,1,33,1,0,0,,0.0,0,0.09290000889450312,0,0.0,0.0,0.0
diabetes,0,relu,481,1,33,1,0,0,,0.0,0,0.08680000610183924,0,0.0,0.0,0.0
diabetes,0,relu,482,1,33,1,0,0,,0.0,0,0.08839998918119818,0,0.0,0.0,0.0
diabetes,0,relu,496,1,33,1,0,0,,0.0,0,0.09280000813305378,0,0.0,0.0,0.0
diabetes,0,relu,508,1,33,1,0,0,,0.0,0,0.09760000102687627,0,0.0,0.0,0.0
diabetes,0,relu,546,0,33,1,1,1,1.0,0.005208333333333333,1,0.09669999417383224,0,1.150316297326981e-06,1.0,1.0
diabetes,0,relu,588,0,33,1,0,0,,0.0,0,0.09519999730400741,0,0.0,0.0,0.0
diabetes,0,relu,623,1,33,1,0,0,,0.0,0,0.08490000618621707,0,0.0,0.0,0.0
diabetes,0,relu,662,0,33,1,0,0,,0.0,0,0.08329999400302768,0,0.0,0.0,0.0
diabetes,0,relu,670,0,33,1,0,0,,0.0,0,0.08280000474769622,0,0.0,0.0,0.0
diabetes,0,relu,703,0,33,1,0,0,,0.0,0,0.0926000066101551,0,0.0,0.0,0.0
diabetes,0,relu,761,0,33,1,0,0,,0.0,0,0.0855999969644472,0,0.0,0.0,0.0
diabetes,1,tree,139,1,5,1,6,6,1.0,0.03125,1,0.04260000423528254,0,0.0,,
diabetes,1,tree,151,1,4,1,28,28,1.0,0.14583333333333334,1,0.02580000727903098,0,0.0,,
diabetes,1,tree,166,0,8,1,0,0,,0.0,0,0.03789999755099416,0,0.0,,
diabetes,1,tree,174,1,8,1,22,22,1.0,0.11458333333333333,1,0.036999990697950125,0,0.0,,
diabetes,1,tree,203,1,4,1,28,28,1.0,0.14583333333333334,1,0.021700005163438618,0,0.0,,
diabetes,1,tree,242,1,4,1,28,28,1.0,0.14583333333333334,1,0.03569999535102397,0,0.0,,
diabetes,1,tree,257,1,8,1,18,18,1.0,0.09375,1,0.037699996028095484,0,0.0,,
diabetes,1,tree,281,1,8,1,22,22,1.0,0.11458333333333333,1,0.03700000524986535,0,0.0,,
diabetes,1,tree,328,1,7,1,5,5,1.0,0.026041666666666668,1,0.03229999856557697,0,0.0,,
diabetes,1,tree,331,1,6,1,19,19,1.0,0.09895833333333333,1,0.029100003303028643,0,0.0,,
diabetes,1,tree,419,1,4,1,28,28,1.0,0.14583333333333334,1,0.021400002879090607,0,0.0,,
diabetes,1,tree,424,0,7,1,2,2,1.0,0.010416666666666666,1,0.03229999856557697,0,0.0,,
diabetes,1,tree,475,1,8,1,22,22,1.0,0.11458333333333333,1,0.03569999535102397,0,0.0,,
diabetes,1,tree,496,1,4,1,28,28,1.0,0.14583333333333334,1,0.021500003640539944,0,0.0,,
diabetes,1,tree,497,1,6,1,19,19,1.0,0.09895833333333333,1,0.03090000245720148,0,0.0,,
diabetes,1,tree,509,0,5,1,0,0,,0.0,0,0.026399997295811772,0,0.0,,
diabetes,1,tree,626,1,4,1,28,28,1.0,0.14583333333333334,1,0.02130000211764127,0,0.0,,
diabetes,1,tree,683,0,8,1,4,4,1.0,0.020833333333333332,1,0.03569999535102397,0,0.0,,
diabetes,1,tree,715,0,8,1,2,2,1.0,0.010416666666666666,1,0.035899996873922646,0,0.0,,
diabetes,1,tree,749,0,3,1,1,1,1.0,0.005208333333333333,1,0.01790000533219427,0,0.0,,
diabetes,1,linear,139,1,1,1,147,147,1.0,0.765625,1,0.11619999713730067,0,0.0,,
diabetes,1,linear,151,1,1,1,147,147,1.0,0.765625,1,0.1041999930748716,0,0.0,,
diabetes,1,linear,166,1,1,1,147,147,1.0,0.765625,1,0.09190000128000975,0,0.0,,
diabetes,1,linear,174,1,1,1,147,147,1.0,0.765625,1,0.09099999442696571,0,0.0,,
diabetes,1,linear,203,1,1,1,147,147,1.0,0.765625,1,0.0906999921426177,0,0.0,,
diabetes,1,linear,242,1,1,1,147,147,1.0,0.765625,1,0.08990000060293823,0,0.0,,
diabetes,1,linear,257,1,1,1,147,147,1.0,0.765625,1,0.09419998968951404,0,0.0,,
diabetes,1,linear,281,0,1,1,45,45,1.0,0.234375,1,0.09499999578110874,0,0.0,,
diabetes,1,linear,328,1,1,1,147,147,1.0,0.765625,1,0.09040000441018492,0,0.0,,
diabetes,1,linear,331,1,1,1,147,147,1.0,0.765625,1,0.08929999603424221,0,0.0,,
diabetes,1,linear,419,1,1,1,147,147,1.0,0.765625,1,0.10099999781232327,0,0.0,,
diabetes,1,linear,424,0,1,1,45,45,1.0,0.234375,1,0.0940999889280647,0,0.0,,
diabetes,1,linear,475,1,1,1,147,147,1.0,0.765625,1,0.09790000331122428,0,0.0,,
diabetes,1,linear,496,1,1,1,147,147,1.0,0.765625,1,0.08950001210905612,0,0.0,,
diabetes,1,linear,497,1,1,1,147,147,1.0,0.765625,1,0.08850000449456275,0,0.0,,
diabetes,1,linear,509,1,1,1,147,147,1.0,0.765625,1,0.09459999273531139,0,0.0,,
diabetes,1,linear,626,1,1,1,147,147,1.0,0.765625,1,0.09000000136438757,0,0.0,,
diabetes,1,linear,683,1,1,1,147,147,1.0,0.765625,1,0.08919999527279288,0,0.0,,
diabetes,1,linear,715,0,1,1,45,45,1.0,0.234375,1,0.09039998985826969,0,0.0,,
diabetes,1,linear,749,0,1,1,45,45,1.0,0.234375,1,0.08990000060293823,0,0.0,,
diabetes,1,relu,139,1,33,1,0,0,,0.0,0,0.1351000100839883,0,0.0,0.0,0.0
diabetes,1,relu,151,1,33,1,0,0,,0.0,0,0.09610000415705144,0,0.0,0.0,0.0
diabetes,1,relu,166,1,33,1,0,0,,0.0,0,0.08850000449456275,0,0.0,0.0,0.0
diabetes,1,relu,174,1,33,1,1,1,1.0,0.005208333333333333,1,0.09590000263415277,0,7.898542540019093e-07,1.0,1.0
diabetes,1,relu,203,1,33,1,0,0,,0.0,0,0.08700000762473792,0,0.0,0.0,0.0
diabetes,1,relu,242,1,33,1,0,0,,0.0,0,0.08600000001024455,0,0.0,0.0,0.0
diabetes,1,relu,257,1,33,1,0,0,,0.0,0,0.08450000314041972,0,0.0,0.0,0.0
diabetes,1,relu,281,0,33,1,0,0,,0.0,0,0.08430000161752105,0,0.0,0.0,0.0
diabetes,1,relu,328,1,33,1,0,0,,0.0,0,0.08759999764151871,0,0.0,0.0,0.0
diabetes,1,relu,331,1,33,1,0,0,,0.0,0,0.08420000085607171,0,0.0,0.0,0.0
diabetes,1,relu,419,1,33,1,0,0,,0.0,0,0.09700001101009548,0,0.0,0.0,0.0
diabetes,1,relu,424,0,33,1,0,0,,0.0,0,0.08680000610183924,0,0.0,0.0,0.0
diabetes,1,relu,475,1,33,1,0,0,,0.0,0,0.0847999908728525,0,0.0,0.0,0.0
diabetes,1,relu,496,0,33,1,0,0,,0.0,0,0.08579999848734587,0,0.0,0.0,0.0
diabetes,1,relu,497,1,33,1,0,0,,0.0,0,0.08480000542476773,0,0.0,0.0,0.0
diabetes,1,relu,509,1,33,1,0,0,,0.0,0,0.08410000009462237,0,0.0,0.0,0.0
diabetes,1,relu,626,1,33,1,0,0,,0.0,0,0.08510000770911574,0,0.0,0.0,0.0
diabetes,1,relu,683,0,33,1,0,0,,0.0,0,0.08700000762473792,0,0.0,0.0,0.0
diabetes,1,relu,715,0,33,1,0,0,,0.0,0,0.08830000297166407,0,0.0,0.0,0.0
diabetes,1,relu,749,1,33,1,0,0,,0.0,0,0.08560001151636243,0,0.0,0.0,0.0
diabetes,2,tree,29,0,8,1,9,9,1.0,0.046875,1,0.0523999915458262,0,0.0,,
diabetes,2,tree,84,0,8,1,0,0,,0.0,0,0.040099999750964344,0,0.0,,
diabetes,2,tree,134,1,5,1,45,45,1.0,0.234375,1,0.028099995688535273,0,0.0,,
diabetes,2,tree,146,1,5,1,14,14,1.0,0.07291666666666667,1,0.026599998818710446,0,0.0,,
diabetes,2,tree,155,0,8,1,18,18,1.0,0.09375,1,0.037600009818561375,0,0.0,,
diabetes,2,tree,166,0,7,1,0,0,,0.0,0,0.033499993151053786,0,0.0,,
diabetes,2,tree,253,1,7,1,13,13,1.0,0.06770833333333333,1,0.0337999954354018,0,0.0,,
diabetes,2,tree,262,1,7,1,13,13,1.0,0.06770833333333333,1,0.03340000694151968,0,0.0,,
diabetes,2,tree,293,0,8,1,18,18,1.0,0.09375,1,0.03720000677276403,0,0.0,,
diabetes,2,tree,302,1,5,1,14,14,1.0,0.07291666666666667,1,0.02579999272711575,0,0.0,,
diabetes,2,tree,353,1,5,1,45,45,1.0,0.234375,1,0.025900008040480316,0,0.0,,
diabetes,2,tree,383,1,5,1,4,4,1.0,0.020833333333333332,1,0.025900008040480316,0,0.0,,
diabetes,2,tree,385,1,5,1,45,45,1.0,0.234375,1,0.03619999915827066,0,0.0,,
diabetes,2,tree,466,1,5,1,45,45,1.0,0.234375,1,0.025599991204217076,0,0.0,,
diabetes,2,tree,472,1,8,1,10,10,1.0,0.052083333333333336,1,0.03749999450519681,0,0.0,,
diabetes,2,tree,560,1,6,1,2,2,1.0,0.010416666666666666,1,0.029800008633174002,0,0.0,,
diabetes,2,tree,595,0,5,1,14,14,1.0,0.07291666666666667,1,0.05499999679159373,0,0.0,,
diabetes,2,tree,630,0,8,1,1,1,1.0,0.005208333333333333,1,0.03810001362580806,0,0.0,,
diabetes,2,tree,642,1,5,1,11,11,1.0,0.057291666666666664,1,0.026900001103058457,0,0.0,,
diabetes,2,tree,654,1,7,1,13,13,1.0,0.06770833333333333,1,0.03360000846441835,0,0.0,,
diabetes,2,linear,29,1,1,1,149,149,1.0,0.7760416666666666,1,0.10840001050382853,0,0.0,,
diabetes,2,linear,84,0,1,1,43,43,1.0,0.22395833333333334,1,0.09879999561235309,0,0.0,,
diabetes,2,linear,134,1,1,1,149,149,1.0,0.7760416666666666,1,0.09539999882690609,0,0.0,,
diabetes,2,linear,146,1,1,1,149,149,1.0,0.7760416666666666,1,0.10869999823626131,0,0.0,,
diabetes,2,linear,155,0,1,1,43,43,1.0,0.22395833333333334,1,0.09839999256655574,0,0.0,,
diabetes,2,linear,166,0,1,1,43,43,1.0,0.22395833333333334,1,0.09639999188948423,0,0.0,,
diabetes,2,linear,253,1,1,1,149,149,1.0,0.7760416666666666,1,0.09280000813305378,0,0.0,,
diabetes,2,linear,262,1,1,1,149,149,1.0,0.7760416666666666,1,0.09310001041740179,0,0.0,,
diabetes,2,linear,293,1,1,1,149,149,1.0,0.7760416666666666,1,0.0926000066101551,0,0.0,,
diabetes,2,linear,302,1,1,1,149,149,1.0,0.7760416666666666,1,0.09249999129679054,0,0.0,,
diabetes,2,linear,353,1,1,1,149,149,1.0,0.7760416666666666,1,0.0923000043258071,0,0.0,,
diabetes,2,linear,383,1,1,1,149,149,1.0,0.7760416666666666,1,0.09200000204145908,0,0.0,,
diabetes,2,linear,385,1,1,1,149,149,1.0,0.7760416666666666,1,0.09210000280290842,0,0.0,,
diabetes,2,linear,466,1,1,1,149,149,1.0,0.7760416666666666,1,0.09180000051856041,0,0.0,,
diabetes,2,linear,472,1,1,1,149,149,1.0,0.7760416666666666,1,0.09270000737160444,0,0.0,,
diabetes,2,linear,560,1,1,1,149,149,1.0,0.7760416666666666,1,0.09020000288728625,0,0.0,,
diabetes,2,linear,595,0,1,1,43,43,1.0,0.22395833333333334,1,0.09010000212583691,0,0.0,,
diabetes,2,linear,630,1,1,1,149,149,1.0,0.7760416666666666,1,0.09059999138116837,0,0.0,,
diabetes,2,linear,642,1,1,1,149,149,1.0,0.7760416666666666,1,0.09059999138116837,0,0.0,,
diabetes,2,linear,654,1,1,1,149,149,1.0,0.7760416666666666,1,0.09139999747276306,0,0.0,,
diabetes,2,relu,29,1,33,1,0,0,,0.0,0,0.15439999697264284,0,0.0,0.0,0.0
diabetes,2,relu,84,0,33,1,0,0,,0.0,0,0.1016999885905534,0,0.0,0.0,0.0
diabetes,2,relu,134,1,33,1,3,3,1.0,0.015625,1,0.09640000644139946,0,6.497552583084598e-06,3.0,3.0
diabetes,2,relu,146,1,33,1,0,0,,0.0,0,0.0940000027185306,0,0.0,0.0,0.0
diabetes,2,relu,155,1,33,1,0,0,,0.0,0,0.10150000161956996,0,0.0,0.0,0.0
diabetes,2,relu,166,0,33,1,0,0,,0.0,0,0.09080000745598227,0,0.0,0.0,0.0
diabetes,2,relu,253,1,33,1,0,0,,0.0,0,0.09119999594986439,0,0.0,0.0,0.0
diabetes,2,relu,262,1,33,1,0,0,,0.0,0,0.09079999290406704,0,0.0,0.0,0.0
diabetes,2,relu,293,0,33,1,0,0,,0.0,0,0.08749999688006938,0,0.0,0.0,0.0
diabetes,2,relu,302,1,33,1,0,0,,0.0,0,0.08800000068731606,0,0.0,0.0,0.0
diabetes,2,relu,353,1,33,1,0,0,,0.0,0,0.0889999937498942,0,0.0,0.0,0.0
diabetes,2,relu,383,1,33,1,0,0,,0.0,0,0.08879999222699553,0,0.0,0.0,0.0
diabetes,2,relu,385,1,33,1,0,0,,0.0,0,0.08990000060293823,0,0.0,0.0,0.0
diabetes,2,relu,466,1,33,1,0,0,,0.0,0,0.08860000525601208,0,0.0,0.0,0.0
diabetes,2,relu,472,0,33,1,0,0,,0.0,0,0.09390000195708126,0,0.0,0.0,0.0
diabetes,2,relu,560,1,33,1,0,0,,0.0,0,0.08129999332595617,0,0.0,0.0,0.0
diabetes,2,relu,595,0,33,1,0,0,,0.0,0,0.0822000001790002,0,0.0,0.0,0.0
diabetes,2,relu,630,0,33,1,0,0,,0.0,0,0.08929999603424221,0,0.0,0.0,0.0
diabetes,2,relu,642,1,33,1,0,0,,0.0,0,0.08759999764151871,0,0.0,0.0,0.0
diabetes,2,relu,654,1,33,1,0,0,,0.0,0,0.08850000449456275,0,0.0,0.0,0.0
diabetes,3,tree,33,1,4,1,11,11,1.0,0.057291666666666664,1,0.039000005926936865,0,0.0,,
diabetes,3,tree,47,1,4,1,42,42,1.0,0.21875,1,0.024600012693554163,0,0.0,,
diabetes,3,tree,94,0,8,1,0,0,,0.0,0,0.036900004488416016,0,0.0,,
diabetes,3,tree,165,1,6,1,4,4,1.0,0.020833333333333332,1,0.028599999495781958,0,0.0,,
diabetes,3,tree,175,0,7,1,17,17,1.0,0.08854166666666667,1,0.03199999628122896,0,0.0,,
diabetes,3,tree,186,0,7,1,17,17,1.0,0.08854166666666667,1,0.0312999909510836,0,0.0,,
diabetes,3,tree,200,1,5,1,4,4,1.0,0.020833333333333332,1,0.024100008886307478,0,0.0,,
diabetes,3,tree,342,1,4,1,42,42,1.0,0.21875,1,0.020899999071843922,0,0.0,,
diabetes,3,tree,370,1,5,1,1,1,1.0,0.005208333333333333,1,0.02440001117065549,0,0.0,,
diabetes,3,tree,403,1,7,1,15,15,1.0,0.078125,1,0.030800001695752144,0,0.0,,
diabetes,3,tree,409,0,7,1,17,17,1.0,0.08854166666666667,1,0.03090000245720148,0,0.0,,
diabetes,3,tree,413,1,5,1,3,3,1.0,0.015625,1,0.023899992811493576,0,0.0,,
diabetes,3,tree,436,0,5,1,1,1,1.0,0.005208333333333333,1,0.02400000812485814,0,0.0,,
diabetes,3,tree,501,1,7,1,15,15,1.0,0.078125,1,0.030799987143836915,0,0.0,,
diabetes,3,tree,533,1,7,1,15,15,1.0,0.078125,1,0.030499999411404133,0,0.0,,
diabetes,3,tree,541,0,8,1,4,4,1.0,0.020833333333333332,1,0.0337999954354018,0,0.0,,
diabetes,3,tree,566,1,4,1,42,42,1.0,0.21875,1,0.02020000829361379,0,0.0,,
diabetes,3,tree,581,1,4,1,11,11,1.0,0.057291666666666664,1,0.020199993741698563,0,0.0,,
diabetes,3,tree,612,0,7,1,17,17,1.0,0.08854166666666667,1,0.031000003218650818,0,0.0,,
diabetes,3,tree,645,0,7,1,1,1,1.0,0.005208333333333333,1,0.031499992473982275,0,0.0,,
diabetes,3,linear,33,1,1,1,140,140,1.0,0.7291666666666666,1,0.10280001151841134,0,0.0,,
diabetes,3,linear,47,1,1,1,140,140,1.0,0.7291666666666666,1,0.09110000974033028,0,0.0,,
diabetes,3,linear,94,1,1,1,140,140,1.0,0.7291666666666666,1,0.08959999831859022,0,0.0,,
diabetes,3,linear,165,1,1,1,140,140,1.0,0.7291666666666666,1,0.09000000136438757,0,0.0,,
diabetes,3,linear,175,0,1,1,52,52,1.0,0.2708333333333333,1,0.09439999121241271,0,0.0,,
diabetes,3,linear,186,0,1,1,52,52,1.0,0.2708333333333333,1,0.09410000347997993,0,0.0,,
diabetes,3,linear,200,1,1,1,140,140,1.0,0.7291666666666666,1,0.09390000195708126,0,0.0,,
diabetes,3,linear,342,1,1,1,140,140,1.0,0.7291666666666666,1,0.08879999222699553,0,0.0,,
diabetes,3,linear,370,0,1,1,52,52,1.0,0.2708333333333333,1,0.08480000542476773,0,0.0,,
diabetes,3,linear,403,1,1,1,140,140,1.0,0.7291666666666666,1,0.08359999628737569,0,0.0,,
diabetes,3,linear,409,0,1,1,52,52,1.0,0.2708333333333333,1,0.0844999885885045,0,0.0,,
diabetes,3,linear,413,1,1,1,140,140,1.0,0.7291666666666666,1,0.08410000009462237,0,0.0,,
diabetes,3,linear,436,0,1,1,52,52,1.0,0.2708333333333333,1,0.08539999544154853,0,0.0,,
diabetes,3,linear,501,1,1,1,140,140,1.0,0.7291666666666666,1,0.08990000060293823,0,0.0,,
diabetes,3,linear,533,1,1,1,140,140,1.0,0.7291666666666666,1,0.11419999646022916,0,0.0,,
diabetes,3,linear,541,1,1,1,140,140,1.0,0.7291666666666666,1,0.0968000094871968,0,0.0,,
diabetes,3,linear,566,1,1,1,140,140,1.0,0.7291666666666666,1,0.09690001024864614,0,0.0,,
diabetes,3,linear,581,1,1,1,140,140,1.0,0.7291666666666666,1,0.09719999798107892,0,0.0,,
diabetes,3,linear,612,0,1,1,52,52,1.0,0.2708333333333333,1,0.09580000187270343,0,0.0,,
diabetes,3,linear,645,1,1,1,140,140,1.0,0.7291666666666666,1,0.10639999527484179,0,0.0,,
diabetes,3,relu,33,1,33,1,0,0,,0.0,0,0.1677999971434474,0,0.0,0.0,0.0
diabetes,3,relu,47,1,33,1,0,0,,0.0,0,0.12840000272262841,0,0.0,0.0,0.0
diabetes,3,relu,94,1,33,1,0,0,,0.0,0,0.11010000889655203,0,0.0,0.0,0.0
diabetes,3,relu,165,1,33,1,0,0,,0.0,0,0.09610000415705144,0,0.0,0.0,0.0
diabetes,3,relu,175,0,33,1,0,0,,0.0,0,0.09109999518841505,0,0.0,0.0,0.0
diabetes,3,relu,186,0,33,1,0,0,,0.0,0,0.11049999739043415,0,0.0,0.0,0.0
diabetes,3,relu,200,1,33,1,0,0,,0.0,0,0.09410000347997993,0,0.0,0.0,0.0
diabetes,3,relu,342,1,33,1,0,0,,0.0,0,0.09200000204145908,0,0.0,0.0,0.0
diabetes,3,relu,370,1,33,1,0,0,,0.0,0,0.09200000204145908,0,0.0,0.0,0.0
diabetes,3,relu,403,1,33,1,0,0,,0.0,0,0.0923999905353412,0,0.0,0.0,0.0
diabetes,3,relu,409,1,33,1,0,0,,0.0,0,0.0926000066101551,0,0.0,0.0,0.0
diabetes,3,relu,413,1,33,1,0,0,,0.0,0,0.09030000364873558,0,0.0,0.0,0.0
diabetes,3,relu,436,1,33,1,0,0,,0.0,0,0.09220000356435776,0,0.0,0.0,0.0
diabetes,3,relu,501,1,33,1,0,0,,0.0,0,0.09590000263415277,0,0.0,0.0,0.0
diabetes,3,relu,533,1,33,1,0,0,,0.0,0,0.2668999950401485,0,0.0,0.0,0.0
diabetes,3,relu,541,1,33,1,0,0,,0.0,0,0.21440000273287296,0,0.0,0.0,0.0
diabetes,3,relu,566,1,33,1,0,0,,0.0,0,0.13760000001639128,0,0.0,0.0,0.0
diabetes,3,relu,581,1,33,1,0,0,,0.0,0,0.10050000855699182,0,0.0,0.0,0.0
diabetes,3,relu,612,0,33,1,0,0,,0.0,0,0.09500001033302397,0,0.0,0.0,0.0
diabetes,3,relu,645,0,33,1,0,0,,0.0,0,0.08800000068731606,0,0.0,0.0,0.0
diabetes,4,tree,11,0,6,1,15,15,1.0,0.078125,1,0.049299997044727206,0,0.0,,
diabetes,4,tree,19,1,8,1,18,18,1.0,0.09375,1,0.04390001413412392,0,0.0,,
diabetes,4,tree,46,0,7,1,1,1,1.0,0.005208333333333333,1,0.04820000322069973,0,0.0,,
diabetes,4,tree,48,1,7,1,8,8,1.0,0.041666666666666664,1,0.036299999919719994,0,0.0,,
diabetes,4,tree,83,1,3,1,29,29,1.0,0.15104166666666666,1,0.020399995264597237,0,0.0,,
diabetes,4,tree,119,1,3,1,29,29,1.0,0.15104166666666666,1,0.020099992980249226,0,0.0,,
diabetes,4,tree,160,0,6,1,4,4,1.0,0.020833333333333332,1,0.032500000088475645,0,0.0,,
diabetes,4,tree,175,0,6,1,15,15,1.0,0.078125,1,0.031100003980100155,0,0.0,,
diabetes,4,tree,277,1,8,1,18,18,1.0,0.09375,1,0.03960001049563289,0,0.0,,
diabetes,4,tree,287,1,8,1,5,5,1.0,0.026041666666666668,1,0.03809999907389283,0,0.0,,
diabetes,4,tree,331,1,7,1,8,8,1.0,0.041666666666666664,1,0.035200006095692515,0,0.0,,
diabetes,4,tree,351,1,7,1,5,5,1.0,0.026041666666666668,1,0.03579999611247331,0,0.0,,
diabetes,4,tree,475,1,5,1,11,11,1.0,0.057291666666666664,1,0.02720000338740647,0,0.0,,
diabetes,4,tree,539,0,6,1,2,2,1.0,0.010416666666666666,1,0.02989999484270811,0,0.0,,
diabetes,4,tree,562,1,6,1,23,23,1.0,0.11979166666666667,1,0.0312999909510836,0,0.0,,
diabetes,4,tree,621,0,5,1,1,1,1.0,0.005208333333333333,1,0.02609999501146376,0,0.0,,
diabetes,4,tree,704,1,8,1,18,18,1.0,0.09375,1,0.037999998312443495,0,0.0,,
diabetes,4,tree,708,0,8,1,0,0,,0.0,0,0.03770001058001071,0,0.0,,
diabetes,4,tree,751,1,8,1,5,5,1.0,0.026041666666666668,1,0.037900012102909386,0,0.0,,
diabetes,4,tree,756,0,6,1,2,2,1.0,0.010416666666666666,1,0.02990000939462334,0,0.0,,
diabetes,4,linear,11,0,1,1,48,48,1.0,0.25,1,0.11249999806750566,0,0.0,,
diabetes,4,linear,19,1,1,1,144,144,1.0,0.75,1,0.09760000102687627,0,0.0,,
diabetes,4,linear,46,1,1,1,144,144,1.0,0.75,1,0.09580000187270343,0,0.0,,
diabetes,4,linear,48,1,1,1,144,144,1.0,0.75,1,0.09290000889450312,0,0.0,,
diabetes,4,linear,83,1,1,1,144,144,1.0,0.75,1,0.09169999975711107,0,0.0,,
diabetes,4,linear,119,1,1,1,144,144,1.0,0.75,1,0.09359999967273325,0,0.0,,
diabetes,4,linear,160,1,1,1,144,144,1.0,0.75,1,0.08879999222699553,0,0.0,,
diabetes,4,linear,175,0,1,1,48,48,1.0,0.25,1,0.0833000085549429,0,0.0,,
diabetes,4,linear,277,1,1,1,144,144,1.0,0.75,1,0.08199999865610152,0,0.0,,
diabetes,4,linear,287,1,1,1,144,144,1.0,0.75,1,0.08290000550914556,0,0.0,,
diabetes,4,linear,331,1,1,1,144,144,1.0,0.75,1,0.08289999095723033,0,0.0,,
diabetes,4,linear,351,1,1,1,144,144,1.0,0.75,1,0.08230000094044954,0,0.0,,
diabetes,4,linear,475,1,1,1,144,144,1.0,0.75,1,0.08249998791143298,0,0.0,,
diabetes,4,linear,539,1,1,1,144,144,1.0,0.75,1,0.08240000170189887,0,0.0,,
diabetes,4,linear,562,1,1,1,144,144,1.0,0.75,1,0.08779999916441739,0,0.0,,
diabetes,4,linear,621,1,1,1,144,144,1.0,0.75,1,0.10379999002907425,0,0.0,,
diabetes,4,linear,704,1,1,1,144,144,1.0,0.75,1,0.09220000356435776,0,0.0,,
diabetes,4,linear,708,0,1,1,48,48,1.0,0.25,1,0.09329999738838524,0,0.0,,
diabetes,4,linear,751,1,1,1,144,144,1.0,0.75,1,0.09159999899566174,0,0.0,,
diabetes,4,linear,756,1,1,1,144,144,1.0,0.75,1,0.09240000508725643,0,0.0,,
diabetes,4,relu,11,0,33,1,1,1,1.0,0.005208333333333333,1,0.1416000013705343,0,1.9217573488106154e-06,1.0,1.0
diabetes,4,relu,19,0,33,1,0,0,,0.0,0,0.09750000026542693,0,0.0,0.0,0.0
diabetes,4,relu,46,0,33,1,0,0,,0.0,0,0.08610000077169389,0,0.0,0.0,0.0
diabetes,4,relu,48,1,33,1,0,0,,0.0,0,0.08410000009462237,0,0.0,0.0,0.0
diabetes,4,relu,83,1,33,1,0,0,,0.0,0,0.08310000703204423,0,0.0,0.0,0.0
diabetes,4,relu,119,1,33,1,0,0,,0.0,0,0.08169999637175351,0,0.0,0.0,0.0
diabetes,4,relu,160,0,33,1,0,0,,0.0,0,0.08129999332595617,0,0.0,0.0,0.0
diabetes,4,relu,175,0,33,1,0,0,,0.0,0,0.08129999332595617,0,0.0,0.0,0.0
diabetes,4,relu,277,1,33,1,0,0,,0.0,0,0.08009999874047935,0,0.0,0.0,0.0
diabetes,4,relu,287,0,33,1,0,0,,0.0,0,0.08040000102482736,0,0.0,0.0,0.0
diabetes,4,relu,331,1,33,1,0,0,,0.0,0,0.07959999493323267,0,0.0,0.0,0.0
diabetes,4,relu,351,1,33,1,0,0,,0.0,0,0.07900000491645187,0,0.0,0.0,0.0
diabetes,4,relu,475,0,33,1,0,0,,0.0,0,0.07940000796224922,0,0.0,0.0,0.0
diabetes,4,relu,539,0,33,1,0,0,,0.0,0,0.09119999594986439,0,0.0,0.0,0.0
diabetes,4,relu,562,1,33,1,0,0,,0.0,0,0.08529999468009919,0,0.0,0.0,0.0
diabetes,4,relu,621,1,33,1,0,0,,0.0,0,0.08230000094044954,0,0.0,0.0,0.0
diabetes,4,relu,704,1,33,1,0,0,,0.0,0,0.0822000001790002,0,0.0,0.0,0.0
diabetes,4,relu,708,0,33,1,1,1,1.0,0.005208333333333333,1,0.08700000762473792,0,2.471712275742277e-06,1.0,1.0
diabetes,4,relu,751,1,33,1,0,0,,0.0,0,0.08299999171867967,0,0.0,0.0,0.0
diabetes,4,relu,756,0,33,1,0,0,,0.0,0,0.08109999180305749,0,0.0,0.0,0.0
ionosphere,0,tree,3,1,6,1,4,4,1.0,0.045454545454545456,1,0.05390000296756625,0,0.0,,
ionosphere,0,tree,16,1,5,1,38,38,1.0,0.4318181818181818,1,0.030399998649954796,0,0.0,,
ionosphere,0,tree,24,1,5,1,38,38,1.0,0.4318181818181818,1,0.03780001134146005,0,0.0,,
ionosphere,0,tree,36,1,5,1,38,38,1.0,0.4318181818181818,1,0.027600006433203816,0,0.0,,
ionosphere,0,tree,88,1,5,1,38,38,1.0,0.4318181818181818,1,0.04169999738223851,0,0.0,,
ionosphere,0,tree,104,0,2,1,15,15,1.0,0.17045454545454544,1,0.01589999010320753,0,0.0,,
ionosphere,0,tree,128,0,2,1,15,15,1.0,0.17045454545454544,1,0.01960000372491777,0,0.0,,
ionosphere,0,tree,131,1,5,1,38,38,1.0,0.4318181818181818,1,0.027699992642737925,0,0.0,,
ionosphere,0,tree,148,0,4,1,3,3,1.0,0.03409090909090909,1,0.02239999594166875,0,0.0,,
ionosphere,0,tree,163,1,5,1,38,38,1.0,0.4318181818181818,1,0.027300004148855805,0,0.0,,
ionosphere,0,tree,169,1,5,1,38,38,1.0,0.4318181818181818,1,0.025899993488565087,0,0.0,,
ionosphere,0,tree,180,0,2,1,15,15,1.0,0.17045454545454544,1,0.014999997802078724,0,0.0,,
ionosphere,0,tree,214,1,4,1,8,8,1.0,0.09090909090909091,1,0.026599998818710446,0,0.0,,
ionosphere,0,tree,217,1,5,1,38,38,1.0,0.4318181818181818,1,0.03359999391250312,0,0.0,,
ionosphere,0,tree,239,1,5,1,38,38,1.0,0.4318181818181818,1,0.028599999495781958,0,0.0,,
ionosphere,0,tree,273,1,5,1,38,38,1.0,0.4318181818181818,1,0.026900001103058457,0,0.0,,
ionosphere,0,tree,306,1,4,1,3,3,1.0,0.03409090909090909,1,0.025999994250014424,0,0.0,,
ionosphere,0,tree,319,1,5,1,38,38,1.0,0.4318181818181818,1,0.02649999805726111,0,0.0,,
ionosphere,0,linear,3,1,1,1,59,59,1.0,0.6704545454545454,1,0.10340000153519213,0,0.0,,
ionosphere,0,linear,16,1,1,1,59,59,1.0,0.6704545454545454,1,0.09459999273531139,0,0.0,,
ionosphere,0,linear,24,1,1,1,59,59,1.0,0.6704545454545454,1,0.09359999967273325,0,0.0,,
ionosphere,0,linear,36,1,1,1,59,59,1.0,0.6704545454545454,1,0.09250000584870577,0,0.0,,
ionosphere,0,linear,88,0,1,1,29,29,1.0,0.32954545454545453,1,0.09110000974033028,0,0.0,,
ionosphere,0,linear,104,0,1,1,29,29,1.0,0.32954545454545453,1,0.09300000965595245,0,0.0,,
ionosphere,0,linear,128,0,1,1,29,29,1.0,0.32954545454545453,1,0.08480000542476773,0,0.0,,
ionosphere,0,linear,131,0,1,1,29,29,1.0,0.32954545454545453,1,0.08549999620299786,0,0.0,,
ionosphere,0,linear,148,1,1,1,59,59,1.0,0.6704545454545454,1,0.08359999628737569,0,0.0,,
ionosphere,0,linear,163,1,1,1,59,59,1.0,0.6704545454545454,1,0.08209999941755086,0,0.0,,
ionosphere,0,linear,169,1,1,1,59,59,1.0,0.6704545454545454,1,0.08159999561030418,0,0.0,,
ionosphere,0,linear,180,0,1,1,29,29,1.0,0.32954545454545453,1,0.08189999789465219,0,0.0,,
ionosphere,0,linear,214,0,1,1,29,29,1.0,0.32954545454545453,1,0.08089999028015882,0,0.0,,
ionosphere,0,linear,217,1,1,1,59,59,1.0,0.6704545454545454,1,0.08189999789465219,0,0.0,,
ionosphere,0,linear,239,1,1,1,59,59,1.0,0.6704545454545454,1,0.0813999940874055,0,0.0,,
ionosphere,0,linear,273,1,1,1,59,59,1.0,0.6704545454545454,1,0.09729999874252826,0,0.0,,
ionosphere,0,linear,306,1,1,1,59,59,1.0,0.6704545454545454,1,0.0923999905353412,0,0.0,,
ionosphere,0,linear,319,1,1,1,59,59,1.0,0.6704545454545454,1,0.0914999982342124,0,0.0,,
ionosphere,0,relu,3,1,33,1,0,0,,0.0,0,0.13669999316334724,0,0.0,0.0,0.0
ionosphere,0,relu,16,1,33,1,0,0,,0.0,0,0.0973999995039776,0,0.0,0.0,0.0
ionosphere,0,relu,24,1,33,1,0,0,,0.0,0,0.09050000517163426,0,0.0,0.0,0.0
ionosphere,0,relu,36,1,33,1,0,0,,0.0,0,0.09419998968951404,0,0.0,0.0,0.0
ionosphere,0,relu,88,1,33,1,0,0,,0.0,0,0.08929999603424221,0,0.0,0.0,0.0
ionosphere,0,relu,104,0,33,1,0,0,,0.0,0,0.08359999628737569,0,0.0,0.0,0.0
ionosphere,0,relu,128,0,33,1,0,0,,0.0,0,0.08360001083929092,0,0.0,0.0,0.0
ionosphere,0,relu,131,1,33,1,0,0,,0.0,0,0.08310000703204423,0,0.0,0.0,0.0
ionosphere,0,relu,148,1,33,1,0,0,,0.0,0,0.08230000094044954,0,0.0,0.0,0.0
ionosphere,0,relu,163,1,33,1,0,0,,0.0,0,0.08209999941755086,0,0.0,0.0,0.0
ionosphere,0,relu,169,1,33,1,0,0,,0.0,0,0.09480000881012529,0,0.0,0.0,0.0
ionosphere,0,relu,180,0,33,1,0,0,,0.0,0,0.08670000534038991,0,0.0,0.0,0.0
ionosphere,0,relu,214,0,33,1,0,0,,0.0,0,0.08459998934995383,0,0.0,0.0,0.0
ionosphere,0,relu,217,1,33,1,1,1,1.0,0.011363636363636364,1,0.09200000204145908,0,4.4930430043166325e-07,1.0,1.0
ionosphere,0,relu,239,1,33,1,0,0,,0.0,0,0.08699999307282269,0,0.0,0.0,0.0
ionosphere,0,relu,273,1,33,1,0,0,,0.0,0,0.08519999391864985,0,0.0,0.0,0.0
ionosphere,0,relu,306,1,33,1,0,0,,0.0,0,0.08349999552592635,0,0.0,0.0,0.0
ionosphere,0,relu,319,1,33,1,2,2,1.0,0.022727272727272728,1,0.08939999679569155,0,9.806984770932559e-07,2.0,2.0
ionosphere,1,tree,20,1,7,1,39,39,1.0,0.4431818181818182,1,0.049000009312294424,0,0.0,,
ionosphere,1,tree,57,0,5,1,3,3,1.0,0.03409090909090909,1,0.028700000257231295,0,0.0,,
ionosphere,1,tree,67,0,4,1,11,11,1.0,0.125,1,0.022899999748915434,0,0.0,,
ionosphere,1,tree,94,0,8,1,0,0,,0.0,0,0.03680000372696668,0,0.0,,
ionosphere,1,tree,135,1,7,1,39,39,1.0,0.4431818181818182,1,0.03310000465717167,0,0.0,,
ionosphere,1,tree,184,0,2,1,16,16,1.0,0.18181818181818182,1,0.014899997040629387,0,0.0,,
ionosphere,1,tree,187,1,7,1,39,39,1.0,0.4431818181818182,1,0.03260000084992498,0,0.0,,
ionosphere,1,tree,191,0,7,1,3,3,1.0,0.03409090909090909,1,0.03260000084992498,0,0.0,,
ionosphere,1,tree,204,0,2,1,16,16,1.0,0.18181818181818182,1,0.014299992471933365,0,0.0,,
ionosphere,1,tree,222,0,4,1,11,11,1.0,0.125,1,0.021800005924887955,0,0.0,,
ionosphere,1,tree,226,0,4,1,11,11,1.0,0.125,1,0.021500003640539944,0,0.0,,
ionosphere,1,tree,239,1,7,1,39,39,1.0,0.4431818181818182,1,0.03229999856557697,0,0.0,,
ionosphere,1,tree,246,0,2,1,16,16,1.0,0.18181818181818182,1,0.014399993233382702,0,0.0,,
ionosphere,1,tree,262,1,7,1,39,39,1.0,0.4431818181818182,1,0.032500000088475645,0,0.0,,
ionosphere,1,tree,296,1,7,1,39,39,1.0,0.4431818181818182,1,0.03229999856557697,0,0.0,,
ionosphere,1,tree,312,0,4,1,11,11,1.0,0.125,1,0.021500003640539944,0,0.0,,
ionosphere,1,tree,341,1,7,1,39,39,1.0,0.4431818181818182,1,0.03229999856557697,0,0.0,,
ionosphere,1,tree,342,0,7,1,3,3,1.0,0.03409090909090909,1,0.03229999856557697,0,0.0,,
ionosphere,1,linear,20,1,1,1,68,68,1.0,0.7727272727272727,1,0.11100000119768083,0,0.0,,
ionosphere,1,linear,57,0,1,1,20,20,1.0,0.22727272727272727,1,0.10380000458098948,0,0.0,,
ionosphere,1,linear,67,0,1,1,20,20,1.0,0.22727272727272727,1,0.09459999273531139,0,0.0,,
ionosphere,1,linear,94,1,1,1,68,68,1.0,0.7727272727272727,1,0.10779999138321728,0,0.0,,
ionosphere,1,linear,135,1,1,1,68,68,1.0,0.7727272727272727,1,0.09610000415705144,0,0.0,,
ionosphere,1,linear,184,0,1,1,20,20,1.0,0.22727272727272727,1,0.09369998588226736,0,0.0,,
ionosphere,1,linear,187,1,1,1,68,68,1.0,0.7727272727272727,1,0.09210000280290842,0,0.0,,
ionosphere,1,linear,191,0,1,1,20,20,1.0,0.22727272727272727,1,0.09259999205823988,0,0.0,,
ionosphere,1,linear,204,0,1,1,20,20,1.0,0.22727272727272727,1,0.09329999738838524,0,0.0,,
ionosphere,1,linear,222,1,1,1,68,68,1.0,0.7727272727272727,1,0.09420000424142927,0,0.0,,
ionosphere,1,linear,226,0,1,1,20,20,1.0,0.22727272727272727,1,0.09280000813305378,0,0.0,,
ionosphere,1,linear,239,1,1,1,68,68,1.0,0.7727272727272727,1,0.09279999358113855,0,0.0,,
ionosphere,1,linear,246,0,1,1,20,20,1.0,0.22727272727272727,1,0.10809999366756529,0,0.0,,
ionosphere,1,linear,262,1,1,1,68,68,1.0,0.7727272727272727,1,0.09439999121241271,0,0.0,,
ionosphere,1,linear,296,1,1,1,68,68,1.0,0.7727272727272727,1,0.0940000027185306,0,0.0,,
ionosphere,1,linear,312,1,1,1,68,68,1.0,0.7727272727272727,1,0.09330001194030046,0,0.0,,
ionosphere,1,linear,341,1,1,1,68,68,1.0,0.7727272727272727,1,0.09330001194030046,0,0.0,,
ionosphere,1,linear,342,1,1,1,68,68,1.0,0.7727272727272727,1,0.09180000051856041,0,0.0,,
ionosphere,1,relu,20,1,33,1,0,0,,0.0,0,0.1320000010309741,0,0.0,0.0,0.0
ionosphere,1,relu,57,0,33,1,0,0,,0.0,0,0.09190000128000975,0,0.0,0.0,0.0
ionosphere,1,relu,67,0,33,1,0,0,,0.0,0,0.08440000237897038,0,0.0,0.0,0.0
ionosphere,1,relu,94,1,33,1,0,0,,0.0,0,0.08269998943433166,0,0.0,0.0,0.0
ionosphere,1,relu,135,1,33,1,0,0,,0.0,0,0.08209999941755086,0,0.0,0.0,0.0
ionosphere,1,relu,184,0,33,1,0,0,,0.0,0,0.09469999349676073,0,0.0,0.0,0.0
ionosphere,1,relu,187,1,33,1,0,0,,0.0,0,0.08529999468009919,0,0.0,0.0,0.0
ionosphere,1,relu,191,0,33,1,0,0,,0.0,0,0.08260000322479755,0,0.0,0.0,0.0
ionosphere,1,relu,204,0,33,1,0,0,,0.0,0,0.08159999561030418,0,0.0,0.0,0.0
ionosphere,1,relu,222,0,33,1,0,0,,0.0,0,0.0813999940874055,0,0.0,0.0,0.0
ionosphere,1,relu,226,0,33,1,0,0,,0.0,0,0.08090000483207405,0,0.0,0.0,0.0
ionosphere,1,relu,239,1,33,1,0,0,,0.0,0,0.08129999332595617,0,0.0,0.0,0.0
ionosphere,1,relu,246,1,33,1,0,0,,0.0,0,0.08030000026337802,0,0.0,0.0,0.0
ionosphere,1,relu,262,1,33,1,0,0,,0.0,0,0.07989999721758068,0,0.0,0.0,0.0
ionosphere,1,relu,296,1,33,1,0,0,,0.0,0,0.07999999797903001,0,0.0,0.0,0.0
ionosphere,1,relu,312,1,33,1,0,0,,0.0,0,0.08030000026337802,0,0.0,0.0,0.0
ionosphere,1,relu,341,1,33,1,1,1,1.0,0.011363636363636364,1,0.08830000297166407,0,8.072804345005125e-07,1.0,1.0
ionosphere,1,relu,342,1,33,1,0,0,,0.0,0,0.0813999940874055,0,0.0,0.0,0.0
ionosphere,2,tree,6,1,4,1,57,57,1.0,0.6477272727272727,1,0.041099992813542485,0,0.0,,
ionosphere,2,tree,14,0,3,1,13,13,1.0,0.14772727272727273,1,0.021700005163438618,0,0.0,,
ionosphere,2,tree,39,1,4,1,57,57,1.0,0.6477272727272727,1,0.02340000355616212,0,0.0,,
ionosphere,2,tree,42,1,4,1,57,57,1.0,0.6477272727272727,1,0.022799998987466097,0,0.0,,
ionosphere,2,tree,52,0,4,1,1,1,1.0,0.011363636363636364,1,0.022299995180219412,0,0.0,,
ionosphere,2,tree,65,0,3,1,13,13,1.0,0.14772727272727273,1,0.018100006855092943,0,0.0,,
ionosphere,2,tree,91,0,1,1,14,14,1.0,0.1590909090909091,1,0.012900010915473104,0,0.0,,
ionosphere,2,tree,92,1,4,1,57,57,1.0,0.6477272727272727,1,0.022500011255033314,0,0.0,,
ionosphere,2,tree,128,0,1,1,14,14,1.0,0.1590909090909091,1,0.010599993402138352,0,0.0,,
ionosphere,2,tree,154,0,1,1,14,14,1.0,0.1590909090909091,1,0.010100004146806896,0,0.0,,
ionosphere,2,tree,171,1,4,1,57,57,1.0,0.6477272727272727,1,0.02160000440198928,0,0.0,,
ionosphere,2,tree,204,0,1,1,14,14,1.0,0.1590909090909091,1,0.010599993402138352,0,0.0,,
ionosphere,2,tree,209,1,5,1,1,1,1.0,0.011363636363636364,1,0.025600005756132305,0,0.0,,
ionosphere,2,tree,251,1,4,1,57,57,1.0,0.6477272727272727,1,0.0219999928958714,0,0.0,,
ionosphere,2,tree,255,1,4,1,57,57,1.0,0.6477272727272727,1,0.022199994418770075,0,0.0,,
ionosphere,2,tree,260,1,4,1,57,57,1.0,0.6477272727272727,1,0.022200008970685303,0,0.0,,
ionosphere,2,tree,293,1,4,1,57,57,1.0,0.6477272727272727,1,0.02139998832717538,0,0.0,,
ionosphere,2,tree,340,0,1,1,14,14,1.0,0.1590909090909091,1,0.010700008715502918,0,0.0,,
ionosphere,2,linear,6,1,1,1,66,66,1.0,0.75,1,0.1145999995060265,0,0.0,,
ionosphere,2,linear,14,1,1,1,66,66,1.0,0.75,1,0.09690001024864614,0,0.0,,
ionosphere,2,linear,39,1,1,1,66,66,1.0,0.75,1,0.11530000483617187,0,0.0,,
ionosphere,2,linear,42,1,1,1,66,66,1.0,0.75,1,0.09590000263415277,0,0.0,,
ionosphere,2,linear,52,1,1,1,66,66,1.0,0.75,1,0.08940001134760678,0,0.0,,
ionosphere,2,linear,65,1,1,1,66,66,1.0,0.75,1,0.09480000881012529,0,0.0,,
ionosphere,2,linear,91,0,1,1,22,22,1.0,0.25,1,0.09650000720284879,0,0.0,,
ionosphere,2,linear,92,1,1,1,66,66,1.0,0.75,1,0.09019998833537102,0,0.0,,
ionosphere,2,linear,128,0,1,1,22,22,1.0,0.25,1,0.08880000677891076,0,0.0,,
ionosphere,2,linear,154,0,1,1,22,22,1.0,0.25,1,0.08919999527279288,0,0.0,,
ionosphere,2,linear,171,1,1,1,66,66,1.0,0.75,1,0.08919999527279288,0,0.0,,
ionosphere,2,linear,204,1,1,1,66,66,1.0,0.75,1,0.08909999451134354,0,0.0,,
ionosphere,2,linear,209,1,1,1,66,66,1.0,0.75,1,0.08830000297166407,0,0.0,,
ionosphere,2,linear,251,1,1,1,66,66,1.0,0.75,1,0.08880000677891076,0,0.0,,
ionosphere,2,linear,255,1,1,1,66,66,1.0,0.75,1,0.08939999679569155,0,0.0,,
ionosphere,2,linear,260,1,1,1,66,66,1.0,0.75,1,0.08869999146554619,0,0.0,,
ionosphere,2,linear,293,1,1,1,66,66,1.0,0.75,1,0.08889999298844486,0,0.0,,
ionosphere,2,linear,340,1,1,1,66,66,1.0,0.75,1,0.09790000331122428,0,0.0,,
ionosphere,2,relu,6,1,33,1,0,0,,0.0,0,0.12159999459981918,0,0.0,0.0,0.0
ionosphere,2,relu,14,1,33,1,0,0,,0.0,0,0.08679999154992402,0,0.0,0.0,0.0
ionosphere,2,relu,39,1,33,1,0,0,,0.0,0,0.07949999417178333,0,0.0,0.0,0.0
ionosphere,2,relu,42,1,33,1,0,0,,0.0,0,0.07730000652372837,0,0.0,0.0,0.0
ionosphere,2,relu,52,1,33,1,0,0,,0.0,0,0.07670000195503235,0,0.0,0.0,0.0
ionosphere,2,relu,65,1,33,1,0,0,,0.0,0,0.07530000584665686,0,0.0,0.0,0.0
ionosphere,2,relu,91,0,33,1,0,0,,0.0,0,0.0746000005165115,0,0.0,0.0,0.0
ionosphere,2,relu,92,1,33,1,0,0,,0.0,0,0.07419999747071415,0,0.0,0.0,0.0
ionosphere,2,relu,128,0,33,1,0,0,,0.0,0,0.07720000576227903,0,0.0,0.0,0.0
ionosphere,2,relu,154,0,33,1,1,1,1.0,0.011363636363636364,1,0.08399999933317304,0,1.1595743885095544e-06,1.0,1.0
ionosphere,2,relu,171,1,33,1,0,0,,0.0,0,0.07600001117680222,0,0.0,0.0,0.0
ionosphere,2,relu,204,0,33,1,0,0,,0.0,0,0.07399999594781548,0,0.0,0.0,0.0
ionosphere,2,relu,209,1,33,1,0,0,,0.0,0,0.07409999670926481,0,0.0,0.0,0.0
ionosphere,2,relu,251,1,33,1,0,0,,0.0,0,0.07369999366346747,0,0.0,0.0,0.0
ionosphere,2,relu,255,1,33,1,0,0,,0.0,0,0.07320000440813601,0,0.0,0.0,0.0
ionosphere,2,relu,260,1,33,1,0,0,,0.0,0,0.07279998681042343,0,0.0,0.0,0.0
ionosphere,2,relu,293,1,33,1,0,0,,0.0,0,0.07320000440813601,0,0.0,0.0,0.0
ionosphere,2,relu,340,1,33,1,0,0,,0.0,0,0.08109999180305749,0,0.0,0.0,0.0
ionosphere,3,tree,4,1,8,1,56,56,1.0,0.6363636363636364,1,0.05370000144466758,0,0.0,,
ionosphere,3,tree,5,0,1,1,11,11,1.0,0.125,1,0.012599994079209864,0,0.0,,
ionosphere,3,tree,7,0,1,1,11,11,1.0,0.125,1,0.010000003385357559,0,0.0,,
ionosphere,3,tree,25,1,4,1,0,0,,0.0,0,0.019899991457350552,0,0.0,,
ionosphere,3,tree,63,1,8,1,0,0,,0.0,0,0.03310000465717167,0,0.0,,
ionosphere,3,tree,95,0,1,1,11,11,1.0,0.125,1,0.009400013368576765,0,0.0,,
ionosphere,3,tree,107,1,8,1,56,56,1.0,0.6363636363636364,1,0.03270000161137432,0,0.0,,
ionosphere,3,tree,141,1,8,1,56,56,1.0,0.6363636363636364,1,0.04159999662078917,0,0.0,,
ionosphere,3,tree,157,1,8,1,56,56,1.0,0.6363636363636364,1,0.03310000465717167,0,0.0,,
ionosphere,3,tree,188,0,1,1,11,11,1.0,0.125,1,0.009900002623908222,0,0.0,,
ionosphere,3,tree,193,1,8,1,56,56,1.0,0.6363636363636364,1,0.03239999932702631,0,0.0,,
ionosphere,3,tree,199,1,8,1,56,56,1.0,0.6363636363636364,1,0.032199997804127634,0,0.0,,
ionosphere,3,tree,246,0,1,1,11,11,1.0,0.125,1,0.009399998816661537,0,0.0,,
ionosphere,3,tree,294,1,8,1,13,13,1.0,0.14772727272727273,1,0.03260000084992498,0,0.0,,
ionosphere,3,tree,297,1,8,1,56,56,1.0,0.6363636363636364,1,0.032199997804127634,0,0.0,,
ionosphere,3,tree,299,1,8,1,56,56,1.0,0.6363636363636364,1,0.03239999932702631,0,0.0,,
ionosphere,3,tree,303,1,8,1,56,56,1.0,0.6363636363636364,1,0.032199997804127634,0,0.0,,
ionosphere,3,tree,306,1,8,1,13,13,1.0,0.14772727272727273,1,0.0320999970426783,0,0.0,,
ionosphere,3,linear,4,1,1,1,65,65,1.0,0.7386363636363636,1,0.11150000500492752,0,0.0,,
ionosphere,3,linear,5,0,1,1,23,23,1.0,0.26136363636363635,1,0.09250000584870577,0,0.0,,
ionosphere,3,linear,7,0,1,1,23,23,1.0,0.26136363636363635,1,0.08490000618621707,0,0.0,,
ionosphere,3,linear,25,0,1,1,23,23,1.0,0.26136363636363635,1,0.08289999095723033,0,0.0,,
ionosphere,3,linear,63,1,1,1,65,65,1.0,0.7386363636363636,1,0.08410000009462237,0,0.0,,
ionosphere,3,linear,95,1,1,1,65,65,1.0,0.7386363636363636,1,0.16480000340379775,0,0.0,,
ionosphere,3,linear,107,1,1,1,65,65,1.0,0.7386363636363636,1,0.10869999823626131,0,0.0,,
ionosphere,3,linear,141,1,1,1,65,65,1.0,0.7386363636363636,1,0.09380000119563192,0,0.0,,
ionosphere,3,linear,157,1,1,1,65,65,1.0,0.7386363636363636,1,0.0931999966269359,0,0.0,,
ionosphere,3,linear,188,0,1,1,23,23,1.0,0.26136363636363635,1,0.09359999967273325,0,0.0,,
ionosphere,3,linear,193,1,1,1,65,65,1.0,0.7386363636363636,1,0.08460000390186906,0,0.0,,
ionosphere,3,linear,199,1,1,1,65,65,1.0,0.7386363636363636,1,0.08279999019578099,0,0.0,,
ionosphere,3,linear,246,0,1,1,23,23,1.0,0.26136363636363635,1,0.08270000398624688,0,0.0,,
ionosphere,3,linear,294,1,1,1,65,65,1.0,0.7386363636363636,1,0.08199999865610152,0,0.0,,
ionosphere,3,linear,297,1,1,1,65,65,1.0,0.7386363636363636,1,0.08240000170189887,0,0.0,,
ionosphere,3,linear,299,1,1,1,65,65,1.0,0.7386363636363636,1,0.08820000221021473,0,0.0,,
ionosphere,3,linear,303,1,1,1,65,65,1.0,0.7386363636363636,1,0.09189998672809452,0,0.0,,
ionosphere,3,linear,306,1,1,1,65,65,1.0,0.7386363636363636,1,0.09240000508725643,0,0.0,,
ionosphere,3,relu,4,1,33,1,0,0,,0.0,0,0.13559999933931977,0,0.0,0.0,0.0
ionosphere,3,relu,5,0,33,1,0,0,,0.0,0,0.0926000066101551,0,0.0,0.0,0.0
ionosphere,3,relu,7,0,33,1,0,0,,0.0,0,0.08709999383427203,0,0.0,0.0,0.0
ionosphere,3,relu,25,1,33,1,0,0,,0.0,0,0.09639999188948423,0,0.0,0.0,0.0
ionosphere,3,relu,63,0,33,1,0,0,,0.0,0,0.08539999544154853,0,0.0,0.0,0.0
ionosphere,3,relu,95,1,33,1,0,0,,0.0,0,0.08349999552592635,0,0.0,0.0,0.0
ionosphere,3,relu,107,1,33,1,0,0,,0.0,0,0.08270000398624688,0,0.0,0.0,0.0
ionosphere,3,relu,141,1,33,1,1,1,1.0,0.011363636363636364,1,0.08969999908003956,0,7.909041546128037e-07,1.0,1.0
ionosphere,3,relu,157,1,33,1,0,0,,0.0,0,0.0822000001790002,0,0.0,0.0,0.0
ionosphere,3,relu,188,0,33,1,0,0,,0.0,0,0.0816000101622194,0,0.0,0.0,0.0
ionosphere,3,relu,193,1,33,1,0,0,,0.0,0,0.0799000117694959,0,0.0,0.0,0.0
ionosphere,3,relu,199,1,33,1,0,0,,0.0,0,0.07950000872369856,0,0.0,0.0,0.0
ionosphere,3,relu,246,0,33,1,0,0,,0.0,0,0.07949999417178333,0,0.0,0.0,0.0
ionosphere,3,relu,294,0,33,1,0,0,,0.0,0,0.07939999341033399,0,0.0,0.0,0.0
ionosphere,3,relu,297,1,33,1,0,0,,0.0,0,0.07930000720079988,0,0.0,0.0,0.0
ionosphere,3,relu,299,1,33,1,0,0,,0.0,0,0.07840000034775585,0,0.0,0.0,0.0
ionosphere,3,relu,303,1,33,1,1,1,1.0,0.011363636363636364,1,0.08710000838618726,0,7.909041546128037e-07,1.0,1.0
ionosphere,3,relu,306,1,33,1,0,0,,0.0,0,0.08019999950192869,0,0.0,0.0,0.0
ionosphere,4,tree,18,1,6,1,55,55,1.0,0.625,1,0.046200002543628216,0,0.0,,
ionosphere,4,tree,45,0,1,1,15,15,1.0,0.17045454545454544,1,0.013999990187585354,0,0.0,,
ionosphere,4,tree,46,1,6,1,55,55,1.0,0.625,1,0.030800001695752144,0,0.0,,
ionosphere,4,tree,75,0,1,1,15,15,1.0,0.17045454545454544,1,0.011099997209385037,0,0.0,,
ionosphere,4,tree,106,0,1,1,15,15,1.0,0.17045454545454544,1,0.01069999416358769,0,0.0,,
ionosphere,4,tree,149,1,6,1,55,55,1.0,0.625,1,0.02950000634882599,0,0.0,,
ionosphere,4,tree,150,0,5,1,2,2,1.0,0.022727272727272728,1,0.025699991965666413,0,0.0,,
ionosphere,4,tree,154,0,1,1,15,15,1.0,0.17045454545454544,1,0.010400006431154907,0,0.0,,
ionosphere,4,tree,184,0,1,1,15,15,1.0,0.17045454545454544,1,0.010299991117790341,0,0.0,,
ionosphere,4,tree,191,1,6,1,55,55,1.0,0.625,1,0.02950000634882599,0,0.0,,
ionosphere,4,tree,205,1,6,1,55,55,1.0,0.625,1,0.029000002541579306,0,0.0,,
ionosphere,4,tree,235,1,6,1,55,55,1.0,0.625,1,0.029100003303028643,0,0.0,,
ionosphere,4,tree,248,0,1,1,15,15,1.0,0.17045454545454544,1,0.010499992640689015,0,0.0,,
ionosphere,4,tree,265,1,6,1,55,55,1.0,0.625,1,0.02890000178012997,0,0.0,,
ionosphere,4,tree,279,1,6,1,55,55,1.0,0.625,1,0.030199997127056122,0,0.0,,
ionosphere,4,tree,285,1,6,1,55,55,1.0,0.625,1,0.0295999925583601,0,0.0,,
ionosphere,4,tree,317,1,6,1,55,55,1.0,0.625,1,0.028800001018680632,0,0.0,,
ionosphere,4,tree,346,1,6,1,55,55,1.0,0.625,1,0.040099999750964344,0,0.0,,
ionosphere,4,linear,18,1,1,1,64,64,1.0,0.7272727272727273,1,0.12110000534448773,0,0.0,,
ionosphere,4,linear,45,0,1,1,24,24,1.0,0.2727272727272727,1,0.09859999408945441,0,0.0,,
ionosphere,4,linear,46,1,1,1,64,64,1.0,0.7272727272727273,1,0.09529999806545675,0,0.0,,
ionosphere,4,linear,75,0,1,1,24,24,1.0,0.2727272727272727,1,0.09249999129679054,0,0.0,,
ionosphere,4,linear,106,0,1,1,24,24,1.0,0.2727272727272727,1,0.09309999586548656,0,0.0,,
ionosphere,4,linear,149,1,1,1,64,64,1.0,0.7272727272727273,1,0.0914999982342124,0,0.0,,
ionosphere,4,linear,150,1,1,1,64,64,1.0,0.7272727272727273,1,0.0923000043258071,0,0.0,,
ionosphere,4,linear,154,0,1,1,24,24,1.0,0.2727272727272727,1,0.0914999982342124,0,0.0,,
ionosphere,4,linear,184,0,1,1,24,24,1.0,0.2727272727272727,1,0.09080000745598227,0,0.0,,
ionosphere,4,linear,191,0,1,1,24,24,1.0,0.2727272727272727,1,0.09229998977389187,0,0.0,,
ionosphere,4,linear,205,1,1,1,64,64,1.0,0.7272727272727273,1,0.09309999586548656,0,0.0,,
ionosphere,4,linear,235,1,1,1,64,64,1.0,0.7272727272727273,1,0.09220000356435776,0,0.0,,
ionosphere,4,linear,248,0,1,1,24,24,1.0,0.2727272727272727,1,0.09300000965595245,0,0.0,,
ionosphere,4,linear,265,1,1,1,64,64,1.0,0.7272727272727273,1,0.09279999358113855,0,0.0,,
ionosphere,4,linear,279,1,1,1,64,64,1.0,0.7272727272727273,1,0.10999999358318746,0,0.0,,
ionosphere,4,linear,285,1,1,1,64,64,1.0,0.7272727272727273,1,0.09289999434258789,0,0.0,,
ionosphere,4,linear,317,1,1,1,64,64,1.0,0.7272727272727273,1,0.09139999747276306,0,0.0,,
ionosphere,4,linear,346,1,1,1,64,64,1.0,0.7272727272727273,1,0.09180000051856041,0,0.0,,
ionosphere,4,relu,18,1,33,1,0,0,,0.0,0,0.13559999933931977,0,0.0,0.0,0.0
ionosphere,4,relu,45,0,33,1,0,0,,0.0,0,0.09480000881012529,0,0.0,0.0,0.0
ionosphere,4,relu,46,1,33,1,1,1,1.0,0.011363636363636364,1,0.09719999798107892,0,7.334712250894881e-07,1.0,1.0
ionosphere,4,relu,75,1,33,1,0,0,,0.0,0,0.0872999953571707,0,0.0,0.0,0.0
ionosphere,4,relu,106,0,33,1,0,0,,0.0,0,0.0850000069476664,0,0.0,0.0,0.0
ionosphere,4,relu,149,1,33,1,0,0,,0.0,0,0.08400001388508826,0,0.0,0.0,0.0
ionosphere,4,relu,150,0,33,1,0,0,,0.0,0,0.08350001007784158,0,0.0,0.0,0.0
ionosphere,4,relu,154,0,33,1,0,0,,0.0,0,0.08360001083929092,0,0.0,0.0,0.0
ionosphere,4,relu,184,0,33,1,0,0,,0.0,0,0.09000000136438757,0,0.0,0.0,0.0
ionosphere,4,relu,191,0,33,1,0,0,,0.0,0,0.0906000059330836,0,0.0,0.0,0.0
ionosphere,4,relu,205,1,33,1,0,0,,0.0,0,0.08610000077169389,0,0.0,0.0,0.0
ionosphere,4,relu,235,1,33,1,0,0,,0.0,0,0.08140000863932073,0,0.0,0.0,0.0
ionosphere,4,relu,248,0,33,1,0,0,,0.0,0,0.08950001210905612,0,0.0,0.0,0.0
ionosphere,4,relu,265,1,33,1,0,0,,0.0,0,0.0864000030560419,0,0.0,0.0,0.0
ionosphere,4,relu,279,1,33,1,1,1,1.0,0.011363636363636364,1,0.08939999679569155,0,6.14655830233346e-07,1.0,1.0
ionosphere,4,relu,285,1,33,1,0,0,,0.0,0,0.08440000237897038,0,0.0,0.0,0.0
ionosphere,4,relu,317,1,33,1,0,0,,0.0,0,0.08319999324157834,0,0.0,0.0,0.0
ionosphere,4,relu,346,1,33,1,2,2,1.0,0.022727272727272728,1,0.08779999916441739,0,3.45441131699431e-07,2.0,2.0
sonar,0,tree,6,0,6,1,3,3,1.0,0.057692307692307696,1,0.04749999789055437,0,0.0,,
sonar,0,tree,18,1,7,1,28,28,1.0,0.5384615384615384,1,0.03479998849797994,0,0.0,,
sonar,0,tree,63,0,3,1,13,13,1.0,0.25,1,0.01889999839477241,0,0.0,,
sonar,0,tree,66,0,3,1,13,13,1.0,0.25,1,0.017600003047846258,0,0.0,,
sonar,0,tree,84,0,4,1,1,1,1.0,0.019230769230769232,1,0.02169999061152339,0,0.0,,
sonar,0,tree,108,0,3,1,13,13,1.0,0.25,1,0.01750000228639692,0,0.0,,
sonar,0,tree,113,1,7,1,28,28,1.0,0.5384615384615384,1,0.031200004741549492,0,0.0,,
sonar,0,tree,117,1,7,1,28,28,1.0,0.5384615384615384,1,0.031200004741549492,0,0.0,,
sonar,0,tree,176,1,4,1,3,3,1.0,0.057692307692307696,1,0.020799998310394585,0,0.0,,
sonar,0,tree,181,1,7,1,28,28,1.0,0.5384615384615384,1,0.030399998649954796,0,0.0,,
sonar,0,tree,206,1,7,1,28,28,1.0,0.5384615384615384,1,0.031000003218650818,0,0.0,,
sonar,0,linear,6,0,1,1,16,16,1.0,0.3076923076923077,1,0.1120000088121742,0,0.0,,
sonar,0,linear,18,0,1,1,16,16,1.0,0.3076923076923077,1,0.09880001016426831,0,0.0,,
sonar,0,linear,63,0,1,1,16,16,1.0,0.3076923076923077,1,0.08900000830180943,0,0.0,,
sonar,0,linear,66,0,1,1,16,16,1.0,0.3076923076923077,1,0.08880000677891076,0,0.0,,
sonar,0,linear,84,1,1,1,36,36,1.0,0.6923076923076923,1,0.08919999527279288,0,0.0,,
sonar,0,linear,108,1,1,1,36,36,1.0,0.6923076923076923,1,0.08889999298844486,0,0.0,,
sonar,0,linear,113,0,1,1,16,16,1.0,0.3076923076923077,1,0.0881000014487654,0,0.0,,
sonar,0,linear,117,1,1,1,36,36,1.0,0.6923076923076923,1,0.08620000153314322,0,0.0,,
sonar,0,linear,176,1,1,1,36,36,1.0,0.6923076923076923,1,0.08610000077169389,0,0.0,,
sonar,0,linear,181,1,1,1,36,36,1.0,0.6923076923076923,1,0.08650000381749123,0,0.0,,
sonar,0,linear,206,1,1,1,36,36,1.0,0.6923076923076923,1,0.08779999916441739,0,0.0,,
sonar,0,relu,6,1,33,1,0,0,,0.0,0,0.13719999697059393,0,0.0,0.0,0.0
sonar,0,relu,18,0,33,1,0,0,,0.0,0,0.09869999485090375,0,0.0,0.0,0.0
sonar,0,relu,63,0,33,1,0,0,,0.0,0,0.09089999366551638,0,0.0,0.0,0.0
sonar,0,relu,66,0,33,1,0,0,,0.0,0,0.08929999603424221,0,0.0,0.0,0.0
sonar,0,relu,84,1,33,1,0,0,,0.0,0,0.08749999688006938,0,0.0,0.0,0.0
sonar,0,relu,108,1,33,1,0,0,,0.0,0,0.08700000762473792,0,0.0,0.0,0.0
sonar,0,relu,113,1,33,1,0,0,,0.0,0,0.08620000153314322,0,0.0,0.0,0.0
sonar,0,relu,117,1,33,1,0,0,,0.0,0,0.08530000923201442,0,0.0,0.0,0.0
sonar,0,relu,176,1,33,1,0,0,,0.0,0,0.0847000046633184,0,0.0,0.0,0.0
sonar,0,relu,181,1,33,1,0,0,,0.0,0,0.08450000314041972,0,0.0,0.0,0.0
sonar,0,relu,206,1,33,1,0,0,,0.0,0,0.08480000542476773,0,0.0,0.0,0.0
sonar,1,tree,3,1,4,1,1,1,1.0,0.019230769230769232,1,0.03779999678954482,0,0.0,,
sonar,1,tree,10,0,3,1,14,14,1.0,0.2692307692307692,1,0.02130000211764127,0,0.0,,
sonar,1,tree,34,0,3,1,14,14,1.0,0.2692307692307692,1,0.018999999156221747,0,0.0,,
sonar,1,tree,58,0,3,1,14,14,1.0,0.2692307692307692,1,0.01829999382607639,0,0.0,,
sonar,1,tree,87,1,4,1,19,19,1.0,0.36538461538461536,1,0.02239999594166875,0,0.0,,
sonar,1,tree,107,0,3,1,14,14,1.0,0.2692307692307692,1,0.018100006855092943,0,0.0,,
sonar,1,tree,112,0,4,1,4,4,1.0,0.07692307692307693,1,0.02200000744778663,0,0.0,,
sonar,1,tree,154,1,4,1,3,3,1.0,0.057692307692307696,1,0.022599997464567423,0,0.0,,
sonar,1,tree,170,0,4,1,4,4,1.0,0.07692307692307693,1,0.022199994418770075,0,0.0,,
sonar,1,tree,175,1,4,1,19,19,1.0,0.36538461538461536,1,0.021900006686337292,0,0.0,,
sonar,1,tree,179,1,4,1,19,19,1.0,0.36538461538461536,1,0.02200000744778663,0,0.0,,
sonar,1,linear,3,0,1,1,24,24,1.0,0.46153846153846156,1,0.10680001287255436,0,0.0,,
sonar,1,linear,10,0,1,1,24,24,1.0,0.46153846153846156,1,0.09919999865815043,0,0.0,,
sonar,1,linear,34,0,1,1,24,24,1.0,0.46153846153846156,1,0.09960000170394778,0,0.0,,
sonar,1,linear,58,0,1,1,24,24,1.0,0.46153846153846156,1,0.09210000280290842,0,0.0,,
sonar,1,linear,87,0,1,1,24,24,1.0,0.46153846153846156,1,0.09729999874252826,0,0.0,,
sonar,1,linear,107,0,1,1,24,24,1.0,0.46153846153846156,1,0.08990000060293823,0,0.0,,
sonar,1,linear,112,1,1,1,28,28,1.0,0.5384615384615384,1,0.08959999831859022,0,0.0,,
sonar,1,linear,154,0,1,1,24,24,1.0,0.46153846153846156,1,0.08990000060293823,0,0.0,,
sonar,1,linear,170,1,1,1,28,28,1.0,0.5384615384615384,1,0.09119999594986439,0,0.0,,
sonar,1,linear,175,1,1,1,28,28,1.0,0.5384615384615384,1,0.09610000415705144,0,0.0,,
sonar,1,linear,179,1,1,1,28,28,1.0,0.5384615384615384,1,0.09019998833537102,0,0.0,,
sonar,1,relu,3,0,33,1,0,0,,0.0,0,0.13770000077784061,0,0.0,0.0,0.0
sonar,1,relu,10,0,33,1,0,0,,0.0,0,0.09499999578110874,0,0.0,0.0,0.0
sonar,1,relu,34,0,33,1,0,0,,0.0,0,0.0982999918051064,0,0.0,0.0,0.0
sonar,1,relu,58,0,33,1,1,1,1.0,0.019230769230769232,1,0.0957000011112541,0,1.9394682304607613e-07,1.0,1.0
sonar,1,relu,87,0,33,1,0,0,,0.0,0,0.08709999383427203,0,0.0,0.0,0.0
sonar,1,relu,107,1,33,1,0,0,,0.0,0,0.0855999969644472,0,0.0,0.0,0.0
sonar,1,relu,112,1,33,1,0,0,,0.0,0,0.08769999840296805,0,0.0,0.0,0.0
sonar,1,relu,154,0,33,1,0,0,,0.0,0,0.08299999171867967,0,0.0,0.0,0.0
sonar,1,relu,170,1,33,1,0,0,,0.0,0,0.0833000085549429,0,0.0,0.0,0.0
sonar,1,relu,175,1,33,1,0,0,,0.0,0,0.0822000001790002,0,0.0,0.0,0.0
sonar,1,relu,179,1,33,1,0,0,,0.0,0,0.08209999941755086,0,0.0,0.0,0.0
sonar,2,tree,14,1,6,1,25,25,1.0,0.4807692307692308,1,0.045599997974932194,0,0.0,,
sonar,2,tree,26,0,2,1,12,12,1.0,0.23076923076923078,1,0.01720000000204891,0,0.0,,
sonar,2,tree,35,1,6,1,25,25,1.0,0.4807692307692308,1,0.029699993319809437,0,0.0,,
sonar,2,tree,47,1,6,1,25,25,1.0,0.4807692307692308,1,0.02950000634882599,0,0.0,,
sonar,2,tree,49,1,6,1,25,25,1.0,0.4807692307692308,1,0.027700007194653153,0,0.0,,
sonar,2,tree,98,0,4,1,3,3,1.0,0.057692307692307696,1,0.020899999071843922,0,0.0,,
sonar,2,tree,129,1,6,1,25,25,1.0,0.4807692307692308,1,0.028099995688535273,0,0.0,,
sonar,2,tree,148,1,6,1,25,25,1.0,0.4807692307692308,1,0.027799993404187262,0,0.0,,
sonar,2,tree,165,0,3,1,4,4,1.0,0.07692307692307693,1,0.01790000533219427,0,0.0,,
sonar,2,tree,187,1,6,1,25,25,1.0,0.4807692307692308,1,0.0278999941656366,0,0.0,,
sonar,2,tree,193,1,6,1,25,25,1.0,0.4807692307692308,1,0.027699992642737925,0,0.0,,
sonar,2,linear,14,0,1,1,24,24,1.0,0.46153846153846156,1,0.11310000263620168,0,0.0,,
sonar,2,linear,26,0,1,1,24,24,1.0,0.46153846153846156,1,0.09630000567995012,0,0.0,,
sonar,2,linear,35,1,1,1,28,28,1.0,0.5384615384615384,1,0.0940000027185306,0,0.0,,
sonar,2,linear,47,1,1,1,28,28,1.0,0.5384615384615384,1,0.09030000364873558,0,0.0,,
sonar,2,linear,49,0,1,1,24,24,1.0,0.46153846153846156,1,0.09000000136438757,0,0.0,,
sonar,2,linear,98,1,1,1,28,28,1.0,0.5384615384615384,1,0.09100000897888094,0,0.0,,
sonar,2,linear,129,1,1,1,28,28,1.0,0.5384615384615384,1,0.10289999772794545,0,0.0,,
sonar,2,linear,148,1,1,1,28,28,1.0,0.5384615384615384,1,0.09250000584870577,0,0.0,,
sonar,2,linear,165,0,1,1,24,24,1.0,0.46153846153846156,1,0.09249999129679054,0,0.0,,
sonar,2,linear,187,1,1,1,28,28,1.0,0.5384615384615384,1,0.08969999908003956,0,0.0,,
sonar,2,linear,193,0,1,1,24,24,1.0,0.46153846153846156,1,0.0897999998414889,0,0.0,,
sonar,2,relu,14,0,33,1,0,0,,0.0,0,0.13440000475384295,0,0.0,0.0,0.0
sonar,2,relu,26,0,33,1,0,0,,0.0,0,0.09820000559557229,0,0.0,0.0,0.0
sonar,2,relu,35,1,33,1,0,0,,0.0,0,0.09139999747276306,0,0.0,0.0,0.0
sonar,2,relu,47,1,33,1,0,0,,0.0,0,0.09000000136438757,0,0.0,0.0,0.0
sonar,2,relu,49,1,33,1,0,0,,0.0,0,0.08719999459572136,0,0.0,0.0,0.0
sonar,2,relu,98,1,33,1,0,0,,0.0,0,0.08670000534038991,0,0.0,0.0,0.0
sonar,2,relu,129,1,33,1,0,0,,0.0,0,0.08680000610183924,0,0.0,0.0,0.0
sonar,2,relu,148,1,33,1,0,0,,0.0,0,0.08749999688006938,0,0.0,0.0,0.0
sonar,2,relu,165,0,33,1,0,0,,0.0,0,0.0872999953571707,0,0.0,0.0,0.0
sonar,2,relu,187,1,33,1,0,0,,0.0,0,0.0864000030560419,0,0.0,0.0,0.0
sonar,2,relu,193,1,33,1,0,0,,0.0,0,0.08660000457894057,0,0.0,0.0,0.0
sonar,3,tree,15,0,2,1,0,0,,0.0,0,0.03139999171253294,0,0.0,,
sonar,3,tree,17,0,4,1,10,10,1.0,0.19230769230769232,1,0.027299989596940577,0,0.0,,
sonar,3,tree,25,0,3,1,5,5,1.0,0.09615384615384616,1,0.020799998310394585,0,0.0,,
sonar,3,tree,36,0,4,1,10,10,1.0,0.19230769230769232,1,0.023100001271814108,0,0.0,,
sonar,3,tree,75,0,4,1,10,10,1.0,0.19230769230769232,1,0.022499996703118086,0,0.0,,
sonar,3,tree,106,0,4,1,10,10,1.0,0.19230769230769232,1,0.0236999912885949,0,0.0,,
sonar,3,tree,113,1,6,1,27,27,1.0,0.5192307692307693,1,0.0320999970426783,0,0.0,,
sonar,3,tree,121,1,6,1,27,27,1.0,0.5192307692307693,1,0.03130000550299883,0,0.0,,
sonar,3,tree,142,1,6,1,27,27,1.0,0.5192307692307693,1,0.030499999411404133,0,0.0,,
sonar,3,tree,165,0,4,1,2,2,1.0,0.038461538461538464,1,0.022800013539381325,0,0.0,,
sonar,3,tree,202,1,6,1,27,27,1.0,0.5192307692307693,1,0.030300012440420687,0,0.0,,
sonar,3,linear,15,0,1,1,27,27,1.0,0.5192307692307693,1,0.1086000120267272,0,0.0,,
sonar,3,linear,17,1,1,1,25,25,1.0,0.4807692307692308,1,0.0990999978967011,0,0.0,,
sonar,3,linear,25,0,1,1,27,27,1.0,0.5192307692307693,1,0.09329999738838524,0,0.0,,
sonar,3,linear,36,0,1,1,27,27,1.0,0.5192307692307693,1,0.08969999908003956,0,0.0,,
sonar,3,linear,75,0,1,1,27,27,1.0,0.5192307692307693,1,0.09030000364873558,0,0.0,,
sonar,3,linear,106,0,1,1,27,27,1.0,0.5192307692307693,1,0.09019998833537102,0,0.0,,
sonar,3,linear,113,0,1,1,27,27,1.0,0.5192307692307693,1,0.0897999998414889,0,0.0,,
sonar,3,linear,121,1,1,1,25,25,1.0,0.4807692307692308,1,0.26000000070780516,0,0.0,,
sonar,3,linear,142,1,1,1,25,25,1.0,0.4807692307692308,1,0.21640000340994447,0,0.0,,
sonar,3,linear,165,0,1,1,27,27,1.0,0.5192307692307693,1,0.11360000644344836,0,0.0,,
sonar,3,linear,202,1,1,1,25,25,1.0,0.4807692307692308,1,0.09610000415705144,0,0.0,,
sonar,3,relu,15,0,33,1,0,0,,0.0,0,0.1362000039080158,0,0.0,0.0,0.0
sonar,3,relu,17,1,33,1,0,0,,0.0,0,0.09879999561235309,0,0.0,0.0,0.0
sonar,3,relu,25,0,33,1,0,0,,0.0,0,0.09349999891128391,0,0.0,0.0,0.0
sonar,3,relu,36,0,33,1,0,0,,0.0,0,0.08990000060293823,0,0.0,0.0,0.0
sonar,3,relu,75,0,33,1,0,0,,0.0,0,0.08849998994264752,0,0.0,0.0,0.0
sonar,3,relu,106,0,33,1,0,0,,0.0,0,0.08719999459572136,0,0.0,0.0,0.0
sonar,3,relu,113,1,33,1,0,0,,0.0,0,0.08739999611862004,0,0.0,0.0,0.0
sonar,3,relu,121,1,33,1,0,0,,0.0,0,0.08759999764151871,0,0.0,0.0,0.0
sonar,3,relu,142,1,33,1,0,0,,0.0,0,0.08749999688006938,0,0.0,0.0,0.0
sonar,3,relu,165,0,33,1,0,0,,0.0,0,0.08719999459572136,0,0.0,0.0,0.0
sonar,3,relu,202,1,33,1,0,0,,0.0,0,0.08650000381749123,0,0.0,0.0,0.0
sonar,4,tree,1,1,5,1,22,22,1.0,0.4230769230769231,1,0.04159999662078917,0,0.0,,
sonar,4,tree,34,1,5,1,22,22,1.0,0.4230769230769231,1,0.028099995688535273,0,0.0,,
sonar,4,tree,55,0,3,1,12,12,1.0,0.23076923076923078,1,0.0202999945031479,0,0.0,,
sonar,4,tree,71,0,3,1,12,12,1.0,0.23076923076923078,1,0.019400002202019095,0,0.0,,
sonar,4,tree,91,1,5,1,22,22,1.0,0.4230769230769231,1,0.033899996196851134,0,0.0,,
sonar,4,tree,114,1,5,1,22,22,1.0,0.4230769230769231,1,0.026900001103058457,0,0.0,,
sonar,4,tree,135,1,3,1,5,5,1.0,0.09615384615384616,1,0.01820000761654228,0,0.0,,
sonar,4,tree,138,1,5,1,22,22,1.0,0.4230769230769231,1,0.024900000425986946,0,0.0,,
sonar,4,tree,154,0,3,1,12,12,1.0,0.23076923076923078,1,0.01789999078027904,0,0.0,,
sonar,4,tree,177,1,3,1,3,3,1.0,0.057692307692307696,1,0.018000006093643606,0,0.0,,
sonar,4,tree,204,1,3,1,3,3,1.0,0.057692307692307696,1,0.01790000533219427,0,0.0,,
sonar,4,linear,1,0,1,1,16,16,1.0,0.3076923076923077,1,0.10849999671336263,0,0.0,,
sonar,4,linear,34,0,1,1,16,16,1.0,0.3076923076923077,1,0.09410000347997993,0,0.0,,
sonar,4,linear,55,0,1,1,16,16,1.0,0.3076923076923077,1,0.09129999671131372,0,0.0,,
sonar,4,linear,71,0,1,1,16,16,1.0,0.3076923076923077,1,0.09089999366551638,0,0.0,,
sonar,4,linear,91,0,1,1,16,16,1.0,0.3076923076923077,1,0.09010000212583691,0,0.0,,
sonar,4,linear,114,1,1,1,36,36,1.0,0.6923076923076923,1,0.09139999747276306,0,0.0,,
sonar,4,linear,135,1,1,1,36,36,1.0,0.6923076923076923,1,0.08919999527279288,0,0.0,,
sonar,4,linear,138,1,1,1,36,36,1.0,0.6923076923076923,1,0.08949999755714089,0,0.0,,
sonar,4,linear,154,0,1,1,16,16,1.0,0.3076923076923077,1,0.08779999916441739,0,0.0,,
sonar,4,linear,177,0,1,1,16,16,1.0,0.3076923076923077,1,0.08789999992586672,0,0.0,,
sonar,4,linear,204,1,1,1,36,36,1.0,0.6923076923076923,1,0.08910000906325877,0,0.0,,
sonar,4,relu,1,0,33,1,0,0,,0.0,0,0.13070000568404794,0,0.0,0.0,0.0
sonar,4,relu,34,0,33,1,0,0,,0.0,0,0.09320001117885113,0,0.0,0.0,0.0
sonar,4,relu,55,1,33,1,0,0,,0.0,0,0.08630000229459256,0,0.0,0.0,0.0
sonar,4,relu,71,0,33,1,0,0,,0.0,0,0.08369999704882503,0,0.0,0.0,0.0
sonar,4,relu,91,0,33,1,0,0,,0.0,0,0.08369999704882503,0,0.0,0.0,0.0
sonar,4,relu,114,1,33,1,0,0,,0.0,0,0.08410000009462237,0,0.0,0.0,0.0
sonar,4,relu,135,1,33,1,0,0,,0.0,0,0.0822000001790002,0,0.0,0.0,0.0
sonar,4,relu,138,1,33,1,0,0,,0.0,0,0.08100000559352338,0,0.0,0.0,0.0
sonar,4,relu,154,0,33,1,0,0,,0.0,0,0.0813999940874055,0,0.0,0.0,0.0
sonar,4,relu,177,1,33,1,0,0,,0.0,0,0.08110000635497272,0,0.0,0.0,0.0
sonar,4,relu,204,1,33,1,0,0,,0.0,0,0.08090000483207405,0,0.0,0.0,0.0
internet-ads,0,tree,86,0,6,1,21,21,1.0,0.025609756097560974,1,0.08519999391864985,0,0.0,,
internet-ads,0,tree,238,1,8,1,697,697,1.0,0.85,1,0.06199999188538641,0,0.0,,
internet-ads,0,tree,386,1,8,1,697,697,1.0,0.85,1,0.04100000660400838,0,0.0,,
internet-ads,0,tree,705,1,8,1,697,697,1.0,0.85,1,0.0391000066883862,0,0.0,,
internet-ads,0,tree,811,1,8,1,697,697,1.0,0.85,1,0.038300000596791506,0,0.0,,
internet-ads,0,tree,1031,0,6,1,21,21,1.0,0.025609756097560974,1,0.03470000228844583,0,0.0,,
internet-ads,0,tree,1173,1,8,1,697,697,1.0,0.85,1,0.04290000651963055,0,0.0,,
internet-ads,0,tree,1189,1,8,1,697,697,1.0,0.85,1,0.04400000034365803,0,0.0,,
internet-ads,0,tree,1215,1,8,1,697,697,1.0,0.85,1,0.0433000095654279,0,0.0,,
internet-ads,0,tree,1310,1,8,1,697,697,1.0,0.85,1,0.04289999196771532,0,0.0,,
internet-ads,0,tree,1313,1,8,1,697,697,1.0,0.85,1,0.04260000423528254,0,0.0,,
internet-ads,0,tree,1572,1,8,1,697,697,1.0,0.85,1,0.042799991206265986,0,0.0,,
internet-ads,0,tree,1954,1,8,1,697,697,1.0,0.85,1,0.04260000423528254,0,0.0,,
internet-ads,0,tree,2025,1,8,1,697,697,1.0,0.85,1,0.04260000423528254,0,0.0,,
internet-ads,0,tree,2104,1,8,1,697,697,1.0,0.85,1,0.04529999569058418,0,0.0,,
internet-ads,0,tree,2295,1,8,1,697,697,1.0,0.85,1,0.037999998312443495,0,0.0,,
internet-ads,0,tree,2303,1,8,1,697,697,1.0,0.85,1,0.03809999907389283,0,0.0,,
internet-ads,0,tree,2384,1,8,1,697,697,1.0,0.85,1,0.03789999755099416,0,0.0,,
internet-ads,0,tree,2639,1,8,1,697,697,1.0,0.85,1,0.03779999678954482,0,0.0,,
internet-ads,0,tree,3063,1,8,1,697,697,1.0,0.85,1,0.03789999755099416,0,0.0,,
internet-ads,0,linear,86,0,1,1,110,110,1.0,0.13414634146341464,1,0.5895999929634854,0,0.0,,
internet-ads,0,linear,238,1,1,1,710,710,1.0,0.8658536585365854,1,0.48489999608136714,0,0.0,,
internet-ads,0,linear,386,1,1,1,710,710,1.0,0.8658536585365854,1,0.45590000809170306,0,0.0,,
internet-ads,0,linear,705,1,1,1,710,710,1.0,0.8658536585365854,1,0.43759999971371144,0,0.0,,
internet-ads,0,linear,811,1,1,1,710,710,1.0,0.8658536585365854,1,0.45089999912306666,0,0.0,,
internet-ads,0,linear,1031,1,1,1,710,710,1.0,0.8658536585365854,1,0.5142000009072945,0,0.0,,
internet-ads,0,linear,1173,1,1,1,710,710,1.0,0.8658536585365854,1,0.42529999336693436,0,0.0,,
internet-ads,0,linear,1189,1,1,1,710,710,1.0,0.8658536585365854,1,0.41349999082740396,0,0.0,,
internet-ads,0,linear,1215,1,1,1,710,710,1.0,0.8658536585365854,1,0.38499999209307134,0,0.0,,
internet-ads,0,linear,1310,1,1,1,710,710,1.0,0.8658536585365854,1,0.3890999942086637,0,0.0,,
internet-ads,0,linear,1313,1,1,1,710,710,1.0,0.8658536585365854,1,0.43620000360533595,0,0.0,,
internet-ads,0,linear,1572,1,1,1,710,710,1.0,0.8658536585365854,1,0.38830000266898423,0,0.0,,
internet-ads,0,linear,1954,1,1,1,710,710,1.0,0.8658536585365854,1,0.3964999923482537,0,0.0,,
internet-ads,0,linear,2025,1,1,1,710,710,1.0,0.8658536585365854,1,0.3828000044450164,0,0.0,,
internet-ads,0,linear,2104,1,1,1,710,710,1.0,0.8658536585365854,1,0.3966000076616183,0,0.0,,
internet-ads,0,linear,2295,1,1,1,710,710,1.0,0.8658536585365854,1,0.417499992181547,0,0.0,,
internet-ads,0,linear,2303,1,1,1,710,710,1.0,0.8658536585365854,1,0.4074000025866553,0,0.0,,
internet-ads,0,linear,2384,1,1,1,710,710,1.0,0.8658536585365854,1,0.3910000086762011,0,0.0,,
internet-ads,0,linear,2639,1,1,1,710,710,1.0,0.8658536585365854,1,0.37229999725241214,0,0.0,,
internet-ads,0,linear,3063,1,1,1,710,710,1.0,0.8658536585365854,1,0.39929999911691993,0,0.0,,
internet-ads,1,tree,188,0,7,1,31,31,1.0,0.03780487804878049,1,0.07870000263210386,0,0.0,,
internet-ads,1,tree,219,1,8,1,702,702,1.0,0.8560975609756097,1,0.06059999577701092,0,0.0,,
internet-ads,1,tree,311,0,7,1,31,31,1.0,0.03780487804878049,1,0.03779999678954482,0,0.0,,
internet-ads,1,tree,492,1,8,1,702,702,1.0,0.8560975609756097,1,0.04189999890513718,0,0.0,,
internet-ads,1,tree,574,1,8,1,702,702,1.0,0.8560975609756097,1,0.03959999594371766,0,0.0,,
internet-ads,1,tree,602,1,8,1,702,702,1.0,0.8560975609756097,1,0.039300008211284876,0,0.0,,
internet-ads,1,tree,764,1,8,1,702,702,1.0,0.8560975609756097,1,0.039000005926936865,0,0.0,,
internet-ads,1,tree,1166,1,8,1,702,702,1.0,0.8560975609756097,1,0.039099992136470973,0,0.0,,
internet-ads,1,tree,1189,1,8,1,702,702,1.0,0.8560975609756097,1,0.03920000744983554,0,0.0,,
internet-ads,1,tree,1377,1,8,1,702,702,1.0,0.8560975609756097,1,0.03859998832922429,0,0.0,,
internet-ads,1,tree,1499,1,8,1,702,702,1.0,0.8560975609756097,1,0.03850000211969018,0,0.0,,
internet-ads,1,tree,1661,1,8,1,702,702,1.0,0.8560975609756097,1,0.03880000440403819,0,0.0,,
internet-ads,1,tree,1795,1,8,1,702,702,1.0,0.8560975609756097,1,0.03880000440403819,0,0.0,,
internet-ads,1,tree,2015,1,8,1,702,702,1.0,0.8560975609756097,1,0.03860000288113952,0,0.0,,
internet-ads,1,tree,2140,1,8,1,702,702,1.0,0.8560975609756097,1,0.03849998756777495,0,0.0,,
internet-ads,1,tree,2223,1,8,1,702,702,1.0,0.8560975609756097,1,0.03850000211969018,0,0.0,,
internet-ads,1,tree,2543,1,8,1,702,702,1.0,0.8560975609756097,1,0.03819999983534217,0,0.0,,
internet-ads,1,tree,2638,1,8,1,702,702,1.0,0.8560975609756097,1,0.03850000211969018,0,0.0,,
internet-ads,1,tree,2888,1,2,1,7,7,1.0,0.00853658536585366,1,0.016399993910454214,0,0.0,,
internet-ads,1,tree,3089,1,8,1,702,702,1.0,0.8560975609756097,1,0.038300000596791506,0,0.0,,
internet-ads,1,linear,188,0,1,1,112,112,1.0,0.13658536585365855,1,0.5306000093696639,0,0.0,,
internet-ads,1,linear,219,0,1,1,112,112,1.0,0.13658536585365855,1,0.5120999994687736,0,0.0,,
internet-ads,1,linear,311,0,1,1,112,112,1.0,0.13658536585365855,1,0.44010000419802964,0,0.0,,
internet-ads,1,linear,492,1,1,1,708,708,1.0,0.8634146341463415,1,0.40499999886378646,0,0.0,,
internet-ads,1,linear,574,1,1,1,708,708,1.0,0.8634146341463415,1,0.39090000791475177,0,0.0,,
internet-ads,1,linear,602,1,1,1,708,708,1.0,0.8634146341463415,1,0.38750001112930477,0,0.0,,
internet-ads,1,linear,764,1,1,1,708,708,1.0,0.8634146341463415,1,0.3873000096064061,0,0.0,,
internet-ads,1,linear,1166,1,1,1,708,708,1.0,0.8634146341463415,1,0.38890000723768026,0,0.0,,
internet-ads,1,linear,1189,1,1,1,708,708,1.0,0.8634146341463415,1,0.4019999905722216,0,0.0,,
internet-ads,1,linear,1377,1,1,1,708,708,1.0,0.8634146341463415,1,0.38729999505449086,0,0.0,,
internet-ads,1,linear,1499,1,1,1,708,708,1.0,0.8634146341463415,1,0.38690000656060874,0,0.0,,
internet-ads,1,linear,1661,1,1,1,708,708,1.0,0.8634146341463415,1,0.38690000656060874,0,0.0,,
internet-ads,1,linear,1795,1,1,1,708,708,1.0,0.8634146341463415,1,0.39930001366883516,0,0.0,,
internet-ads,1,linear,2015,1,1,1,708,708,1.0,0.8634146341463415,1,0.39650000690016896,0,0.0,,
internet-ads,1,linear,2140,1,1,1,708,708,1.0,0.8634146341463415,1,0.38500000664498657,0,0.0,,
internet-ads,1,linear,2223,1,1,1,708,708,1.0,0.8634146341463415,1,0.39679999463260174,0,0.0,,
internet-ads,1,linear,2543,1,1,1,708,708,1.0,0.8634146341463415,1,0.41319998854305595,0,0.0,,
internet-ads,1,linear,2638,1,1,1,708,708,1.0,0.8634146341463415,1,0.3995000006398186,0,0.0,,
internet-ads,1,linear,2888,1,1,1,708,708,1.0,0.8634146341463415,1,0.385499995900318,0,0.0,,
internet-ads,1,linear,3089,1,1,1,708,708,1.0,0.8634146341463415,1,0.3939000016544014,0,0.0,,
internet-ads,2,tree,207,1,8,1,711,711,1.0,0.8670731707317073,1,0.08600000001024455,0,0.0,,
internet-ads,2,tree,381,0,7,1,44,44,1.0,0.05365853658536585,1,0.050099988584406674,0,0.0,,
internet-ads,2,tree,392,0,7,1,44,44,1.0,0.05365853658536585,1,0.03819999983534217,0,0.0,,
internet-ads,2,tree,459,1,8,1,711,711,1.0,0.8670731707317073,1,0.04220000118948519,0,0.0,,
internet-ads,2,tree,624,1,8,1,711,711,1.0,0.8670731707317073,1,0.03999999898951501,0,0.0,,
internet-ads,2,tree,779,1,8,1,711,711,1.0,0.8670731707317073,1,0.05019998934585601,0,0.0,,
internet-ads,2,tree,851,1,8,1,711,711,1.0,0.8670731707317073,1,0.04369999805931002,0,0.0,,
internet-ads,2,tree,1095,1,8,1,711,711,1.0,0.8670731707317073,1,0.04369999805931002,0,0.0,,
internet-ads,2,tree,1259,1,8,1,711,711,1.0,0.8670731707317073,1,0.043499996536411345,0,0.0,,
internet-ads,2,tree,1353,1,8,1,711,711,1.0,0.8670731707317073,1,0.04339999577496201,0,0.0,,
internet-ads,2,tree,1508,1,8,1,711,711,1.0,0.8670731707317073,1,0.03920000744983554,0,0.0,,
internet-ads,2,tree,1695,1,8,1,711,711,1.0,0.8670731707317073,1,0.04769999941345304,0,0.0,,
internet-ads,2,tree,1720,1,8,1,711,711,1.0,0.8670731707317073,1,0.043499996536411345,0,0.0,,
internet-ads,2,tree,1907,1,8,1,711,711,1.0,0.8670731707317073,1,0.04320000880397856,0,0.0,,
internet-ads,2,tree,2428,1,8,1,711,711,1.0,0.8670731707317073,1,0.043400010326877236,0,0.0,,
internet-ads,2,tree,2790,1,8,1,711,711,1.0,0.8670731707317073,1,0.043499996536411345,0,0.0,,
internet-ads,2,tree,2883,1,8,1,711,711,1.0,0.8670731707317073,1,0.04389999958220869,0,0.0,,
internet-ads,2,tree,2948,1,8,1,711,711,1.0,0.8670731707317073,1,0.043099993490614,0,0.0,,
internet-ads,2,tree,3000,1,8,1,711,711,1.0,0.8670731707317073,1,0.043499996536411345,0,0.0,,
internet-ads,2,tree,3103,1,8,1,711,711,1.0,0.8670731707317073,1,0.04359999729786068,0,0.0,,
internet-ads,2,linear,207,1,1,1,719,719,1.0,0.8768292682926829,1,0.9324999991804361,0,0.0,,
internet-ads,2,linear,381,0,1,1,101,101,1.0,0.12317073170731707,1,0.5289999971864745,0,0.0,,
internet-ads,2,linear,392,0,1,1,101,101,1.0,0.12317073170731707,1,0.4470999992918223,0,0.0,,
internet-ads,2,linear,459,1,1,1,719,719,1.0,0.8768292682926829,1,0.41540000529494137,0,0.0,,
internet-ads,2,linear,624,1,1,1,719,719,1.0,0.8768292682926829,1,0.41199999395757914,0,0.0,,
internet-ads,2,linear,779,1,1,1,719,719,1.0,0.8768292682926829,1,0.41280000004917383,0,0.0,,
internet-ads,2,linear,851,1,1,1,719,719,1.0,0.8768292682926829,1,0.4026000096928328,0,0.0,,
internet-ads,2,linear,1095,1,1,1,719,719,1.0,0.8768292682926829,1,0.38910000876057893,0,0.0,,
internet-ads,2,linear,1259,1,1,1,719,719,1.0,0.8768292682926829,1,0.40190000436268747,0,0.0,,
internet-ads,2,linear,1353,1,1,1,719,719,1.0,0.8768292682926829,1,0.375000003259629,0,0.0,,
internet-ads,2,linear,1508,1,1,1,719,719,1.0,0.8768292682926829,1,0.38519999361597,0,0.0,,
internet-ads,2,linear,1695,1,1,1,719,719,1.0,0.8768292682926829,1,0.3995000006398186,0,0.0,,
internet-ads,2,linear,1720,1,1,1,719,719,1.0,0.8768292682926829,1,0.40339998668059707,0,0.0,,
internet-ads,2,linear,1907,1,1,1,719,719,1.0,0.8768292682926829,1,0.39820000529289246,0,0.0,,
internet-ads,2,linear,2428,1,1,1,719,719,1.0,0.8768292682926829,1,0.40120001358445734,0,0.0,,
internet-ads,2,linear,2790,1,1,1,719,719,1.0,0.8768292682926829,1,0.4107999993721023,0,0.0,,
internet-ads,2,linear,2883,1,1,1,719,719,1.0,0.8768292682926829,1,0.3961999900639057,0,0.0,,
internet-ads,2,linear,2948,1,1,1,719,719,1.0,0.8768292682926829,1,0.4030999989481643,0,0.0,,
internet-ads,2,linear,3000,1,1,1,719,719,1.0,0.8768292682926829,1,0.38359999598469585,0,0.0,,
internet-ads,2,linear,3103,1,1,1,719,719,1.0,0.8768292682926829,1,0.37429999792948365,0,0.0,,
internet-ads,3,tree,99,1,8,1,702,702,1.0,0.8560975609756097,1,0.08749999688006938,0,0.0,,
internet-ads,3,tree,322,0,7,1,54,54,1.0,0.06585365853658537,1,0.05150001379661262,0,0.0,,
internet-ads,3,tree,387,1,8,1,702,702,1.0,0.8560975609756097,1,0.04120000812690705,0,0.0,,
internet-ads,3,tree,516,1,8,1,702,702,1.0,0.8560975609756097,1,0.03929999365936965,0,0.0,,
internet-ads,3,tree,997,1,8,1,702,702,1.0,0.8560975609756097,1,0.03840000135824084,0,0.0,,
internet-ads,3,tree,1742,1,8,1,702,702,1.0,0.8560975609756097,1,0.03819999983534217,0,0.0,,
internet-ads,3,tree,1828,1,8,1,702,702,1.0,0.8560975609756097,1,0.03810001362580806,0,0.0,,
internet-ads,3,tree,1974,1,8,1,702,702,1.0,0.8560975609756097,1,0.03860000288113952,0,0.0,,
internet-ads,3,tree,2120,1,8,1,702,702,1.0,0.8560975609756097,1,0.03809999907389283,0,0.0,,
internet-ads,3,tree,2203,1,8,1,702,702,1.0,0.8560975609756097,1,0.038300000596791506,0,0.0,,
internet-ads,3,tree,2274,1,4,1,6,6,1.0,0.007317073170731708,1,0.0312999909510836,0,0.0,,
internet-ads,3,tree,2297,1,8,1,702,702,1.0,0.8560975609756097,1,0.03940000897273421,0,0.0,,
internet-ads,3,tree,2322,1,8,1,702,702,1.0,0.8560975609756097,1,0.04610000178217888,0,0.0,,
internet-ads,3,tree,2409,1,8,1,702,702,1.0,0.8560975609756097,1,0.04290000651963055,0,0.0,,
internet-ads,3,tree,2760,1,8,1,702,702,1.0,0.8560975609756097,1,0.042400002712383866,0,0.0,,
internet-ads,3,tree,2898,1,8,1,702,702,1.0,0.8560975609756097,1,0.0425000034738332,0,0.0,,
internet-ads,3,tree,2986,0,7,1,54,54,1.0,0.06585365853658537,1,0.04389999958220869,0,0.0,,
internet-ads,3,tree,3067,1,8,1,702,702,1.0,0.8560975609756097,1,0.0450000079581514,0,0.0,,
internet-ads,3,tree,3082,1,8,1,702,702,1.0,0.8560975609756097,1,0.045199994929134846,0,0.0,,
internet-ads,3,tree,3239,1,8,1,702,702,1.0,0.8560975609756097,1,0.0425000034738332,0,0.0,,
internet-ads,3,linear,99,1,1,1,718,718,1.0,0.875609756097561,1,0.5169999931240454,0,0.0,,
internet-ads,3,linear,322,0,1,1,102,102,1.0,0.12439024390243902,1,0.48889999743551016,0,0.0,,
internet-ads,3,linear,387,1,1,1,718,718,1.0,0.875609756097561,1,0.440500007243827,0,0.0,,
internet-ads,3,linear,516,1,1,1,718,718,1.0,0.875609756097561,1,0.4093000025022775,0,0.0,,
internet-ads,3,linear,997,1,1,1,718,718,1.0,0.875609756097561,1,0.3956000000471249,0,0.0,,
internet-ads,3,linear,1742,1,1,1,718,718,1.0,0.875609756097561,1,0.3912999964086339,0,0.0,,
internet-ads,3,linear,1828,1,1,1,718,718,1.0,0.875609756097561,1,0.4152000037720427,0,0.0,,
internet-ads,3,linear,1974,1,1,1,718,718,1.0,0.875609756097561,1,0.35900001239497215,0,0.0,,
internet-ads,3,linear,2120,1,1,1,718,718,1.0,0.875609756097561,1,0.37200000951997936,0,0.0,,
internet-ads,3,linear,2203,1,1,1,718,718,1.0,0.875609756097561,1,0.407600004109554,0,0.0,,
internet-ads,3,linear,2274,1,1,1,718,718,1.0,0.875609756097561,1,0.43879999429918826,0,0.0,,
internet-ads,3,linear,2297,1,1,1,718,718,1.0,0.875609756097561,1,0.37879998853895813,0,0.0,,
internet-ads,3,linear,2322,1,1,1,718,718,1.0,0.875609756097561,1,0.3595000016503036,0,0.0,,
internet-ads,3,linear,2409,1,1,1,718,718,1.0,0.875609756097561,1,0.35859999479725957,0,0.0,,
internet-ads,3,linear,2760,1,1,1,718,718,1.0,0.875609756097561,1,0.37769999471493065,0,0.0,,
internet-ads,3,linear,2898,1,1,1,718,718,1.0,0.875609756097561,1,0.35679999564308673,0,0.0,,
internet-ads,3,linear,2986,0,1,1,102,102,1.0,0.12439024390243902,1,0.36959999124519527,0,0.0,,
internet-ads,3,linear,3067,1,1,1,718,718,1.0,0.875609756097561,1,0.35790000401902944,0,0.0,,
internet-ads,3,linear,3082,1,1,1,718,718,1.0,0.875609756097561,1,0.35850000858772546,0,0.0,,
internet-ads,3,linear,3239,1,1,1,718,718,1.0,0.875609756097561,1,0.35960000241175294,0,0.0,,
internet-ads,4,tree,29,0,4,1,44,44,1.0,0.05365853658536585,1,0.06259999645408243,0,0.0,,
internet-ads,4,tree,43,0,4,1,44,44,1.0,0.05365853658536585,1,0.030499999411404133,0,0.0,,
internet-ads,4,tree,284,1,8,1,698,698,1.0,0.8512195121951219,1,0.06340000254567713,0,0.0,,
internet-ads,4,tree,536,1,8,1,698,698,1.0,0.8512195121951219,1,0.04410000110510737,0,0.0,,
internet-ads,4,tree,588,1,8,1,698,698,1.0,0.8512195121951219,1,0.039099992136470973,0,0.0,,
internet-ads,4,tree,655,1,8,1,698,698,1.0,0.8512195121951219,1,0.039399994420818985,0,0.0,,
internet-ads,4,tree,1074,1,8,1,698,698,1.0,0.8512195121951219,1,0.03940000897273421,0,0.0,,
internet-ads,4,tree,1213,1,8,1,698,698,1.0,0.8512195121951219,1,0.0391000066883862,0,0.0,,
internet-ads,4,tree,1503,1,8,1,698,698,1.0,0.8512195121951219,1,0.03879998985212296,0,0.0,,
internet-ads,4,tree,2163,1,8,1,698,698,1.0,0.8512195121951219,1,0.03979999746661633,0,0.0,,
internet-ads,4,tree,2288,1,8,1,698,698,1.0,0.8512195121951219,1,0.03880000440403819,0,0.0,,
internet-ads,4,tree,2294,1,8,1,698,698,1.0,0.8512195121951219,1,0.038999991375021636,0,0.0,,
internet-ads,4,tree,2415,1,8,1,698,698,1.0,0.8512195121951219,1,0.03940000897273421,0,0.0,,
internet-ads,4,tree,2475,1,8,1,698,698,1.0,0.8512195121951219,1,0.03860000288113952,0,0.0,,
internet-ads,4,tree,2881,1,8,1,698,698,1.0,0.8512195121951219,1,0.039000005926936865,0,0.0,,
internet-ads,4,tree,2887,1,8,1,698,698,1.0,0.8512195121951219,1,0.048299989430233836,0,0.0,,
internet-ads,4,tree,2941,1,8,1,698,698,1.0,0.8512195121951219,1,0.03989999822806567,0,0.0,,
internet-ads,4,tree,3051,1,8,1,698,698,1.0,0.8512195121951219,1,0.03890000516548753,0,0.0,,
internet-ads,4,tree,3201,1,8,1,698,698,1.0,0.8512195121951219,1,0.039300008211284876,0,0.0,,
internet-ads,4,tree,3246,1,8,1,698,698,1.0,0.8512195121951219,1,0.038700003642588854,0,0.0,,
internet-ads,4,linear,29,0,1,1,104,104,1.0,0.12682926829268293,1,0.5833000031998381,0,0.0,,
internet-ads,4,linear,43,0,1,1,104,104,1.0,0.12682926829268293,1,0.48800000513438135,0,0.0,,
internet-ads,4,linear,284,0,1,1,104,104,1.0,0.12682926829268293,1,0.4394999996293336,0,0.0,,
internet-ads,4,linear,536,1,1,1,716,716,1.0,0.8731707317073171,1,0.4231999919284135,0,0.0,,
internet-ads,4,linear,588,1,1,1,716,716,1.0,0.8731707317073171,1,0.4133000038564205,0,0.0,,
internet-ads,4,linear,655,1,1,1,716,716,1.0,0.8731707317073171,1,0.3991999983554706,0,0.0,,
internet-ads,4,linear,1074,1,1,1,716,716,1.0,0.8731707317073171,1,0.3910999948857352,0,0.0,,
internet-ads,4,linear,1213,1,1,1,716,716,1.0,0.8731707317073171,1,0.3980000037699938,0,0.0,,
internet-ads,4,linear,1503,1,1,1,716,716,1.0,0.8731707317073171,1,0.40499999886378646,0,0.0,,
internet-ads,4,linear,2163,1,1,1,716,716,1.0,0.8731707317073171,1,0.3915999986929819,0,0.0,,
internet-ads,4,linear,2288,1,1,1,716,716,1.0,0.8731707317073171,1,0.3904999903170392,0,0.0,,
internet-ads,4,linear,2294,1,1,1,716,716,1.0,0.8731707317073171,1,0.39010000182315707,0,0.0,,
internet-ads,4,linear,2415,1,1,1,716,716,1.0,0.8731707317073171,1,0.3915999986929819,0,0.0,,
internet-ads,4,linear,2475,1,1,1,716,716,1.0,0.8731707317073171,1,0.4040000058012083,0,0.0,,
internet-ads,4,linear,2881,1,1,1,716,716,1.0,0.8731707317073171,1,0.3941000031773001,0,0.0,,
internet-ads,4,linear,2887,1,1,1,716,716,1.0,0.8731707317073171,1,0.4084999964106828,0,0.0,,
internet-ads,4,linear,2941,1,1,1,716,716,1.0,0.8731707317073171,1,0.3954999992856756,0,0.0,,
internet-ads,4,linear,3051,1,1,1,716,716,1.0,0.8731707317073171,1,0.4146000137552619,0,0.0,,
internet-ads,4,linear,3201,1,1,1,716,716,1.0,0.8731707317073171,1,0.3969000099459663,0,0.0,,
internet-ads,4,linear,3246,1,1,1,716,716,1.0,0.8731707317073171,1,0.3848000051220879,0,0.0,,
